id,data_inversa,dia_semana,horario,uf,br,km,municipio,causa_acidente,tipo_acidente,classificacao_acidente,fase_dia,sentido_via,condicao_metereologica,tipo_pista,tracado_via,uso_solo,pessoas,mortos,feridos_leves,feridos_graves,ilesos,ignorados,feridos,veiculos,latitude,longitude,regional,delegacia,uop
234842.0,2019-09-12,quinta-feira,07:00:00,PE,101,83,JABOATAO DOS GUARARAPES,Falta de Atenção à Condução,Colisão transversal,Com Vítimas Feridas,Pleno dia,Crescente,Céu Claro,Múltipla,Reta,Sim,3,0,1,0,2,0,1,2,"-8,175172","-34,942642",SPRF-PE,DEL01-PE,UOP03-DEL01-PE
234922.0,2019-09-12,quinta-feira,14:20:00,PE,232,251,ARCOVERDE,Desobediência às normas de trânsito pelo condutor,Colisão transversal,Com Vítimas Feridas,Pleno dia,Crescente,Céu Claro,Simples,Viaduto,Sim,2,0,1,0,1,0,1,2,"-8,429241","-37,060127",SPRF-PE,DEL03-PE,UOP02-DEL03-PE
234956.0,2019-09-12,quinta-feira,18:50:00,PE,232,413,SERRA TALHADA,Desobediência às normas de trânsito pelo condutor,Colisão transversal,Sem Vítimas,Plena Noite,Crescente,Céu Claro,Simples,Reta,Não,4,0,0,0,4,0,0,3,"-7,98857087","-38,32972307",SPRF-PE,DEL04-PE,UOP01-DEL04-PE
234985.0,2019-09-12,quinta-feira,18:40:00,PE,232,97,BEZERROS,Defeito Mecânico no Veículo,Tombamento,Sem Vítimas,Plena Noite,Decrescente,Nublado,Simples,Curva,Não,1,0,0,0,1,0,0,1,"-8,23379718","-35,71628894",SPRF-PE,DEL01-PE,UOP02-DEL02PE
235034.0,2019-09-13,sexta-feira,05:00:00,PE,101,"73,8",RECIFE,Velocidade Incompatível,Tombamento,Sem Vítimas,Amanhecer,Decrescente,Céu Claro,Dupla,Curva,Sim,1,0,0,0,1,0,0,1,"-8,101919","-34,948615",SPRF-PE,DEL01-PE,UOP01-DEL01-PE
235210.0,2019-09-13,sexta-feira,20:20:00,PE,101,"53,5",PAULISTA,Falta de Atenção à Condução,Colisão transversal,Com Vítimas Fatais,Plena Noite,Decrescente,Céu Claro,Dupla,Reta,Sim,2,1,0,0,1,0,0,2,"-7,93124094","-34,90068606",SPRF-PE,DEL01-PE,UOP02-DEL01-PE
235236.0,2019-09-13,sexta-feira,23:00:00,PE,408,"47,4",NAZARE DA MATA,Desobediência às normas de trânsito pelo condutor,Colisão frontal,Sem Vítimas,Plena Noite,Decrescente,Céu Claro,Simples,Aclive;Reta                   ,Não,2,0,0,0,2,0,0,2,"-7,70530105","-35,24354705",SPRF-PE,DEL01-PE,UOP01-DEL01-PE
235289.0,2019-09-14,sábado,06:40:00,PE,428,"191,1",PETROLINA,Carga excessiva e/ou mal acondicionada,Derramamento de carga,Sem Vítimas,Pleno dia,Crescente,Céu Claro,Dupla,Reta,Sim,1,0,0,0,1,0,0,1,"-9,377798","-40,503543",SPRF-PE,DEL06-PE,UOP01-DEL06-PE
235632.0,2019-09-15,domingo,15:30:00,PE,232,"277,2",SERTANIA,Falta de Atenção à Condução,Capotamento,Com Vítimas Feridas,Pleno dia,Decrescente,Sol,Simples,Reta,Não,2,0,0,1,1,0,1,2,"-8,36441811","-37,26769611",SPRF-PE,DEL03-PE,UOP02-DEL03-PE
235667.0,2019-09-15,domingo,19:30:00,PE,101,"135,8",ESCADA,Falta de Atenção à Condução,Tombamento,Com Vítimas Feridas,Plena Noite,Crescente,Ignorado,Dupla,Curva,Não,1,0,1,0,0,0,1,1,"-8,41147616","-35,29599797",SPRF-PE,DEL01-PE,UOP03-DEL01-PE
236036.0,2019-09-17,terça-feira,06:00:00,PE,101,95,CABO DE SANTO AGOSTINHO,Falta de Atenção do Pedestre,Tombamento,Sem Vítimas,Pleno dia,Decrescente,Nublado,Dupla,Reta,Não,1,0,0,0,1,0,0,1,"-8,25653422","-35,03811793",SPRF-PE,DEL01-PE,UOP03-DEL01-PE
236188.0,2019-09-17,terça-feira,21:10:00,PE,104,"27,3",TORITAMA,Carga excessiva e/ou mal acondicionada,Tombamento,Sem Vítimas,Plena Noite,Crescente,Chuva,Simples,Curva,Não,1,0,0,0,1,0,0,1,"-8,0051","-36,0804",SPRF-PE,DEL02-PE,UOP01-DEL02-PE
236225.0,2019-09-18,quarta-feira,04:45:00,PE,232,"112,9",BEZERROS,Condutor Dormindo,Colisão com objeto estático,Sem Vítimas,Pleno dia,Crescente,Garoa/Chuvisco,Dupla,Reta,Sim,2,0,0,0,2,0,0,1,"-8,29729696","-35,83146101",SPRF-PE,DEL02-PE,UOP03-DEL02-PE
236612.0,2019-09-19,quinta-feira,21:50:00,PE,101,127,ESCADA,Defeito Mecânico no Veículo,Colisão traseira,Com Vítimas Feridas,Plena Noite,Decrescente,Nublado,Dupla,Reta,Sim,2,0,0,1,1,0,1,2,"-8,37472564","-35,23663257",SPRF-PE,DEL01-PE,UOP03-DEL01-PE
236708.0,2019-09-20,sexta-feira,10:35:00,PE,104,69,CARUARU,Falta de Atenção à Condução,Atropelamento de Pedestre,Com Vítimas Fatais,Pleno dia,Crescente,Nublado,Dupla,Reta,Sim,2,1,0,0,0,1,0,2,"-8,3196","-35,9912",SPRF-PE,DEL02-PE,UOP01-DEL02-PE
236791.0,2019-09-20,sexta-feira,16:40:00,PE,428,"188,1",PETROLINA,Ingestão de Álcool,Colisão lateral,Com Vítimas Feridas,Pleno dia,Decrescente,Sol,Múltipla,Reta,Sim,2,0,1,0,0,1,1,2,"-9,36400596","-40,48266808",SPRF-PE,DEL06-PE,UOP01-DEL06-PE
236884.0,2019-09-21,sábado,03:40:00,PE,101,"35,8",ITAPISSUMA,Falta de Atenção à Condução,Saída de leito carroçável,Com Vítimas Feridas,Plena Noite,Decrescente,Chuva,Dupla,Reta,Não,1,0,1,0,0,0,1,1,"-7,77952193","-34,93231384",SPRF-PE,DEL01-PE,UOP02-DEL01-PE
236951.0,2019-09-21,sábado,10:20:00,PE,232,343,CUSTODIA,Falta de Atenção à Condução,Colisão traseira,Com Vítimas Feridas,Pleno dia,Crescente,Sol,Simples,Reta,Não,4,0,2,0,2,0,2,2,"-8,08839135","-37,72462998",SPRF-PE,DEL03-PE,UOP02-DEL03-PE
237195.0,2019-09-22,domingo,14:30:00,PE,101,49,ABREU E LIMA,Falta de Atenção à Condução,Colisão traseira,Com Vítimas Feridas,Pleno dia,Crescente,Sol,Múltipla,Reta,Sim,4,0,3,0,1,0,3,2,"-7,9005152","-34,90180641",SPRF-PE,DEL01-PE,UOP02-DEL01-PE
237323.0,2019-09-22,domingo,15:50:00,PE,101,30,IGARASSU,Defeito Mecânico no Veículo,Saída de leito carroçável,Com Vítimas Feridas,Pleno dia,Crescente,Sol,Dupla,Curva,Não,1,0,1,0,0,0,1,1,"-7,73816195","-34,94265811",SPRF-PE,DEL01-PE,UOP02-DEL01-PE
237493.0,2019-09-23,segunda-feira,06:05:00,PE,101,"68,5",RECIFE,Falta de Atenção à Condução,Colisão traseira,Com Vítimas Feridas,Pleno dia,Crescente,Garoa/Chuvisco,Dupla,Reta,Sim,2,0,1,0,1,0,1,2,"-8,05074296","-34,94580619",SPRF-PE,DEL01-PE,UOP01-DEL01-PE
237495.0,2019-09-23,segunda-feira,07:50:00,PE,101,"58,6",RECIFE,Velocidade Incompatível,Engavetamento,Com Vítimas Feridas,Pleno dia,Crescente,Céu Claro,Dupla,Reta,Não,6,0,1,0,5,0,1,6,"-7,97063209","-34,92064675",SPRF-PE,DEL01-PE,UOP02-DEL01-PE
237568.0,2019-09-23,segunda-feira,15:15:00,PE,101,"50,7",ABREU E LIMA,Falta de Atenção à Condução,Colisão transversal,Com Vítimas Feridas,Pleno dia,Decrescente,Céu Claro,Múltipla,Reta;Retorno Regulamentado    ,Sim,3,0,2,0,1,0,2,2,"-7,90938602","-34,90123228",SPRF-PE,DEL01-PE,UOP02-DEL01-PE
237698.0,2019-09-24,terça-feira,09:00:00,PE,408,"75,2",PAUDALHO,Defeito Mecânico no Veículo,Colisão com objeto estático,Com Vítimas Feridas,Pleno dia,Decrescente,Nublado,Dupla,Curva,Sim,1,0,1,0,0,0,1,1,"-7,908166","-35,171557",SPRF-PE,DEL01-PE,UOP01-DEL01-PE
237754.0,2019-09-24,terça-feira,16:30:00,PE,101,91,CABO DE SANTO AGOSTINHO,Desobediência às normas de trânsito pelo condutor,Colisão lateral,Sem Vítimas,Pleno dia,Decrescente,Céu Claro,Simples,Reta,Sim,3,0,0,0,3,0,0,3,"-8,22399812","-34,99290474",SPRF-PE,DEL01-PE,UOP03-DEL01-PE
237784.0,2019-09-24,terça-feira,18:00:00,PE,232,5,RECIFE,Falta de Atenção à Condução,Colisão com objeto estático,Sem Vítimas,Plena Noite,Decrescente,Céu Claro,Simples,Reta,Sim,1,0,0,0,1,0,0,1,"-8,06946995","-34,94476318",SPRF-PE,DEL01-PE,UOP01-DEL01-PE
238021.0,2019-09-25,quarta-feira,18:00:00,PE,424,"79,1",CAETES,Avarias e/ou desgaste excessivo no pneu,Colisão com objeto em movimento,Com Vítimas Feridas,Plena Noite,Crescente,Céu Claro,Simples,Reta,Não,2,0,1,0,1,0,1,2,"-8,82538475","-36,55412583",SPRF-PE,DEL03-PE,UOP01-DEL03-PE
238236.0,2019-09-26,quinta-feira,14:20:00,PE,104,77,CARUARU,Ultrapassagem Indevida,Colisão lateral,Com Vítimas Feridas,Pleno dia,Decrescente,Céu Claro,Simples,Curva,Não,2,0,0,1,1,0,1,2,"-8,375978","-35,983662",SPRF-PE,DEL02-PE,UOP01-DEL02-PE
238291.0,2019-09-26,quinta-feira,17:45:00,PE,423,"21,1",SAO CAITANO,Falta de Atenção à Condução,Colisão lateral,Sem Vítimas,Anoitecer,Decrescente,Céu Claro,Simples,Reta,Não,2,0,0,0,2,0,0,2,"-8,34587741","-36,16528759",SPRF-PE,DEL02-PE,UOP03-DEL02-PE
238382.0,2019-09-27,sexta-feira,07:05:00,PE,101,73,RECIFE,Falta de Atenção à Condução,Colisão lateral,Sem Vítimas,Pleno dia,Decrescente,Sol,Dupla,Reta,Sim,2,0,0,0,2,0,0,2,"-8,09045967","-34,94669437",SPRF-PE,DEL01-PE,UOP01-DEL01-PE
238405.0,2019-09-27,sexta-feira,08:00:00,PE,104,"67,1",CARUARU,Falta de Atenção à Condução,Colisão lateral,Sem Vítimas,Pleno dia,Decrescente,Sol,Dupla,Declive;Reta                  ,Sim,2,0,0,0,2,0,0,2,"-8,29534903","-35,98738074",SPRF-PE,DEL02-PE,UOP01-DEL02-PE
238728.0,2019-09-27,sexta-feira,19:00:00,PE,423,"112,5",PARANATAMA,Desobediência às normas de trânsito pelo condutor,Colisão frontal,Com Vítimas Fatais,Plena Noite,Decrescente,Céu Claro,Simples,Declive,Não,3,1,0,2,0,0,2,3,"-8,89529604","-36,62527899",SPRF-PE,DEL03-PE,UOP01-DEL03-PE
238908.0,2019-09-29,domingo,11:30:00,PE,101,71,RECIFE,Desobediência às normas de trânsito pelo condutor,Colisão lateral,Com Vítimas Feridas,Pleno dia,Decrescente,Céu Claro,Simples,Desvio Temporário;Reta;Em Obra,Sim,2,0,1,0,1,0,1,2,"-8,085623","-34,945783",SPRF-PE,DEL01-PE,UOP01-DEL01-PE
238952.0,2019-09-29,domingo,16:20:00,PE,101,105,CABO DE SANTO AGOSTINHO,Falta de Atenção à Condução,Saída de leito carroçável,Com Vítimas Feridas,Pleno dia,Decrescente,Céu Claro,Dupla,Curva,Não,1,0,0,1,0,0,1,1,"-8,30242751","-35,06989924",SPRF-PE,DEL01-PE,UOP03-DEL01-PE
239251.0,2019-09-30,segunda-feira,18:45:00,PE,316,64,TRINDADE,Falta de Atenção à Condução,Colisão traseira,Com Vítimas Feridas,Plena Noite,Decrescente,Céu Claro,Simples,Reta,Não,4,0,1,1,2,0,2,2,"-7,78543662","-40,22695512",SPRF-PE,DEL05-PE,UOP02-DEL05-PE
239351.0,2019-10-01,terça-feira,08:35:00,PE,101,"2,4",GOIANA,Falta de Atenção à Condução,Colisão traseira,Com Vítimas Feridas,Pleno dia,Decrescente,Céu Claro,Dupla,Reta;Aclive                   ,Não,2,0,1,0,0,1,1,2,"-7,51675334","-34,99198357",SPRF-PE,DEL01-PE,UOP02-DEL01-PE
239379.0,2019-09-26,quinta-feira,12:00:00,PE,428,"159,5",PETROLINA,Defeito Mecânico no Veículo,Incêndio,Sem Vítimas,Pleno dia,Crescente,Sol,Simples,Ponte,Não,1,0,0,0,0,1,0,1,"-9,13950503","-40,35244194",SPRF-PE,DEL06-PE,UOP01-DEL06-PE
239770.0,2019-10-02,quarta-feira,17:20:00,PE,424,"40,6",VENTUROSA,Defeito Mecânico no Veículo,Tombamento,Sem Vítimas,Anoitecer,Decrescente,Céu Claro,Simples,Reta,Não,1,0,0,0,1,0,0,1,"-8,65336381","-36,82525878",SPRF-PE,DEL03-PE,UOP02-DEL03-PE
240088.0,2019-08-10,sábado,14:00:00,PE,232,"350,7",FLORES,Ultrapassagem Indevida,Colisão lateral,Sem Vítimas,Pleno dia,Decrescente,Céu Claro,Simples,Reta,Não,2,0,0,0,2,0,0,2,"-8,07833518","-37,78991321",SPRF-PE,DEL03-PE,UOP02-DEL03-PE
240721.0,2019-10-07,segunda-feira,01:30:00,PE,101,73,RECIFE,Condutor Dormindo,Saída de leito carroçável,Com Vítimas Feridas,Plena Noite,Decrescente,Nublado,Dupla,Curva,Não,1,0,1,0,0,0,1,1,"-8,102557","-34,948322",SPRF-PE,DEL01-PE,UOP01-DEL01-PE
240744.0,2019-10-07,segunda-feira,06:30:00,PE,101,50,ABREU E LIMA,Falta de Atenção à Condução,Colisão lateral,Com Vítimas Feridas,Pleno dia,Crescente,Céu Claro,Múltipla,Reta,Sim,3,0,2,0,1,0,2,3,"-7,90938602","-34,90123228",SPRF-PE,DEL01-PE,UOP02-DEL01-PE
240826.0,2019-07-12,sexta-feira,11:20:00,PE,407,"129,7",PETROLINA,Desobediência às normas de trânsito pelo pedestre,Atropelamento de Pedestre,Com Vítimas Feridas,Pleno dia,Decrescente,Céu Claro,Simples,Reta,Sim,2,0,0,1,0,1,1,2,"-9,39958299","-40,50459298",SPRF-PE,DEL06-PE,UOP01-DEL06-PE
240863.0,2019-10-07,segunda-feira,17:00:00,PE,423,81,JUCATI,Falta de Atenção à Condução,Colisão traseira,Com Vítimas Feridas,Pleno dia,Decrescente,Céu Claro,Simples,Reta,Não,3,0,0,1,1,1,1,2,"-8,77445381","-36,42734142",SPRF-PE,DEL03-PE,UOP01-DEL03-PE
240908.0,2019-10-07,segunda-feira,19:30:00,PE,116,51,SALGUEIRO,Ultrapassagem Indevida,Colisão frontal,Com Vítimas Feridas,Plena Noite,Crescente,Céu Claro,Simples,Reta,Não,2,0,1,0,0,1,1,2,"-8,284502","-39,11927",SPRF-PE,DEL05-PE,UOP01-DEL05-PE
241035.0,2019-10-08,terça-feira,14:40:00,PE,423,54,LAJEDO,Condutor Dormindo,Colisão lateral,Com Vítimas Feridas,Pleno dia,Decrescente,Céu Claro,Simples,Curva,Não,4,0,1,2,1,0,3,2,"-8,609778","-36,294927",SPRF-PE,DEL03-PE,UOP01-DEL03-PE
241210.0,2019-10-09,quarta-feira,11:27:00,PE,316,"83,9",OURICURI,Falta de Atenção à Condução,Saída de leito carroçável,Com Vítimas Feridas,Pleno dia,Decrescente,Céu Claro,Simples,Interseção de Vias,Sim,3,0,2,0,1,0,2,2,"-7,87851574","-40,078125",SPRF-PE,DEL05-PE,UOP02-DEL05-PE
241413.0,2019-10-10,quinta-feira,12:05:00,PE,232,63,POMBOS,Falta de Atenção à Condução,Colisão traseira,Sem Vítimas,Pleno dia,Decrescente,Nublado,Simples,Reta,Não,2,0,0,0,2,0,0,2,"-8,15842797","-35,43147902",SPRF-PE,DEL01-PE,UOP02-DEL02PE
241498.0,2019-10-10,quinta-feira,19:30:00,PE,232,132,CARUARU,Desobediência às normas de trânsito pelo condutor,Colisão traseira,Com Vítimas Feridas,Plena Noite,Decrescente,Garoa/Chuvisco,Dupla,Reta,Não,2,0,1,0,1,0,1,2,"-8,3036244","-36,00710089",SPRF-PE,DEL02-PE,UOP03-DEL02-PE
241555.0,2019-10-11,sexta-feira,05:10:00,PE,101,74,RECIFE,Velocidade Incompatível,Tombamento,Com Vítimas Feridas,Amanhecer,Crescente,Garoa/Chuvisco,Dupla,Aclive;Curva                  ,Sim,2,0,1,1,0,0,2,2,"-8,10146485","-34,94901577",SPRF-PE,DEL01-PE,UOP01-DEL01-PE
241676.0,2019-10-11,sexta-feira,17:00:00,PE,232,"36,2",VITORIA DE SANTO ANTAO,Falta de Atenção à Condução,Colisão com objeto estático,Sem Vítimas,Anoitecer,Decrescente,Céu Claro,Dupla,Reta,Sim,2,0,0,0,2,0,0,2,"-8,11082778","-35,20125807",SPRF-PE,DEL01-PE,UOP02-DEL02PE
241776.0,2019-10-11,sexta-feira,22:20:00,PE,407,111,PETROLINA,Ingestão de Álcool,Colisão traseira,Com Vítimas Fatais,Plena Noite,Decrescente,Céu Claro,Dupla,Reta,Não,2,1,0,0,0,1,0,2,"-9,26779391","-40,60077385",SPRF-PE,DEL06-PE,UOP02-DEL06-PE
241907.0,2019-10-12,sábado,13:20:00,PE,101,44,IGARASSU,Não guardar distância de segurança,Colisão traseira,Com Vítimas Feridas,Pleno dia,Crescente,Sol,Múltipla,Reta,Sim,3,0,1,0,2,0,1,2,"-7,85637001","-34,90842109",SPRF-PE,DEL01-PE,UOP02-DEL01-PE
241995.0,2019-10-12,sábado,20:15:00,PE,101,66,RECIFE,Mal Súbito,Colisão lateral,Com Vítimas Feridas,Plena Noite,Decrescente,Nublado,Múltipla,Reta,Sim,2,0,0,1,0,1,1,2,"-8,03368534","-34,94184125",SPRF-PE,DEL01-PE,UOP01-DEL01-PE
241998.0,2019-10-12,sábado,18:40:00,PE,116,"28,9",SALGUEIRO,Ingestão de Álcool,Colisão traseira,Com Vítimas Feridas,Plena Noite,Decrescente,Céu Claro,Simples,Aclive,Não,2,0,1,0,0,1,1,2,"-8,086088","-39,126305",SPRF-PE,DEL05-PE,UOP01-DEL05-PE
242136.0,2019-10-13,domingo,12:25:00,PE,232,43,VITORIA DE SANTO ANTAO,Falta de Atenção à Condução,Tombamento,Sem Vítimas,Pleno dia,Crescente,Céu Claro,Dupla,Reta,Não,1,0,0,0,1,0,0,1,"-8,11729755","-35,26097515",SPRF-PE,DEL01-PE,UOP02-DEL02PE
242522.0,2019-10-15,terça-feira,05:00:00,PE,408,84,PAUDALHO,Velocidade Incompatível,Tombamento,Sem Vítimas,Amanhecer,Crescente,Céu Claro,Dupla,Curva,Não,1,0,0,0,0,1,0,1,"-7,95123498","-35,10915987",SPRF-PE,DEL01-PE,UOP01-DEL01-PE
242528.0,2019-10-15,terça-feira,06:20:00,PE,408,84,PAUDALHO,Desobediência às normas de trânsito pelo condutor,Colisão com objeto estático,Sem Vítimas,Pleno dia,Crescente,Céu Claro,Dupla,Declive;Curva                 ,Não,3,0,0,0,3,0,0,2,"-7,95123498","-35,10915987",SPRF-PE,DEL01-PE,UOP01-DEL01-PE
242618.0,2019-10-15,terça-feira,12:10:00,PE,428,"3,4",CABROBO,Avarias e/ou desgaste excessivo no pneu,Tombamento,Com Vítimas Feridas,Pleno dia,Decrescente,Céu Claro,Simples,Reta,Não,1,0,1,0,0,0,1,1,"-8,53583848","-39,25093723",SPRF-PE,DEL05-PE,UOP03-DEL05-PE
242621.0,2019-10-15,terça-feira,15:45:00,PE,101,"43,3",IGARASSU,Falta de Atenção à Condução,Colisão lateral,Com Vítimas Feridas,Pleno dia,Crescente,Céu Claro,Múltipla,Reta,Sim,3,0,1,0,2,0,1,2,"-7,84753808","-34,90977038",SPRF-PE,DEL01-PE,UOP02-DEL01-PE
242652.0,2019-10-15,terça-feira,19:00:00,PE,101,"70,6",RECIFE,Ultrapassagem Indevida,Colisão lateral,Sem Vítimas,Plena Noite,Crescente,Céu Claro,Múltipla,Reta,Sim,2,0,0,0,1,1,0,2,"-8,06776119","-34,94265074",SPRF-PE,DEL01-PE,UOP01-DEL01-PE
242681.0,2019-10-15,terça-feira,22:20:00,PE,104,"31,9",CARUARU,Carga excessiva e/ou mal acondicionada,Tombamento,Sem Vítimas,Plena Noite,Crescente,Nublado,Simples,Curva,Não,1,0,0,0,1,0,0,1,"-8,0208","-36,0528",SPRF-PE,DEL02-PE,UOP01-DEL02-PE
243073.0,2019-10-17,quinta-feira,20:00:00,PE,408,"72,5",PAUDALHO,Velocidade Incompatível,Saída de leito carroçável,Sem Vítimas,Plena Noite,Crescente,Céu Claro,Dupla,Declive,Sim,1,0,0,0,1,0,0,1,"-7,88298505","-35,18197309",SPRF-PE,DEL01-PE,UOP01-DEL01-PE
243125.0,2019-10-18,sexta-feira,08:17:00,PE,101,"80,3",JABOATAO DOS GUARARAPES,Falta de Atenção à Condução,Colisão lateral,Sem Vítimas,Pleno dia,Crescente,Garoa/Chuvisco,Dupla,Retorno Regulamentado,Sim,3,0,0,0,2,1,0,3,"-8,15365592","-34,94188786",SPRF-PE,DEL01-PE,UOP03-DEL01-PE
243139.0,2019-10-18,sexta-feira,07:50:00,PE,101,197,XEXEU,Falta de Atenção à Condução,Tombamento,Com Vítimas Feridas,Pleno dia,Decrescente,Chuva,Dupla,Curva,Não,1,0,1,0,0,0,1,1,"-8,75523097","-35,60154384",SPRF-PE,DEL01-PE,UOP03-DEL01-PE
243365.0,2019-09-24,terça-feira,07:30:00,PE,408,"68,5",CARPINA,Falta de Atenção à Condução,Danos eventuais,Com Vítimas Feridas,Pleno dia,Crescente,Ignorado,Múltipla,Reta,Sim,2,0,1,0,0,1,1,2,"-7,853422","-35,226371",SPRF-PE,DEL01-PE,UOP01-DEL01-PE
243515.0,2019-10-19,sábado,16:10:00,PE,101,"51,9",PAULISTA,Carga excessiva e/ou mal acondicionada,Derramamento de carga,Sem Vítimas,Pleno dia,Decrescente,Céu Claro,Dupla,Curva,Sim,1,0,0,0,1,0,0,1,"-7,9169968","-34,89689272",SPRF-PE,DEL01-PE,UOP02-DEL01-PE
243873.0,2019-10-20,domingo,01:10:00,PE,408,"34,5",ALIANCA,Ingestão de Álcool,Colisão traseira,Com Vítimas Feridas,Plena Noite,Crescente,Céu Claro,Simples,Reta,Não,4,0,0,3,1,0,3,2,"-7,6022076","-35,24112844",SPRF-PE,DEL01-PE,UOP01-DEL01-PE
243985.0,2019-10-20,domingo,07:28:00,PE,101,132,ESCADA,Falta de Atenção à Condução,Saída de leito carroçável,Com Vítimas Feridas,Pleno dia,Crescente,Céu Claro,Dupla,Reta,Não,1,0,1,0,0,0,1,1,"-8,40468469","-35,27017723",SPRF-PE,DEL01-PE,UOP03-DEL01-PE
244061.0,2019-10-20,domingo,14:15:00,PE,423,"86,5",SAO JOAO,Condutor Dormindo,Colisão lateral,Com Vítimas Feridas,Pleno dia,Crescente,Céu Claro,Simples,Reta,Não,5,0,1,1,3,0,2,3,"-8,81401714","-36,4452687",SPRF-PE,DEL03-PE,UOP01-DEL03-PE
244385.0,2019-10-22,terça-feira,02:20:00,PE,232,355,FLORES,Falta de Atenção à Condução,Capotamento,Sem Vítimas,Plena Noite,Decrescente,Céu Claro,Simples,Curva,Não,1,0,0,0,1,0,0,1,"-8,053273","-37,831716",SPRF-PE,DEL04-PE,UOP01-DEL04-PE
244464.0,2019-10-22,terça-feira,14:20:00,PE,101,"91,2",CABO DE SANTO AGOSTINHO,Falta de Atenção à Condução,Colisão transversal,Com Vítimas Feridas,Pleno dia,Crescente,Céu Claro,Simples,Reta,Sim,2,0,1,0,1,0,1,2,"-8,22399812","-34,99290474",SPRF-PE,DEL01-PE,UOP03-DEL01-PE
244553.0,2019-10-23,quarta-feira,05:10:00,PE,232,"62,5",GRAVATA,Defeito Mecânico no Veículo,Tombamento,Com Vítimas Feridas,Amanhecer,Decrescente,Céu Claro,Simples,Curva,Não,1,0,0,1,0,0,1,1,"-8,15598579","-35,42308007",SPRF-PE,DEL01-PE,UOP02-DEL02PE
244607.0,2019-10-23,quarta-feira,10:20:00,PE,101,70,RECIFE,Velocidade Incompatível,Colisão traseira,Com Vítimas Fatais,Pleno dia,Crescente,Sol,Dupla,Reta,Sim,2,1,0,0,1,0,0,2,"-8,06776119","-34,94265074",SPRF-PE,DEL01-PE,UOP01-DEL01-PE
244651.0,2019-10-23,quarta-feira,15:10:00,PE,316,"66,8",OURICURI,Carga excessiva e/ou mal acondicionada,Incêndio,Sem Vítimas,Pleno dia,Decrescente,Céu Claro,Simples,Reta;Declive                  ,Não,1,0,0,0,1,0,0,1,"-7,78931549","-40,20951831",SPRF-PE,DEL05-PE,UOP02-DEL05-PE
244833.0,2019-10-24,quinta-feira,16:00:00,PE,232,"242,8",ARCOVERDE,Avarias e/ou desgaste excessivo no pneu,Capotamento,Com Vítimas Feridas,Pleno dia,Crescente,Céu Claro,Simples,Reta,Não,1,0,1,0,0,0,1,1,"-8,41530367","-36,98020602",SPRF-PE,DEL03-PE,UOP02-DEL03-PE
244957.0,2019-10-25,sexta-feira,08:35:00,PE,408,"89,7",SAO LOURENCO DA MATA,Falta de Atenção à Condução,Tombamento,Com Vítimas Feridas,Pleno dia,Decrescente,Sol,Dupla,Reta,Sim,4,0,2,0,1,1,2,2,"-7,98149086","-35,08112279",SPRF-PE,DEL01-PE,UOP01-DEL01-PE
245026.0,2019-10-25,sexta-feira,15:35:00,PE,101,31,IGARASSU,Falta de Atenção à Condução,Colisão traseira,Com Vítimas Feridas,Pleno dia,Decrescente,Céu Claro,Dupla,Reta;Aclive                   ,Sim,3,0,2,0,1,0,2,2,"-7,74443874","-34,93872764",SPRF-PE,DEL01-PE,UOP02-DEL01-PE
245088.0,2019-10-25,sexta-feira,19:30:00,PE,101,"70,7",RECIFE,Não guardar distância de segurança,Engavetamento,Sem Vítimas,Plena Noite,Crescente,Céu Claro,Dupla,Reta,Não,3,0,0,0,3,0,0,3,"-8,06776119","-34,94265074",SPRF-PE,DEL01-PE,UOP01-DEL01-PE
245089.0,2019-10-25,sexta-feira,19:50:00,PE,424,"94,5",GARANHUNS,Ingestão de Álcool,Colisão frontal,Com Vítimas Fatais,Plena Noite,Decrescente,Céu Claro,Simples,Curva,Não,3,1,0,0,1,1,0,3,"-8,91590392","-36,48883344",SPRF-PE,DEL03-PE,UOP01-DEL03-PE
245269.0,2019-10-26,sábado,15:30:00,PE,232,57,POMBOS,Falta de Atenção à Condução,Colisão traseira,Com Vítimas Fatais,Pleno dia,Crescente,Céu Claro,Dupla,Reta,Sim,3,1,1,0,0,1,1,2,"-8,1412132","-35,38181492",SPRF-PE,DEL01-PE,UOP02-DEL02PE
245388.0,2019-10-27,domingo,00:05:00,PE,232,66,GRAVATA,Animais na Pista,Atropelamento de Animal,Sem Vítimas,Plena Noite,Decrescente,Céu Claro,Simples,Curva,Não,1,0,0,0,1,0,0,1,"-8,16707371","-35,45583389",SPRF-PE,DEL01-PE,UOP02-DEL02PE
245487.0,2019-10-27,domingo,09:00:00,PE,423,"191,8",ITAIBA,Defeito Mecânico no Veículo,Tombamento,Com Vítimas Feridas,Pleno dia,Decrescente,Céu Claro,Simples,Reta,Não,3,0,2,0,1,0,2,1,"-9,13458054","-37,24076601",SPRF-AL,DEL03-AL,UOP02-DEL03-AL
246027.0,2019-10-30,quarta-feira,03:50:00,PE,101,189,PALMARES,Defeito Mecânico no Veículo,Tombamento,Com Vítimas Feridas,Plena Noite,Decrescente,Céu Claro,Dupla,Curva,Não,1,0,1,0,0,0,1,1,"-8,69036647","-35,60430503",SPRF-PE,DEL01-PE,UOP03-DEL01-PE
246035.0,2019-10-30,quarta-feira,04:10:00,PE,101,189,PALMARES,Objeto estático sobre o leito carroçável,Tombamento,Com Vítimas Feridas,Amanhecer,Decrescente,Céu Claro,Dupla,Declive;Curva                 ,Não,2,0,2,0,0,0,2,2,"-8,69036647","-35,60430503",SPRF-PE,DEL01-PE,UOP03-DEL01-PE
246117.0,2019-10-30,quarta-feira,15:30:00,PE,101,"60,4",RECIFE,Defeito Mecânico no Veículo,Colisão transversal,Sem Vítimas,Pleno dia,Crescente,Céu Claro,Dupla,Reta,Sim,4,0,0,0,4,0,0,3,"-7,98344307","-34,93176727",SPRF-PE,DEL01-PE,UOP02-DEL01-PE