id,data_inversa,dia_semana,horario,uf,br,km,municipio,causa_acidente,tipo_acidente,classificacao_acidente,fase_dia,sentido_via,condicao_metereologica,tipo_pista,tracado_via,uso_solo,pessoas,mortos,feridos_leves,feridos_graves,ilesos,ignorados,feridos,veiculos,latitude,longitude,regional,delegacia,uop
246327.0,2019-10-31,quinta-feira,17:15:00,PE,101,"43,4",IGARASSU,Desobediência às normas de trânsito pelo condutor,Colisão lateral,Com Vítimas Feridas,Pleno dia,Decrescente,Céu Claro,Múltipla,Reta,Sim,3,0,0,1,2,0,1,2,"-7,84753808","-34,90977038",SPRF-PE,DEL01-PE,UOP02-DEL01-PE
246382.0,2019-10-31,quinta-feira,21:20:00,PE,101,"65,3",RECIFE,Falta de Atenção à Condução,Saída de leito carroçável,Com Vítimas Feridas,Plena Noite,Decrescente,Céu Claro,Múltipla,Reta,Sim,3,0,1,0,2,0,1,3,"-8,029742","-34,942902",SPRF-PE,DEL01-PE,UOP01-DEL01-PE
246719.0,2019-11-02,sábado,08:00:00,PE,423,95,GARANHUNS,Não guardar distância de segurança,Colisão traseira,Com Vítimas Feridas,Pleno dia,Decrescente,Sol,Simples,Reta,Sim,2,0,1,0,1,0,1,2,"-8,87891989","-36,47796305",SPRF-PE,DEL03-PE,UOP01-DEL03-PE
246770.0,2019-11-02,sábado,12:45:00,PE,424,"29,7",VENTUROSA,Falta de Atenção à Condução,Colisão lateral,Sem Vítimas,Pleno dia,Crescente,Céu Claro,Simples,Reta,Não,2,0,0,0,2,0,0,2,"-8,57339373","-36,88021935",SPRF-PE,DEL03-PE,UOP02-DEL03-PE
247103.0,2019-11-04,segunda-feira,07:40:00,PE,101,"90,9",JABOATAO DOS GUARARAPES,Falta de Atenção à Condução,Colisão lateral,Sem Vítimas,Pleno dia,Crescente,Céu Claro,Dupla,Em Obras,Não,3,0,0,0,3,0,0,3,"-8,21612792","-34,98772817",SPRF-PE,DEL01-PE,UOP03-DEL01-PE
247206.0,2019-11-04,segunda-feira,12:30:00,PE,232,371,FLORES,Falta de Atenção à Condução,Colisão frontal,Sem Vítimas,Pleno dia,Crescente,Sol,Simples,Reta;Declive;Em Obras         ,Não,3,0,0,0,3,0,0,3,"-8,029973","-37,974468",SPRF-PE,DEL04-PE,UOP01-DEL04-PE
247514.0,2019-11-06,quarta-feira,11:55:00,PE,423,"23,5",SAO CAITANO,Condutor Dormindo,Colisão frontal,Com Vítimas Fatais,Pleno dia,Crescente,Céu Claro,Simples,Reta,Não,7,1,1,2,3,0,3,5,"-8,365577","-36,172399",SPRF-PE,DEL02-PE,UOP03-DEL02-PE
247789.0,2019-11-07,quinta-feira,17:00:00,PE,101,149,RIBEIRAO,Desobediência às normas de trânsito pelo condutor,Colisão transversal,Sem Vítimas,Anoitecer,Decrescente,Céu Claro,Dupla,Declive,Sim,2,0,0,0,2,0,0,2,"-8,49165198","-35,37459703",SPRF-PE,DEL01-PE,UOP03-DEL01-PE
247811.0,2019-11-07,quinta-feira,19:25:00,PE,101,"97,6",CABO DE SANTO AGOSTINHO,Falta de Atenção à Condução,Colisão com objeto em movimento,Com Vítimas Feridas,Plena Noite,Decrescente,Nublado,Simples,Reta,Não,2,0,0,1,1,0,1,2,"-8,2767271","-35,02784729",SPRF-PE,DEL01-PE,UOP03-DEL01-PE
248256.0,2019-11-09,sábado,18:40:00,PE,428,"155,8",PETROLINA,Falta de Atenção à Condução,Colisão traseira,Com Vítimas Feridas,Plena Noite,Crescente,Céu Claro,Simples,Reta,Não,4,0,0,2,2,0,2,3,"-9,10860107","-40,33416488",SPRF-PE,DEL06-PE,UOP01-DEL06-PE
248357.0,2019-11-10,domingo,00:30:00,PE,116,"79,9",CABROBO,Animais na Pista,Atropelamento de Animal,Com Vítimas Feridas,Plena Noite,Crescente,Céu Claro,Simples,Reta,Não,1,0,1,0,0,0,1,1,"-8,516788","-39,2155",SPRF-PE,DEL05-PE,UOP03-DEL05-PE
248417.0,2019-11-10,domingo,09:40:00,PE,101,3,GOIANA,Falta de Atenção à Condução,Colisão traseira,Sem Vítimas,Pleno dia,Decrescente,Sol,Dupla,Curva,Não,2,0,0,0,2,0,0,2,"-7,52387351","-34,99333161",SPRF-PE,DEL01-PE,UOP02-DEL01-PE
248424.0,2019-11-09,sábado,09:30:00,PE,428,3,CABROBO,Falta de Atenção à Condução,Colisão lateral,Com Vítimas Feridas,Pleno dia,Crescente,Sol,Simples,Reta,Não,2,0,0,1,1,0,1,2,"-8,53583848","-39,25093723",SPRF-PE,DEL05-PE,UOP03-DEL05-PE
248528.0,2019-11-10,domingo,18:00:00,PE,424,89,GARANHUNS,Ingestão de Álcool,Colisão lateral,Com Vítimas Feridas,Plena Noite,Decrescente,Céu Claro,Simples,Curva;Aclive                  ,Sim,3,0,1,0,2,0,1,3,"-8,89138375","-36,50571483",SPRF-PE,DEL03-PE,UOP01-DEL03-PE
248920.0,2019-11-12,terça-feira,06:50:00,PE,408,84,PAUDALHO,Defeito Mecânico no Veículo,Incêndio,Sem Vítimas,Pleno dia,Decrescente,Sol,Dupla,Reta,Sim,1,0,0,0,1,0,0,1,"-7,95123498","-35,10915987",SPRF-PE,DEL01-PE,UOP01-DEL01-PE
248991.0,2019-11-12,terça-feira,11:30:00,PE,232,"234,9",PESQUEIRA,Falta de Atenção à Condução,Colisão transversal,Sem Vítimas,Pleno dia,Decrescente,Céu Claro,Simples,Reta,Não,3,0,0,0,2,1,0,3,"-8,40708897","-36,910579",SPRF-PE,DEL03-PE,UOP02-DEL03-PE
249007.0,2019-11-12,terça-feira,13:15:00,PE,232,333,CUSTODIA,Ultrapassagem Indevida,Colisão frontal,Com Vítimas Feridas,Pleno dia,Decrescente,Sol,Simples,Reta,Sim,2,0,0,1,1,0,1,2,"-8,2094515","-37,60688782",SPRF-PE,DEL03-PE,UOP02-DEL03-PE
249008.0,2019-10-24,quinta-feira,17:40:00,PE,101,93,CABO DE SANTO AGOSTINHO,Falta de Atenção à Condução,Queda de ocupante de veículo,Com Vítimas Feridas,Anoitecer,Decrescente,Céu Claro,Simples,Rotatória;Reta                ,Não,2,0,0,1,1,0,1,2,"-8,2396419","-35,00335418",SPRF-PE,DEL01-PE,UOP03-DEL01-PE
249016.0,2019-11-12,terça-feira,15:00:00,PE,232,8,RECIFE,Falta de Atenção à Condução,Colisão traseira,Com Vítimas Feridas,Pleno dia,Decrescente,Céu Claro,Dupla,Reta;Desvio Temporário        ,Sim,2,0,1,0,1,0,1,2,"-8,07675","-34,972439",SPRF-PE,DEL01-PE,UOP01-DEL01-PE
249360.0,2019-11-14,quinta-feira,10:00:00,PE,232,"35,7",MORENO,Carga excessiva e/ou mal acondicionada,Derramamento de carga,Sem Vítimas,Pleno dia,Crescente,Sol,Dupla,Reta,Sim,2,0,0,0,2,0,0,2,"-8,10907341","-35,19256991",SPRF-PE,DEL01-PE,UOP02-DEL02PE
249378.0,2019-11-14,quinta-feira,11:00:00,PE,101,"142,2",RIBEIRAO,Falta de Atenção à Condução,Colisão traseira,Com Vítimas Feridas,Pleno dia,Crescente,Céu Claro,Dupla,Reta,Sim,6,0,0,5,1,0,5,2,"-8,44588505","-35,34144498",SPRF-PE,DEL01-PE,UOP03-DEL01-PE
249508.0,2019-11-14,quinta-feira,18:20:00,PE,232,"255,5",ARCOVERDE,Animais na Pista,Colisão traseira,Com Vítimas Feridas,Plena Noite,Decrescente,Vento,Simples,Reta,Não,3,0,0,2,1,0,2,2,"-8,4124021","-37,08493608",SPRF-PE,DEL03-PE,UOP02-DEL03-PE
249951.0,2019-11-16,sábado,16:45:00,PE,101,66,RECIFE,Falta de Atenção à Condução,Colisão lateral,Com Vítimas Feridas,Pleno dia,Crescente,Céu Claro,Dupla,Reta,Sim,2,0,1,0,1,0,1,2,"-8,03368534","-34,94184125",SPRF-PE,DEL01-PE,UOP01-DEL01-PE
250071.0,2019-11-17,domingo,08:10:00,PE,232,"477,8",MIRANDIBA,Ultrapassagem Indevida,Colisão frontal,Com Vítimas Feridas,Pleno dia,Crescente,Céu Claro,Simples,Declive,Não,3,0,1,0,1,1,1,3,"-8,02338139","-38,86349195",SPRF-PE,DEL05-PE,UOP01-DEL05-PE
250075.0,2019-11-17,domingo,09:10:00,PE,104,29,TORITAMA,Desobediência às normas de trânsito pelo condutor,Colisão transversal,Com Vítimas Feridas,Pleno dia,Decrescente,Céu Claro,Simples,Reta,Sim,2,0,0,1,1,0,1,2,"-8,00730169","-36,06515408",SPRF-PE,DEL02-PE,UOP01-DEL02-PE
250479.0,2019-11-18,segunda-feira,21:20:00,PE,232,"207,7",PESQUEIRA,Desobediência às normas de trânsito pelo condutor,Colisão frontal,Com Vítimas Feridas,Plena Noite,Crescente,Céu Claro,Simples,Reta,Sim,2,0,0,1,1,0,1,2,"-8,368331","-36,676855",SPRF-PE,DEL02-PE,UOP03-DEL02-PE
250534.0,2019-11-19,terça-feira,05:40:00,PE,116,"35,8",SALGUEIRO,Falta de Atenção à Condução,Colisão lateral,Sem Vítimas,Pleno dia,Decrescente,Nublado,Simples,Reta,Não,2,0,0,0,2,0,0,2,"-8,144699","-39,111214",SPRF-PE,DEL05-PE,UOP01-DEL05-PE
250718.0,2019-11-20,quarta-feira,09:50:00,PE,101,"73,7",RECIFE,Velocidade Incompatível,Colisão transversal,Com Vítimas Feridas,Pleno dia,Decrescente,Céu Claro,Dupla,Retorno Regulamentado,Sim,2,0,0,1,1,0,1,2,"-8,093369","-34,947464",SPRF-PE,DEL01-PE,UOP01-DEL01-PE
250826.0,2019-11-20,quarta-feira,23:20:00,PE,101,"68,1",RECIFE,Objeto estático sobre o leito carroçável,Colisão com objeto estático,Com Vítimas Fatais,Plena Noite,Decrescente,Céu Claro,Múltipla,Reta,Sim,6,1,2,1,2,0,3,4,"-8,05074296","-34,94580619",SPRF-PE,DEL01-PE,UOP01-DEL01-PE
250866.0,2019-11-21,quinta-feira,04:15:00,PE,232,"239,3",ARCOVERDE,Ultrapassagem Indevida,Colisão frontal,Com Vítimas Fatais,Plena Noite,Crescente,Céu Claro,Simples,Reta,Não,3,1,0,0,1,1,0,3,"-8,41656773","-36,95265598",SPRF-PE,DEL03-PE,UOP02-DEL03-PE
250963.0,2019-11-21,quinta-feira,14:00:00,PE,101,5,GOIANA,Falta de Atenção à Condução,Colisão traseira,Com Vítimas Feridas,Pleno dia,Crescente,Sol,Múltipla,Reta,Não,2,0,1,0,0,1,1,2,"-7,541764","-34,991394",SPRF-PE,DEL01-PE,UOP02-DEL01-PE
251075.0,2019-11-21,quinta-feira,19:50:00,PE,424,"94,8",GARANHUNS,Carga excessiva e/ou mal acondicionada,Tombamento,Com Vítimas Fatais,Plena Noite,Crescente,Céu Claro,Simples,Curva,Não,4,1,1,2,0,0,3,2,"-8,91590392","-36,48883344",SPRF-PE,DEL03-PE,UOP01-DEL03-PE
251237.0,2019-11-22,sexta-feira,19:25:00,PE,104,20,TAQUARITINGA DO NORTE,Defeito na Via,Colisão lateral,Com Vítimas Feridas,Plena Noite,Decrescente,Céu Claro,Simples,Reta,Não,4,0,2,1,1,0,3,2,"-7,96316","-36,12465",SPRF-PE,DEL02-PE,UOP01-DEL02-PE
251332.0,2019-11-23,sábado,09:20:00,PE,101,"49,3",ABREU E LIMA,Não guardar distância de segurança,Colisão traseira,Com Vítimas Feridas,Pleno dia,Decrescente,Céu Claro,Múltipla,Reta,Sim,3,0,1,0,2,0,1,3,"-7,9005152","-34,90180641",SPRF-PE,DEL01-PE,UOP02-DEL01-PE
251386.0,2019-11-23,sábado,14:25:00,PE,104,64,CARUARU,Ingestão de Álcool,Tombamento,Com Vítimas Feridas,Pleno dia,Crescente,Céu Claro,Dupla,Reta,Sim,1,0,1,0,0,0,1,1,"-8,2783","-35,9815",SPRF-PE,DEL02-PE,UOP01-DEL02-PE
251568.0,2019-11-24,domingo,08:00:00,PE,101,159,GAMELEIRA,Falta de Atenção à Condução,Tombamento,Com Vítimas Feridas,Pleno dia,Decrescente,Céu Claro,Dupla,Curva,Não,1,0,1,0,0,0,1,1,"-8,55252537","-35,41389482",SPRF-PE,DEL01-PE,UOP03-DEL01-PE
251712.0,2019-11-24,domingo,20:00:00,PE,232,213,PESQUEIRA,Ingestão de Álcool,Colisão lateral,Com Vítimas Feridas,Plena Noite,Crescente,Céu Claro,Simples,Reta,Não,2,0,2,0,0,0,2,2,"-8,37683577","-36,7222201",SPRF-PE,DEL03-PE,UOP02-DEL03-PE
251875.0,2019-11-25,segunda-feira,16:00:00,PE,101,"70,2",RECIFE,Falta de Atenção à Condução,Colisão lateral,Sem Vítimas,Pleno dia,Crescente,Sol,Múltipla,Reta,Sim,2,0,0,0,2,0,0,2,"-8,06776119","-34,94265074",SPRF-PE,DEL01-PE,UOP01-DEL01-PE
251915.0,2019-11-25,segunda-feira,20:00:00,PE,101,86,JABOATAO DOS GUARARAPES,Desobediência às normas de trânsito pelo condutor,Colisão lateral,Com Vítimas Feridas,Plena Noite,Decrescente,Céu Claro,Simples,Reta,Sim,3,0,1,0,1,1,1,3,"-8,195113","-34,957119",SPRF-PE,DEL01-PE,UOP03-DEL01-PE
252014.0,2019-11-26,terça-feira,12:30:00,PE,110,104,SERTANIA,Defeito Mecânico no Veículo,Tombamento,Sem Vítimas,Pleno dia,Decrescente,Céu Claro,Simples,Curva,Não,1,0,0,0,1,0,0,1,"-8,3988809","-37,34819098",SPRF-PE,DEL03-PE,UOP02-DEL03-PE
252017.0,2019-11-26,terça-feira,13:00:00,PE,408,105,JABOATAO DOS GUARARAPES,Falta de Atenção à Condução,Derramamento de carga,Sem Vítimas,Pleno dia,Crescente,Sol,Dupla,Curva,Sim,2,0,0,0,2,0,0,2,"-8,08096544","-34,99026082",SPRF-PE,DEL01-PE,UOP01-DEL01-PE
252229.0,2019-11-27,quarta-feira,11:20:00,PE,423,"44,5",CACHOEIRINHA,Falta de Atenção à Condução,Saída de leito carroçável,Com Vítimas Feridas,Pleno dia,Decrescente,Céu Claro,Simples,Reta,Não,4,0,1,0,2,1,1,4,"-8,52469088","-36,26000221",SPRF-PE,DEL03-PE,UOP01-DEL03-PE
252439.0,2019-11-28,quinta-feira,15:50:00,PE,101,"48,2",ABREU E LIMA,Falta de Atenção à Condução,Colisão transversal,Sem Vítimas,Pleno dia,Decrescente,Sol,Múltipla,Reta,Sim,2,0,0,0,2,0,0,2,"-7,89174705","-34,9033493",SPRF-PE,DEL01-PE,UOP02-DEL01-PE
252443.0,2019-11-28,quinta-feira,16:00:00,PE,101,45,IGARASSU,Não guardar distância de segurança,Colisão traseira,Com Vítimas Feridas,Pleno dia,Crescente,Céu Claro,Dupla,Reta,Não,3,0,1,0,2,0,1,2,"-7,86521297","-34,90715176",SPRF-PE,DEL01-PE,UOP02-DEL01-PE
252528.0,2019-11-28,quinta-feira,22:15:00,PE,316,"1,6",ARARIPINA,Falta de Atenção à Condução,Colisão frontal,Sem Vítimas,Plena Noite,Decrescente,Ignorado,Simples,Reta,Não,2,0,0,0,1,1,0,2,"-7,44845463","-40,65268582",SPRF-PE,DEL05-PE,UOP02-DEL05-PE
252640.0,2019-11-29,sexta-feira,13:40:00,PE,101,"44,4",IGARASSU,Não guardar distância de segurança,Colisão lateral,Com Vítimas Feridas,Pleno dia,Crescente,Céu Claro,Dupla,Reta,Sim,2,0,1,0,1,0,1,2,"-7,858833","-34,908466",SPRF-PE,DEL01-PE,UOP02-DEL01-PE
252844.0,2019-11-30,sábado,12:20:00,PE,316,"68,8",OURICURI,Defeito Mecânico no Veículo,Incêndio,Sem Vítimas,Pleno dia,Crescente,Céu Claro,Simples,Curva;Aclive                  ,Não,1,0,0,0,1,0,0,1,"-7,79974423","-40,19497322",SPRF-PE,DEL05-PE,UOP02-DEL05-PE
252993.0,2019-11-30,sábado,19:00:00,PE,316,272,BELEM DE SAO FRANCISCO,Animais na Pista,Saída de leito carroçável,Com Vítimas Feridas,Plena Noite,Crescente,Céu Claro,Simples,Reta,Não,2,0,1,0,1,0,1,1,"-8,69563604","-38,84408298",SPRF-PE,DEL04-PE,UOP03-DEL04-PE
253050.0,2019-12-01,domingo,06:30:00,PE,232,"6,8",RECIFE,Avarias e/ou desgaste excessivo no pneu,Colisão lateral,Sem Vítimas,Pleno dia,Crescente,Céu Claro,Dupla,Reta,Não,2,0,0,0,2,0,0,2,"-8,07079525","-34,9535389",SPRF-PE,DEL01-PE,UOP01-DEL01-PE
253317.0,2019-07-03,quarta-feira,09:30:00,PE,110,226,PETROLANDIA,Desobediência às normas de trânsito pelo condutor,Colisão lateral,Com Vítimas Feridas,Pleno dia,Decrescente,Céu Claro,Simples,Curva,Não,3,0,2,0,0,1,2,2,"-9,03930281","-38,25704237",SPRF-BA,DEL07-BA,UOP01-DEL07-BA
253371.0,2019-12-02,segunda-feira,16:15:00,PE,101,"129,6",ESCADA,Falta de Atenção à Condução,Colisão lateral,Com Vítimas Fatais,Pleno dia,Crescente,Céu Claro,Dupla,Reta,Não,2,1,0,0,0,1,0,2,"-8,38595","-35,250695",SPRF-PE,DEL01-PE,UOP03-DEL01-PE
253443.0,2019-12-03,terça-feira,05:00:00,PE,101,57,PAULISTA,Não guardar distância de segurança,Colisão traseira,Sem Vítimas,Amanhecer,Crescente,Sol,Dupla,Reta,Sim,3,0,0,0,2,1,0,2,"-7,96449441","-34,91661072",SPRF-PE,DEL01-PE,UOP02-DEL01-PE
253537.0,2019-11-02,sábado,06:30:00,PE,232,"100,4",BEZERROS,Desobediência às normas de trânsito pelo condutor,Colisão transversal,Com Vítimas Feridas,Pleno dia,Crescente,Céu Claro,Dupla,Reta,Sim,3,0,2,0,1,0,2,2,"-8,240487","-35,749003",SPRF-PE,DEL01-PE,UOP02-DEL02PE
253624.0,2019-12-04,quarta-feira,02:15:00,PE,232,"62,5",POMBOS,Falta de Atenção à Condução,Saída de leito carroçável,Com Vítimas Feridas,Plena Noite,Decrescente,Céu Claro,Simples,Reta,Não,1,0,1,0,0,0,1,1,"-8,157624","-35,429236",SPRF-PE,DEL01-PE,UOP02-DEL02PE
253821.0,2019-12-05,quinta-feira,04:00:00,PE,101,"57,3",PAULISTA,Falta de Atenção à Condução,Colisão traseira,Sem Vítimas,Amanhecer,Decrescente,Céu Claro,Dupla,Reta,Não,2,0,0,0,2,0,0,2,"-7,96346213","-34,91513486",SPRF-PE,DEL01-PE,UOP02-DEL01-PE
253910.0,2019-12-05,quinta-feira,13:05:00,PE,101,"77,5",RECIFE,Não guardar distância de segurança,Colisão traseira,Com Vítimas Feridas,Pleno dia,Decrescente,Céu Claro,Dupla,Declive;Reta                  ,Sim,2,0,0,1,1,0,1,2,"-8,126982","-34,94386",SPRF-PE,DEL01-PE,UOP01-DEL01-PE
254109.0,2019-12-06,sexta-feira,10:20:00,PE,101,"71,4",RECIFE,Falta de Atenção à Condução,Colisão frontal,Com Vítimas Feridas,Pleno dia,Decrescente,Céu Claro,Simples,Em Obras,Sim,4,0,1,0,1,2,1,3,"-8,07663102","-34,94277871",SPRF-PE,DEL01-PE,UOP01-DEL01-PE
254206.0,2019-12-06,sexta-feira,17:45:00,PE,101,77,RECIFE,Defeito Mecânico no Veículo,Colisão com objeto em movimento,Com Vítimas Feridas,Plena Noite,Crescente,Céu Claro,Dupla,Reta,Sim,2,0,0,1,0,1,1,2,"-8,126982","-34,94386",SPRF-PE,DEL01-PE,UOP01-DEL01-PE
254372.0,2019-12-07,sábado,06:30:00,PE,232,"358,9",FLORES,Mal Súbito,Colisão frontal,Com Vítimas Fatais,Pleno dia,Crescente,Sol,Simples,Reta,Não,4,3,1,0,0,0,1,2,"-8,04653839","-37,85853293",SPRF-PE,DEL04-PE,UOP01-DEL04-PE
254520.0,2019-12-07,sábado,19:30:00,PE,101,72,RECIFE,Desobediência às normas de trânsito pelo condutor,Colisão lateral,Sem Vítimas,Plena Noite,Decrescente,Céu Claro,Simples,Reta,Sim,2,0,0,0,2,0,0,2,"-8,08493106","-34,9450639",SPRF-PE,DEL01-PE,UOP01-DEL01-PE
254533.0,2019-12-07,sábado,20:15:00,PE,232,"154,3",SAO CAITANO,Desobediência às normas de trânsito pelo condutor,Colisão frontal,Com Vítimas Fatais,Plena Noite,Crescente,Céu Claro,Simples,Reta,Não,3,1,0,0,2,0,0,2,"-8,32819273","-36,19911602",SPRF-PE,DEL02-PE,UOP03-DEL02-PE
254629.0,2019-12-08,domingo,05:30:00,PE,407,"107,7",PETROLINA,Defeito Mecânico no Veículo,Incêndio,Sem Vítimas,Amanhecer,Crescente,Céu Claro,Simples,Reta,Não,1,0,0,0,1,0,0,1,"-9,23653808","-40,61900614",SPRF-PE,DEL06-PE,UOP02-DEL06-PE
254692.0,2019-12-08,domingo,12:30:00,PE,101,"60,3",RECIFE,Falta de Atenção à Condução,Colisão traseira,Sem Vítimas,Pleno dia,Decrescente,Céu Claro,Dupla,Reta;Aclive                   ,Não,3,0,0,0,2,1,0,2,"-7,98344307","-34,93176727",SPRF-PE,DEL01-PE,UOP02-DEL01-PE
254863.0,2019-12-09,segunda-feira,00:10:00,PE,116,"76,9",CABROBO,Ingestão de Álcool,Colisão traseira,Sem Vítimas,Plena Noite,Crescente,Céu Claro,Simples,Reta,Não,2,0,0,0,1,1,0,2,"-8,49113","-39,20697",SPRF-PE,DEL05-PE,UOP03-DEL05-PE
254881.0,2019-12-09,segunda-feira,06:55:00,PE,232,"12,1",JABOATAO DOS GUARARAPES,Não guardar distância de segurança,Colisão lateral,Sem Vítimas,Pleno dia,Decrescente,Céu Claro,Dupla,Reta,Não,5,0,0,0,4,1,0,3,"-8,08577691","-35,00345603",SPRF-PE,DEL01-PE,UOP01-DEL01-PE
254953.0,2019-12-09,segunda-feira,11:30:00,PE,101,"160,1",GAMELEIRA,Condutor Dormindo,Colisão traseira,Com Vítimas Feridas,Pleno dia,Crescente,Céu Claro,Dupla,Curva,Não,3,0,1,0,2,0,1,2,"-8,55517569","-35,42181194",SPRF-PE,DEL01-PE,UOP03-DEL01-PE
255039.0,2019-12-09,segunda-feira,17:40:00,PE,232,"35,9",MORENO,Mal Súbito,Saída de leito carroçável,Com Vítimas Feridas,Plena Noite,Decrescente,Céu Claro,Simples,Reta,Não,1,0,0,1,0,0,1,1,"-8,10907341","-35,19256991",SPRF-PE,DEL01-PE,UOP02-DEL02PE
255147.0,2019-12-10,terça-feira,12:50:00,PE,232,"409,5",SERRA TALHADA,Falta de Atenção do Pedestre,Atropelamento de Pedestre,Com Vítimas Feridas,Pleno dia,Crescente,Sol,Simples,Reta,Sim,2,0,0,1,1,0,1,2,"-7,98176023","-38,29035759",SPRF-PE,DEL04-PE,UOP01-DEL04-PE
255188.0,2019-12-10,terça-feira,11:00:00,PE,101,116,IPOJUCA,Falta de Atenção à Condução,Colisão com objeto estático,Sem Vítimas,Pleno dia,Crescente,Céu Claro,Dupla,Curva;Aclive                  ,Não,1,0,0,0,1,0,0,1,"-8,34532196","-35,14676704",SPRF-PE,DEL01-PE,UOP03-DEL01-PE
255234.0,2019-12-10,terça-feira,08:40:00,PE,101,51,ABREU E LIMA,Falta de Atenção à Condução,Colisão lateral,Com Vítimas Feridas,Plena Noite,Crescente,Céu Claro,Dupla,Reta,Sim,4,0,2,0,2,0,2,2,"-7,9169968","-34,89689272",SPRF-PE,DEL01-PE,UOP02-DEL01-PE
255432.0,2019-12-11,quarta-feira,23:20:00,PE,101,"44,8",IGARASSU,Desobediência às normas de trânsito pelo condutor,Colisão transversal,Sem Vítimas,Plena Noite,Crescente,Céu Claro,Múltipla,Reta,Sim,2,0,0,0,2,0,0,2,"-7,85501852","-34,90863215",SPRF-PE,DEL01-PE,UOP02-DEL01-PE
255533.0,2019-12-12,quinta-feira,13:30:00,PE,232,"191,1",SANHARO,Mal Súbito,Colisão lateral,Com Vítimas Feridas,Pleno dia,Decrescente,Sol,Simples,Declive,Sim,3,0,1,0,2,0,1,3,"-8,35709895","-36,52773",SPRF-PE,DEL02-PE,UOP03-DEL02-PE
255801.0,2019-12-13,sexta-feira,19:00:00,PE,101,"70,3",RECIFE,Ingestão de Álcool,Atropelamento de Pedestre,Com Vítimas Feridas,Plena Noite,Crescente,Céu Claro,Dupla,Reta,Sim,2,0,1,0,0,1,1,2,"-8,06776119","-34,94265074",SPRF-PE,DEL01-PE,UOP01-DEL01-PE
255940.0,2019-12-14,sábado,08:30:00,PE,104,68,CARUARU,Condutor Dormindo,Colisão traseira,Com Vítimas Feridas,Pleno dia,Crescente,Céu Claro,Dupla,Reta,Sim,3,0,0,1,2,0,1,2,"-8,3107","-35,9904",SPRF-PE,DEL02-PE,UOP01-DEL02-PE
255950.0,2019-12-14,sábado,09:15:00,PE,428,"188,1",PETROLINA,Defeito Mecânico no Veículo,Colisão transversal,Com Vítimas Feridas,Pleno dia,Crescente,Sol,Múltipla,Retorno Regulamentado,Sim,3,0,1,0,2,0,1,3,"-9,36400596","-40,48266808",SPRF-PE,DEL06-PE,UOP01-DEL06-PE
256171.0,2019-12-15,domingo,04:50:00,PE,104,65,CARUARU,Falta de Atenção à Condução,Engavetamento,Com Vítimas Feridas,Amanhecer,Decrescente,Chuva,Dupla,Curva,Sim,5,0,2,0,3,0,2,4,"-8,2867","-35,9838",SPRF-PE,DEL02-PE,UOP01-DEL02-PE
256228.0,2019-12-15,domingo,11:25:00,PE,101,"7,3",GOIANA,Não guardar distância de segurança,Colisão traseira,Com Vítimas Feridas,Pleno dia,Crescente,Céu Claro,Dupla,Reta,Sim,3,0,1,0,2,0,1,2,"-7,55997111","-34,99072674",SPRF-PE,DEL01-PE,UOP02-DEL01-PE
256337.0,2019-12-15,domingo,19:30:00,PE,101,"151,5",RIBEIRAO,Velocidade Incompatível,Colisão traseira,Com Vítimas Fatais,Plena Noite,Decrescente,Céu Claro,Simples,Reta,Não,2,1,0,0,1,0,0,2,"-8,50224498","-35,38851271",SPRF-PE,DEL01-PE,UOP03-DEL01-PE
256640.0,2019-12-17,terça-feira,06:30:00,PE,232,"33,7",MORENO,Falta de Atenção à Condução,Colisão traseira,Sem Vítimas,Pleno dia,Crescente,Céu Claro,Dupla,Reta,Não,2,0,0,0,2,0,0,2,"-8,10539025","-35,17523495",SPRF-PE,DEL01-PE,UOP02-DEL02PE
256709.0,2019-12-17,terça-feira,13:05:00,PE,232,"408,9",SERRA TALHADA,Falta de Atenção à Condução,Colisão lateral,Com Vítimas Feridas,Pleno dia,Decrescente,Céu Claro,Simples,Aclive,Sim,2,0,0,1,1,0,1,2,"-7,9825996","-38,28710675",SPRF-PE,DEL04-PE,UOP01-DEL04-PE
256941.0,2019-12-18,quarta-feira,14:20:00,PE,101,"49,6",ABREU E LIMA,Desobediência às normas de trânsito pelo condutor,Colisão traseira,Com Vítimas Fatais,Pleno dia,Decrescente,Sol,Múltipla,Reta,Sim,3,1,0,0,2,0,0,3,"-7,9005152","-34,90180641",SPRF-PE,DEL01-PE,UOP02-DEL01-PE
257010.0,2019-12-18,quarta-feira,19:35:00,PE,232,"68,6",GRAVATA,Defeito Mecânico no Veículo,Incêndio,Sem Vítimas,Plena Noite,Decrescente,Céu Claro,Dupla,Curva,Não,1,0,0,0,1,0,0,1,"-8,17603343","-35,47535777",SPRF-PE,DEL01-PE,UOP02-DEL02PE
257181.0,2019-12-19,quinta-feira,12:40:00,PE,101,142,RIBEIRAO,Defeito Mecânico no Veículo,Incêndio,Com Vítimas Feridas,Pleno dia,Crescente,Céu Claro,Dupla,Reta,Não,1,0,0,1,0,0,1,1,"-8,44588505","-35,34144498",SPRF-PE,DEL01-PE,UOP03-DEL01-PE
257336.0,2019-12-20,sexta-feira,08:55:00,PE,232,19,MORENO,Falta de Atenção à Condução,Colisão lateral,Sem Vítimas,Pleno dia,Crescente,Nublado,Dupla,Reta,Não,3,0,0,0,3,0,0,3,"-8,09822484","-35,06316202",SPRF-PE,DEL01-PE,UOP01-DEL01-PE
257339.0,2019-12-20,sexta-feira,09:15:00,PE,101,"91,9",CABO DE SANTO AGOSTINHO,Defeito Mecânico no Veículo,Saída de leito carroçável,Sem Vítimas,Pleno dia,Decrescente,Nublado,Dupla,Aclive;Reta                   ,Não,1,0,0,0,1,0,0,1,"-8,22399812","-34,99290474",SPRF-PE,DEL01-PE,UOP03-DEL01-PE