id,data_inversa,dia_semana,horario,uf,br,km,municipio,causa_acidente,tipo_acidente,classificacao_acidente,fase_dia,sentido_via,condicao_metereologica,tipo_pista,tracado_via,uso_solo,pessoas,mortos,feridos_leves,feridos_graves,ilesos,ignorados,feridos,veiculos,latitude,longitude,regional,delegacia,uop
257353.0,2019-12-20,sexta-feira,09:00:00,PE,232,"447,4",SAO JOSE DO BELMONTE,Mal Súbito,Colisão lateral,Sem Vítimas,Pleno dia,Crescente,Céu Claro,Simples,Reta,Sim,5,0,0,0,5,0,0,2,"-7,99961227","-38,61712517",SPRF-PE,DEL04-PE,UOP01-DEL04-PE
257442.0,2019-12-20,sexta-feira,16:30:00,PE,428,"57,2",SANTA MARIA DA BOA VISTA,Ingestão de Álcool,Colisão frontal,Com Vítimas Fatais,Pleno dia,Decrescente,Sol,Simples,Reta,Não,3,1,1,0,0,1,1,2,"-8,61420389","-39,68021393",SPRF-PE,DEL06-PE,UOP03-DEL06-PE
257460.0,2019-12-20,sexta-feira,16:20:00,PE,101,65,RECIFE,Ingestão de Álcool,Colisão lateral,Sem Vítimas,Anoitecer,Decrescente,Céu Claro,Múltipla,Reta,Sim,2,0,0,0,2,0,0,2,"-8,02478597","-34,94276635",SPRF-PE,DEL01-PE,UOP01-DEL01-PE
257467.0,2019-12-20,sexta-feira,18:05:00,PE,232,14,JABOATAO DOS GUARARAPES,Ingestão de álcool e/ou substâncias psicoativas pelo pedestre,Atropelamento de Pedestre,Com Vítimas Feridas,Plena Noite,Crescente,Céu Claro,Dupla,Reta,Sim,2,0,0,1,1,0,1,2,"-8,09025488","-35,02052302",SPRF-PE,DEL01-PE,UOP01-DEL01-PE
257503.0,2019-12-20,sexta-feira,19:10:00,PE,116,"60,1",CABROBO,Desobediência às normas de trânsito pelo condutor,Colisão lateral,Com Vítimas Feridas,Plena Noite,Decrescente,Céu Claro,Simples,Reta,Não,2,0,1,0,1,0,1,2,"-8,361064","-39,145092",SPRF-PE,DEL05-PE,UOP03-DEL05-PE
257605.0,2019-12-21,sábado,05:20:00,PE,232,"243,1",ARCOVERDE,Condutor Dormindo,Saída de leito carroçável,Com Vítimas Feridas,Amanhecer,Crescente,Céu Claro,Simples,Reta,Não,1,0,1,0,0,0,1,1,"-8,41700383","-36,9892481",SPRF-PE,DEL03-PE,UOP02-DEL03-PE
257636.0,2019-12-21,sábado,08:00:00,PE,232,"186,7",BELO JARDIM,Mal Súbito,Colisão frontal,Com Vítimas Fatais,Pleno dia,Decrescente,Céu Claro,Simples,Reta,Não,3,1,1,0,1,0,1,3,"-8,35289635","-36,48256297",SPRF-PE,DEL02-PE,UOP03-DEL02-PE
257838.0,2019-12-21,sábado,19:10:00,PE,232,"172,3",BELO JARDIM,Falta de Atenção à Condução,Colisão frontal,Com Vítimas Fatais,Plena Noite,Crescente,Nublado,Simples,Reta,Não,2,1,0,0,1,0,0,2,"-8,33872","-36,36216",SPRF-PE,DEL02-PE,UOP03-DEL02-PE
257940.0,2019-12-21,sábado,23:30:00,PE,407,"27,3",AFRANIO,Defeito Mecânico no Veículo,Tombamento,Com Vítimas Feridas,Plena Noite,Decrescente,Céu Claro,Simples,Curva,Não,3,0,3,0,0,0,3,1,"-8,647543","-40,971237",SPRF-PE,DEL06-PE,UOP02-DEL06-PE
258157.0,2019-12-23,segunda-feira,04:30:00,PE,104,"79,1",AGRESTINA,Agressão Externa,Tombamento,Com Vítimas Feridas,Amanhecer,Crescente,Céu Claro,Simples,Curva,Não,1,0,1,0,0,0,1,1,"-8,389074","-35,974712",SPRF-PE,DEL02-PE,UOP01-DEL02-PE
258638.0,2019-12-25,quarta-feira,03:10:00,PE,232,"213,6",PESQUEIRA,Desobediência às normas de trânsito pelo condutor,Colisão lateral,Com Vítimas Fatais,Plena Noite,Decrescente,Vento,Simples,Reta,Não,2,1,0,0,1,0,0,2,"-8,37683577","-36,7222201",SPRF-PE,DEL03-PE,UOP02-DEL03-PE
258906.0,2019-12-26,quinta-feira,14:35:00,PE,408,"69,8",PAUDALHO,Falta de Atenção à Condução,Colisão lateral,Com Vítimas Feridas,Pleno dia,Decrescente,Chuva,Dupla,Reta,Não,3,0,1,0,2,0,1,2,"-7,87003147","-35,20278623",SPRF-PE,DEL01-PE,UOP01-DEL01-PE
259050.0,2019-12-27,sexta-feira,10:00:00,PE,101,66,RECIFE,Falta de Atenção à Condução,Colisão lateral,Com Vítimas Feridas,Pleno dia,Crescente,Céu Claro,Múltipla,Reta,Sim,3,0,1,0,2,0,1,2,"-8,03368534","-34,94184125",SPRF-PE,DEL01-PE,UOP01-DEL01-PE
259105.0,2019-12-27,sexta-feira,14:30:00,PE,101,87,JABOATAO DOS GUARARAPES,Falta de Atenção à Condução,Saída de leito carroçável,Com Vítimas Fatais,Pleno dia,Crescente,Céu Claro,Dupla,Reta,Não,2,1,0,0,1,0,0,2,"-8,19108039","-34,97471809",SPRF-PE,DEL01-PE,UOP03-DEL01-PE
259473.0,2019-12-29,domingo,10:05:00,PE,101,"33,3",IGARASSU,Desobediência às normas de trânsito pelo condutor,Colisão lateral,Sem Vítimas,Pleno dia,Crescente,Céu Claro,Dupla,Reta,Não,2,0,0,0,1,1,0,2,"-7,76557771","-34,93560964",SPRF-PE,DEL01-PE,UOP02-DEL01-PE
259810.0,2019-12-31,terça-feira,09:40:00,PE,428,"172,9",PETROLINA,Defeito Mecânico no Veículo,Capotamento,Com Vítimas Feridas,Pleno dia,Crescente,Chuva,Simples,Reta,Não,2,0,1,0,1,0,1,1,"-9,23632318","-40,41701564",SPRF-PE,DEL06-PE,UOP01-DEL06-PE
262330.0,2019-12-04,quarta-feira,02:20:00,PE,232,"62,7",POMBOS,Defeito Mecânico no Veículo,Tombamento,Com Vítimas Fatais,Plena Noite,Decrescente,Céu Claro,Simples,Curva,Sim,1,1,0,0,0,0,0,1,"-8,157602","-35,429243",SPRF-PE,DEL01-PE,UOP02-DEL02PE
265751.0,2019-12-27,sexta-feira,13:45:00,PE,101,"66,8",RECIFE,Falta de Atenção à Condução,Colisão lateral,Sem Vítimas,Pleno dia,Decrescente,Céu Claro,Dupla,Aclive,Sim,3,0,0,0,3,0,0,2,"-8,04041608","-34,9424994",SPRF-PE,DEL01-PE,UOP01-DEL01-PE
268234.0,2019-12-31,terça-feira,13:00:00,PE,101,"2,9",GOIANA,Velocidade Incompatível,Colisão com objeto estático,Com Vítimas Feridas,Pleno dia,Crescente,Sol,Dupla,Reta,Não,1,0,1,0,0,0,1,1,"-7,51675334","-34,99198357",SPRF-PE,DEL01-PE,UOP02-DEL01-PE
285394.0,2019-02-25,segunda-feira,14:50:00,PE,423,77,JUCATI,Condutor Dormindo,Colisão lateral,Com Vítimas Feridas,Pleno dia,Crescente,Céu Claro,Simples,Reta,Não,4,0,1,0,3,0,1,2,"-8,740486","-36,430698",SPRF-PE,DEL03-PE,UOP01-DEL03-PE
356025.0,2019-10-12,sábado,23:50:00,PE,232,"214,1",PESQUEIRA,Transitar na contramão,Colisão frontal,Com Vítimas Feridas,Plena Noite,Crescente,Céu Claro,Simples,Reta,Não,2,0,0,1,1,0,1,2,"-8,3804455","-36,73076279",SPRF-PE,DEL03-PE,UOP02-DEL03-PE
190838.0,2019-02-12,terça-feira,05:17:00,PE,101,"64,8",RECIFE,Carga excessiva e/ou mal acondicionada,Danos eventuais,Sem Vítimas,Amanhecer,Crescente,Céu Claro,Dupla,Reta,Sim,1,0,0,0,1,0,0,1,"-8,0266","-34,9429",SPRF-PE,DEL01-PE,UOP01-DEL01-PE
182241.0,2019-01-01,terça-feira,04:50:00,PE,101,11,GOIANA,Condutor Dormindo,Saída de leito carroçável,Com Vítimas Feridas,Amanhecer,Decrescente,Céu Claro,Simples,Reta,Não,2,0,2,0,0,0,2,1,"-7,6026","-34,9792",SPRF-PE,DEL01-PE,UOP02-DEL01-PE
182386.0,2019-01-01,terça-feira,19:10:00,PE,101,"54,3",PAULISTA,Falta de Atenção à Condução,Capotamento,Com Vítimas Fatais,Plena Noite,Crescente,Nublado,Dupla,Reta,Não,5,5,0,0,0,0,0,1,"-7,9487","-34,907",SPRF-PE,DEL01-PE,UOP02-DEL01-PE
182402.0,2019-01-01,terça-feira,21:20:00,PE,428,"181,3",PETROLINA,Velocidade Incompatível,Colisão traseira,Com Vítimas Fatais,Plena Noite,Crescente,Céu Claro,Simples,Reta,Não,4,1,2,0,1,0,2,2,"-9,32102294","-40,46052217",SPRF-PE,DEL06-PE,UOP01-DEL06-PE
182419.0,2019-01-01,terça-feira,22:20:00,PE,101,73,RECIFE,Pista Escorregadia,Colisão frontal,Com Vítimas Feridas,Plena Noite,Crescente,Nublado,Simples,Curva,Sim,2,0,1,0,1,0,1,2,"-8,1027","-34,9483",SPRF-PE,DEL01-PE,UOP01-DEL01-PE
182665.0,2019-01-03,quinta-feira,08:50:00,PE,232,"307,7",SERTANIA,Não guardar distância de segurança,Colisão traseira,Sem Vítimas,Pleno dia,Crescente,Céu Claro,Simples,Reta,Não,2,0,0,0,2,0,0,2,"-8,179757","-37,452628",SPRF-PE,DEL03-PE,UOP02-DEL03-PE
182666.0,2019-01-03,quinta-feira,08:30:00,PE,104,"61,9",CARUARU,Não guardar distância de segurança,Colisão traseira,Com Vítimas Feridas,Pleno dia,Decrescente,Céu Claro,Dupla,Interseção de Vias,Sim,3,0,1,1,1,0,2,2,"-8,2529","-35,9751",SPRF-PE,DEL02-PE,UOP01-DEL02-PE
183213.0,2019-01-03,quinta-feira,15:10:00,PE,428,"191,9",PETROLINA,Desobediência às normas de trânsito pelo condutor,Colisão frontal,Com Vítimas Feridas,Pleno dia,Crescente,Céu Claro,Simples,Reta,Sim,2,0,1,0,1,0,1,2,"-9,372067","-40,486843",SPRF-PE,DEL06-PE,UOP01-DEL06-PE
183247.0,2019-01-03,quinta-feira,16:00:00,PE,232,"354,2",FLORES,Animais na Pista,Saída de leito carroçável,Com Vítimas Feridas,Pleno dia,Crescente,Sol,Simples,Curva,Não,1,0,0,1,0,0,1,1,"-8,048491","-37,840546",SPRF-PE,DEL04-PE,UOP01-DEL04-PE
183265.0,2019-01-03,quinta-feira,18:50:00,PE,101,"56,3",RECIFE,Falta de Atenção à Condução,Queda de ocupante de veículo,Com Vítimas Feridas,Plena Noite,Crescente,Céu Claro,Dupla,Reta,Sim,2,0,2,0,0,0,2,1,"-7,9641","-34,9158",SPRF-PE,DEL01-PE,UOP02-DEL01-PE
183294.0,2019-01-04,sexta-feira,03:30:00,PE,424,25,VENTUROSA,Falta de Atenção à Condução,Saída de leito carroçável,Com Vítimas Feridas,Plena Noite,Crescente,Nublado,Simples,Reta,Não,1,0,0,1,0,0,1,1,"-8,560179","-36,893537",SPRF-PE,DEL03-PE,UOP02-DEL03-PE
183312.0,2019-01-04,sexta-feira,07:10:00,PE,101,58,RECIFE,Falta de Atenção à Condução,Queda de ocupante de veículo,Sem Vítimas,Pleno dia,Decrescente,Céu Claro,Dupla,Reta,Não,1,0,0,0,0,1,0,1,"-7,978","-34,9271",SPRF-PE,DEL01-PE,UOP02-DEL01-PE
183340.0,2019-01-04,sexta-feira,08:40:00,PE,232,409,SERRA TALHADA,Defeito Mecânico no Veículo,Saída de leito carroçável,Sem Vítimas,Pleno dia,Crescente,Céu Claro,Simples,Interseção de Vias,Sim,1,0,0,0,1,0,0,1,"-7,9835399","-38,28198373",SPRF-PE,DEL04-PE,UOP01-DEL04-PE
183394.0,2019-01-04,sexta-feira,12:30:00,PE,232,"409,1",SERRA TALHADA,Falta de Atenção à Condução,Colisão traseira,Com Vítimas Feridas,Pleno dia,Crescente,Céu Claro,Simples,Reta,Sim,5,0,0,3,2,0,3,2,"-7,981944","-38,289467",SPRF-PE,DEL04-PE,UOP01-DEL04-PE
183430.0,2019-01-04,sexta-feira,17:10:00,PE,104,"46,4",CARUARU,Falta de Atenção à Condução,Colisão traseira,Com Vítimas Feridas,Anoitecer,Crescente,Céu Claro,Dupla,Curva,Não,1,0,1,0,0,0,1,1,"-8,1203","-35,999",SPRF-PE,DEL02-PE,UOP01-DEL02-PE
183441.0,2019-01-04,sexta-feira,17:25:00,PE,232,181,BELO JARDIM,Falta de Atenção à Condução,Colisão lateral,Com Vítimas Feridas,Anoitecer,Decrescente,Céu Claro,Simples,Reta,Não,2,0,0,1,1,0,1,2,"-8,34628","-36,437763",SPRF-PE,DEL02-PE,UOP03-DEL02-PE
183458.0,2019-01-04,sexta-feira,21:10:00,PE,101,65,RECIFE,Falta de Atenção à Condução,Colisão lateral,Com Vítimas Feridas,Plena Noite,Crescente,Céu Claro,Múltipla,Reta,Sim,2,0,1,0,1,0,1,2,"-8,0349","-34,9415",SPRF-PE,DEL01-PE,UOP01-DEL01-PE
183468.0,2019-01-04,sexta-feira,21:40:00,PE,232,"43,1",VITORIA DE SANTO ANTAO,Falta de Atenção do Pedestre,Atropelamento de Pedestre,Com Vítimas Fatais,Plena Noite,Crescente,Céu Claro,Dupla,Reta,Não,2,1,0,0,1,0,0,2,"-8,119816","-35,26504",SPRF-PE,DEL01-PE,UOP02-DEL02PE
183588.0,2019-01-05,sábado,14:00:00,PE,101,"21,2",GOIANA,Falta de Atenção à Condução,Colisão traseira,Com Vítimas Feridas,Pleno dia,Decrescente,Céu Claro,Dupla,Reta,Não,3,0,3,0,0,0,3,2,"-7,6764","-34,928",SPRF-PE,DEL01-PE,UOP02-DEL01-PE
183601.0,2019-01-05,sábado,16:20:00,PE,101,106,CABO DE SANTO AGOSTINHO,Falta de Atenção à Condução,Saída de leito carroçável,Com Vítimas Feridas,Pleno dia,Decrescente,Céu Claro,Dupla,Curva,Não,4,0,3,1,0,0,4,1,"-8,3098","-35,0821",SPRF-PE,DEL01-PE,UOP03-DEL01-PE
183625.0,2019-01-05,sábado,19:00:00,PE,232,"264,1",BUIQUE,Falta de Atenção à Condução,Saída de leito carroçável,Com Vítimas Feridas,Plena Noite,Crescente,Nublado,Simples,Reta,Não,1,0,1,0,0,0,1,1,"-8,40974798","-37,15285454",SPRF-PE,DEL03-PE,UOP02-DEL03-PE
183661.0,2019-01-05,sábado,23:30:00,PE,101,"49,4",ABREU E LIMA,Falta de Atenção à Condução,Colisão traseira,Sem Vítimas,Plena Noite,Decrescente,Céu Claro,Dupla,Reta,Sim,2,0,0,0,2,0,0,2,"-7,9068","-34,9013",SPRF-PE,DEL01-PE,UOP02-DEL01-PE
183664.0,2019-01-05,sábado,21:15:00,PE,110,"139,6",IBIMIRIM,Animais na Pista,Atropelamento de Animal,Com Vítimas Feridas,Plena Noite,Decrescente,Céu Claro,Simples,Reta,Não,2,0,0,2,0,0,2,1,"-8,510826","-37,623413",SPRF-PE,DEL03-PE,UOP02-DEL03-PE
183668.0,2019-01-05,sábado,23:40:00,PE,101,"88,9",CABO DE SANTO AGOSTINHO,Ultrapassagem Indevida,Colisão frontal,Com Vítimas Feridas,Plena Noite,Decrescente,Nublado,Simples,Reta,Sim,2,0,0,1,1,0,1,2,"-8,2073","-34,9836",SPRF-PE,DEL01-PE,UOP03-DEL01-PE
183698.0,2019-01-06,domingo,07:15:00,PE,101,"75,8",RECIFE,Não guardar distância de segurança,Colisão traseira,Com Vítimas Feridas,Pleno dia,Crescente,Céu Claro,Simples,Reta;Em Obras                 ,Sim,2,0,0,1,1,0,1,2,"-8,1194","-34,9429",SPRF-PE,DEL01-PE,UOP01-DEL01-PE
183725.0,2019-01-06,domingo,11:05:00,PE,104,"57,5",CARUARU,Falta de Atenção à Condução,Colisão frontal,Com Vítimas Fatais,Pleno dia,Decrescente,Nublado,Dupla,Reta,Sim,8,1,3,4,0,0,7,2,"-8,21473968","-35,97340107",SPRF-PE,DEL02-PE,UOP01-DEL02-PE
183797.0,2019-01-06,domingo,19:00:00,PE,104,"116,5",PANELAS,Animais na Pista,Atropelamento de Animal,Com Vítimas Fatais,Plena Noite,Decrescente,Céu Claro,Simples,Declive,Não,2,1,1,0,0,0,1,1,"-8,669848","-36,014065",SPRF-PE,DEL02-PE,UOP01-DEL02-PE
183842.0,2019-01-06,domingo,23:45:00,PE,428,"190,1",PETROLINA,Ingestão de Álcool,Colisão com objeto estático,Com Vítimas Feridas,Plena Noite,Crescente,Céu Claro,Dupla,Reta,Sim,3,0,3,0,0,0,3,1,"-9,3802214","-40,50985336",SPRF-PE,DEL06-PE,UOP01-DEL06-PE
183906.0,2019-01-07,segunda-feira,11:00:00,PE,101,128,ESCADA,Sinalização da via insuficiente ou inadequada,Colisão traseira,Com Vítimas Feridas,Pleno dia,Decrescente,Chuva,Simples,Reta,Sim,6,0,1,0,5,0,1,2,"-8,3839","-35,2487",SPRF-PE,DEL01-PE,UOP03-DEL01-PE
184010.0,2019-01-08,terça-feira,10:57:00,PE,101,"68,2",RECIFE,Falta de Atenção à Condução,Colisão lateral,Com Vítimas Feridas,Pleno dia,Crescente,Sol,Dupla,Rotatória,Sim,2,0,2,0,0,0,2,2,"-8,0595","-34,9458",SPRF-PE,DEL01-PE,UOP01-DEL01-PE
184017.0,2019-01-08,terça-feira,11:20:00,PE,232,"4,7",RECIFE,Desobediência às normas de trânsito pelo condutor,Colisão com objeto estático,Com Vítimas Feridas,Pleno dia,Decrescente,Céu Claro,Múltipla,Aclive,Sim,2,0,1,0,1,0,1,2,"-8,064473","-34,936928",SPRF-PE,DEL01-PE,UOP01-DEL01-PE
184037.0,2019-01-08,terça-feira,11:40:00,PE,101,123,ESCADA,Velocidade Incompatível,Saída de leito carroçável,Com Vítimas Feridas,Pleno dia,Crescente,Chuva,Dupla,Reta,Não,2,0,2,0,0,0,2,1,"-8,3607","-35,2105",SPRF-PE,DEL01-PE,UOP03-DEL01-PE
184038.0,2019-01-08,terça-feira,12:30:00,PE,232,56,POMBOS,Defeito na Via,Saída de leito carroçável,Sem Vítimas,Pleno dia,Decrescente,Chuva,Dupla,Reta,Não,1,0,0,0,1,0,0,1,"-8,144629","-35,390347",SPRF-PE,DEL01-PE,UOP02-DEL02PE
184044.0,2019-01-07,segunda-feira,22:00:00,PE,101,"78,7",JABOATAO DOS GUARARAPES,Velocidade Incompatível,Tombamento,Com Vítimas Feridas,Pleno dia,Decrescente,Nublado,Simples,Curva,Não,1,0,0,1,0,0,1,1,"-8,14110243","-34,94635105",SPRF-PE,DEL01-PE,UOP01-DEL01-PE
184057.0,2019-01-08,terça-feira,13:00:00,PE,232,"27,9",MORENO,Pista Escorregadia,Saída de leito carroçável,Sem Vítimas,Pleno dia,Decrescente,Garoa/Chuvisco,Dupla,Reta,Não,1,0,0,0,1,0,0,1,"-8,114184","-35,12569",SPRF-PE,DEL01-PE,UOP02-DEL02PE
184058.0,2019-01-08,terça-feira,15:50:00,PE,232,"31,8",MORENO,Pista Escorregadia,Saída de leito carroçável,Com Vítimas Fatais,Pleno dia,Decrescente,Chuva,Dupla,Aclive,Não,2,1,0,0,1,0,0,2,"-8,10515305","-35,16797299",SPRF-PE,DEL01-PE,UOP02-DEL02PE
184159.0,2019-01-09,quarta-feira,10:00:00,PE,232,5,RECIFE,Falta de Atenção à Condução,Colisão traseira,Sem Vítimas,Pleno dia,Decrescente,Céu Claro,Simples,Reta,Sim,4,0,0,0,4,0,0,4,"-8,067958","-34,945354",SPRF-PE,DEL01-PE,UOP01-DEL01-PE
184173.0,2019-01-09,quarta-feira,11:20:00,PE,101,"66,9",RECIFE,Falta de Atenção à Condução,Colisão lateral,Com Vítimas Feridas,Pleno dia,Crescente,Nublado,Dupla,Reta,Sim,3,0,2,0,1,0,2,2,"-8,04006551","-34,9424243",SPRF-PE,DEL01-PE,UOP01-DEL01-PE
184211.0,2019-01-09,quarta-feira,15:20:00,PE,101,"73,9",RECIFE,Falta de Atenção à Condução,Queda de ocupante de veículo,Com Vítimas Feridas,Pleno dia,Decrescente,Nublado,Simples,Em Obras;Reta                 ,Sim,2,0,2,0,0,0,2,1,"-8,1027","-34,9483",SPRF-PE,DEL01-PE,UOP01-DEL01-PE
184260.0,2019-01-09,quarta-feira,19:00:00,PE,101,"147,9",RIBEIRAO,Falta de Atenção do Pedestre,Atropelamento de Pedestre,Com Vítimas Fatais,Plena Noite,Crescente,Ignorado,Dupla,Reta,Não,2,1,0,0,0,1,0,2,"-8,475417","-35,37169",SPRF-PE,DEL01-PE,UOP03-DEL01-PE
184303.0,2019-01-10,quinta-feira,06:20:00,PE,232,63,POMBOS,Velocidade Incompatível,Capotamento,Com Vítimas Feridas,Amanhecer,Decrescente,Céu Claro,Dupla,Reta,Não,1,0,0,1,0,0,1,1,"-8,147123","-35,398911",SPRF-PE,DEL01-PE,UOP02-DEL02PE
184322.0,2019-01-10,quinta-feira,08:00:00,PE,428,"186,9",PETROLINA,Desobediência às normas de trânsito pelo condutor,Colisão transversal,Com Vítimas Feridas,Pleno dia,Decrescente,Céu Claro,Simples,Reta,Sim,2,0,1,0,1,0,1,2,"-9,36872","-40,48502",SPRF-PE,DEL06-PE,UOP01-DEL06-PE
184393.0,2019-01-10,quinta-feira,16:00:00,PE,101,"44,9",IGARASSU,Falta de Atenção à Condução,Colisão traseira,Com Vítimas Feridas,Pleno dia,Decrescente,Sol,Múltipla,Reta,Sim,2,0,1,0,1,0,1,2,"-7,864","-34,9073",SPRF-PE,DEL01-PE,UOP02-DEL01-PE
184554.0,2019-01-11,sexta-feira,11:35:00,PE,407,"126,6",PETROLINA,Ingestão de Álcool,Colisão traseira,Sem Vítimas,Pleno dia,Decrescente,Céu Claro,Simples,Reta,Sim,2,0,0,0,2,0,0,2,"-9,39109637","-40,52025363",SPRF-PE,DEL06-PE,UOP01-DEL06-PE
184560.0,2019-01-07,segunda-feira,21:35:00,PE,101,"77,8",RECIFE,Falta de Atenção à Condução,Colisão transversal,Com Vítimas Feridas,Plena Noite,Crescente,Nublado,Simples,Reta,Sim,2,0,1,0,1,0,1,2,"-8,134813","-34,947544",SPRF-PE,DEL01-PE,UOP01-DEL01-PE
184588.0,2019-01-11,sexta-feira,16:10:00,PE,101,60,RECIFE,Falta de Atenção à Condução,Colisão traseira,Com Vítimas Feridas,Pleno dia,Decrescente,Céu Claro,Múltipla,Declive,Sim,2,0,1,0,1,0,1,2,"-7,992","-34,9365",SPRF-PE,DEL01-PE,UOP02-DEL01-PE
184626.0,2019-01-11,sexta-feira,17:20:00,PE,101,87,JABOATAO DOS GUARARAPES,Falta de Atenção à Condução,Colisão lateral,Com Vítimas Feridas,Anoitecer,Crescente,Nublado,Dupla,Reta,Não,2,0,2,0,0,0,2,2,"-8,194257","-34,976042",SPRF-PE,DEL01-PE,UOP03-DEL01-PE
184668.0,2019-01-12,sábado,01:15:00,PE,101,"69,9",RECIFE,Desobediência às normas de trânsito pelo condutor,Colisão frontal,Com Vítimas Feridas,Plena Noite,Decrescente,Céu Claro,Dupla,Interseção de Vias,Sim,3,0,1,0,0,2,1,3,"-8,06641063","-34,94231701",SPRF-PE,DEL01-PE,UOP01-DEL01-PE
184675.0,2019-01-12,sábado,01:45:00,PE,428,188,PETROLINA,Ingestão de Álcool,Colisão transversal,Com Vítimas Feridas,Plena Noite,Crescente,Céu Claro,Simples,Interseção de Vias,Sim,2,0,1,0,1,0,1,2,"-9,364097","-40,482716",SPRF-PE,DEL06-PE,UOP01-DEL06-PE
184753.0,2019-01-12,sábado,12:05:00,PE,232,"81,9",GRAVATA,Desobediência às normas de trânsito pelo condutor,Colisão transversal,Com Vítimas Feridas,Pleno dia,Decrescente,Nublado,Múltipla,Reta,Sim,2,0,1,0,1,0,1,2,"-8,193437","-35,551865",SPRF-PE,DEL01-PE,UOP02-DEL02PE
184793.0,2019-01-12,sábado,15:50:00,PE,408,95,SAO LOURENCO DA MATA,Falta de Atenção à Condução,Saída de leito carroçável,Com Vítimas Fatais,Pleno dia,Decrescente,Garoa/Chuvisco,Dupla,Reta,Não,2,1,0,0,0,1,0,2,"-8,014987","-35,041951",SPRF-PE,DEL01-PE,UOP01-DEL01-PE
184801.0,2019-01-12,sábado,14:50:00,PE,232,"46,1",VITORIA DE SANTO ANTAO,Pista Escorregadia,Saída de leito carroçável,Com Vítimas Feridas,Pleno dia,Decrescente,Chuva,Dupla,Reta,Sim,1,0,1,0,0,0,1,1,"-8,128181","-35,281677",SPRF-PE,DEL01-PE,UOP02-DEL02PE
184817.0,2019-01-12,sábado,19:00:00,PE,101,124,ESCADA,Falta de Atenção do Pedestre,Atropelamento de Pedestre,Com Vítimas Fatais,Plena Noite,Decrescente,Céu Claro,Dupla,Reta,Não,2,2,0,0,0,0,0,2,"-8,364","-35,2189",SPRF-PE,DEL01-PE,UOP03-DEL01-PE
184876.0,2019-01-13,domingo,02:00:00,PE,101,"47,6",ABREU E LIMA,Velocidade Incompatível,Saída de leito carroçável,Com Vítimas Feridas,Plena Noite,Crescente,Chuva,Dupla,Curva,Sim,1,0,1,0,0,0,1,1,"-7,8893","-34,9037",SPRF-PE,DEL01-PE,UOP02-DEL01-PE
184921.0,2019-01-13,domingo,08:55:00,PE,104,12,TAQUARITINGA DO NORTE,Falta de Atenção à Condução,Colisão transversal,Com Vítimas Feridas,Pleno dia,Crescente,Céu Claro,Simples,Interseção de Vias,Não,3,0,1,1,1,0,2,2,"-7,888657","-36,110435",SPRF-PE,DEL02-PE,UOP01-DEL02-PE
184941.0,2019-01-13,domingo,12:40:00,PE,428,189,PETROLINA,Velocidade Incompatível,Saída de leito carroçável,Sem Vítimas,Pleno dia,Crescente,Sol,Múltipla,Reta,Sim,1,0,0,0,1,0,0,1,"-9,372067","-40,486843",SPRF-PE,DEL06-PE,UOP01-DEL06-PE
184968.0,2019-01-13,domingo,15:15:00,PE,110,97,SERTANIA,Animais na Pista,Saída de leito carroçável,Sem Vítimas,Pleno dia,Crescente,Sol,Simples,Reta,Não,1,0,0,0,1,0,0,1,"-8,372472","-37,293274",SPRF-PE,DEL03-PE,UOP02-DEL03-PE
184993.0,2019-01-13,domingo,16:00:00,PE,232,73,GRAVATA,Ingestão de Álcool,Colisão com objeto estático,Com Vítimas Feridas,Pleno dia,Crescente,Céu Claro,Dupla,Reta,Não,3,0,3,0,0,0,3,1,"-8,187141","-35,501026",SPRF-PE,DEL01-PE,UOP02-DEL02PE
185000.0,2019-01-13,domingo,17:45:00,PE,232,"34,8",MORENO,Falta de Atenção à Condução,Capotamento,Com Vítimas Feridas,Anoitecer,Decrescente,Céu Claro,Dupla,Reta,Sim,4,0,2,0,2,0,2,2,"-8,10704","-35,184006",SPRF-PE,DEL01-PE,UOP02-DEL02PE
185007.0,2019-01-13,domingo,17:45:00,PE,232,"9,2",RECIFE,Defeito Mecânico no Veículo,Colisão traseira,Sem Vítimas,Anoitecer,Decrescente,Céu Claro,Dupla,Reta,Sim,2,0,0,0,2,0,0,2,"-8,077656","-34,978714",SPRF-PE,DEL01-PE,UOP01-DEL01-PE
185054.0,2019-01-13,domingo,21:00:00,PE,232,59,POMBOS,Velocidade Incompatível,Colisão com objeto estático,Com Vítimas Feridas,Plena Noite,Crescente,Nublado,Dupla,Declive,Sim,4,0,1,0,3,0,1,1,"-8,147123","-35,398911",SPRF-PE,DEL01-PE,UOP02-DEL02PE
185059.0,2019-01-13,domingo,19:15:00,PE,423,"139,3",IATI,Ingestão de Álcool,Colisão lateral,Com Vítimas Feridas,Plena Noite,Decrescente,Céu Claro,Simples,Reta,Não,5,0,1,0,4,0,1,2,"-8,98919211","-36,83956146",SPRF-PE,DEL03-PE,UOP01-DEL03-PE
185143.0,2019-01-14,segunda-feira,06:40:00,PE,101,85,JABOATAO DOS GUARARAPES,Não guardar distância de segurança,Colisão traseira,Sem Vítimas,Pleno dia,Crescente,Chuva,Dupla,Reta,Sim,4,0,0,0,4,0,0,4,"-8,1846","-34,9681",SPRF-PE,DEL01-PE,UOP03-DEL01-PE
185271.0,2019-01-14,segunda-feira,16:55:00,PE,232,5,RECIFE,Falta de Atenção à Condução,Saída de leito carroçável,Com Vítimas Feridas,Pleno dia,Crescente,Sol,Simples,Retorno Regulamentado,Sim,1,0,1,0,0,0,1,1,"-8,067958","-34,945354",SPRF-PE,DEL01-PE,UOP01-DEL01-PE
185289.0,2019-01-14,segunda-feira,21:00:00,PE,101,"123,5",ESCADA,Animais na Pista,Atropelamento de Animal,Sem Vítimas,Plena Noite,Decrescente,Nublado,Dupla,Reta,Não,1,0,0,0,1,0,0,1,"-8,3607","-35,2105",SPRF-PE,DEL01-PE,UOP03-DEL01-PE