id,data_inversa,dia_semana,horario,uf,br,km,municipio,causa_acidente,tipo_acidente,classificacao_acidente,fase_dia,sentido_via,condicao_metereologica,tipo_pista,tracado_via,uso_solo,pessoas,mortos,feridos_leves,feridos_graves,ilesos,ignorados,feridos,veiculos,latitude,longitude,regional,delegacia,uop
188873.0,2019-02-02,sábado,11:00:00,PE,110,226,PETROLANDIA,Falta de Atenção à Condução,Colisão transversal,Com Vítimas Feridas,Pleno dia,Decrescente,Céu Claro,Simples,Interseção de Vias,Não,8,0,2,0,6,0,2,2,"-9,039303","-38,257042",SPRF-BA,DEL07-BA,UOP01-DEL07-BA
188886.0,2019-02-02,sábado,13:45:00,PE,101,"171,6",AGUA PRETA,Mal Súbito,Tombamento,Com Vítimas Feridas,Pleno dia,Crescente,Céu Claro,Dupla,Reta,Não,1,0,1,0,0,0,1,1,"-8,5898","-35,5121",SPRF-PE,DEL01-PE,UOP03-DEL01-PE
188914.0,2019-02-02,sábado,17:15:00,PE,110,226,PETROLANDIA,Falta de Atenção à Condução,Colisão transversal,Com Vítimas Feridas,Pleno dia,Crescente,Céu Claro,Simples,Reta,Não,2,0,1,0,1,0,1,2,"-9,039303","-38,257042",SPRF-BA,DEL07-BA,UOP01-DEL07-BA
188939.0,2019-02-02,sábado,19:50:00,PE,104,45,CARUARU,Agressão Externa,Colisão com objeto estático,Com Vítimas Feridas,Plena Noite,Decrescente,Céu Claro,Dupla,Reta,Não,1,0,1,0,0,0,1,1,"-8,115329","-36,006553",SPRF-PE,DEL02-PE,UOP01-DEL02-PE
188978.0,2019-02-02,sábado,23:30:00,PE,423,97,GARANHUNS,Ingestão de Álcool,Colisão traseira,Sem Vítimas,Plena Noite,Decrescente,Céu Claro,Simples,Reta,Sim,2,0,0,0,1,1,0,2,"-8,876175","-36,503635",SPRF-PE,DEL03-PE,UOP01-DEL03-PE
188980.0,2019-02-03,domingo,00:30:00,PE,104,"19,5",TAQUARITINGA DO NORTE,Falta de Atenção à Condução,Colisão com objeto estático,Com Vítimas Fatais,Plena Noite,Decrescente,Céu Claro,Simples,Reta;Em Obras                 ,Não,1,1,0,0,0,0,0,1,"-7,96602","-36,12345",SPRF-PE,DEL02-PE,UOP01-DEL02-PE
188991.0,2019-02-03,domingo,01:45:00,PE,407,124,PETROLINA,Condutor Dormindo,Colisão lateral,Sem Vítimas,Plena Noite,Crescente,Céu Claro,Dupla,Interseção de Vias,Não,2,0,0,0,1,1,0,2,"-9,37581785","-40,53826332",SPRF-PE,DEL06-PE,UOP01-DEL06-PE
189004.0,2019-02-03,domingo,04:30:00,PE,424,"25,5",PEDRA,Mal Súbito,Capotamento,Com Vítimas Feridas,Plena Noite,Decrescente,Céu Claro,Simples,Declive,Não,2,0,2,0,0,0,2,1,"-8,547674","-36,904873",SPRF-PE,DEL03-PE,UOP02-DEL03-PE
189046.0,2019-02-03,domingo,10:10:00,PE,101,"102,4",CABO DE SANTO AGOSTINHO,Falta de Atenção à Condução,Colisão frontal,Com Vítimas Feridas,Pleno dia,Crescente,Nublado,Simples,Curva,Sim,2,0,1,0,1,0,1,2,"-8,285452","-35,058605",SPRF-PE,DEL01-PE,UOP03-DEL01-PE
189083.0,2019-02-03,domingo,13:15:00,PE,101,160,AGUA PRETA,Pista Escorregadia,Capotamento,Com Vítimas Feridas,Pleno dia,Crescente,Chuva,Dupla,Declive,Não,2,0,2,0,0,0,2,1,"-8,5574","-35,4287",SPRF-PE,DEL01-PE,UOP03-DEL01-PE
189095.0,2019-02-03,domingo,15:20:00,PE,101,"76,3",RECIFE,Falta de Atenção à Condução,Colisão transversal,Com Vítimas Feridas,Pleno dia,Crescente,Chuva,Simples,Em Obras,Sim,2,0,1,0,1,0,1,2,"-8,1284","-34,9439",SPRF-PE,DEL01-PE,UOP01-DEL01-PE
189134.0,2019-02-03,domingo,16:20:00,PE,424,"95,2",GARANHUNS,Falta de Atenção à Condução,Colisão frontal,Com Vítimas Feridas,Pleno dia,Crescente,Céu Claro,Simples,Curva,Não,4,0,0,4,0,0,4,2,"-8,924909","-36,489491",SPRF-PE,DEL03-PE,UOP01-DEL03-PE
189198.0,2019-02-03,domingo,22:55:00,PE,101,"61,2",RECIFE,Falta de Atenção à Condução,Saída de leito carroçável,Com Vítimas Fatais,Plena Noite,Crescente,Chuva,Dupla,Curva,Sim,2,1,0,1,0,0,1,1,"-7,98582376","-34,93207463",SPRF-PE,DEL01-PE,UOP02-DEL01-PE
189207.0,2019-02-03,domingo,23:30:00,PE,101,88,CABO DE SANTO AGOSTINHO,Falta de Atenção do Pedestre,Atropelamento de Pedestre,Com Vítimas Fatais,Plena Noite,Crescente,Garoa/Chuvisco,Simples,Reta,Sim,2,1,0,0,0,1,0,2,"-8,2073","-34,9836",SPRF-PE,DEL01-PE,UOP03-DEL01-PE
189282.0,2019-02-04,segunda-feira,11:00:00,PE,423,60,LAJEDO,Não guardar distância de segurança,Engavetamento,Com Vítimas Feridas,Pleno dia,Crescente,Céu Claro,Simples,Reta,Sim,4,0,3,0,1,0,3,3,"-8,654013","-36,321152",SPRF-PE,DEL03-PE,UOP01-DEL03-PE
189286.0,2019-02-04,segunda-feira,09:40:00,PE,424,82,GARANHUNS,Não guardar distância de segurança,Colisão traseira,Com Vítimas Feridas,Pleno dia,Decrescente,Céu Claro,Simples,Declive,Não,5,0,1,0,4,0,1,3,"-8,840841","-36,531898",SPRF-PE,DEL03-PE,UOP01-DEL03-PE
189319.0,2019-02-04,segunda-feira,14:10:00,PE,408,"72,8",PAUDALHO,Desobediência às normas de trânsito pelo condutor,Colisão transversal,Com Vítimas Fatais,Pleno dia,Crescente,Nublado,Dupla,Reta,Sim,3,1,0,1,0,1,1,2,"-7,890702","-35,177884",SPRF-PE,DEL01-PE,UOP01-DEL01-PE
189473.0,2019-02-05,terça-feira,12:20:00,PE,101,"50,2",ABREU E LIMA,Falta de Atenção à Condução,Colisão lateral,Sem Vítimas,Pleno dia,Crescente,Chuva,Múltipla,Reta,Sim,2,0,0,0,2,0,0,2,"-7,9148","-34,8984",SPRF-PE,DEL01-PE,UOP02-DEL01-PE
189481.0,2019-02-05,terça-feira,13:00:00,PE,101,173,AGUA PRETA,Defeito na Via,Capotamento,Com Vítimas Feridas,Pleno dia,Decrescente,Nublado,Múltipla,Reta,Não,1,0,1,0,0,0,1,1,"-8,598","-35,5279",SPRF-PE,DEL01-PE,UOP03-DEL01-PE
189511.0,2019-02-05,terça-feira,16:15:00,PE,101,"67,6",RECIFE,Não guardar distância de segurança,Colisão traseira,Com Vítimas Feridas,Pleno dia,Crescente,Sol,Dupla,Reta,Sim,2,0,1,0,1,0,1,2,"-8,0507","-34,9457",SPRF-PE,DEL01-PE,UOP01-DEL01-PE
189539.0,2019-02-05,terça-feira,15:40:00,PE,424,87,GARANHUNS,Desobediência às normas de trânsito pelo condutor,Colisão transversal,Sem Vítimas,Pleno dia,Crescente,Céu Claro,Simples,Reta,Não,2,0,0,0,2,0,0,2,"-8,874289","-36,507607",SPRF-PE,DEL03-PE,UOP01-DEL03-PE
189586.0,2019-02-05,terça-feira,22:30:00,PE,428,186,PETROLINA,Ingestão de Álcool,Colisão transversal,Com Vítimas Feridas,Plena Noite,Crescente,Céu Claro,Simples,Reta,Sim,2,0,1,0,1,0,1,2,"-9,348166","-40,474457",SPRF-PE,DEL06-PE,UOP01-DEL06-PE
189634.0,2019-02-06,quarta-feira,07:30:00,PE,232,127,CARUARU,Falta de Atenção do Pedestre,Atropelamento de Pedestre,Com Vítimas Feridas,Pleno dia,Crescente,Sol,Dupla,Reta,Sim,2,0,0,1,0,1,1,2,"-8,301935","-35,980919",SPRF-PE,DEL02-PE,UOP03-DEL02-PE
189769.0,2019-02-06,quarta-feira,20:40:00,PE,232,"282,3",SERTANIA,Animais na Pista,Atropelamento de Animal,Com Vítimas Feridas,Plena Noite,Crescente,Céu Claro,Simples,Reta,Não,2,0,1,0,1,0,1,1,"-8,349665","-37,296021",SPRF-PE,DEL03-PE,UOP02-DEL03-PE
190054.0,2019-02-08,sexta-feira,12:00:00,PE,101,"63,8",RECIFE,Falta de Atenção à Condução,Colisão lateral,Com Vítimas Feridas,Pleno dia,Crescente,Céu Claro,Dupla,Interseção de Vias,Sim,2,0,0,1,1,0,1,2,"-8,0174","-34,9413",SPRF-PE,DEL01-PE,UOP01-DEL01-PE
190087.0,2019-02-08,sexta-feira,13:40:00,PE,101,"50,9",ABREU E LIMA,Falta de Atenção à Condução,Atropelamento de Pedestre,Com Vítimas Fatais,Pleno dia,Crescente,Sol,Múltipla,Reta,Sim,3,1,0,0,2,0,0,2,"-7,9148","-34,8984",SPRF-PE,DEL01-PE,UOP02-DEL01-PE
190178.0,2019-02-08,sexta-feira,18:30:00,PE,101,"30,2",ITAPISSUMA,Desobediência às normas de trânsito pelo condutor,Atropelamento de Pedestre,Com Vítimas Feridas,Plena Noite,Decrescente,Chuva,Dupla,Curva;Aclive                  ,Não,2,0,0,1,0,1,1,2,"-7,7457","-34,9381",SPRF-PE,DEL01-PE,UOP02-DEL01-PE
190254.0,2019-02-09,sábado,08:50:00,PE,408,87,SAO LOURENCO DA MATA,Falta de Atenção à Condução,Saída de leito carroçável,Com Vítimas Feridas,Pleno dia,Crescente,Céu Claro,Dupla,Reta,Não,5,0,1,0,4,0,1,2,"-7,984211","-35,079599",SPRF-PE,DEL01-PE,UOP01-DEL01-PE
190261.0,2019-02-09,sábado,09:20:00,PE,101,"67,6",RECIFE,Não guardar distância de segurança,Colisão traseira,Com Vítimas Feridas,Pleno dia,Crescente,Sol,Dupla,Reta,Não,2,0,1,0,1,0,1,2,"-8,0507","-34,9457",SPRF-PE,DEL01-PE,UOP01-DEL01-PE
190325.0,2019-02-09,sábado,15:30:00,PE,101,"29,9",IGARASSU,Falta de Atenção à Condução,Saída de leito carroçável,Com Vítimas Feridas,Pleno dia,Crescente,Nublado,Dupla,Declive,Não,1,0,1,0,0,0,1,1,"-7,7392","-34,9432",SPRF-PE,DEL01-PE,UOP02-DEL01-PE
190336.0,2019-02-09,sábado,13:00:00,PE,232,145,SAO CAITANO,Defeito Mecânico no Veículo,Danos eventuais,Sem Vítimas,Pleno dia,Crescente,Céu Claro,Dupla,Reta,Não,2,0,0,0,2,0,0,1,"-8,329969","-36,145531",SPRF-PE,DEL02-PE,UOP03-DEL02-PE
190352.0,2019-02-09,sábado,18:15:00,PE,428,"185,8",PETROLINA,Ingestão de Álcool,Colisão traseira,Sem Vítimas,Plena Noite,Decrescente,Céu Claro,Simples,Reta,Sim,2,0,0,0,2,0,0,2,"-9,35928289","-40,48015594",SPRF-PE,DEL06-PE,UOP01-DEL06-PE
190360.0,2019-02-09,sábado,19:30:00,PE,101,72,RECIFE,Falta de Atenção à Condução,Colisão frontal,Com Vítimas Feridas,Plena Noite,Decrescente,Céu Claro,Simples,Curva,Não,2,0,1,0,1,0,1,2,"-8,0943","-34,9482",SPRF-PE,DEL01-PE,UOP01-DEL01-PE
190402.0,2019-02-09,sábado,19:00:00,PE,232,"132,3",CARUARU,Falta de Atenção do Pedestre,Atropelamento de Pedestre,Com Vítimas Fatais,Plena Noite,Crescente,Céu Claro,Dupla,Reta,Sim,2,1,1,0,0,0,1,2,"-8,30492508","-36,01112366",SPRF-PE,DEL02-PE,UOP03-DEL02-PE
190417.0,2019-02-10,domingo,01:45:00,PE,104,"92,7",AGRESTINA,Ingestão de Álcool,Atropelamento de Animal,Com Vítimas Feridas,Plena Noite,Decrescente,Céu Claro,Simples,Reta,Não,4,0,1,0,0,3,1,2,"-8,496525","-35,948009",SPRF-PE,DEL02-PE,UOP01-DEL02-PE
190421.0,2019-02-10,domingo,03:10:00,PE,101,"64,4",RECIFE,Velocidade Incompatível,Colisão com objeto estático,Com Vítimas Fatais,Plena Noite,Crescente,Nublado,Dupla,Reta,Sim,1,1,0,0,0,0,0,1,"-8,0266","-34,9429",SPRF-PE,DEL01-PE,UOP01-DEL01-PE
190578.0,2019-02-10,domingo,20:00:00,PE,232,381,CALUMBI,Animais na Pista,Atropelamento de Animal,Com Vítimas Fatais,Plena Noite,Crescente,Céu Claro,Simples,Reta,Não,1,1,0,0,0,0,0,1,"-8,04325251","-38,05767059",SPRF-PE,DEL04-PE,UOP01-DEL04-PE
190589.0,2019-02-10,domingo,19:00:00,PE,101,"90,5",CABO DE SANTO AGOSTINHO,Não guardar distância de segurança,Colisão traseira,Com Vítimas Feridas,Plena Noite,Decrescente,Céu Claro,Dupla,Reta,Sim,2,0,1,1,0,0,2,2,"-8,2308","-34,9969",SPRF-PE,DEL01-PE,UOP03-DEL01-PE
190626.0,2019-02-11,segunda-feira,00:00:00,PE,101,"93,3",CABO DE SANTO AGOSTINHO,Desobediência às normas de trânsito pelo condutor,Colisão transversal,Com Vítimas Feridas,Plena Noite,Decrescente,Nublado,Simples,Declive,Sim,2,0,1,0,1,0,1,2,"-8,2462","-35,0058",SPRF-PE,DEL01-PE,UOP03-DEL01-PE
190638.0,2019-02-11,segunda-feira,03:30:00,PE,101,"43,6",IGARASSU,Pista Escorregadia,Colisão com objeto estático,Com Vítimas Feridas,Plena Noite,Crescente,Chuva,Múltipla,Reta,Sim,1,0,1,0,0,0,1,1,"-7,8543","-34,9087",SPRF-PE,DEL01-PE,UOP02-DEL01-PE
190657.0,2019-02-11,segunda-feira,06:30:00,PE,104,"64,7",CARUARU,Falta de Atenção à Condução,Colisão transversal,Com Vítimas Feridas,Pleno dia,Decrescente,Céu Claro,Simples,Aclive,Sim,2,0,0,1,1,0,1,2,"-8,2783","-35,9815",SPRF-PE,DEL02-PE,UOP01-DEL02-PE
190682.0,2019-02-11,segunda-feira,07:40:00,PE,101,"71,1",RECIFE,Falta de Atenção à Condução,Colisão traseira,Com Vítimas Feridas,Pleno dia,Decrescente,Sol,Dupla,Reta,Sim,2,0,1,0,1,0,1,2,"-8,0857","-34,9457",SPRF-PE,DEL01-PE,UOP01-DEL01-PE
190689.0,2019-02-11,segunda-feira,10:25:00,PE,101,"61,4",RECIFE,Falta de Atenção à Condução,Colisão traseira,Com Vítimas Feridas,Pleno dia,Decrescente,Sol,Dupla,Reta,Sim,3,0,2,0,1,0,2,3,"-8,0003","-34,9387",SPRF-PE,DEL01-PE,UOP02-DEL01-PE
190725.0,2019-02-11,segunda-feira,11:20:00,PE,232,31,MORENO,Falta de Atenção à Condução,Capotamento,Com Vítimas Feridas,Pleno dia,Decrescente,Sol,Dupla,Curva,Não,4,0,2,2,0,0,4,1,"-8,106757","-35,158428",SPRF-PE,DEL01-PE,UOP02-DEL02PE
190782.0,2019-02-11,segunda-feira,18:00:00,PE,407,124,PETROLINA,Falta de Atenção à Condução,Colisão transversal,Com Vítimas Feridas,Anoitecer,Crescente,Céu Claro,Dupla,Rotatória,Sim,2,0,2,0,0,0,2,2,"-9,375881","-40,537764",SPRF-PE,DEL06-PE,UOP01-DEL06-PE
190792.0,2019-02-11,segunda-feira,19:35:00,PE,101,"47,5",ABREU E LIMA,Velocidade Incompatível,Colisão com objeto estático,Sem Vítimas,Plena Noite,Decrescente,Nublado,Múltipla,Reta,Sim,1,0,0,0,0,1,0,1,"-7,8893","-34,9037",SPRF-PE,DEL01-PE,UOP02-DEL01-PE
190798.0,2019-02-11,segunda-feira,20:30:00,PE,101,"48,2",ABREU E LIMA,Falta de Atenção à Condução,Colisão transversal,Sem Vítimas,Plena Noite,Crescente,Nublado,Múltipla,Retorno Regulamentado,Sim,2,0,0,0,2,0,0,2,"-7,898","-34,9025",SPRF-PE,DEL01-PE,UOP02-DEL01-PE
190809.0,2019-02-11,segunda-feira,18:40:00,PE,232,"104,9",BEZERROS,Falta de Atenção do Pedestre,Atropelamento de Pedestre,Com Vítimas Feridas,Plena Noite,Decrescente,Céu Claro,Dupla,Reta,Não,2,0,0,1,0,1,1,2,"-8,25219","-35,76585",SPRF-PE,DEL02-PE,UOP03-DEL02-PE
190829.0,2019-02-12,terça-feira,02:30:00,PE,232,46,VITORIA DE SANTO ANTAO,Falta de Atenção à Condução,Saída de leito carroçável,Com Vítimas Feridas,Plena Noite,Decrescente,Céu Claro,Dupla,Reta,Não,5,0,4,0,1,0,4,1,"-8,13311558","-35,28801084",SPRF-PE,DEL01-PE,UOP02-DEL02PE
190847.0,2019-02-12,terça-feira,05:55:00,PE,428,"190,8",PETROLINA,Falta de Atenção à Condução,Colisão transversal,Com Vítimas Feridas,Amanhecer,Decrescente,Céu Claro,Dupla,Retorno Regulamentado,Não,3,0,2,0,1,0,2,2,"-9,372067","-40,486843",SPRF-PE,DEL06-PE,UOP01-DEL06-PE
190896.0,2019-02-12,terça-feira,10:45:00,PE,423,"19,9",SAO CAITANO,Velocidade Incompatível,Saída de leito carroçável,Sem Vítimas,Pleno dia,Decrescente,Céu Claro,Simples,Reta,Não,1,0,0,0,0,1,0,1,"-8,333797","-36,152016",SPRF-PE,DEL02-PE,UOP03-DEL02-PE
190936.0,2019-02-12,terça-feira,16:10:00,PE,101,82,JABOATAO DOS GUARARAPES,Sinalização da via insuficiente ou inadequada,Colisão lateral,Com Vítimas Feridas,Pleno dia,Crescente,Céu Claro,Dupla,Interseção de Vias,Sim,4,0,2,0,2,0,2,2,"-8,1768","-34,9443",SPRF-PE,DEL01-PE,UOP03-DEL01-PE
190938.0,2019-02-12,terça-feira,17:10:00,PE,101,"50,3",ABREU E LIMA,Falta de Atenção à Condução,Colisão transversal,Com Vítimas Feridas,Anoitecer,Decrescente,Céu Claro,Dupla,Reta,Sim,2,0,2,0,0,0,2,2,"-7,9148","-34,8984",SPRF-PE,DEL01-PE,UOP02-DEL01-PE
190944.0,2019-02-12,terça-feira,17:30:00,PE,101,"64,2",RECIFE,Falta de Atenção à Condução,Colisão lateral,Com Vítimas Feridas,Anoitecer,Crescente,Nublado,Múltipla,Interseção de Vias,Sim,3,0,0,1,1,1,1,3,"-8,0266","-34,9429",SPRF-PE,DEL01-PE,UOP01-DEL01-PE
191003.0,2019-02-13,quarta-feira,01:40:00,PE,104,75,CARUARU,Restrição de Visibilidade,Atropelamento de Animal,Com Vítimas Fatais,Plena Noite,Crescente,Ignorado,Simples,Reta,Não,1,1,0,0,0,0,0,1,"-8,358562","-35,985699",SPRF-PE,DEL02-PE,UOP01-DEL02-PE
191028.0,2019-02-13,quarta-feira,07:00:00,PE,428,183,PETROLINA,Desobediência às normas de trânsito pelo condutor,Colisão lateral,Com Vítimas Feridas,Amanhecer,Crescente,Céu Claro,Simples,Reta,Sim,2,0,0,2,0,0,2,1,"-9,34677","-40,47397614",SPRF-PE,DEL06-PE,UOP01-DEL06-PE
191031.0,2019-02-13,quarta-feira,07:20:00,PE,101,"44,1",IGARASSU,Pista Escorregadia,Colisão traseira,Sem Vítimas,Pleno dia,Decrescente,Chuva,Múltipla,Reta,Sim,2,0,0,0,1,1,0,2,"-7,864","-34,9073",SPRF-PE,DEL01-PE,UOP02-DEL01-PE
191070.0,2019-02-13,quarta-feira,11:40:00,PE,428,"184,4",PETROLINA,Desobediência às normas de trânsito pelo condutor,Colisão transversal,Com Vítimas Feridas,Pleno dia,Crescente,Sol,Simples,Interseção de Vias,Sim,2,0,0,1,1,0,1,2,"-9,34643123","-40,47363281",SPRF-PE,DEL06-PE,UOP01-DEL06-PE
191075.0,2019-02-13,quarta-feira,12:10:00,PE,104,"66,8",CARUARU,Falta de Atenção à Condução,Colisão lateral,Com Vítimas Feridas,Pleno dia,Crescente,Nublado,Dupla,Reta,Sim,3,0,2,0,1,0,2,2,"-8,2937","-35,9864",SPRF-PE,DEL02-PE,UOP01-DEL02-PE
191089.0,2019-02-13,quarta-feira,08:20:00,PE,104,63,CARUARU,Falta de Atenção à Condução,Colisão traseira,Sem Vítimas,Pleno dia,Decrescente,Sol,Dupla,Viaduto,Sim,2,0,0,0,2,0,0,2,"-8,2698","-35,9803",SPRF-PE,DEL02-PE,UOP01-DEL02-PE
191106.0,2019-02-13,quarta-feira,13:30:00,PE,232,"62,2",POMBOS,Pista Escorregadia,Saída de leito carroçável,Com Vítimas Feridas,Pleno dia,Decrescente,Garoa/Chuvisco,Dupla,Declive,Não,1,0,1,0,0,0,1,1,"-8,147123","-35,398911",SPRF-PE,DEL01-PE,UOP02-DEL02PE
191180.0,2019-02-13,quarta-feira,23:40:00,PE,232,"109,9",BEZERROS,Condutor Dormindo,Saída de leito carroçável,Com Vítimas Feridas,Plena Noite,Crescente,Céu Claro,Dupla,Curva,Não,1,0,1,0,0,0,1,1,"-8,25219","-35,76585",SPRF-PE,DEL02-PE,UOP03-DEL02-PE
191199.0,2019-02-14,quinta-feira,06:20:00,PE,101,"41,2",IGARASSU,Animais na Pista,Capotamento,Com Vítimas Feridas,Pleno dia,Crescente,Sol,Dupla,Reta,Sim,1,0,1,0,0,0,1,1,"-7,837","-34,9124",SPRF-PE,DEL01-PE,UOP02-DEL01-PE
191216.0,2019-02-10,domingo,08:10:00,PE,101,"52,1",PAULISTA,Desobediência às normas de trânsito pelo condutor,Colisão lateral,Com Vítimas Feridas,Pleno dia,Decrescente,Céu Claro,Dupla,Reta,Sim,3,0,2,0,1,0,2,2,"-7,9324","-34,9017",SPRF-PE,DEL01-PE,UOP02-DEL01-PE
191220.0,2019-02-14,quinta-feira,08:40:00,PE,101,"50,8",ABREU E LIMA,Defeito Mecânico no Veículo,Colisão com objeto estático,Com Vítimas Feridas,Pleno dia,Crescente,Céu Claro,Múltipla,Reta,Sim,4,0,1,0,3,0,1,2,"-7,9148","-34,8984",SPRF-PE,DEL01-PE,UOP02-DEL01-PE
191228.0,2019-02-14,quinta-feira,11:00:00,PE,101,70,RECIFE,Não guardar distância de segurança,Colisão traseira,Sem Vítimas,Pleno dia,Decrescente,Sol,Dupla,Reta,Não,2,0,0,0,2,0,0,2,"-8,0778","-34,9429",SPRF-PE,DEL01-PE,UOP01-DEL01-PE
191248.0,2019-02-14,quinta-feira,12:50:00,PE,423,"91,7",GARANHUNS,Velocidade Incompatível,Capotamento,Sem Vítimas,Pleno dia,Crescente,Sol,Simples,Curva;Aclive                  ,Sim,1,0,0,0,1,0,0,1,"-8,853772","-36,462791",SPRF-PE,DEL03-PE,UOP01-DEL03-PE
191279.0,2019-02-14,quinta-feira,16:45:00,PE,232,"124,6",CARUARU,Falta de Atenção à Condução,Colisão traseira,Com Vítimas Feridas,Pleno dia,Crescente,Vento,Dupla,Reta,Não,3,0,1,2,0,0,3,2,"-8,301935","-35,980919",SPRF-PE,DEL02-PE,UOP03-DEL02-PE
191316.0,2019-02-14,quinta-feira,17:30:00,PE,101,"140,5",RIBEIRAO,Falta de Atenção à Condução,Saída de leito carroçável,Com Vítimas Feridas,Anoitecer,Crescente,Céu Claro,Dupla,Reta,Não,1,0,1,0,0,0,1,1,"-8,4394","-35,3342",SPRF-PE,DEL01-PE,UOP03-DEL01-PE
191338.0,2019-02-15,sexta-feira,02:30:00,PE,101,201,PALMARES,Defeito Mecânico no Veículo,Saída de leito carroçável,Com Vítimas Feridas,Plena Noite,Decrescente,Ignorado,Dupla,Reta,Não,1,0,1,0,0,0,1,1,"-8,7036","-35,6079",SPRF-PE,DEL01-PE,UOP03-DEL01-PE
191367.0,2019-02-15,sexta-feira,07:05:00,PE,232,9,RECIFE,Falta de Atenção à Condução,Colisão lateral,Com Vítimas Feridas,Pleno dia,Decrescente,Sol,Dupla,Reta,Não,2,0,1,0,1,0,1,2,"-8,077656","-34,978714",SPRF-PE,DEL01-PE,UOP01-DEL01-PE
191435.0,2019-02-15,sexta-feira,12:30:00,PE,428,188,PETROLINA,Não guardar distância de segurança,Colisão traseira,Sem Vítimas,Pleno dia,Crescente,Céu Claro,Simples,Rotatória,Sim,2,0,0,0,2,0,0,2,"-9,364097","-40,482716",SPRF-PE,DEL06-PE,UOP01-DEL06-PE
191439.0,2019-01-31,quinta-feira,15:00:00,PE,101,94,CABO DE SANTO AGOSTINHO,Falta de Atenção à Condução,Colisão lateral,Com Vítimas Feridas,Pleno dia,Decrescente,Nublado,Dupla,Reta;Declive                  ,Sim,3,0,3,0,0,0,3,1,"-8,2494","-35,0088",SPRF-PE,DEL01-PE,UOP03-DEL01-PE
191450.0,2019-02-15,sexta-feira,12:30:00,PE,232,"121,7",CARUARU,Desobediência às normas de trânsito pelo condutor,Saída de leito carroçável,Com Vítimas Feridas,Pleno dia,Crescente,Céu Claro,Dupla,Reta,Não,2,0,2,0,0,0,2,1,"-8,301935","-35,980919",SPRF-PE,DEL02-PE,UOP03-DEL02-PE
191468.0,2019-02-15,sexta-feira,11:10:00,PE,424,"71,4",CAETES,Falta de Atenção à Condução,Capotamento,Com Vítimas Feridas,Pleno dia,Crescente,Céu Claro,Simples,Reta,Não,3,0,3,0,0,0,3,1,"-8,7864617","-36,61007702",SPRF-PE,DEL03-PE,UOP01-DEL03-PE
191478.0,2019-02-15,sexta-feira,12:20:00,PE,423,"83,2",GARANHUNS,Avarias e/ou desgaste excessivo no pneu,Tombamento,Com Vítimas Feridas,Pleno dia,Crescente,Nublado,Simples,Reta,Não,2,0,2,0,0,0,2,1,"-8,79029","-36,434513",SPRF-PE,DEL03-PE,UOP01-DEL03-PE
191506.0,2019-02-15,sexta-feira,17:45:00,PE,101,"70,2",RECIFE,Falta de Atenção à Condução,Colisão traseira,Com Vítimas Feridas,Anoitecer,Decrescente,Céu Claro,Dupla,Reta,Sim,3,0,1,0,1,1,1,3,"-8,0778","-34,9429",SPRF-PE,DEL01-PE,UOP01-DEL01-PE
191549.0,2019-02-15,sexta-feira,17:50:00,PE,232,"51,3",VITORIA DE SANTO ANTAO,Pista Escorregadia,Colisão lateral,Com Vítimas Feridas,Anoitecer,Decrescente,Chuva,Dupla,Reta,Não,4,0,2,0,2,0,2,2,"-8,128181","-35,281677",SPRF-PE,DEL01-PE,UOP02-DEL02PE
191565.0,2019-02-15,sexta-feira,20:25:00,PE,423,"49,8",CACHOEIRINHA,Falta de Atenção à Condução,Colisão traseira,Com Vítimas Fatais,Plena Noite,Decrescente,Nublado,Simples,Aclive;Reta                   ,Não,2,1,0,0,0,1,0,2,"-8,565607","-36,279079",SPRF-PE,DEL03-PE,UOP01-DEL03-PE
191569.0,2019-02-15,sexta-feira,20:30:00,PE,232,29,MORENO,Falta de Atenção do Pedestre,Atropelamento de Pedestre,Com Vítimas Fatais,Plena Noite,Crescente,Nublado,Dupla,Reta,Não,2,1,0,0,0,1,0,2,"-8,111266","-35,14315",SPRF-PE,DEL01-PE,UOP02-DEL02PE
191575.0,2019-02-15,sexta-feira,21:10:00,PE,423,98,GARANHUNS,Falta de Atenção à Condução,Colisão traseira,Com Vítimas Fatais,Plena Noite,Crescente,Céu Claro,Simples,Viaduto,Sim,1,1,0,0,0,0,0,1,"-8,8770637","-36,50811737",SPRF-PE,DEL03-PE,UOP01-DEL03-PE
191611.0,2019-02-16,sábado,06:00:00,PE,232,125,CARUARU,Velocidade Incompatível,Colisão traseira,Sem Vítimas,Pleno dia,Decrescente,Céu Claro,Dupla,Reta,Sim,2,0,0,0,1,1,0,2,"-8,3087894","-35,94842434",SPRF-PE,DEL02-PE,UOP03-DEL02-PE
191656.0,2019-02-16,sábado,10:30:00,PE,232,"77,8",GRAVATA,Defeito Mecânico no Veículo,Incêndio,Sem Vítimas,Pleno dia,Crescente,Céu Claro,Dupla,Reta,Sim,1,0,0,0,1,0,0,1,"-8,193439","-35,543007",SPRF-PE,DEL01-PE,UOP02-DEL02PE
191769.0,2019-02-16,sábado,19:00:00,PE,101,"7,5",GOIANA,Não guardar distância de segurança,Colisão traseira,Sem Vítimas,Plena Noite,Decrescente,Céu Claro,Dupla,Reta,Sim,5,0,0,0,4,1,0,2,"-7,5688","-34,989",SPRF-PE,DEL01-PE,UOP02-DEL01-PE
191788.0,2019-02-04,segunda-feira,07:00:00,PE,408,"59,1",TRACUNHAEM,Desobediência às normas de trânsito pelo condutor,Colisão com objeto estático,Com Vítimas Feridas,Pleno dia,Crescente,Ignorado,Simples,Interseção de Vias,Sim,1,0,0,1,0,0,1,1,"-7,807148","-35,243561",SPRF-PE,DEL01-PE,UOP01-DEL01-PE