id,data_inversa,dia_semana,horario,uf,br,km,municipio,causa_acidente,tipo_acidente,classificacao_acidente,fase_dia,sentido_via,condicao_metereologica,tipo_pista,tracado_via,uso_solo,pessoas,mortos,feridos_leves,feridos_graves,ilesos,ignorados,feridos,veiculos,latitude,longitude,regional,delegacia,uop
191866.0,2019-02-17,domingo,01:35:00,PE,101,"140,8",RIBEIRAO,Falta de Atenção à Condução,Saída de leito carroçável,Com Vítimas Feridas,Plena Noite,Decrescente,Nublado,Dupla,Curva,Não,1,0,1,0,0,0,1,1,"-8,4394","-35,3342",SPRF-PE,DEL01-PE,UOP03-DEL01-PE
191886.0,2019-02-17,domingo,06:45:00,PE,101,"37,5",IGARASSU,Desobediência às normas de trânsito pelo condutor,Colisão transversal,Com Vítimas Feridas,Pleno dia,Decrescente,Céu Claro,Dupla,Aclive,Não,3,0,2,0,1,0,2,3,"-7,8061","-34,925",SPRF-PE,DEL01-PE,UOP02-DEL01-PE
191948.0,2019-02-17,domingo,04:00:00,PE,408,85,PAUDALHO,Agressão Externa,Saída de leito carroçável,Sem Vítimas,Pleno dia,Decrescente,Céu Claro,Dupla,Rotatória,Sim,1,0,0,0,0,1,0,1,"-7,96283204","-35,09353459",SPRF-PE,DEL01-PE,UOP01-DEL01-PE
191970.0,2019-02-17,domingo,14:50:00,PE,101,83,JABOATAO DOS GUARARAPES,Avarias e/ou desgaste excessivo no pneu,Saída de leito carroçável,Com Vítimas Feridas,Pleno dia,Decrescente,Sol,Múltipla,Reta,Sim,1,0,1,0,0,0,1,1,"-8,1777","-34,9526",SPRF-PE,DEL01-PE,UOP03-DEL01-PE
192019.0,2019-02-17,domingo,19:10:00,PE,316,303,FLORESTA,Animais na Pista,Atropelamento de Animal,Com Vítimas Fatais,Plena Noite,Crescente,Chuva,Simples,Reta,Sim,1,1,0,0,0,0,0,1,"-8,607762","-38,578705",SPRF-PE,DEL04-PE,UOP03-DEL04-PE
192037.0,2019-02-17,domingo,17:30:00,PE,104,"12,5",TAQUARITINGA DO NORTE,Falta de Atenção à Condução,Colisão lateral,Com Vítimas Feridas,Anoitecer,Crescente,Céu Claro,Simples,Interseção de Vias,Não,3,0,1,0,2,0,1,2,"-7,888657","-36,110435",SPRF-PE,DEL02-PE,UOP01-DEL02-PE
192044.0,2019-02-17,domingo,22:30:00,PE,101,78,RECIFE,Falta de Atenção do Pedestre,Atropelamento de Pedestre,Com Vítimas Feridas,Plena Noite,Crescente,Nublado,Dupla,Em Obras;Reta                 ,Não,4,0,0,1,3,0,1,2,"-8,1456","-34,9465",SPRF-PE,DEL01-PE,UOP01-DEL01-PE
192057.0,2019-02-17,domingo,23:40:00,PE,101,"49,5",ABREU E LIMA,Ingestão de álcool e/ou substâncias psicoativas pelo pedestre,Colisão lateral,Com Vítimas Feridas,Plena Noite,Decrescente,Céu Claro,Múltipla,Reta,Sim,3,0,2,0,1,0,2,2,"-7,9068","-34,9013",SPRF-PE,DEL01-PE,UOP02-DEL01-PE
192078.0,2019-02-18,segunda-feira,06:30:00,PE,232,18,MORENO,Falta de Atenção à Condução,Capotamento,Com Vítimas Feridas,Pleno dia,Crescente,Céu Claro,Simples,Reta,Não,1,0,1,0,0,0,1,1,"-8,096965","-35,054508",SPRF-PE,DEL01-PE,UOP01-DEL01-PE
192115.0,2019-02-18,segunda-feira,09:05:00,PE,232,127,CARUARU,Falta de Atenção à Condução,Colisão traseira,Sem Vítimas,Pleno dia,Crescente,Céu Claro,Simples,Reta,Sim,4,0,0,0,4,0,0,4,"-8,30295632","-35,9802735",SPRF-PE,DEL02-PE,UOP03-DEL02-PE
192119.0,2019-02-18,segunda-feira,09:10:00,PE,104,63,CARUARU,Falta de Atenção à Condução,Colisão com objeto estático,Sem Vítimas,Pleno dia,Crescente,Sol,Dupla,Reta,Sim,1,0,0,0,1,0,0,1,"-8,269307","-35,980312",SPRF-PE,DEL02-PE,UOP01-DEL02-PE
192144.0,2019-02-18,segunda-feira,11:40:00,PE,101,"70,2",RECIFE,Falta de Atenção à Condução,Colisão lateral,Com Vítimas Feridas,Pleno dia,Crescente,Céu Claro,Dupla,Curva,Sim,2,0,1,0,1,0,1,2,"-8,07635334","-34,93581533",SPRF-PE,DEL01-PE,UOP01-DEL01-PE
192181.0,2019-02-18,segunda-feira,15:20:00,PE,104,"39,9",CARUARU,Não guardar distância de segurança,Colisão traseira,Com Vítimas Feridas,Pleno dia,Crescente,Céu Claro,Dupla,Reta,Não,7,0,2,0,5,0,2,2,"-8,0861","-36,0377",SPRF-PE,DEL02-PE,UOP01-DEL02-PE
192186.0,2019-02-18,segunda-feira,16:30:00,PE,101,126,ESCADA,Falta de Atenção à Condução,Colisão traseira,Com Vítimas Feridas,Anoitecer,Crescente,Céu Claro,Dupla,Reta,Sim,4,0,1,0,3,0,1,2,"-8,373","-35,2341",SPRF-PE,DEL01-PE,UOP03-DEL01-PE
192190.0,2019-02-18,segunda-feira,17:15:00,PE,104,"65,2",CARUARU,Objeto estático sobre o leito carroçável,Colisão lateral,Com Vítimas Feridas,Pleno dia,Crescente,Céu Claro,Dupla,Reta,Sim,2,0,1,0,1,0,1,2,"-8,2867","-35,9838",SPRF-PE,DEL02-PE,UOP01-DEL02-PE
192197.0,2019-02-18,segunda-feira,17:15:00,PE,101,"80,6",JABOATAO DOS GUARARAPES,Falta de Atenção à Condução,Colisão traseira,Com Vítimas Feridas,Anoitecer,Decrescente,Céu Claro,Múltipla,Interseção de Vias,Sim,2,0,1,0,1,0,1,2,"-8,1623","-34,9394",SPRF-PE,DEL01-PE,UOP03-DEL01-PE
192223.0,2019-02-18,segunda-feira,19:55:00,PE,104,"67,2",CARUARU,Defeito Mecânico no Veículo,Colisão frontal,Sem Vítimas,Plena Noite,Crescente,Céu Claro,Dupla,Reta;Aclive                   ,Sim,7,0,0,0,7,0,0,2,"-8,29561","-35,98768",SPRF-PE,DEL02-PE,UOP01-DEL02-PE
192255.0,2019-02-18,segunda-feira,19:10:00,PE,104,27,CARUARU,Desobediência às normas de trânsito pelo condutor,Colisão traseira,Com Vítimas Feridas,Plena Noite,Decrescente,Céu Claro,Simples,Reta;Aclive                   ,Não,3,0,0,2,0,1,2,2,"-8,004665","-36,08344",SPRF-PE,DEL02-PE,UOP01-DEL02-PE
192267.0,2019-02-19,terça-feira,06:00:00,PE,232,5,RECIFE,Não guardar distância de segurança,Colisão traseira,Sem Vítimas,Pleno dia,Decrescente,Garoa/Chuvisco,Dupla,Reta,Sim,5,0,0,0,5,0,0,5,"-8,067958","-34,945354",SPRF-PE,DEL01-PE,UOP01-DEL01-PE
192370.0,2019-02-19,terça-feira,17:15:00,PE,423,92,GARANHUNS,Falta de Atenção à Condução,Colisão transversal,Com Vítimas Feridas,Pleno dia,Decrescente,Céu Claro,Simples,Curva,Não,2,0,1,0,1,0,1,2,"-8,86832711","-36,46183535",SPRF-PE,DEL03-PE,UOP01-DEL03-PE
192444.0,2019-02-20,quarta-feira,06:00:00,PE,101,81,JABOATAO DOS GUARARAPES,Velocidade Incompatível,Colisão traseira,Com Vítimas Feridas,Pleno dia,Decrescente,Céu Claro,Múltipla,Reta,Sim,2,0,1,0,1,0,1,2,"-8,1711","-34,9379",SPRF-PE,DEL01-PE,UOP03-DEL01-PE
192446.0,2019-02-20,quarta-feira,06:50:00,PE,101,"56,2",ABREU E LIMA,Falta de Atenção à Condução,Colisão lateral,Com Vítimas Feridas,Pleno dia,Decrescente,Céu Claro,Dupla,Reta,Sim,4,0,0,1,3,0,1,2,"-7,9641","-34,9158",SPRF-PE,DEL01-PE,UOP02-DEL01-PE
192461.0,2019-02-20,quarta-feira,08:40:00,PE,408,"99,8",SAO LOURENCO DA MATA,Defeito Mecânico no Veículo,Capotamento,Com Vítimas Feridas,Pleno dia,Crescente,Céu Claro,Dupla,Reta,Não,1,0,1,0,0,0,1,1,"-8,043862","-35,016523",SPRF-PE,DEL01-PE,UOP01-DEL01-PE
192462.0,2019-02-20,quarta-feira,08:30:00,PE,101,"72,9",RECIFE,Falta de Atenção à Condução,Colisão transversal,Com Vítimas Feridas,Pleno dia,Decrescente,Céu Claro,Simples,Reta;Em Obras                 ,Sim,4,0,1,0,3,0,1,2,"-8,094095","-34,94787",SPRF-PE,DEL01-PE,UOP01-DEL01-PE
192560.0,2019-02-20,quarta-feira,19:15:00,PE,101,"74,1",RECIFE,Desobediência às normas de trânsito pelo condutor,Queda de ocupante de veículo,Com Vítimas Feridas,Plena Noite,Crescente,Céu Claro,Simples,Em Obras,Sim,1,0,1,0,0,0,1,1,"-8,1107","-34,9462",SPRF-PE,DEL01-PE,UOP01-DEL01-PE
192579.0,2019-02-20,quarta-feira,20:26:00,PE,232,400,SERRA TALHADA,Animais na Pista,Atropelamento de Animal,Com Vítimas Feridas,Plena Noite,Decrescente,Céu Claro,Simples,Reta,Não,3,0,1,0,2,0,1,1,"-8,01114233","-38,23774338",SPRF-PE,DEL04-PE,UOP01-DEL04-PE
192607.0,2019-02-21,quinta-feira,04:30:00,PE,101,"63,2",RECIFE,Condutor Dormindo,Colisão com objeto estático,Com Vítimas Feridas,Amanhecer,Crescente,Nublado,Múltipla,Interseção de Vias;Reta;Decliv,Sim,1,0,1,0,0,0,1,1,"-8,015813","-34,94039",SPRF-PE,DEL01-PE,UOP01-DEL01-PE
192626.0,2019-02-21,quinta-feira,07:10:00,PE,101,91,CABO DE SANTO AGOSTINHO,Falta de Atenção do Pedestre,Atropelamento de Pedestre,Com Vítimas Feridas,Pleno dia,Crescente,Céu Claro,Simples,Reta,Sim,2,0,1,0,1,0,1,2,"-8,2308","-34,9969",SPRF-PE,DEL01-PE,UOP03-DEL01-PE
192629.0,2019-02-17,domingo,16:00:00,PE,232,"82,9",GRAVATA,Pista Escorregadia,Saída de leito carroçável,Sem Vítimas,Pleno dia,Decrescente,Chuva,Dupla,Reta,Sim,1,0,0,0,1,0,0,1,"-8,193437","-35,551865",SPRF-PE,DEL01-PE,UOP02-DEL02PE
192736.0,2019-02-21,quinta-feira,17:50:00,PE,232,"9,5",JABOATAO DOS GUARARAPES,Não guardar distância de segurança,Colisão traseira,Com Vítimas Feridas,Plena Noite,Crescente,Céu Claro,Dupla,Reta,Sim,2,0,1,0,1,0,1,2,"-8,077656","-34,978714",SPRF-PE,DEL01-PE,UOP01-DEL01-PE
192766.0,2019-02-21,quinta-feira,21:15:00,PE,232,"412,8",SERRA TALHADA,Ingestão de Álcool,Saída de leito carroçável,Com Vítimas Feridas,Plena Noite,Decrescente,Céu Claro,Simples,Reta,Não,1,0,0,1,0,0,1,1,"-7,983779","-38,320877",SPRF-PE,DEL04-PE,UOP01-DEL04-PE
192777.0,2019-02-21,quinta-feira,23:15:00,PE,232,140,SAO CAITANO,Ingestão de Álcool,Queda de ocupante de veículo,Com Vítimas Feridas,Plena Noite,Crescente,Céu Claro,Dupla,Reta,Não,1,0,0,1,0,0,1,1,"-8,329969","-36,145531",SPRF-PE,DEL02-PE,UOP03-DEL02-PE
192856.0,2019-02-22,sexta-feira,11:00:00,PE,232,"409,9",SERRA TALHADA,Desobediência às normas de trânsito pelo condutor,Colisão transversal,Com Vítimas Feridas,Pleno dia,Decrescente,Nublado,Simples,Interseção de Vias,Não,2,0,1,0,1,0,1,2,"-7,98219685","-38,29588294",SPRF-PE,DEL04-PE,UOP01-DEL04-PE
192865.0,2019-02-22,sexta-feira,11:50:00,PE,232,16,JABOATAO DOS GUARARAPES,Velocidade Incompatível,Capotamento,Com Vítimas Feridas,Pleno dia,Decrescente,Céu Claro,Dupla,Reta,Não,1,0,1,0,0,0,1,1,"-8,094143","-35,037174",SPRF-PE,DEL01-PE,UOP01-DEL01-PE
192898.0,2019-02-22,sexta-feira,15:30:00,PE,408,94,SAO LOURENCO DA MATA,Mal Súbito,Colisão traseira,Com Vítimas Feridas,Pleno dia,Decrescente,Céu Claro,Simples,Curva,Não,6,0,5,0,1,0,5,2,"-7,977152","-35,075131",SPRF-PE,DEL01-PE,UOP01-DEL01-PE
192904.0,2019-02-22,sexta-feira,16:50:00,PE,408,105,SAO LOURENCO DA MATA,Pista Escorregadia,Queda de ocupante de veículo,Com Vítimas Feridas,Pleno dia,Decrescente,Chuva,Simples,Curva,Não,1,0,1,0,0,0,1,1,"-8,08027399","-34,99032855",SPRF-PE,DEL01-PE,UOP01-DEL01-PE
192919.0,2019-02-22,sexta-feira,17:00:00,PE,101,"143,5",RIBEIRAO,Falta de Atenção do Pedestre,Atropelamento de Pedestre,Com Vítimas Fatais,Pleno dia,Decrescente,Céu Claro,Dupla,Reta,Não,3,1,0,0,1,1,0,2,"-8,4531","-35,3567",SPRF-PE,DEL01-PE,UOP03-DEL01-PE
192922.0,2019-02-22,sexta-feira,18:30:00,PE,101,"58,4",PAULISTA,Não guardar distância de segurança,Colisão traseira,Com Vítimas Feridas,Plena Noite,Crescente,Céu Claro,Dupla,Curva,Não,2,0,1,0,0,1,1,2,"-7,978","-34,9271",SPRF-PE,DEL01-PE,UOP02-DEL01-PE
192950.0,2019-02-22,sexta-feira,20:20:00,PE,104,28,TORITAMA,Ultrapassagem Indevida,Colisão lateral,Com Vítimas Feridas,Plena Noite,Crescente,Céu Claro,Simples,Reta,Não,3,0,1,0,2,0,1,2,"-8,0065","-36,0709",SPRF-PE,DEL02-PE,UOP01-DEL02-PE
192954.0,2019-02-22,sexta-feira,21:00:00,PE,232,101,BEZERROS,Falta de Atenção à Condução,Colisão transversal,Com Vítimas Feridas,Plena Noite,Crescente,Céu Claro,Simples,Reta;Declive                  ,Sim,2,0,0,1,1,0,1,2,"-8,24433303","-35,75477958",SPRF-PE,DEL01-PE,UOP02-DEL02PE
193028.0,2019-02-23,sábado,08:35:00,PE,101,"58,7",PAULISTA,Falta de Atenção à Condução,Colisão lateral,Com Vítimas Feridas,Pleno dia,Crescente,Nublado,Dupla,Reta;Declive                  ,Sim,4,0,2,0,2,0,2,3,"-7,978","-34,9271",SPRF-PE,DEL01-PE,UOP02-DEL01-PE
193063.0,2019-02-23,sábado,10:55:00,PE,101,"73,8",RECIFE,Não guardar distância de segurança,Colisão traseira,Com Vítimas Feridas,Pleno dia,Crescente,Céu Claro,Simples,Desvio Temporário;Reta;Em Obra,Sim,2,0,1,0,1,0,1,2,"-8,1027","-34,9483",SPRF-PE,DEL01-PE,UOP01-DEL01-PE
193064.0,2019-02-23,sábado,11:00:00,PE,101,50,ABREU E LIMA,Falta de Atenção do Pedestre,Atropelamento de Pedestre,Com Vítimas Feridas,Pleno dia,Crescente,Céu Claro,Simples,Reta,Sim,3,0,2,0,1,0,2,2,"-7,9148","-34,8984",SPRF-PE,DEL01-PE,UOP02-DEL01-PE
193077.0,2019-02-23,sábado,12:10:00,PE,101,"70,1",RECIFE,Falta de Atenção à Condução,Colisão traseira,Com Vítimas Feridas,Pleno dia,Decrescente,Sol,Dupla,Reta,Sim,2,0,1,0,1,0,1,2,"-8,0778","-34,9429",SPRF-PE,DEL01-PE,UOP01-DEL01-PE
193097.0,2019-02-23,sábado,13:00:00,PE,101,"134,1",ESCADA,Falta de Atenção à Condução,Colisão com objeto estático,Com Vítimas Feridas,Pleno dia,Decrescente,Céu Claro,Dupla,Reta,Não,1,0,1,0,0,0,1,1,"-8,411","-35,2934",SPRF-PE,DEL01-PE,UOP03-DEL01-PE
193098.0,2019-02-23,sábado,13:20:00,PE,101,103,CABO DE SANTO AGOSTINHO,Ingestão de Álcool,Colisão traseira,Sem Vítimas,Pleno dia,Decrescente,Céu Claro,Múltipla,Reta,Sim,2,0,0,0,2,0,0,2,"-8,2977","-35,0643",SPRF-PE,DEL01-PE,UOP03-DEL01-PE
193104.0,2019-02-23,sábado,14:20:00,PE,316,84,OURICURI,Falta de Atenção do Pedestre,Atropelamento de Pedestre,Com Vítimas Feridas,Pleno dia,Crescente,Nublado,Simples,Reta,Sim,2,0,0,1,1,0,1,2,"-7,878819","-40,077358",SPRF-PE,DEL05-PE,UOP02-DEL05-PE
193139.0,2019-02-23,sábado,17:55:00,PE,101,"68,2",RECIFE,Falta de Atenção à Condução,Saída de leito carroçável,Com Vítimas Feridas,Anoitecer,Crescente,Céu Claro,Dupla,Reta,Sim,1,0,1,0,0,0,1,1,"-8,05420016","-34,94652808",SPRF-PE,DEL01-PE,UOP01-DEL01-PE
193164.0,2019-02-23,sábado,19:30:00,PE,232,113,BEZERROS,Falta de Atenção do Pedestre,Atropelamento de Pedestre,Com Vítimas Feridas,Plena Noite,Decrescente,Céu Claro,Dupla,Reta,Sim,2,0,0,1,0,1,1,2,"-8,25219","-35,76585",SPRF-PE,DEL02-PE,UOP03-DEL02-PE
193217.0,2019-02-24,domingo,01:30:00,PE,232,"82,4",GRAVATA,Falta de Atenção à Condução,Colisão com objeto estático,Com Vítimas Feridas,Plena Noite,Crescente,Céu Claro,Dupla,Reta,Não,1,0,1,0,0,0,1,1,"-8,193437","-35,551865",SPRF-PE,DEL01-PE,UOP02-DEL02PE
193235.0,2019-02-24,domingo,06:05:00,PE,232,"97,5",BEZERROS,Falta de Atenção à Condução,Colisão lateral,Com Vítimas Fatais,Pleno dia,Crescente,Céu Claro,Simples,Reta,Não,3,1,1,0,0,1,1,3,"-8,236728","-35,734016",SPRF-PE,DEL01-PE,UOP02-DEL02PE
193254.0,2019-02-24,domingo,06:20:00,PE,116,"25,9",SALGUEIRO,Ingestão de Álcool,Saída de leito carroçável,Sem Vítimas,Pleno dia,Crescente,Céu Claro,Simples,Reta,Sim,1,0,0,0,0,1,0,1,"-8,06891","-39,13462",SPRF-PE,DEL05-PE,UOP01-DEL05-PE
193277.0,2019-02-24,domingo,11:10:00,PE,232,"409,5",SERRA TALHADA,Desobediência às normas de trânsito pelo condutor,Colisão transversal,Com Vítimas Feridas,Pleno dia,Decrescente,Nublado,Simples,Reta,Sim,2,0,0,1,1,0,1,2,"-7,981944","-38,289467",SPRF-PE,DEL04-PE,UOP01-DEL04-PE
193314.0,2019-02-24,domingo,16:15:00,PE,232,8,RECIFE,Não guardar distância de segurança,Colisão traseira,Com Vítimas Feridas,Pleno dia,Decrescente,Sol,Dupla,Reta,Sim,5,0,1,0,3,1,1,5,"-8,075855","-34,970215",SPRF-PE,DEL01-PE,UOP01-DEL01-PE
193359.0,2019-02-24,domingo,18:15:00,PE,104,"66,8",CARUARU,Falta de Atenção do Pedestre,Atropelamento de Pedestre,Com Vítimas Feridas,Plena Noite,Crescente,Céu Claro,Dupla,Declive,Sim,3,0,0,1,1,1,1,2,"-8,2937","-35,9864",SPRF-PE,DEL02-PE,UOP01-DEL02-PE
193387.0,2019-02-24,domingo,21:30:00,PE,423,"134,5",CARUARU,Condutor Dormindo,Capotamento,Com Vítimas Feridas,Plena Noite,Decrescente,Céu Claro,Simples,Reta;Declive                  ,Sim,1,0,1,0,0,0,1,1,"-8,30997274","-36,02823768",SPRF-PE,DEL03-PE,UOP01-DEL03-PE
193390.0,2019-02-24,domingo,21:30:00,PE,116,"27,4",SALGUEIRO,Desobediência às normas de trânsito pelo condutor,Colisão lateral,Com Vítimas Feridas,Plena Noite,Decrescente,Céu Claro,Simples,Curva,Sim,4,0,3,0,1,0,3,2,"-8,078546","-39,130867",SPRF-PE,DEL05-PE,UOP01-DEL05-PE
193401.0,2019-02-24,domingo,22:40:00,PE,101,94,CABO DE SANTO AGOSTINHO,Ingestão de Álcool,Colisão frontal,Sem Vítimas,Plena Noite,Crescente,Céu Claro,Simples,Curva,Sim,2,0,0,0,2,0,0,2,"-8,2494","-35,0088",SPRF-PE,DEL01-PE,UOP03-DEL01-PE
193453.0,2019-02-25,segunda-feira,00:00:00,PE,104,"43,4",CARUARU,Animais na Pista,Atropelamento de Animal,Com Vítimas Feridas,Plena Noite,Decrescente,Céu Claro,Dupla,Retorno Regulamentado,Não,2,0,1,0,1,0,1,1,"-8,1065","-36,0218",SPRF-PE,DEL02-PE,UOP01-DEL02-PE
193497.0,2019-02-25,segunda-feira,08:50:00,PE,428,"120,8",LAGOA GRANDE,Desobediência às normas de trânsito pelo condutor,Colisão frontal,Com Vítimas Feridas,Pleno dia,Crescente,Nublado,Simples,Reta,Não,6,0,4,2,0,0,6,2,"-8,927176","-40,106709",SPRF-PE,DEL06-PE,UOP03-DEL06-PE
193513.0,2019-02-25,segunda-feira,09:35:00,PE,232,"271,6",SERTANIA,Avarias e/ou desgaste excessivo no pneu,Saída de leito carroçável,Sem Vítimas,Pleno dia,Crescente,Sol,Simples,Reta,Não,1,0,0,0,1,0,0,1,"-8,364419","-37,267696",SPRF-PE,DEL03-PE,UOP02-DEL03-PE
193527.0,2019-02-25,segunda-feira,12:42:00,PE,423,96,GARANHUNS,Falta de Atenção do Pedestre,Atropelamento de Pedestre,Com Vítimas Feridas,Pleno dia,Crescente,Céu Claro,Simples,Reta,Sim,2,0,0,1,1,0,1,2,"-8,930238","-36,496471",SPRF-PE,DEL03-PE,UOP01-DEL03-PE
193666.0,2019-02-26,terça-feira,08:00:00,PE,232,"105,8",BEZERROS,Defeito na Via,Capotamento,Com Vítimas Feridas,Pleno dia,Decrescente,Sol,Dupla,Reta,Não,1,0,1,0,0,0,1,1,"-8,26365","-35,79085",SPRF-PE,DEL02-PE,UOP03-DEL02-PE
193669.0,2019-02-26,terça-feira,08:20:00,PE,104,66,CARUARU,Falta de Atenção à Condução,Colisão lateral,Com Vítimas Feridas,Pleno dia,Decrescente,Céu Claro,Dupla,Aclive,Não,3,0,0,2,1,0,2,2,"-8,2937","-35,9864",SPRF-PE,DEL02-PE,UOP01-DEL02-PE
193740.0,2019-02-26,terça-feira,13:40:00,PE,101,7,GOIANA,Defeito Mecânico no Veículo,Incêndio,Sem Vítimas,Pleno dia,Crescente,Céu Claro,Dupla,Reta,Sim,1,0,0,0,1,0,0,1,"-7,5688","-34,989",SPRF-PE,DEL01-PE,UOP02-DEL01-PE
193745.0,2019-02-26,terça-feira,13:45:00,PE,232,"138,3",CARUARU,Defeito na Via,Saída de leito carroçável,Sem Vítimas,Pleno dia,Decrescente,Chuva,Dupla,Reta,Não,1,0,0,0,1,0,0,1,"-8,31896107","-36,06143796",SPRF-PE,DEL02-PE,UOP03-DEL02-PE
193768.0,2019-02-26,terça-feira,17:10:00,PE,232,"134,6",CARUARU,Agressão Externa,Colisão lateral,Com Vítimas Feridas,Anoitecer,Crescente,Nublado,Dupla,Reta,Não,5,0,2,0,3,0,2,2,"-8,309792","-36,029142",SPRF-PE,DEL02-PE,UOP03-DEL02-PE
193794.0,2019-02-26,terça-feira,19:10:00,PE,104,21,TAQUARITINGA DO NORTE,Animais na Pista,Atropelamento de Animal,Com Vítimas Feridas,Plena Noite,Crescente,Nublado,Simples,Reta,Não,1,0,0,1,0,0,1,1,"-7,964189","-36,124378",SPRF-PE,DEL02-PE,UOP01-DEL02-PE
193887.0,2019-02-27,quarta-feira,11:00:00,PE,423,116,PARANATAMA,Falta de Atenção à Condução,Colisão transversal,Com Vítimas Feridas,Pleno dia,Crescente,Céu Claro,Simples,Reta,Não,2,0,0,1,0,1,1,2,"-8,904358","-36,660263",SPRF-PE,DEL03-PE,UOP01-DEL03-PE
193927.0,2019-02-27,quarta-feira,14:30:00,PE,101,99,CABO DE SANTO AGOSTINHO,Não guardar distância de segurança,Colisão traseira,Com Vítimas Feridas,Pleno dia,Crescente,Céu Claro,Dupla,Reta,Sim,4,0,1,0,3,0,1,4,"-8,2678","-35,0531",SPRF-PE,DEL01-PE,UOP03-DEL01-PE
193995.0,2019-02-27,quarta-feira,17:30:00,PE,232,127,CARUARU,Animais na Pista,Atropelamento de Animal,Com Vítimas Feridas,Anoitecer,Decrescente,Céu Claro,Dupla,Interseção de Vias,Sim,1,0,0,1,0,0,1,1,"-8,30530726","-35,96819758",SPRF-PE,DEL02-PE,UOP03-DEL02-PE
194036.0,2019-02-28,quinta-feira,05:35:00,PE,101,77,RECIFE,Falta de Atenção à Condução,Colisão lateral,Com Vítimas Feridas,Pleno dia,Crescente,Céu Claro,Simples,Reta,Sim,2,0,2,0,0,0,2,2,"-8,13711483","-34,94767254",SPRF-PE,DEL01-PE,UOP01-DEL01-PE
194086.0,2019-02-28,quinta-feira,11:50:00,PE,232,"6,4",RECIFE,Não guardar distância de segurança,Colisão traseira,Com Vítimas Feridas,Pleno dia,Decrescente,Céu Claro,Dupla,Reta,Sim,2,0,1,0,0,1,1,2,"-8,070803","-34,953556",SPRF-PE,DEL01-PE,UOP01-DEL01-PE
194093.0,2019-02-28,quinta-feira,13:25:00,PE,232,"46,9",VITORIA DE SANTO ANTAO,Falta de Atenção à Condução,Colisão transversal,Sem Vítimas,Pleno dia,Crescente,Céu Claro,Dupla,Reta,Não,2,0,0,0,1,1,0,2,"-8,128181","-35,281677",SPRF-PE,DEL01-PE,UOP02-DEL02PE
194104.0,2019-02-28,quinta-feira,04:00:00,PE,428,164,PETROLINA,Velocidade Incompatível,Capotamento,Com Vítimas Feridas,Amanhecer,Crescente,Céu Claro,Simples,Reta,Não,2,0,2,0,0,0,2,1,"-9,178201","-40,375263",SPRF-PE,DEL06-PE,UOP01-DEL06-PE
194126.0,2019-01-31,quinta-feira,05:00:00,PE,232,42,VITORIA DE SANTO ANTAO,Desobediência às normas de trânsito pelo condutor,Colisão traseira,Com Vítimas Feridas,Amanhecer,Decrescente,Nublado,Dupla,Reta,Não,3,0,2,0,1,0,2,2,"-8,115282","-35,252045",SPRF-PE,DEL01-PE,UOP02-DEL02PE
194246.0,2019-03-01,sexta-feira,07:10:00,PE,428,44,OROCO,Falta de Atenção à Condução,Colisão transversal,Com Vítimas Fatais,Pleno dia,Crescente,Céu Claro,Simples,Reta,Não,4,2,0,0,2,0,0,2,"-8,583405","-39,585518",SPRF-PE,DEL05-PE,UOP03-DEL05-PE
194264.0,2019-03-01,sexta-feira,08:00:00,PE,428,184,PETROLINA,Desobediência às normas de trânsito pelo condutor,Colisão transversal,Com Vítimas Feridas,Pleno dia,Decrescente,Sol,Simples,Interseção de Vias,Sim,2,0,1,0,1,0,1,2,"-9,34668531","-40,47371864",SPRF-PE,DEL06-PE,UOP01-DEL06-PE
194296.0,2019-03-01,sexta-feira,10:25:00,PE,232,"38,3",VITORIA DE SANTO ANTAO,Pista Escorregadia,Saída de leito carroçável,Sem Vítimas,Pleno dia,Decrescente,Chuva,Dupla,Curva,Não,1,0,0,0,1,0,0,1,"-8,114883","-35,21862",SPRF-PE,DEL01-PE,UOP02-DEL02PE
194309.0,2019-03-01,sexta-feira,12:00:00,PE,101,136,RIBEIRAO,Pista Escorregadia,Capotamento,Com Vítimas Feridas,Pleno dia,Decrescente,Chuva,Dupla,Curva,Não,3,0,1,0,2,0,1,1,"-8,4146","-35,3106",SPRF-PE,DEL01-PE,UOP03-DEL01-PE
194378.0,2019-03-01,sexta-feira,16:45:00,PE,232,"90,1",SAIRE,Falta de Atenção à Condução,Colisão transversal,Com Vítimas Feridas,Pleno dia,Crescente,Céu Claro,Dupla,Curva,Não,3,0,2,0,1,0,2,2,"-8,216229","-35,646755",SPRF-PE,DEL01-PE,UOP02-DEL02PE
194386.0,2019-03-01,sexta-feira,17:00:00,PE,232,7,RECIFE,Falta de Atenção à Condução,Colisão traseira,Sem Vítimas,Pleno dia,Crescente,Nublado,Dupla,Reta,Sim,2,0,0,0,2,0,0,2,"-8,073346","-34,96188",SPRF-PE,DEL01-PE,UOP01-DEL01-PE
194440.0,2019-03-01,sexta-feira,19:20:00,PE,116,26,SALGUEIRO,Ingestão de Álcool,Atropelamento de Pedestre,Com Vítimas Feridas,Plena Noite,Decrescente,Céu Claro,Simples,Reta,Sim,2,0,1,1,0,0,2,2,"-8,069921","-39,13364",SPRF-PE,DEL05-PE,UOP01-DEL05-PE
194544.0,2019-03-02,sábado,09:01:00,PE,101,57,PAULISTA,Falta de Atenção à Condução,Colisão lateral,Sem Vítimas,Pleno dia,Decrescente,Céu Claro,Dupla,Aclive,Não,2,0,0,0,2,0,0,2,"-7,9717","-34,921",SPRF-PE,DEL01-PE,UOP02-DEL01-PE
194561.0,2019-03-02,sábado,09:20:00,PE,408,94,SAO LOURENCO DA MATA,Falta de Atenção à Condução,Colisão lateral,Com Vítimas Feridas,Pleno dia,Decrescente,Garoa/Chuvisco,Dupla,Curva,Não,2,0,1,0,1,0,1,2,"-8,005376","-35,045205",SPRF-PE,DEL01-PE,UOP01-DEL01-PE