id,data_inversa,dia_semana,horario,uf,br,km,municipio,causa_acidente,tipo_acidente,classificacao_acidente,fase_dia,sentido_via,condicao_metereologica,tipo_pista,tracado_via,uso_solo,pessoas,mortos,feridos_leves,feridos_graves,ilesos,ignorados,feridos,veiculos,latitude,longitude,regional,delegacia,uop
206565.0,2019-05-01,quarta-feira,04:50:00,PE,101,"73,1",RECIFE,Ingestão de Álcool,Colisão traseira,Com Vítimas Feridas,Amanhecer,Crescente,Céu Claro,Dupla,Reta,Sim,2,0,1,0,1,0,1,2,"-8,095412","-34,949136",SPRF-PE,DEL01-PE,UOP01-DEL01-PE
206617.0,2019-05-01,quarta-feira,10:00:00,PE,101,"48,3",ABREU E LIMA,Falta de Atenção à Condução,Colisão traseira,Com Vítimas Feridas,Pleno dia,Crescente,Nublado,Múltipla,Reta,Sim,2,0,1,0,1,0,1,2,"-7,89174705","-34,9033493",SPRF-PE,DEL01-PE,UOP02-DEL01-PE
206675.0,2019-05-01,quarta-feira,17:45:00,PE,232,413,SERRA TALHADA,Ingestão de Álcool,Queda de ocupante de veículo,Com Vítimas Feridas,Plena Noite,Crescente,Céu Claro,Simples,Reta,Não,1,0,1,0,0,0,1,1,"-7,98596767","-38,32494736",SPRF-PE,DEL04-PE,UOP01-DEL04-PE
206719.0,2019-05-01,quarta-feira,19:00:00,PE,104,65,CARUARU,Ingestão de Álcool,Colisão traseira,Sem Vítimas,Plena Noite,Decrescente,Céu Claro,Dupla,Reta,Sim,2,0,0,0,2,0,0,2,"-8,2867","-35,9838",SPRF-PE,DEL02-PE,UOP01-DEL02-PE
206775.0,2019-05-02,quinta-feira,07:40:00,PE,101,71,RECIFE,Falta de Atenção à Condução,Colisão lateral,Com Vítimas Feridas,Pleno dia,Crescente,Sol,Dupla,Reta,Sim,2,0,1,0,1,0,1,2,"-8,07663102","-34,94277871",SPRF-PE,DEL01-PE,UOP01-DEL01-PE
206839.0,2019-05-02,quinta-feira,15:10:00,PE,101,"43,2",IGARASSU,Não guardar distância de segurança,Colisão traseira,Com Vítimas Feridas,Pleno dia,Crescente,Sol,Múltipla,Reta,Sim,3,0,2,0,1,0,2,2,"-7,84753808","-34,90977038",SPRF-PE,DEL01-PE,UOP02-DEL01-PE
206856.0,2019-05-02,quinta-feira,16:50:00,PE,428,140,LAGOA GRANDE,Ingestão de Álcool,Colisão transversal,Com Vítimas Feridas,Pleno dia,Decrescente,Céu Claro,Simples,Reta,Sim,2,0,1,0,1,0,1,2,"-8,998742","-40,272046",SPRF-PE,DEL06-PE,UOP01-DEL06-PE
206976.0,2019-05-03,sexta-feira,07:50:00,PE,232,"410,2",SERRA TALHADA,Desobediência às normas de trânsito pelo condutor,Colisão transversal,Com Vítimas Feridas,Pleno dia,Decrescente,Céu Claro,Simples,Reta,Sim,2,0,0,1,1,0,1,2,"-7,98261841","-38,30039606",SPRF-PE,DEL04-PE,UOP01-DEL04-PE
206982.0,2019-05-03,sexta-feira,09:25:00,PE,232,"62,3",POMBOS,Falta de Atenção à Condução,Colisão traseira,Com Vítimas Feridas,Pleno dia,Crescente,Céu Claro,Dupla,Reta,Não,2,0,0,1,1,0,1,2,"-8,15598579","-35,42308007",SPRF-PE,DEL01-PE,UOP02-DEL02PE
207016.0,2019-05-03,sexta-feira,14:30:00,PE,428,11,CABROBO,Falta de Atenção à Condução,Colisão lateral,Com Vítimas Feridas,Pleno dia,Crescente,Céu Claro,Simples,Reta,Sim,2,0,1,0,1,0,1,2,"-8,5063914","-39,3161128",SPRF-PE,DEL05-PE,UOP03-DEL05-PE
207051.0,2019-05-03,sexta-feira,18:10:00,PE,428,47,OROCO,Ultrapassagem Indevida,Colisão lateral,Com Vítimas Fatais,Plena Noite,Crescente,Céu Claro,Simples,Reta,Não,4,1,0,0,1,2,0,4,"-8,605817","-39,59878",SPRF-PE,DEL05-PE,UOP03-DEL05-PE
207061.0,2019-05-03,sexta-feira,18:30:00,PE,101,"68,2",RECIFE,Falta de Atenção à Condução,Colisão lateral,Sem Vítimas,Plena Noite,Decrescente,Céu Claro,Dupla,Rotatória,Sim,2,0,0,0,2,0,0,2,"-8,05074296","-34,94580619",SPRF-PE,DEL01-PE,UOP01-DEL01-PE
207127.0,2019-05-03,sexta-feira,23:30:00,PE,104,61,CARUARU,Falta de Atenção à Condução,Colisão traseira,Com Vítimas Feridas,Plena Noite,Decrescente,Céu Claro,Dupla,Reta,Sim,3,0,1,1,1,0,2,3,"-8,2529","-35,9751",SPRF-PE,DEL02-PE,UOP01-DEL02-PE
207186.0,2019-05-04,sábado,09:10:00,PE,232,27,MORENO,Defeito na Via,Capotamento,Sem Vítimas,Pleno dia,Decrescente,Céu Claro,Dupla,Reta,Não,1,0,0,0,1,0,0,1,"-8,11418416","-35,12568999",SPRF-PE,DEL01-PE,UOP02-DEL02PE
207193.0,2019-05-04,sábado,09:55:00,PE,101,"46,9",IGARASSU,Falta de Atenção à Condução,Engavetamento,Com Vítimas Feridas,Pleno dia,Crescente,Céu Claro,Múltipla,Reta,Sim,3,0,1,0,2,0,1,3,"-7,87406004","-34,90588126",SPRF-PE,DEL01-PE,UOP02-DEL01-PE
207225.0,2019-05-04,sábado,13:20:00,PE,101,"72,4",RECIFE,Falta de Atenção à Condução,Colisão transversal,Com Vítimas Feridas,Pleno dia,Crescente,Céu Claro,Dupla,Em Obras;Reta;Desvio Temporári,Sim,3,0,2,0,1,0,2,2,"-8,08493106","-34,9450639",SPRF-PE,DEL01-PE,UOP01-DEL01-PE
207277.0,2019-05-04,sábado,17:45:00,PE,104,67,CARUARU,Falta de Atenção à Condução,Colisão traseira,Com Vítimas Feridas,Anoitecer,Crescente,Nublado,Dupla,Reta,Sim,2,0,0,1,1,0,1,2,"-8,29487","-35,98729",SPRF-PE,DEL02-PE,UOP01-DEL02-PE
207345.0,2019-05-04,sábado,21:40:00,PE,110,"228,4",PETROLANDIA,Falta de Atenção à Condução,Atropelamento de Animal,Com Vítimas Fatais,Plena Noite,Crescente,Céu Claro,Simples,Reta,Não,2,2,0,0,0,0,0,2,"-9,05188606","-38,26906997",SPRF-BA,DEL07-BA,UOP01-DEL07-BA
207346.0,2019-05-04,sábado,22:40:00,PE,232,36,VITORIA DE SANTO ANTAO,Falta de Atenção do Pedestre,Atropelamento de Pedestre,Com Vítimas Feridas,Plena Noite,Crescente,Céu Claro,Dupla,Reta,Sim,2,0,1,0,1,0,1,2,"-8,11082778","-35,20125807",SPRF-PE,DEL01-PE,UOP02-DEL02PE
207347.0,2019-05-04,sábado,21:35:00,PE,101,82,JABOATAO DOS GUARARAPES,Defeito Mecânico no Veículo,Incêndio,Sem Vítimas,Plena Noite,Decrescente,Céu Claro,Dupla,Reta,Sim,1,0,0,0,1,0,0,1,"-8,168383","-34,9376",SPRF-PE,DEL01-PE,UOP03-DEL01-PE
207358.0,2019-05-04,sábado,23:30:00,PE,232,"413,7",SERRA TALHADA,Ingestão de Álcool,Saída de leito carroçável,Com Vítimas Feridas,Plena Noite,Decrescente,Céu Claro,Múltipla,Reta,Sim,1,0,0,1,0,0,1,1,"-7,98857087","-38,32972307",SPRF-PE,DEL04-PE,UOP01-DEL04-PE
207415.0,2019-05-05,domingo,11:15:00,PE,101,"51,1",ABREU E LIMA,Falta de Atenção à Condução,Colisão transversal,Com Vítimas Feridas,Pleno dia,Decrescente,Nublado,Múltipla,Reta,Sim,2,0,1,0,1,0,1,2,"-7,9169968","-34,89689272",SPRF-PE,DEL01-PE,UOP02-DEL01-PE
207463.0,2019-05-05,domingo,16:00:00,PE,232,"32,1",MORENO,Não guardar distância de segurança,Colisão traseira,Com Vítimas Feridas,Pleno dia,Crescente,Céu Claro,Dupla,Reta;Declive                  ,Sim,3,0,2,0,0,1,2,2,"-8,10541732","-35,1665671",SPRF-PE,DEL01-PE,UOP02-DEL02PE
207500.0,2019-05-05,domingo,19:20:00,PE,408,"95,5",SAO LOURENCO DA MATA,Falta de Atenção à Condução,Colisão traseira,Sem Vítimas,Plena Noite,Decrescente,Céu Claro,Dupla,Declive,Não,3,0,0,0,2,1,0,3,"-8,016516","-35,041775",SPRF-PE,DEL01-PE,UOP01-DEL01-PE
207519.0,2019-05-05,domingo,19:30:00,PE,424,93,GARANHUNS,Ingestão de Álcool,Colisão lateral,Com Vítimas Feridas,Plena Noite,Crescente,Céu Claro,Simples,Reta,Sim,2,0,1,0,0,1,1,2,"-8,907125","-36,487206",SPRF-PE,DEL03-PE,UOP01-DEL03-PE
207522.0,2019-05-05,domingo,19:45:00,PE,316,"23,2",ARARIPINA,Falta de Atenção à Condução,Colisão lateral,Com Vítimas Feridas,Plena Noite,Crescente,Céu Claro,Simples,Reta,Sim,3,0,2,0,0,1,2,2,"-7,58229315","-40,50694911",SPRF-PE,DEL05-PE,UOP02-DEL05-PE
207525.0,2019-05-05,domingo,21:28:00,PE,423,"50,3",CACHOEIRINHA,Objeto estático sobre o leito carroçável,Colisão transversal,Com Vítimas Feridas,Plena Noite,Crescente,Céu Claro,Simples,Reta,Não,2,0,0,1,1,0,1,1,"-8,573664","-36,28561",SPRF-PE,DEL03-PE,UOP01-DEL03-PE
207591.0,2019-05-06,segunda-feira,07:40:00,PE,101,98,CABO DE SANTO AGOSTINHO,Falta de Atenção à Condução,Colisão traseira,Sem Vítimas,Pleno dia,Crescente,Céu Claro,Dupla,Retorno Regulamentado,Sim,2,0,0,0,2,0,0,2,"-8,25653422","-35,03811793",SPRF-PE,DEL01-PE,UOP03-DEL01-PE
207648.0,2019-05-06,segunda-feira,12:45:00,PE,116,"21,7",SALGUEIRO,Falta de Atenção à Condução,Tombamento,Com Vítimas Feridas,Pleno dia,Crescente,Céu Claro,Simples,Aclive,Não,1,0,1,0,0,0,1,1,"-8,026307","-39,143612",SPRF-PE,DEL05-PE,UOP01-DEL05-PE
207749.0,2019-05-07,terça-feira,07:08:00,PE,428,186,PETROLINA,Ultrapassagem Indevida,Colisão transversal,Com Vítimas Feridas,Pleno dia,Decrescente,Céu Claro,Simples,Reta,Sim,2,0,0,1,1,0,1,2,"-9,34807826","-40,47441248",SPRF-PE,DEL06-PE,UOP01-DEL06-PE
207770.0,2019-05-07,terça-feira,09:30:00,PE,101,2,GOIANA,Não guardar distância de segurança,Capotamento,Com Vítimas Feridas,Pleno dia,Decrescente,Nublado,Simples,Reta,Não,1,0,1,0,0,0,1,1,"-7,51675334","-34,99198357",SPRF-PE,DEL01-PE,UOP02-DEL01-PE
207826.0,2019-05-07,terça-feira,14:20:00,PE,232,"508,3",SALGUEIRO,Falta de Atenção à Condução,Colisão lateral,Com Vítimas Feridas,Pleno dia,Decrescente,Céu Claro,Simples,Reta,Sim,2,0,1,0,1,0,1,2,"-8,0628945","-39,12391305",SPRF-PE,DEL05-PE,UOP01-DEL05-PE
207897.0,2019-05-07,terça-feira,20:45:00,PE,101,"88,8",CABO DE SANTO AGOSTINHO,Falta de Atenção à Condução,Colisão transversal,Sem Vítimas,Plena Noite,Crescente,Céu Claro,Simples,Reta,Sim,2,0,0,0,1,1,0,2,"-8,22399812","-34,99290474",SPRF-PE,DEL01-PE,UOP03-DEL01-PE
207914.0,2019-05-08,quarta-feira,00:40:00,PE,428,139,LAGOA GRANDE,Falta de Atenção à Condução,Colisão com objeto estático,Com Vítimas Feridas,Plena Noite,Crescente,Céu Claro,Simples,Interseção de Vias,Não,1,0,0,1,0,0,1,1,"-8,98787563","-40,26256422",SPRF-PE,DEL06-PE,UOP03-DEL06-PE
207932.0,2019-05-08,quarta-feira,05:20:00,PE,232,511,SALGUEIRO,Ultrapassagem Indevida,Colisão frontal,Com Vítimas Feridas,Pleno dia,Decrescente,Céu Claro,Simples,Reta,Sim,2,0,0,1,0,1,1,2,"-8,06993734","-39,14627194",SPRF-PE,DEL05-PE,UOP01-DEL05-PE
207972.0,2019-05-08,quarta-feira,11:25:00,PE,104,"59,5",CARUARU,Não guardar distância de segurança,Colisão traseira,Com Vítimas Feridas,Pleno dia,Decrescente,Nublado,Dupla,Reta,Sim,2,0,1,0,1,0,1,2,"-8,2529","-35,9751",SPRF-PE,DEL02-PE,UOP01-DEL02-PE
208003.0,2019-05-08,quarta-feira,15:10:00,PE,101,"68,2",RECIFE,Falta de Atenção à Condução,Colisão lateral,Sem Vítimas,Pleno dia,Decrescente,Céu Claro,Múltipla,Rotatória,Sim,2,0,0,0,2,0,0,2,"-8,05074296","-34,94580619",SPRF-PE,DEL01-PE,UOP01-DEL01-PE
208030.0,2019-05-08,quarta-feira,18:15:00,PE,316,281,BELEM DE SAO FRANCISCO,Ingestão de Álcool,Colisão frontal,Com Vítimas Fatais,Plena Noite,Crescente,Nublado,Simples,Reta,Não,3,1,1,1,0,0,2,2,"-8,66861345","-38,76712984",SPRF-PE,DEL04-PE,UOP03-DEL04-PE
208031.0,2019-05-08,quarta-feira,18:30:00,PE,101,"25,2",IGARASSU,Falta de Atenção à Condução,Capotamento,Com Vítimas Feridas,Plena Noite,Crescente,Nublado,Dupla,Reta,Não,2,0,2,0,0,0,2,1,"-7,7009082","-34,9229207",SPRF-PE,DEL01-PE,UOP02-DEL01-PE
208100.0,2019-05-08,quarta-feira,23:45:00,PE,101,"68,8",RECIFE,Ingestão de Álcool,Atropelamento de Pedestre,Com Vítimas Feridas,Plena Noite,Decrescente,Chuva,Múltipla,Reta,Sim,2,0,0,1,0,1,1,2,"-8,057581","-34,946288",SPRF-PE,DEL01-PE,UOP01-DEL01-PE
208153.0,2019-05-09,quinta-feira,10:30:00,PE,232,"6,1",RECIFE,Falta de Atenção à Condução,Colisão traseira,Sem Vítimas,Pleno dia,Decrescente,Garoa/Chuvisco,Dupla,Reta,Sim,3,0,0,0,3,0,0,3,"-8,071702","-34,955914",SPRF-PE,DEL01-PE,UOP01-DEL01-PE
208172.0,2019-03-26,terça-feira,06:20:00,PE,101,68,RECIFE,Falta de Atenção à Condução,Colisão lateral,Com Vítimas Feridas,Pleno dia,Decrescente,Céu Claro,Múltipla,Reta,Sim,2,0,1,0,1,0,1,2,"-8,05074296","-34,94580619",SPRF-PE,DEL01-PE,UOP01-DEL01-PE
208177.0,2019-05-09,quinta-feira,13:15:00,PE,232,"28,1",MORENO,Velocidade Incompatível,Saída de leito carroçável,Com Vítimas Feridas,Pleno dia,Crescente,Chuva,Dupla,Aclive;Reta                   ,Não,1,0,0,1,0,0,1,1,"-8,11290892","-35,13442099",SPRF-PE,DEL01-PE,UOP02-DEL02PE
208199.0,2019-05-09,quinta-feira,15:30:00,PE,408,"82,4",PAUDALHO,Desobediência às normas de trânsito pelo condutor,Colisão frontal,Com Vítimas Feridas,Pleno dia,Crescente,Céu Claro,Dupla,Reta,Sim,3,0,1,1,1,0,2,2,"-7,94114095","-35,12370495",SPRF-PE,DEL01-PE,UOP01-DEL01-PE
208305.0,2019-03-22,sexta-feira,04:56:00,PE,104,71,CARUARU,Falta de Atenção à Condução,Colisão traseira,Com Vítimas Feridas,Amanhecer,Decrescente,Céu Claro,Dupla,Reta,Não,2,0,1,0,1,0,1,2,"-8,3333","-35,9814",SPRF-PE,DEL02-PE,UOP01-DEL02-PE
208334.0,2019-05-10,sexta-feira,07:00:00,PE,232,100,BEZERROS,Defeito Mecânico no Veículo,Colisão lateral,Com Vítimas Feridas,Pleno dia,Crescente,Nublado,Dupla,Reta,Sim,2,0,1,0,1,0,1,2,"-8,23791176","-35,74297705",SPRF-PE,DEL01-PE,UOP02-DEL02PE
208361.0,2019-05-10,sexta-feira,09:40:00,PE,101,"90,8",CABO DE SANTO AGOSTINHO,Falta de Atenção do Pedestre,Atropelamento de Pedestre,Com Vítimas Fatais,Pleno dia,Decrescente,Nublado,Dupla,Reta,Sim,2,1,0,0,1,0,0,2,"-8,234904","-34,979513",SPRF-PE,DEL01-PE,UOP03-DEL01-PE
208395.0,2019-05-10,sexta-feira,13:30:00,PE,232,"10,9",JABOATAO DOS GUARARAPES,Sinalização da via insuficiente ou inadequada,Colisão frontal,Com Vítimas Feridas,Pleno dia,Decrescente,Sol,Simples,Curva,Sim,2,0,1,0,1,0,1,2,"-8,08262633","-34,99558752",SPRF-PE,DEL01-PE,UOP01-DEL01-PE
208415.0,2019-05-10,sexta-feira,15:00:00,PE,428,189,PETROLINA,Falta de Atenção à Condução,Colisão transversal,Com Vítimas Feridas,Pleno dia,Decrescente,Sol,Simples,Reta,Sim,2,0,1,0,1,0,1,2,"-9,37751153","-40,50066948",SPRF-PE,DEL06-PE,UOP01-DEL06-PE
208441.0,2019-05-10,sexta-feira,18:00:00,PE,424,"77,3",CAETES,Restrição de Visibilidade,Atropelamento de Pedestre,Com Vítimas Fatais,Plena Noite,Decrescente,Céu Claro,Simples,Reta,Não,2,1,0,0,0,1,0,2,"-8,81586775","-36,57176971",SPRF-PE,DEL03-PE,UOP01-DEL03-PE
208649.0,2019-03-26,terça-feira,12:00:00,PE,101,158,RIBEIRAO,Velocidade Incompatível,Saída de leito carroçável,Com Vítimas Feridas,Pleno dia,Crescente,Chuva,Dupla,Curva,Não,2,0,1,0,1,0,1,1,"-8,55179162","-35,4051441",SPRF-PE,DEL01-PE,UOP03-DEL01-PE
208700.0,2019-05-11,sábado,16:35:00,PE,101,79,RECIFE,Falta de Atenção do Pedestre,Atropelamento de Pedestre,Com Vítimas Feridas,Plena Noite,Crescente,Céu Claro,Dupla,Curva,Sim,2,0,1,0,1,0,1,2,"-8,14366112","-34,94723453",SPRF-PE,DEL01-PE,UOP01-DEL01-PE
208705.0,2019-05-11,sábado,17:00:00,PE,428,188,PETROLINA,Ingestão de Álcool,Colisão com objeto estático,Com Vítimas Feridas,Pleno dia,Crescente,Céu Claro,Simples,Curva,Sim,2,0,2,0,0,0,2,1,"-9,36400596","-40,48266808",SPRF-PE,DEL06-PE,UOP01-DEL06-PE
208707.0,2019-05-11,sábado,17:50:00,PE,232,57,POMBOS,Falta de Atenção à Condução,Colisão lateral,Com Vítimas Feridas,Plena Noite,Decrescente,Nublado,Simples,Retorno Regulamentado,Não,3,0,1,1,0,1,2,2,"-8,1412132","-35,38181492",SPRF-PE,DEL01-PE,UOP02-DEL02PE
208747.0,2019-05-11,sábado,16:50:00,PE,423,118,PARANATAMA,Desobediência às normas de trânsito pelo condutor,Colisão transversal,Com Vítimas Feridas,Pleno dia,Decrescente,Céu Claro,Simples,Reta,Não,2,0,1,0,1,0,1,2,"-8,90888501","-36,677759",SPRF-PE,DEL03-PE,UOP01-DEL03-PE
208812.0,2019-05-12,domingo,02:00:00,PE,232,"254,2",ARCOVERDE,Ingestão de Álcool,Colisão frontal,Com Vítimas Feridas,Plena Noite,Decrescente,Vento,Simples,Reta,Sim,3,0,1,0,1,1,1,3,"-8,41875994","-37,07859892",SPRF-PE,DEL03-PE,UOP02-DEL03-PE
208815.0,2019-05-12,domingo,02:35:00,PE,423,"59,9",LAJEDO,Animais na Pista,Atropelamento de Animal,Sem Vítimas,Plena Noite,Decrescente,Nublado,Simples,Reta,Sim,2,0,0,0,2,0,0,1,"-8,64676387","-36,31558317",SPRF-PE,DEL03-PE,UOP01-DEL03-PE
208819.0,2019-05-12,domingo,03:10:00,PE,428,179,PETROLINA,Deficiência ou não Acionamento do Sistema de Iluminação/Sinalização do Veículo,Colisão traseira,Com Vítimas Feridas,Plena Noite,Decrescente,Céu Claro,Simples,Reta,Não,2,0,0,2,0,0,2,2,"-9,30466636","-40,45199275",SPRF-PE,DEL06-PE,UOP01-DEL06-PE
208911.0,2019-05-12,domingo,11:55:00,PE,101,69,RECIFE,Falta de Atenção à Condução,Colisão traseira,Com Vítimas Feridas,Pleno dia,Decrescente,Céu Claro,Dupla,Reta,Sim,5,0,1,0,4,0,1,2,"-8,05951606","-34,94581024",SPRF-PE,DEL01-PE,UOP01-DEL01-PE
208915.0,2019-05-12,domingo,10:30:00,PE,428,"141,2",PETROLINA,Ingestão de Álcool,Colisão transversal,Com Vítimas Feridas,Pleno dia,Decrescente,Céu Claro,Simples,Curva,Sim,3,0,1,1,1,0,2,2,"-8,99987394","-40,2721263",SPRF-PE,DEL06-PE,UOP01-DEL06-PE
209030.0,2019-05-12,domingo,15:45:00,PE,101,"80,6",JABOATAO DOS GUARARAPES,Desobediência às normas de trânsito pelo condutor,Colisão frontal,Com Vítimas Feridas,Pleno dia,Crescente,Nublado,Dupla,Reta;Desvio Temporário;Em Obra,Sim,4,0,0,1,3,0,1,2,"-8,15112589","-34,9428866",SPRF-PE,DEL01-PE,UOP03-DEL01-PE
209088.0,2019-05-12,domingo,19:00:00,PE,101,"19,8",GOIANA,Defeito Mecânico no Veículo,Incêndio,Sem Vítimas,Plena Noite,Decrescente,Céu Claro,Dupla,Reta,Não,1,0,0,0,1,0,0,1,"-7,65403379","-34,94408281",SPRF-PE,DEL01-PE,UOP02-DEL01-PE
209168.0,2019-05-12,domingo,23:50:00,PE,423,"75,5",JUCATI,Pista Escorregadia,Colisão com objeto estático,Com Vítimas Feridas,Plena Noite,Crescente,Céu Claro,Simples,Curva,Não,3,0,2,0,1,0,2,1,"-8,72777914","-36,43222377",SPRF-PE,DEL03-PE,UOP01-DEL03-PE
209216.0,2019-05-12,domingo,10:00:00,PE,316,1,ARARIPINA,Desobediência às normas de trânsito pelo condutor,Atropelamento de Pedestre,Com Vítimas Fatais,Pleno dia,Decrescente,Céu Claro,Simples,Reta,Sim,2,1,0,0,0,1,0,2,"-7,44845463","-40,65268582",SPRF-PE,DEL05-PE,UOP02-DEL05-PE
209276.0,2019-05-13,segunda-feira,09:15:00,PE,104,"75,6",CARUARU,Desobediência às normas de trânsito pelo condutor,Colisão frontal,Com Vítimas Fatais,Pleno dia,Decrescente,Céu Claro,Simples,Reta,Não,5,1,4,0,0,0,4,2,"-8,358562","-35,985699",SPRF-PE,DEL02-PE,UOP01-DEL02-PE
209356.0,2019-05-13,segunda-feira,11:00:00,PE,104,126,PANELAS,Condutor Dormindo,Saída de leito carroçável,Com Vítimas Feridas,Pleno dia,Decrescente,Ignorado,Simples,Reta,Não,4,0,2,0,2,0,2,1,"-8,745797","-36,024185",SPRF-PE,DEL02-PE,UOP01-DEL02-PE
209391.0,2019-05-13,segunda-feira,22:00:00,PE,101,"69,2",RECIFE,Defeito na Via,Queda de ocupante de veículo,Sem Vítimas,Plena Noite,Decrescente,Nublado,Múltipla,Curva,Sim,1,0,0,0,1,0,0,1,"-8,05951606","-34,94581024",SPRF-PE,DEL01-PE,UOP01-DEL01-PE
209433.0,2019-05-14,terça-feira,07:50:00,PE,428,188,PETROLINA,Desobediência às normas de trânsito pelo condutor,Colisão traseira,Com Vítimas Feridas,Pleno dia,Crescente,Sol,Simples,Interseção de Vias,Sim,2,0,1,0,1,0,1,2,"-9,376496","-40,49702",SPRF-PE,DEL06-PE,UOP01-DEL06-PE
209473.0,2019-05-14,terça-feira,11:40:00,PE,232,79,GRAVATA,Falta de Atenção à Condução,Colisão lateral,Com Vítimas Feridas,Pleno dia,Decrescente,Céu Claro,Dupla,Reta,Sim,2,0,1,0,1,0,1,2,"-8,19495645","-35,56058764",SPRF-PE,DEL01-PE,UOP02-DEL02PE
209513.0,2019-05-14,terça-feira,15:07:00,PE,407,"126,1",PETROLINA,Desobediência às normas de trânsito pelo condutor,Colisão transversal,Com Vítimas Feridas,Pleno dia,Decrescente,Céu Claro,Simples,Rotatória,Sim,2,0,1,0,1,0,1,2,"-9,38491309","-40,52809509",SPRF-PE,DEL06-PE,UOP01-DEL06-PE
209521.0,2019-05-14,terça-feira,17:00:00,PE,104,"64,9",CARUARU,Falta de Atenção à Condução,Colisão transversal,Com Vítimas Feridas,Anoitecer,Decrescente,Céu Claro,Dupla,Reta,Sim,2,0,1,0,1,0,1,2,"-8,27947692","-35,98126531",SPRF-PE,DEL02-PE,UOP01-DEL02-PE
209575.0,2019-05-14,terça-feira,19:20:00,PE,232,11,JABOATAO DOS GUARARAPES,Falta de Atenção à Condução,Colisão lateral,Com Vítimas Feridas,Plena Noite,Decrescente,Ignorado,Dupla,Reta,Não,4,0,2,0,1,1,2,2,"-8,08195464","-34,99545022",SPRF-PE,DEL01-PE,UOP01-DEL01-PE
209591.0,2019-05-15,quarta-feira,03:25:00,PE,408,"56,1",NAZARE DA MATA,Falta de Atenção à Condução,Colisão frontal,Com Vítimas Feridas,Amanhecer,Decrescente,Céu Claro,Simples,Reta,Sim,2,0,1,0,1,0,1,2,"-7,780636","-35,239391",SPRF-PE,DEL01-PE,UOP01-DEL01-PE
209705.0,2019-05-15,quarta-feira,18:05:00,PE,101,"93,9",CABO DE SANTO AGOSTINHO,Ingestão de Álcool,Colisão transversal,Com Vítimas Feridas,Plena Noite,Crescente,Céu Claro,Simples,Reta,Sim,2,0,1,0,1,0,1,2,"-8,2396419","-35,00335418",SPRF-PE,DEL01-PE,UOP03-DEL01-PE
209715.0,2019-05-15,quarta-feira,17:20:00,PE,407,129,PETROLINA,Falta de Atenção à Condução,Colisão traseira,Com Vítimas Feridas,Pleno dia,Crescente,Céu Claro,Dupla,Ponte,Não,2,0,1,0,1,0,1,2,"-9,40623398","-40,50459087",SPRF-PE,DEL06-PE,UOP01-DEL06-PE
209717.0,2019-05-15,quarta-feira,19:15:00,PE,232,"130,5",CARUARU,Desobediência às normas de trânsito pelo condutor,Colisão transversal,Com Vítimas Feridas,Plena Noite,Crescente,Céu Claro,Dupla,Reta,Sim,2,0,2,0,0,0,2,2,"-8,29983303","-35,989662",SPRF-PE,DEL02-PE,UOP03-DEL02-PE
209721.0,2019-05-15,quarta-feira,11:30:00,PE,428,191,PETROLINA,Desobediência às normas de trânsito pelo condutor,Colisão traseira,Com Vítimas Feridas,Pleno dia,Decrescente,Céu Claro,Dupla,Reta,Sim,3,0,1,0,2,0,1,3,"-9,37766429","-40,50269795",SPRF-PE,DEL06-PE,UOP01-DEL06-PE
209746.0,2019-03-16,sábado,09:30:00,PE,101,"57,4",RECIFE,Falta de Atenção à Condução,Engavetamento,Com Vítimas Feridas,Pleno dia,Decrescente,Sol,Dupla,Aclive,Não,7,0,1,1,2,3,2,3,"-7,96346213","-34,91513486",SPRF-PE,DEL01-PE,UOP02-DEL01-PE
209750.0,2019-05-15,quarta-feira,22:59:00,PE,423,31,CACHOEIRINHA,Desobediência às normas de trânsito pelo condutor,Colisão traseira,Sem Vítimas,Plena Noite,Crescente,Céu Claro,Simples,Reta,Não,2,0,0,0,2,0,0,2,"-8,42715582","-36,19793533",SPRF-PE,DEL02-PE,UOP03-DEL02-PE
209819.0,2019-05-16,quinta-feira,10:40:00,PE,101,"69,1",RECIFE,Falta de Atenção à Condução,Colisão lateral,Com Vítimas Feridas,Pleno dia,Crescente,Sol,Dupla,Reta,Não,2,0,1,0,1,0,1,2,"-8,05951606","-34,94581024",SPRF-PE,DEL01-PE,UOP01-DEL01-PE
209872.0,2019-05-16,quinta-feira,16:10:00,PE,104,"63,9",CARUARU,Desobediência às normas de trânsito pelo condutor,Colisão transversal,Com Vítimas Feridas,Pleno dia,Decrescente,Céu Claro,Dupla,Reta,Sim,2,0,1,0,1,0,1,2,"-8,2698","-35,9803",SPRF-PE,DEL02-PE,UOP01-DEL02-PE
209907.0,2019-05-16,quinta-feira,18:10:00,PE,428,183,PETROLINA,Animais na Pista,Atropelamento de Animal,Com Vítimas Feridas,Plena Noite,Decrescente,Céu Claro,Simples,Reta,Não,2,0,2,0,0,0,2,1,"-9,32412987","-40,46211325",SPRF-PE,DEL06-PE,UOP01-DEL06-PE
209945.0,2019-05-16,quinta-feira,22:15:00,PE,232,"416,2",SERRA TALHADA,Animais na Pista,Atropelamento de Animal,Sem Vítimas,Plena Noite,Decrescente,Céu Claro,Simples,Reta,Não,1,0,0,0,1,0,0,1,"-7,99977297","-38,35316401",SPRF-PE,DEL04-PE,UOP01-DEL04-PE
209953.0,2019-05-16,quinta-feira,23:45:00,PE,407,"124,8",PETROLINA,Ingestão de Álcool,Colisão traseira,Com Vítimas Feridas,Plena Noite,Decrescente,Céu Claro,Dupla,Reta,Sim,3,0,1,1,1,0,2,2,"-9,37827368","-40,53525925",SPRF-PE,DEL06-PE,UOP01-DEL06-PE