id,data_inversa,dia_semana,horario,uf,br,km,municipio,causa_acidente,tipo_acidente,classificacao_acidente,fase_dia,sentido_via,condicao_metereologica,tipo_pista,tracado_via,uso_solo,pessoas,mortos,feridos_leves,feridos_graves,ilesos,ignorados,feridos,veiculos,latitude,longitude,regional,delegacia,uop
210016.0,2019-05-17,sexta-feira,08:45:00,PE,104,"63,7",CARUARU,Ingestão de Álcool,Colisão com objeto estático,Sem Vítimas,Pleno dia,Crescente,Céu Claro,Simples,Reta,Sim,1,0,0,0,1,0,0,1,"-8,2698","-35,9803",SPRF-PE,DEL02-PE,UOP01-DEL02-PE
210036.0,2019-05-17,sexta-feira,10:50:00,PE,232,"13,1",JABOATAO DOS GUARARAPES,Velocidade Incompatível,Queda de ocupante de veículo,Com Vítimas Feridas,Pleno dia,Decrescente,Céu Claro,Dupla,Reta,Não,1,0,1,0,0,0,1,1,"-8,087786","-35,010228",SPRF-PE,DEL01-PE,UOP01-DEL01-PE
210047.0,2019-05-17,sexta-feira,12:40:00,PE,101,49,ABREU E LIMA,Falta de Atenção à Condução,Colisão transversal,Sem Vítimas,Pleno dia,Decrescente,Céu Claro,Múltipla,Interseção de Vias,Sim,2,0,0,0,2,0,0,2,"-7,9005152","-34,90180641",SPRF-PE,DEL01-PE,UOP02-DEL01-PE
210212.0,2019-05-18,sábado,04:45:00,PE,101,"55,5",PAULISTA,Falta de Atenção à Condução,Saída de leito carroçável,Com Vítimas Feridas,Amanhecer,Decrescente,Céu Claro,Dupla,Reta,Sim,1,0,0,1,0,0,1,1,"-7,94806621","-34,9062148",SPRF-PE,DEL01-PE,UOP02-DEL01-PE
210300.0,2019-05-18,sábado,15:25:00,PE,104,72,CARUARU,Velocidade Incompatível,Saída de leito carroçável,Com Vítimas Feridas,Pleno dia,Decrescente,Céu Claro,Simples,Curva,Não,2,0,1,1,0,0,2,1,"-8,332917","-35,981609",SPRF-PE,DEL02-PE,UOP01-DEL02-PE
210330.0,2019-05-18,sábado,18:40:00,PE,232,273,SERTANIA,Falta de Atenção à Condução,Capotamento,Com Vítimas Feridas,Plena Noite,Crescente,Céu Claro,Simples,Reta,Não,5,0,2,1,2,0,3,1,"-8,39901688","-37,2206068",SPRF-PE,DEL03-PE,UOP02-DEL03-PE
210332.0,2019-05-18,sábado,18:30:00,PE,428,79,SANTA MARIA DA BOA VISTA,Animais na Pista,Atropelamento de Animal,Com Vítimas Feridas,Plena Noite,Crescente,Céu Claro,Simples,Reta,Não,1,0,0,1,0,0,1,1,"-8,76127397","-39,80981804",SPRF-PE,DEL06-PE,UOP03-DEL06-PE
210409.0,2019-05-19,domingo,01:20:00,PE,232,"409,5",SERRA TALHADA,Velocidade Incompatível,Atropelamento de Pedestre,Com Vítimas Feridas,Plena Noite,Decrescente,Céu Claro,Simples,Reta,Sim,3,0,0,1,0,2,1,2,"-7,981944","-38,289467",SPRF-PE,DEL04-PE,UOP01-DEL04-PE
210488.0,2019-05-19,domingo,12:20:00,PE,232,35,MORENO,Defeito na Via,Colisão traseira,Sem Vítimas,Pleno dia,Decrescente,Céu Claro,Dupla,Reta,Sim,2,0,0,0,2,0,0,2,"-8,10907341","-35,19256991",SPRF-PE,DEL01-PE,UOP02-DEL02PE
210531.0,2019-05-19,domingo,17:00:00,PE,101,40,IGARASSU,Falta de Atenção à Condução,Atropelamento de Pedestre,Sem Vítimas,Anoitecer,Decrescente,Nublado,Múltipla,Declive,Sim,5,0,0,0,3,2,0,2,"-7,821475","-34,916545",SPRF-PE,DEL01-PE,UOP02-DEL01-PE
210535.0,2019-05-19,domingo,18:00:00,PE,232,45,VITORIA DE SANTO ANTAO,Falta de Atenção do Pedestre,Atropelamento de Pedestre,Com Vítimas Fatais,Plena Noite,Crescente,Céu Claro,Dupla,Reta,Não,2,1,0,0,1,0,0,2,"-8,128181","-35,281677",SPRF-PE,DEL01-PE,UOP02-DEL02PE
210548.0,2019-05-19,domingo,18:25:00,PE,232,"201,7",SANHARO,Desobediência às normas de trânsito pelo condutor,Atropelamento de Pedestre,Com Vítimas Fatais,Plena Noite,Crescente,Céu Claro,Simples,Reta,Não,2,1,0,0,0,1,0,2,"-8,37090033","-36,61659998",SPRF-PE,DEL02-PE,UOP03-DEL02-PE
210571.0,2019-05-19,domingo,20:10:00,PE,428,"188,1",PETROLINA,Desobediência às normas de trânsito pelo condutor,Colisão transversal,Com Vítimas Feridas,Plena Noite,Decrescente,Céu Claro,Múltipla,Retorno Regulamentado,Sim,3,0,1,0,2,0,1,3,"-9,375617","-40,490833",SPRF-PE,DEL06-PE,UOP01-DEL06-PE
210593.0,2019-05-19,domingo,21:45:00,PE,407,129,PETROLINA,Desobediência às normas de trânsito pelo condutor,Colisão transversal,Com Vítimas Feridas,Plena Noite,Decrescente,Céu Claro,Dupla,Viaduto,Sim,2,0,0,1,1,0,1,2,"-9,39958299","-40,50459298",SPRF-PE,DEL06-PE,UOP01-DEL06-PE
210609.0,2019-05-19,domingo,22:00:00,PE,101,"92,8",CABO DE SANTO AGOSTINHO,Não guardar distância de segurança,Colisão traseira,Com Vítimas Fatais,Plena Noite,Crescente,Garoa/Chuvisco,Dupla,Reta,Não,3,1,1,0,1,0,1,2,"-8,237587","-35,002128",SPRF-PE,DEL01-PE,UOP03-DEL01-PE
210616.0,2019-05-19,domingo,19:50:00,PE,101,"48,1",ABREU E LIMA,Não guardar distância de segurança,Colisão traseira,Com Vítimas Feridas,Plena Noite,Decrescente,Céu Claro,Múltipla,Reta,Sim,2,0,1,0,0,1,1,2,"-7,89174705","-34,9033493",SPRF-PE,DEL01-PE,UOP02-DEL01-PE
210648.0,2019-05-20,segunda-feira,06:40:00,PE,101,53,PAULISTA,Falta de Atenção à Condução,Colisão traseira,Com Vítimas Feridas,Pleno dia,Decrescente,Céu Claro,Múltipla,Reta,Não,2,0,0,1,1,0,1,2,"-7,93124094","-34,90068606",SPRF-PE,DEL01-PE,UOP02-DEL01-PE
210665.0,2019-05-20,segunda-feira,08:19:00,PE,,,SALGUEIRO,Falta de Atenção à Condução,Colisão traseira,Sem Vítimas,Pleno dia,Não Informado,Céu Claro,Simples,Reta,Sim,2,0,0,0,1,1,0,2,"-8,0742532","-39,1323803",SPRF-PE,DEL05-PE,UOP01-DEL05-PE
210715.0,2019-05-20,segunda-feira,12:56:00,PE,104,28,TORITAMA,Desobediência às normas de trânsito pelo condutor,Engavetamento,Sem Vítimas,Pleno dia,Crescente,Céu Claro,Simples,Reta,Sim,6,0,0,0,6,0,0,5,"-8,0065","-36,0709",SPRF-PE,DEL02-PE,UOP01-DEL02-PE
210753.0,2019-05-20,segunda-feira,16:55:00,PE,232,"408,8",SERRA TALHADA,Desobediência às normas de trânsito pelo condutor,Colisão transversal,Com Vítimas Feridas,Pleno dia,Crescente,Céu Claro,Simples,Interseção de Vias,Sim,2,0,0,1,1,0,1,2,"-7,98371447","-38,28047709",SPRF-PE,DEL04-PE,UOP01-DEL04-PE
210876.0,2019-05-21,terça-feira,09:50:00,PE,101,169,AGUA PRETA,Velocidade Incompatível,Saída de leito carroçável,Sem Vítimas,Pleno dia,Crescente,Chuva,Dupla,Curva,Não,1,0,0,0,1,0,0,1,"-8,57679958","-35,48941902",SPRF-PE,DEL01-PE,UOP03-DEL01-PE
210887.0,2019-05-21,terça-feira,10:40:00,PE,104,"61,1",CARUARU,Falta de Atenção à Condução,Colisão transversal,Com Vítimas Feridas,Pleno dia,Decrescente,Chuva,Dupla,Retorno Regulamentado,Sim,3,0,1,0,2,0,1,2,"-8,25226457","-35,97473145",SPRF-PE,DEL02-PE,UOP01-DEL02-PE
210891.0,2019-05-18,sábado,11:00:00,PE,116,27,SALGUEIRO,Objeto estático sobre o leito carroçável,Colisão com objeto em movimento,Sem Vítimas,Pleno dia,Decrescente,Céu Claro,Simples,Reta,Sim,3,0,0,0,3,0,0,1,"-8,078546","-39,130867",SPRF-PE,DEL05-PE,UOP01-DEL05-PE
210903.0,2019-05-01,quarta-feira,09:40:00,PE,423,"93,1",GARANHUNS,Não guardar distância de segurança,Colisão traseira,Com Vítimas Feridas,Pleno dia,Crescente,Céu Claro,Simples,Reta,Sim,2,0,1,0,0,1,1,2,"-8,86972012","-36,46323792",SPRF-PE,DEL03-PE,UOP01-DEL03-PE
210924.0,2019-05-21,terça-feira,17:10:00,PE,232,"29,2",MORENO,Falta de Atenção do Pedestre,Atropelamento de Pedestre,Com Vítimas Fatais,Pleno dia,Crescente,Nublado,Dupla,Curva;Aclive                  ,Não,2,1,0,0,1,0,0,2,"-8,111269","-35,143135",SPRF-PE,DEL01-PE,UOP02-DEL02PE
210968.0,2019-05-21,terça-feira,17:30:00,PE,232,"29,2",MORENO,Falta de Atenção à Condução,Atropelamento de Pedestre,Com Vítimas Feridas,Anoitecer,Crescente,Nublado,Dupla,Declive;Reta                  ,Não,2,0,0,1,1,0,1,2,"-8,111269","-35,143135",SPRF-PE,DEL01-PE,UOP02-DEL02PE
210986.0,2019-05-21,terça-feira,21:30:00,PE,232,"408,3",SERRA TALHADA,Desobediência às normas de trânsito pelo condutor,Colisão lateral,Com Vítimas Feridas,Plena Noite,Crescente,Céu Claro,Simples,Reta,Sim,3,0,1,0,2,0,1,2,"-7,98371447","-38,28047709",SPRF-PE,DEL04-PE,UOP01-DEL04-PE
210996.0,2019-05-21,terça-feira,22:30:00,PE,104,64,CARUARU,Animais na Pista,Atropelamento de Animal,Com Vítimas Feridas,Plena Noite,Crescente,Chuva,Dupla,Curva,Sim,1,0,1,0,0,0,1,1,"-8,2783","-35,9815",SPRF-PE,DEL02-PE,UOP01-DEL02-PE
211006.0,2019-05-21,terça-feira,23:30:00,PE,232,180,BELO JARDIM,Falta de Atenção à Condução,Colisão traseira,Sem Vítimas,Plena Noite,Decrescente,Chuva,Simples,Reta,Sim,2,0,0,0,0,2,0,2,"-8,34449745","-36,4288801",SPRF-PE,DEL02-PE,UOP03-DEL02-PE
211022.0,2019-05-22,quarta-feira,04:45:00,PE,232,"59,2",POMBOS,Deficiência ou não Acionamento do Sistema de Iluminação/Sinalização do Veículo,Colisão traseira,Com Vítimas Feridas,Amanhecer,Decrescente,Nublado,Dupla,Reta,Sim,2,0,1,0,1,0,1,2,"-8,1471233","-35,39890998",SPRF-PE,DEL01-PE,UOP02-DEL02PE
211059.0,2019-04-24,quarta-feira,15:00:00,PE,232,"4,8",RECIFE,Não guardar distância de segurança,Colisão traseira,Com Vítimas Feridas,Pleno dia,Decrescente,Sol,Dupla,Viaduto,Sim,2,0,1,0,1,0,1,2,"-8,064473","-34,936928",SPRF-PE,DEL01-PE,UOP01-DEL01-PE
211098.0,2019-05-22,quarta-feira,15:16:00,PE,104,27,CARUARU,Falta de Atenção à Condução,Colisão traseira,Com Vítimas Fatais,Pleno dia,Crescente,Céu Claro,Simples,Reta,Sim,2,1,0,0,1,0,0,2,"-7,985154","-36,099102",SPRF-PE,DEL02-PE,UOP01-DEL02-PE
211133.0,2019-05-22,quarta-feira,18:40:00,PE,232,"55,7",POMBOS,Falta de Atenção à Condução,Colisão traseira,Com Vítimas Feridas,Plena Noite,Crescente,Céu Claro,Dupla,Reta,Não,3,0,2,0,0,1,2,2,"-8,13255758","-35,36570027",SPRF-PE,DEL01-PE,UOP02-DEL02PE
211258.0,2019-05-23,quinta-feira,15:05:00,PE,424,87,GARANHUNS,Desobediência às normas de trânsito pelo condutor,Colisão lateral,Com Vítimas Feridas,Pleno dia,Decrescente,Céu Claro,Simples,Reta,Sim,2,0,1,0,1,0,1,2,"-8,874289","-36,507607",SPRF-PE,DEL03-PE,UOP01-DEL03-PE
211260.0,2019-03-10,domingo,16:20:00,PE,101,85,JABOATAO DOS GUARARAPES,Ingestão de Álcool,Colisão transversal,Sem Vítimas,Pleno dia,Crescente,Céu Claro,Simples,Reta,Sim,2,0,0,0,2,0,0,2,"-8,18065563","-34,95965322",SPRF-PE,DEL01-PE,UOP03-DEL01-PE
211267.0,2019-05-23,quinta-feira,13:50:00,PE,101,188,PALMARES,Falta de Atenção à Condução,Colisão com objeto estático,Com Vítimas Feridas,Pleno dia,Decrescente,Sol,Dupla,Curva,Sim,1,0,1,0,0,0,1,1,"-8,6909807","-35,5954771",SPRF-PE,DEL01-PE,UOP03-DEL01-PE
211280.0,2019-05-18,sábado,08:45:00,PE,101,136,ESCADA,Defeito Mecânico no Veículo,Saída de leito carroçável,Com Vítimas Feridas,Pleno dia,Decrescente,Sol,Dupla,Curva,Não,1,0,1,0,0,0,1,1,"-8,41439454","-35,3044618",SPRF-PE,DEL01-PE,UOP03-DEL01-PE
211382.0,2019-05-24,sexta-feira,06:23:00,PE,428,189,PETROLINA,Restrição de Visibilidade,Colisão traseira,Sem Vítimas,Amanhecer,Decrescente,Sol,Múltipla,Reta,Sim,3,0,0,0,3,0,0,3,"-9,37197508","-40,48679585",SPRF-PE,DEL06-PE,UOP01-DEL06-PE
211404.0,2019-05-24,sexta-feira,08:35:00,PE,101,114,IPOJUCA,Pista Escorregadia,Queda de ocupante de veículo,Com Vítimas Feridas,Pleno dia,Decrescente,Chuva,Dupla,Curva,Sim,1,0,0,1,0,0,1,1,"-8,33585626","-35,1333699",SPRF-PE,DEL01-PE,UOP03-DEL01-PE
211412.0,2019-05-24,sexta-feira,10:00:00,PE,101,116,ESCADA,Defeito na Via,Saída de leito carroçável,Com Vítimas Feridas,Pleno dia,Crescente,Chuva,Dupla,Reta,Sim,1,0,1,0,0,0,1,1,"-8,34532196","-35,14676704",SPRF-PE,DEL01-PE,UOP03-DEL01-PE
211642.0,2019-05-25,sábado,14:20:00,PE,101,"81,9",JABOATAO DOS GUARARAPES,Desobediência às normas de trânsito pelo condutor,Colisão frontal,Sem Vítimas,Pleno dia,Decrescente,Céu Claro,Dupla,Reta,Sim,3,0,0,0,1,2,0,2,"-8,12705629","-35,02962291",SPRF-PE,DEL01-PE,UOP03-DEL01-PE
211680.0,2019-05-25,sábado,18:30:00,PE,101,46,IGARASSU,Ingestão de Álcool,Colisão traseira,Com Vítimas Feridas,Plena Noite,Crescente,Céu Claro,Múltipla,Reta,Sim,4,0,1,0,3,0,1,3,"-7,87383958","-34,90627885",SPRF-PE,DEL01-PE,UOP02-DEL01-PE
211704.0,2019-05-25,sábado,19:45:00,PE,101,54,PAULISTA,Falta de Atenção à Condução,Colisão lateral,Com Vítimas Feridas,Plena Noite,Decrescente,Céu Claro,Simples,Reta,Sim,2,0,1,0,1,0,1,2,"-7,93961103","-34,90356584",SPRF-PE,DEL01-PE,UOP02-DEL01-PE
211728.0,2019-05-25,sábado,22:10:00,PE,424,"0,8",ARCOVERDE,Desobediência às normas de trânsito pelo condutor,Atropelamento de Pedestre,Com Vítimas Fatais,Plena Noite,Decrescente,Céu Claro,Simples,Reta,Sim,5,1,0,1,2,1,1,3,"-8,43686372","-37,0593363",SPRF-PE,DEL03-PE,UOP02-DEL03-PE
211742.0,2019-05-25,sábado,21:20:00,PE,232,"79,6",GRAVATA,Ingestão de Álcool,Colisão lateral,Sem Vítimas,Plena Noite,Decrescente,Céu Claro,Simples,Interseção de Vias;Reta       ,Sim,2,0,0,0,2,0,0,2,"-8,19460572","-35,56074803",SPRF-PE,DEL01-PE,UOP02-DEL02PE
211748.0,2019-05-26,domingo,00:30:00,PE,101,41,IGARASSU,Falta de Atenção à Condução,Colisão lateral,Sem Vítimas,Plena Noite,Decrescente,Chuva,Dupla,Reta,Sim,3,0,0,0,1,2,0,2,"-7,83038346","-34,91426785",SPRF-PE,DEL01-PE,UOP02-DEL01-PE
211762.0,2019-05-26,domingo,02:00:00,PE,101,72,RECIFE,Ingestão de Álcool,Colisão frontal,Com Vítimas Feridas,Plena Noite,Crescente,Céu Claro,Simples,Reta,Sim,3,0,1,0,1,1,1,3,"-8,08493106","-34,9450639",SPRF-PE,DEL01-PE,UOP01-DEL01-PE
211906.0,2019-05-26,domingo,18:20:00,PE,101,67,RECIFE,Falta de Atenção do Pedestre,Atropelamento de Pedestre,Com Vítimas Fatais,Plena Noite,Decrescente,Chuva,Dupla,Reta;Em Obras                 ,Sim,2,1,1,0,0,0,1,2,"-8,042334","-34,943096",SPRF-PE,DEL01-PE,UOP01-DEL01-PE
211972.0,2019-05-27,segunda-feira,05:40:00,PE,232,"11,5",JABOATAO DOS GUARARAPES,Restrição de Visibilidade,Tombamento,Com Vítimas Feridas,Amanhecer,Decrescente,Chuva,Dupla,Aclive,Sim,1,0,1,0,0,0,1,1,"-8,08195464","-34,99545022",SPRF-PE,DEL01-PE,UOP01-DEL01-PE
211974.0,2019-05-27,segunda-feira,06:00:00,PE,232,"118,8",CARUARU,Defeito na Via,Saída de leito carroçável,Com Vítimas Fatais,Pleno dia,Crescente,Garoa/Chuvisco,Dupla,Aclive,Não,4,1,3,0,0,0,3,1,"-8,29561","-35,89119",SPRF-PE,DEL02-PE,UOP03-DEL02-PE
212043.0,2019-05-27,segunda-feira,12:00:00,PE,232,302,SERTANIA,Falta de Atenção à Condução,Saída de leito carroçável,Com Vítimas Feridas,Pleno dia,Crescente,Céu Claro,Simples,Reta,Não,1,0,1,0,0,0,1,1,"-8,21293308","-37,42524012",SPRF-PE,DEL03-PE,UOP02-DEL03-PE
212066.0,2019-05-27,segunda-feira,16:20:00,PE,101,45,IGARASSU,Falta de Atenção à Condução,Colisão traseira,Com Vítimas Feridas,Pleno dia,Crescente,Vento,Múltipla,Reta,Sim,3,0,1,0,2,0,1,2,"-7,86521297","-34,90715176",SPRF-PE,DEL01-PE,UOP02-DEL01-PE
212077.0,2019-05-27,segunda-feira,17:30:00,PE,101,"65,7",RECIFE,Não guardar distância de segurança,Tombamento,Com Vítimas Feridas,Anoitecer,Decrescente,Céu Claro,Dupla,Reta,Sim,2,0,1,0,1,0,1,2,"-8,02478597","-34,94276635",SPRF-PE,DEL01-PE,UOP01-DEL01-PE
212084.0,2019-05-27,segunda-feira,18:10:00,PE,104,"85,2",AGRESTINA,Animais na Pista,Atropelamento de Animal,Com Vítimas Fatais,Plena Noite,Crescente,Céu Claro,Simples,Aclive,Não,2,1,0,1,0,0,1,1,"-8,438719","-35,955177",SPRF-PE,DEL02-PE,UOP01-DEL02-PE
212087.0,2019-05-27,segunda-feira,18:00:00,PE,101,"68,3",RECIFE,Falta de Atenção do Pedestre,Atropelamento de Pedestre,Com Vítimas Feridas,Plena Noite,Crescente,Nublado,Dupla,Reta,Sim,2,0,2,0,0,0,2,2,"-8,05074296","-34,94580619",SPRF-PE,DEL01-PE,UOP01-DEL01-PE
212131.0,2019-05-27,segunda-feira,23:30:00,PE,232,129,CARUARU,Ingestão de Álcool,Colisão com objeto estático,Com Vítimas Feridas,Plena Noite,Crescente,Céu Claro,Simples,Viaduto;Curva;Declive         ,Sim,1,0,1,0,0,0,1,1,"-8,30193507","-35,98092002",SPRF-PE,DEL02-PE,UOP03-DEL02-PE
212251.0,2019-05-28,terça-feira,17:55:00,PE,101,"70,2",RECIFE,Falta de Atenção do Pedestre,Atropelamento de Pedestre,Com Vítimas Feridas,Plena Noite,Decrescente,Céu Claro,Dupla,Reta,Sim,2,0,1,1,0,0,2,2,"-8,06776119","-34,94265074",SPRF-PE,DEL01-PE,UOP01-DEL01-PE
212298.0,2019-05-28,terça-feira,21:40:00,PE,232,22,MORENO,Falta de Atenção à Condução,Queda de ocupante de veículo,Com Vítimas Feridas,Plena Noite,Decrescente,Nublado,Dupla,Reta,Não,3,0,2,0,0,1,2,2,"-8,09736","-35,08683",SPRF-PE,DEL01-PE,UOP02-DEL02PE
212307.0,2019-05-28,terça-feira,18:10:00,PE,428,"188,1",PETROLINA,Falta de Atenção à Condução,Colisão transversal,Com Vítimas Feridas,Plena Noite,Crescente,Céu Claro,Dupla,Reta,Sim,2,0,2,0,0,0,2,2,"-9,37573317","-40,49247265",SPRF-PE,DEL06-PE,UOP01-DEL06-PE
212349.0,2019-05-29,quarta-feira,09:25:00,PE,101,"46,3",IGARASSU,Falta de Atenção à Condução,Colisão traseira,Com Vítimas Feridas,Pleno dia,Decrescente,Nublado,Múltipla,Reta,Sim,2,0,1,0,1,0,1,2,"-7,87406004","-34,90588126",SPRF-PE,DEL01-PE,UOP02-DEL01-PE
212371.0,2019-05-29,quarta-feira,11:35:00,PE,116,26,SALGUEIRO,Falta de Atenção à Condução,Colisão transversal,Com Vítimas Feridas,Pleno dia,Crescente,Céu Claro,Simples,Reta,Sim,2,0,1,0,1,0,1,2,"-8,07138201","-39,13372993",SPRF-PE,DEL05-PE,UOP01-DEL05-PE
212389.0,2019-05-29,quarta-feira,12:10:00,PE,423,94,GARANHUNS,Falta de Atenção à Condução,Colisão transversal,Com Vítimas Feridas,Pleno dia,Crescente,Céu Claro,Simples,Reta,Sim,2,0,1,0,1,0,1,2,"-8,874732","-36,46946",SPRF-PE,DEL03-PE,UOP01-DEL03-PE
212454.0,2019-05-29,quarta-feira,23:15:00,PE,101,"44,9",IGARASSU,Falta de Atenção à Condução,Colisão traseira,Sem Vítimas,Plena Noite,Decrescente,Nublado,Simples,Reta,Sim,2,0,0,0,2,0,0,2,"-7,85637001","-34,90842109",SPRF-PE,DEL01-PE,UOP02-DEL01-PE
212526.0,2019-01-21,segunda-feira,06:10:00,PE,424,85,GARANHUNS,Animais na Pista,Colisão traseira,Com Vítimas Feridas,Pleno dia,Crescente,Céu Claro,Simples,Reta,Não,2,0,0,1,1,0,1,2,"-8,857109","-36,512157",SPRF-PE,DEL03-PE,UOP01-DEL03-PE
212582.0,2019-05-30,quinta-feira,17:50:00,PE,408,"83,8",PAUDALHO,Falta de Atenção à Condução,Tombamento,Com Vítimas Feridas,Anoitecer,Decrescente,Céu Claro,Dupla,Aclive;Curva                  ,Não,1,0,0,1,0,0,1,1,"-7,94549251","-35,11580722",SPRF-PE,DEL01-PE,UOP01-DEL01-PE
212587.0,2019-05-30,quinta-feira,18:10:00,PE,316,82,OURICURI,Animais na Pista,Atropelamento de Animal,Com Vítimas Feridas,Plena Noite,Crescente,Céu Claro,Simples,Reta,Sim,2,0,2,0,0,0,2,1,"-7,8712915","-40,09366321",SPRF-PE,DEL05-PE,UOP02-DEL05-PE
212677.0,2019-05-31,sexta-feira,09:15:00,PE,101,"45,7",IGARASSU,Falta de Atenção à Condução,Atropelamento de Pedestre,Sem Vítimas,Pleno dia,Decrescente,Céu Claro,Múltipla,Reta,Sim,2,0,0,0,1,1,0,2,"-7,86928","-34,90663",SPRF-PE,DEL01-PE,UOP02-DEL01-PE
212785.0,2019-05-31,sexta-feira,19:30:00,PE,232,"212,3",PESQUEIRA,Não guardar distância de segurança,Tombamento,Com Vítimas Fatais,Plena Noite,Crescente,Céu Claro,Simples,Reta,Sim,2,1,0,0,1,0,0,2,"-8,3742","-36,71593",SPRF-PE,DEL02-PE,UOP03-DEL02-PE
212792.0,2019-05-31,sexta-feira,19:30:00,PE,101,"62,4",RECIFE,Ingestão de Álcool,Colisão lateral,Com Vítimas Feridas,Plena Noite,Decrescente,Nublado,Dupla,Reta,Sim,3,0,2,0,1,0,2,2,"-8,00484","-34,937931",SPRF-PE,DEL01-PE,UOP02-DEL01-PE
212813.0,2019-05-31,sexta-feira,21:30:00,PE,232,252,ARCOVERDE,Ingestão de Álcool,Colisão lateral,Com Vítimas Feridas,Plena Noite,Crescente,Céu Claro,Simples,Reta,Sim,2,0,0,1,0,1,1,2,"-8,43086","-37,06536",SPRF-PE,DEL03-PE,UOP02-DEL03-PE
212819.0,2019-05-31,sexta-feira,22:20:00,PE,423,"36,2",CACHOEIRINHA,Falta de Atenção à Condução,Colisão lateral,Com Vítimas Fatais,Plena Noite,Decrescente,Nublado,Simples,Reta,Não,3,1,1,0,0,1,1,2,"-8,46717915","-36,21840865",SPRF-PE,DEL02-PE,UOP03-DEL02-PE
212820.0,2019-05-31,sexta-feira,22:40:00,PE,428,183,PETROLINA,Falta de Atenção à Condução,Colisão transversal,Com Vítimas Feridas,Plena Noite,Crescente,Céu Claro,Simples,Reta,Sim,2,0,1,0,1,0,1,2,"-9,32412987","-40,46211325",SPRF-PE,DEL06-PE,UOP01-DEL06-PE
212968.0,2019-06-01,sábado,16:40:00,PE,101,70,RECIFE,Desobediência às normas de trânsito pelo condutor,Colisão frontal,Sem Vítimas,Pleno dia,Decrescente,Céu Claro,Dupla,Reta,Sim,4,0,0,0,1,3,0,3,"-8,07774487","-34,93465662",SPRF-PE,DEL01-PE,UOP01-DEL01-PE
212980.0,2019-06-01,sábado,19:30:00,PE,101,"78,7",RECIFE,Falta de Atenção à Condução,Colisão transversal,Com Vítimas Feridas,Plena Noite,Crescente,Céu Claro,Dupla,Retorno Regulamentado,Sim,3,0,1,1,1,0,2,2,"-8,13496499","-34,94738614",SPRF-PE,DEL01-PE,UOP01-DEL01-PE
213012.0,2019-06-01,sábado,22:20:00,PE,423,"195,9",ITAIBA,Falta de Atenção à Condução,Colisão traseira,Com Vítimas Feridas,Plena Noite,Decrescente,Céu Claro,Simples,Reta,Não,5,0,3,0,2,0,3,2,"-9,1359068","-37,27701401",SPRF-AL,DEL03-AL,UOP02-DEL03-AL
213058.0,2019-06-02,domingo,04:00:00,PE,116,26,SALGUEIRO,Ingestão de Álcool,Saída de leito carroçável,Com Vítimas Feridas,Amanhecer,Decrescente,Céu Claro,Simples,Declive,Sim,2,0,2,0,0,0,2,1,"-8,069921","-39,13364",SPRF-PE,DEL05-PE,UOP01-DEL05-PE
213129.0,2019-06-02,domingo,09:50:00,PE,104,"60,9",CARUARU,Condutor Dormindo,Capotamento,Com Vítimas Feridas,Pleno dia,Crescente,Céu Claro,Dupla,Reta,Sim,1,0,1,0,0,0,1,1,"-8,242331","-35,975378",SPRF-PE,DEL02-PE,UOP01-DEL02-PE
213131.0,2019-06-02,domingo,10:00:00,PE,104,18,TAQUARITINGA DO NORTE,Velocidade Incompatível,Saída de leito carroçável,Com Vítimas Fatais,Pleno dia,Crescente,Céu Claro,Simples,Curva,Não,4,1,0,3,0,0,3,1,"-7,939486","-36,124489",SPRF-PE,DEL02-PE,UOP01-DEL02-PE
213139.0,2019-06-02,domingo,10:55:00,PE,423,58,LAJEDO,Falta de Atenção à Condução,Colisão traseira,Sem Vítimas,Pleno dia,Decrescente,Céu Claro,Simples,Reta,Não,5,0,0,0,2,3,0,3,"-8,63241321","-36,30454473",SPRF-PE,DEL03-PE,UOP01-DEL03-PE
213193.0,2019-06-02,domingo,17:46:00,PE,232,"9,3",JABOATAO DOS GUARARAPES,Ingestão de Álcool,Colisão lateral,Com Vítimas Feridas,Anoitecer,Decrescente,Céu Claro,Dupla,Reta,Sim,2,0,1,0,1,0,1,2,"-8,07764447","-34,97863609",SPRF-PE,DEL01-PE,UOP01-DEL01-PE
213204.0,2019-06-02,domingo,18:20:00,PE,101,"37,8",ITAPISSUMA,Falta de Atenção à Condução,Colisão transversal,Com Vítimas Feridas,Plena Noite,Decrescente,Céu Claro,Dupla,Aclive,Não,7,0,6,0,1,0,6,2,"-7,79726705","-34,9274932",SPRF-PE,DEL01-PE,UOP02-DEL01-PE
213205.0,2019-06-02,domingo,18:30:00,PE,104,17,TAQUARITINGA DO NORTE,Falta de Atenção do Pedestre,Atropelamento de Pedestre,Com Vítimas Feridas,Plena Noite,Crescente,Céu Claro,Simples,Reta,Não,2,0,0,1,1,0,1,2,"-7,931927","-36,11956",SPRF-PE,DEL02-PE,UOP01-DEL02-PE
213263.0,2019-06-02,domingo,22:00:00,PE,232,"30,9",MORENO,Velocidade Incompatível,Saída de leito carroçável,Sem Vítimas,Plena Noite,Decrescente,Céu Claro,Dupla,Curva,Não,1,0,0,0,0,1,0,1,"-8,106039","-35,159151",SPRF-PE,DEL01-PE,UOP02-DEL02PE
213295.0,2019-06-03,segunda-feira,04:50:00,PE,101,"52,2",PAULISTA,Falta de Atenção do Pedestre,Atropelamento de Pedestre,Com Vítimas Fatais,Amanhecer,Decrescente,Nublado,Dupla,Reta,Sim,2,1,0,0,0,1,0,2,"-7,9277176","-34,8978391",SPRF-PE,DEL01-PE,UOP02-DEL01-PE
213346.0,2019-06-03,segunda-feira,08:50:00,PE,316,"330,5",FLORESTA,Ingestão de Álcool,Colisão frontal,Com Vítimas Feridas,Pleno dia,Decrescente,Céu Claro,Simples,Reta,Não,3,0,2,1,0,0,3,2,"-8,74635417","-38,40938209",SPRF-PE,DEL04-PE,UOP03-DEL04-PE