id,data_inversa,dia_semana,horario,uf,br,km,municipio,causa_acidente,tipo_acidente,classificacao_acidente,fase_dia,sentido_via,condicao_metereologica,tipo_pista,tracado_via,uso_solo,pessoas,mortos,feridos_leves,feridos_graves,ilesos,ignorados,feridos,veiculos,latitude,longitude,regional,delegacia,uop
216965.0,2019-06-20,quinta-feira,19:30:00,PE,101,"60,6",RECIFE,Desobediência às normas de trânsito pelo condutor,Colisão lateral,Com Vítimas Feridas,Plena Noite,Decrescente,Céu Claro,Dupla,Reta,Sim,3,0,2,0,0,1,2,2,"-7,98344307","-34,93176727",SPRF-PE,DEL01-PE,UOP02-DEL01-PE
217023.0,2019-06-21,sexta-feira,01:20:00,PE,408,"91,6",SAO LOURENCO DA MATA,Animais na Pista,Atropelamento de Animal,Com Vítimas Feridas,Plena Noite,Decrescente,Nublado,Dupla,Curva,Não,1,0,1,0,0,0,1,1,"-7,99473192","-35,07007592",SPRF-PE,DEL01-PE,UOP01-DEL01-PE
217050.0,2019-06-21,sexta-feira,01:40:00,PE,407,129,PETROLINA,Mal Súbito,Queda de ocupante de veículo,Com Vítimas Feridas,Plena Noite,Crescente,Céu Claro,Dupla,Ponte,Sim,1,0,0,1,0,0,1,1,"-9,39958299","-40,50459298",SPRF-PE,DEL06-PE,UOP01-DEL06-PE
217095.0,2019-06-21,sexta-feira,12:20:00,PE,408,"88,8",SAO LOURENCO DA MATA,Avarias e/ou desgaste excessivo no pneu,Colisão com objeto estático,Com Vítimas Feridas,Pleno dia,Decrescente,Céu Claro,Dupla,Reta,Sim,5,0,2,0,3,0,2,1,"-7,97432974","-35,08598372",SPRF-PE,DEL01-PE,UOP01-DEL01-PE
217118.0,2019-06-21,sexta-feira,16:30:00,PE,232,9,RECIFE,Não guardar distância de segurança,Engavetamento,Com Vítimas Feridas,Pleno dia,Crescente,Sol,Dupla,Aclive,Sim,4,0,1,0,3,0,1,4,"-8,07764447","-34,97863609",SPRF-PE,DEL01-PE,UOP01-DEL01-PE
217119.0,2019-06-21,sexta-feira,15:40:00,PE,232,"84,4",GRAVATA,Desobediência às normas de trânsito pelo condutor,Colisão lateral,Com Vítimas Feridas,Pleno dia,Decrescente,Céu Claro,Dupla,Aclive;Reta                   ,Sim,2,0,0,1,1,0,1,2,"-8,20801795","-35,60776234",SPRF-PE,DEL01-PE,UOP02-DEL02PE
217121.0,2019-06-21,sexta-feira,16:28:00,PE,232,"212,6",PESQUEIRA,Falta de Atenção à Condução,Colisão lateral,Sem Vítimas,Pleno dia,Crescente,Céu Claro,Simples,Interseção de Vias,Sim,2,0,0,0,2,0,0,2,"-8,37328104","-36,71376998",SPRF-PE,DEL02-PE,UOP03-DEL02-PE
217126.0,2019-06-21,sexta-feira,17:15:00,PE,101,"47,5",IGARASSU,Não guardar distância de segurança,Colisão traseira,Sem Vítimas,Anoitecer,Crescente,Céu Claro,Simples,Reta,Sim,2,0,0,0,2,0,0,2,"-7,88290701","-34,90461208",SPRF-PE,DEL01-PE,UOP02-DEL01-PE
217129.0,2019-06-21,sexta-feira,17:20:00,PE,232,"7,8",RECIFE,Falta de Atenção à Condução,Colisão transversal,Com Vítimas Feridas,Anoitecer,Decrescente,Céu Claro,Dupla,Reta,Sim,2,0,1,0,1,0,1,2,"-8,075612","-34,969007",SPRF-PE,DEL01-PE,UOP01-DEL01-PE
217131.0,2019-06-21,sexta-feira,17:50:00,PE,316,"344,4",PETROLANDIA,Ingestão de Álcool,Queda de ocupante de veículo,Com Vítimas Fatais,Anoitecer,Crescente,Céu Claro,Simples,Reta,Não,1,1,0,0,0,0,0,1,"-8,89381398","-38,25511068",SPRF-PE,DEL04-PE,UOP03-DEL04-PE
217133.0,2019-06-21,sexta-feira,17:45:00,PE,232,5,RECIFE,Não guardar distância de segurança,Colisão lateral,Com Vítimas Feridas,Plena Noite,Crescente,Céu Claro,Dupla,Reta,Sim,2,0,1,0,1,0,1,2,"-8,06795766","-34,94535414",SPRF-PE,DEL01-PE,UOP01-DEL01-PE
217149.0,2019-06-21,sexta-feira,15:15:00,PE,116,83,BELEM DE SAO FRANCISCO,Falta de Atenção à Condução,Saída de leito carroçável,Sem Vítimas,Pleno dia,Decrescente,Céu Claro,Simples,Curva,Não,1,0,0,0,1,0,0,1,"-8,550911","-39,226807",SPRF-PE,DEL05-PE,UOP03-DEL05-PE
217180.0,2019-06-21,sexta-feira,22:30:00,PE,423,96,GARANHUNS,Falta de Atenção à Condução,Colisão transversal,Com Vítimas Feridas,Plena Noite,Crescente,Céu Claro,Simples,Curva,Sim,3,0,2,0,1,0,2,2,"-8,879846","-36,494311",SPRF-PE,DEL03-PE,UOP01-DEL03-PE
217188.0,2019-06-22,sábado,02:05:00,PE,101,69,RECIFE,Defeito na Via,Tombamento,Com Vítimas Feridas,Plena Noite,Crescente,Céu Claro,Dupla,Em Obras,Sim,2,0,2,0,0,0,2,1,"-8,05951606","-34,94581024",SPRF-PE,DEL01-PE,UOP01-DEL01-PE
217204.0,2019-06-22,sábado,04:10:00,PE,116,"26,3",SALGUEIRO,Ingestão de Álcool,Colisão com objeto estático,Sem Vítimas,Plena Noite,Crescente,Céu Claro,Simples,Reta,Não,1,0,0,0,1,0,0,1,"-8,069921","-39,13364",SPRF-PE,DEL05-PE,UOP01-DEL05-PE
217268.0,2019-06-22,sábado,14:10:00,PE,101,"45,4",IGARASSU,Falta de Atenção à Condução,Colisão lateral,Sem Vítimas,Pleno dia,Crescente,Sol,Dupla,Reta,Sim,2,0,0,0,1,1,0,2,"-7,86521297","-34,90715176",SPRF-PE,DEL01-PE,UOP02-DEL01-PE
217271.0,2019-06-22,sábado,14:20:00,PE,101,"68,2",RECIFE,Falta de Atenção à Condução,Colisão lateral,Com Vítimas Feridas,Pleno dia,Decrescente,Céu Claro,Múltipla,Reta,Sim,2,0,0,1,1,0,1,2,"-8,05074296","-34,94580619",SPRF-PE,DEL01-PE,UOP01-DEL01-PE
217287.0,2019-06-22,sábado,15:25:00,PE,104,"46,3",CARUARU,Não guardar distância de segurança,Colisão traseira,Com Vítimas Feridas,Pleno dia,Decrescente,Nublado,Dupla,Curva,Não,2,0,1,1,0,0,2,2,"-8,1272","-35,9943",SPRF-PE,DEL02-PE,UOP01-DEL02-PE
217301.0,2019-06-22,sábado,17:30:00,PE,101,127,ESCADA,Animais na Pista,Atropelamento de Animal,Com Vítimas Feridas,Anoitecer,Decrescente,Ignorado,Dupla,Reta,Sim,1,0,1,0,0,0,1,1,"-8,37472564","-35,23663257",SPRF-PE,DEL01-PE,UOP03-DEL01-PE
217327.0,2019-06-22,sábado,19:30:00,PE,232,"101,1",BEZERROS,Falta de Atenção do Pedestre,Atropelamento de Pedestre,Com Vítimas Fatais,Plena Noite,Crescente,Céu Claro,Dupla,Reta,Sim,2,1,0,0,1,0,0,2,"-8,24194679","-35,75097313",SPRF-PE,DEL01-PE,UOP02-DEL02PE
217331.0,2019-06-22,sábado,19:30:00,PE,104,65,CARUARU,Ingestão de Álcool,Colisão traseira,Sem Vítimas,Plena Noite,Crescente,Céu Claro,Simples,Reta,Sim,3,0,0,0,3,0,0,3,"-8,2867","-35,9838",SPRF-PE,DEL02-PE,UOP01-DEL02-PE
217383.0,2019-06-23,domingo,02:00:00,PE,110,146,IBIMIRIM,Desobediência às normas de trânsito pelo condutor,Colisão frontal,Com Vítimas Feridas,Plena Noite,Decrescente,Céu Claro,Simples,Reta,Sim,2,0,0,1,1,0,1,2,"-8,52048104","-37,68455799",SPRF-PE,DEL03-PE,UOP02-DEL03-PE
217387.0,2019-06-23,domingo,03:00:00,PE,101,"63,3",RECIFE,Velocidade Incompatível,Colisão com objeto estático,Com Vítimas Feridas,Plena Noite,Crescente,Nublado,Múltipla,Reta,Sim,1,0,0,1,0,0,1,1,"-8,00800604","-34,93756535",SPRF-PE,DEL01-PE,UOP01-DEL01-PE
217389.0,2019-06-23,domingo,02:10:00,PE,232,"181,3",BELO JARDIM,Falta de Atenção à Condução,Saída de leito carroçável,Com Vítimas Feridas,Plena Noite,Crescente,Chuva,Simples,Curva,Não,1,0,1,0,0,0,1,1,"-8,34627974","-36,43776285",SPRF-PE,DEL02-PE,UOP03-DEL02-PE
217396.0,2019-06-23,domingo,05:10:00,PE,232,"57,9",POMBOS,Falta de Atenção à Condução,Queda de ocupante de veículo,Com Vítimas Feridas,Amanhecer,Crescente,Nublado,Dupla,Reta;Aclive                   ,Sim,2,0,0,2,0,0,2,1,"-8,1412132","-35,38181492",SPRF-PE,DEL01-PE,UOP02-DEL02PE
217427.0,2019-06-23,domingo,06:40:00,PE,104,"58,7",CARUARU,Ingestão de Álcool,Saída de leito carroçável,Sem Vítimas,Pleno dia,Decrescente,Céu Claro,Dupla,Reta,Sim,2,0,0,0,1,1,0,2,"-8,2265","-35,9779",SPRF-PE,DEL02-PE,UOP01-DEL02-PE
217431.0,2019-06-23,domingo,09:35:00,PE,232,"57,2",POMBOS,Falta de Atenção à Condução,Colisão transversal,Com Vítimas Feridas,Pleno dia,Crescente,Céu Claro,Dupla,Reta,Não,2,0,0,2,0,0,2,2,"-8,1412132","-35,38181492",SPRF-PE,DEL01-PE,UOP02-DEL02PE
217466.0,2019-06-23,domingo,13:40:00,PE,232,"180,7",BELO JARDIM,Falta de Atenção à Condução,Colisão lateral,Com Vítimas Fatais,Pleno dia,Crescente,Céu Claro,Simples,Reta,Sim,3,1,1,0,1,0,1,2,"-8,34449745","-36,4288801",SPRF-PE,DEL02-PE,UOP03-DEL02-PE
217505.0,2019-06-23,domingo,16:30:00,PE,232,"408,2",SERRA TALHADA,Ingestão de Álcool,Colisão lateral,Sem Vítimas,Pleno dia,Crescente,Sol,Simples,Aclive,Sim,2,0,0,0,2,0,0,2,"-7,98371447","-38,28047709",SPRF-PE,DEL04-PE,UOP01-DEL04-PE
217531.0,2019-06-23,domingo,18:10:00,PE,408,"40,5",ALIANCA,Falta de Atenção à Condução,Colisão lateral,Com Vítimas Feridas,Plena Noite,Decrescente,Céu Claro,Simples,Reta,Não,2,0,0,1,1,0,1,2,"-7,65343289","-35,25064414",SPRF-PE,DEL01-PE,UOP01-DEL01-PE
217540.0,2019-06-23,domingo,18:20:00,PE,232,82,GRAVATA,Falta de Atenção à Condução,Colisão transversal,Com Vítimas Feridas,Plena Noite,Decrescente,Céu Claro,Dupla,Curva,Não,2,0,0,1,1,0,1,2,"-8,19905415","-35,58715194",SPRF-PE,DEL01-PE,UOP02-DEL02PE
217552.0,2019-06-23,domingo,20:22:00,PE,428,"189,2",PETROLINA,Velocidade Incompatível,Colisão lateral,Com Vítimas Fatais,Plena Noite,Crescente,Nublado,Dupla,Reta,Sim,2,1,0,0,1,0,0,2,"-9,37197508","-40,48679585",SPRF-PE,DEL06-PE,UOP01-DEL06-PE
217594.0,2019-06-24,segunda-feira,00:02:00,PE,232,"57,4",POMBOS,Falta de Atenção à Condução,Colisão transversal,Com Vítimas Feridas,Plena Noite,Crescente,Céu Claro,Dupla,Reta,Não,2,0,1,0,1,0,1,2,"-8,1421645","-35,38428068",SPRF-PE,DEL01-PE,UOP02-DEL02PE
217596.0,2019-06-23,domingo,23:40:00,PE,104,"64,7",CARUARU,Ingestão de Álcool,Atropelamento de Pedestre,Com Vítimas Feridas,Plena Noite,Decrescente,Garoa/Chuvisco,Dupla,Reta,Sim,3,0,2,0,1,0,2,2,"-8,28973282","-35,98452687",SPRF-PE,DEL02-PE,UOP01-DEL02-PE
217609.0,2019-06-24,segunda-feira,00:10:00,PE,101,102,CABO DE SANTO AGOSTINHO,Animais na Pista,Atropelamento de Animal,Com Vítimas Feridas,Plena Noite,Crescente,Nevoeiro/Neblina,Simples,Reta,Sim,2,0,1,0,0,1,1,2,"-8,28368856","-35,05795866",SPRF-PE,DEL01-PE,UOP03-DEL01-PE
217610.0,2019-06-24,segunda-feira,02:00:00,PE,232,129,CARUARU,Animais na Pista,Atropelamento de Animal,Com Vítimas Feridas,Plena Noite,Crescente,Céu Claro,Dupla,Reta,Sim,3,0,1,0,2,0,1,1,"-8,30193507","-35,98092002",SPRF-PE,DEL02-PE,UOP03-DEL02-PE
217690.0,2019-06-24,segunda-feira,06:00:00,PE,232,"82,4",GRAVATA,Falta de Atenção à Condução,Colisão com objeto estático,Com Vítimas Feridas,Pleno dia,Crescente,Céu Claro,Simples,Reta,Sim,1,0,1,0,0,0,1,1,"-8,19905415","-35,58715194",SPRF-PE,DEL01-PE,UOP02-DEL02PE
217731.0,2019-06-24,segunda-feira,13:10:00,PE,408,105,JABOATAO DOS GUARARAPES,Ingestão de álcool e/ou substâncias psicoativas pelo pedestre,Atropelamento de Pedestre,Com Vítimas Feridas,Pleno dia,Decrescente,Nublado,Múltipla,Curva,Sim,4,0,1,0,3,0,1,2,"-8,08014553","-34,99041438",SPRF-PE,DEL01-PE,UOP01-DEL01-PE
217859.0,2019-06-25,terça-feira,00:20:00,PE,232,71,GRAVATA,Ingestão de Álcool,Colisão lateral,Com Vítimas Feridas,Plena Noite,Decrescente,Nublado,Dupla,Reta,Sim,2,0,1,0,1,0,1,2,"-8,18344403","-35,49296599",SPRF-PE,DEL01-PE,UOP02-DEL02PE
217868.0,2019-06-25,terça-feira,05:05:00,PE,101,69,RECIFE,Defeito na Via,Tombamento,Com Vítimas Feridas,Amanhecer,Crescente,Nublado,Múltipla,Reta,Sim,2,0,1,0,1,0,1,2,"-8,05951606","-34,94581024",SPRF-PE,DEL01-PE,UOP01-DEL01-PE
217899.0,2019-06-25,terça-feira,07:50:00,PE,101,"90,2",CABO DE SANTO AGOSTINHO,Não guardar distância de segurança,Colisão traseira,Com Vítimas Feridas,Pleno dia,Crescente,Céu Claro,Simples,Reta,Não,2,0,1,0,1,0,1,2,"-8,22939328","-34,9727869",SPRF-PE,DEL01-PE,UOP03-DEL01-PE
217919.0,2019-06-25,terça-feira,10:10:00,PE,101,87,CABO DE SANTO AGOSTINHO,Não guardar distância de segurança,Colisão lateral,Com Vítimas Feridas,Pleno dia,Crescente,Céu Claro,Dupla,Reta,Sim,1,0,1,0,0,0,1,1,"-8,19120206","-34,97449985",SPRF-PE,DEL01-PE,UOP03-DEL01-PE
217958.0,2019-05-21,terça-feira,12:30:00,PE,428,192,PETROLINA,Falta de Atenção à Condução,Colisão lateral,Com Vítimas Feridas,Pleno dia,Crescente,Sol,Dupla,Retorno Regulamentado,Sim,1,0,1,0,0,0,1,1,"-9,38294567","-40,51061315",SPRF-PE,DEL06-PE,UOP01-DEL06-PE
218004.0,2019-06-25,terça-feira,17:30:00,PE,423,67,JUPI,Ingestão de Álcool,Colisão frontal,Com Vítimas Feridas,Pleno dia,Crescente,Céu Claro,Simples,Reta,Não,5,0,2,0,3,0,2,2,"-8,67054427","-36,38419094",SPRF-PE,DEL03-PE,UOP01-DEL03-PE
218045.0,2019-06-26,quarta-feira,01:15:00,PE,101,53,PAULISTA,Velocidade Incompatível,Saída de leito carroçável,Com Vítimas Feridas,Plena Noite,Decrescente,Nublado,Múltipla,Curva,Sim,1,0,1,0,0,0,1,1,"-7,93124094","-34,90068606",SPRF-PE,DEL01-PE,UOP02-DEL01-PE
218070.0,2019-06-26,quarta-feira,08:00:00,PE,101,69,RECIFE,Falta de Atenção à Condução,Queda de ocupante de veículo,Com Vítimas Feridas,Pleno dia,Crescente,Céu Claro,Dupla,Reta,Sim,2,0,1,0,1,0,1,2,"-8,05951606","-34,94581024",SPRF-PE,DEL01-PE,UOP01-DEL01-PE
218121.0,2019-06-26,quarta-feira,12:00:00,PE,408,105,JABOATAO DOS GUARARAPES,Falta de Atenção à Condução,Colisão transversal,Com Vítimas Feridas,Pleno dia,Crescente,Céu Claro,Simples,Reta,Sim,3,0,2,0,1,0,2,2,"-8,07875981","-34,99333447",SPRF-PE,DEL01-PE,UOP01-DEL01-PE
218135.0,2019-06-26,quarta-feira,13:45:00,PE,407,"125,1",PETROLINA,Falta de Atenção à Condução,Colisão lateral,Com Vítimas Feridas,Pleno dia,Crescente,Céu Claro,Dupla,Reta,Sim,3,0,1,0,2,0,1,3,"-9,37739336","-40,53595733",SPRF-PE,DEL06-PE,UOP01-DEL06-PE
218180.0,2019-06-26,quarta-feira,17:25:00,PE,424,"89,8",GARANHUNS,Falta de Atenção à Condução,Colisão lateral,Com Vítimas Feridas,Anoitecer,Decrescente,Nublado,Simples,Curva,Sim,3,0,2,0,1,0,2,2,"-8,89488722","-36,50044441",SPRF-PE,DEL03-PE,UOP01-DEL03-PE
218191.0,2019-05-26,domingo,19:00:00,PE,232,413,SERRA TALHADA,Falta de Atenção à Condução,Tombamento,Com Vítimas Feridas,Plena Noite,Crescente,Céu Claro,Simples,Reta,Não,1,0,1,0,0,0,1,1,"-7,98857087","-38,32972307",SPRF-PE,DEL04-PE,UOP01-DEL04-PE
218260.0,2019-06-27,quinta-feira,07:25:00,PE,232,8,RECIFE,Não guardar distância de segurança,Colisão traseira,Sem Vítimas,Pleno dia,Decrescente,Chuva,Dupla,Reta,Sim,2,0,0,0,2,0,0,2,"-8,07583727","-34,97015791",SPRF-PE,DEL01-PE,UOP01-DEL01-PE
218269.0,2019-06-27,quinta-feira,06:55:00,PE,423,93,GARANHUNS,Desobediência às normas de trânsito pelo condutor,Colisão transversal,Com Vítimas Feridas,Pleno dia,Decrescente,Garoa/Chuvisco,Simples,Reta,Sim,2,0,1,0,1,0,1,2,"-8,86972012","-36,46323792",SPRF-PE,DEL03-PE,UOP01-DEL03-PE
218274.0,2019-06-27,quinta-feira,08:00:00,PE,101,"69,9",RECIFE,Não guardar distância de segurança,Colisão transversal,Com Vítimas Feridas,Pleno dia,Decrescente,Céu Claro,Dupla,Em Obras;Reta                 ,Sim,2,0,1,0,1,0,1,2,"-8,05951606","-34,94581024",SPRF-PE,DEL01-PE,UOP01-DEL01-PE
218285.0,2019-06-27,quinta-feira,08:40:00,PE,101,"53,9",PAULISTA,Falta de Atenção à Condução,Colisão traseira,Sem Vítimas,Pleno dia,Decrescente,Céu Claro,Dupla,Reta,Sim,2,0,0,0,2,0,0,2,"-7,93124094","-34,90068606",SPRF-PE,DEL01-PE,UOP02-DEL01-PE
218318.0,2019-06-27,quinta-feira,10:30:00,PE,101,50,ABREU E LIMA,Não guardar distância de segurança,Colisão lateral,Com Vítimas Feridas,Pleno dia,Crescente,Céu Claro,Múltipla,Reta,Sim,2,0,1,0,1,0,1,2,"-7,90938602","-34,90123228",SPRF-PE,DEL01-PE,UOP02-DEL01-PE
218329.0,2019-06-27,quinta-feira,13:00:00,PE,423,98,GARANHUNS,Desobediência às normas de trânsito pelo condutor,Colisão transversal,Com Vítimas Feridas,Pleno dia,Decrescente,Nublado,Simples,Viaduto,Sim,2,0,0,1,1,0,1,2,"-8,87617488","-36,50363499",SPRF-PE,DEL03-PE,UOP01-DEL03-PE
218356.0,2019-06-27,quinta-feira,14:10:00,PE,232,"21,7",MORENO,Falta de Atenção à Condução,Saída de leito carroçável,Com Vítimas Feridas,Pleno dia,Decrescente,Chuva,Dupla,Reta,Sim,2,0,2,0,0,0,2,1,"-8,09580234","-35,08012588",SPRF-PE,DEL01-PE,UOP02-DEL02PE
218359.0,2019-06-27,quinta-feira,16:00:00,PE,232,"196,9",SANHARO,Falta de Atenção à Condução,Colisão traseira,Com Vítimas Feridas,Pleno dia,Crescente,Chuva,Simples,Reta,Não,2,0,1,0,1,0,1,2,"-8,36842483","-36,57130201",SPRF-PE,DEL02-PE,UOP03-DEL02-PE
218387.0,2019-06-27,quinta-feira,17:40:00,PE,101,"46,3",IGARASSU,Falta de Atenção à Condução,Colisão traseira,Com Vítimas Feridas,Anoitecer,Decrescente,Céu Claro,Múltipla,Reta,Sim,3,0,1,0,2,0,1,3,"-7,87406004","-34,90588126",SPRF-PE,DEL01-PE,UOP02-DEL01-PE
218398.0,2019-06-27,quinta-feira,18:10:00,PE,232,"191,2",SANHARO,Ingestão de Álcool,Colisão traseira,Com Vítimas Feridas,Plena Noite,Decrescente,Chuva,Simples,Aclive,Não,2,0,0,2,0,0,2,2,"-8,35709895","-36,52773",SPRF-PE,DEL02-PE,UOP03-DEL02-PE
218402.0,2019-05-03,sexta-feira,16:00:00,PE,428,"190,7",PETROLINA,Falta de Atenção à Condução,Queda de ocupante de veículo,Com Vítimas Feridas,Pleno dia,Crescente,Ignorado,Múltipla,Reta,Sim,2,0,1,0,0,1,1,2,"-9,37605965","-40,49382106",SPRF-PE,DEL06-PE,UOP01-DEL06-PE
218413.0,2019-06-27,quinta-feira,18:10:00,PE,428,"186,8",PETROLINA,Falta de Atenção à Condução,Colisão transversal,Com Vítimas Feridas,Anoitecer,Crescente,Nublado,Simples,Reta,Sim,2,0,1,0,1,0,1,2,"-9,35629283","-40,47863781",SPRF-PE,DEL06-PE,UOP01-DEL06-PE
218455.0,2019-06-28,sexta-feira,01:00:00,PE,424,3,ARCOVERDE,Ingestão de Álcool,Queda de ocupante de veículo,Com Vítimas Feridas,Plena Noite,Crescente,Nublado,Simples,Reta,Não,1,0,1,0,0,0,1,1,"-8,45381694","-37,0485949",SPRF-PE,DEL03-PE,UOP02-DEL03-PE
218468.0,2019-06-28,sexta-feira,06:50:00,PE,232,"10,9",JABOATAO DOS GUARARAPES,Velocidade Incompatível,Colisão traseira,Com Vítimas Feridas,Pleno dia,Decrescente,Céu Claro,Dupla,Viaduto,Sim,3,0,2,0,1,0,2,2,"-8,079818","-34,990849",SPRF-PE,DEL01-PE,UOP01-DEL01-PE
218504.0,2019-06-28,sexta-feira,10:50:00,PE,101,"100,1",CABO DE SANTO AGOSTINHO,Falta de Atenção à Condução,Colisão transversal,Com Vítimas Feridas,Pleno dia,Crescente,Nublado,Simples,Reta,Sim,2,0,1,0,1,0,1,2,"-8,28703","-35,039052",SPRF-PE,DEL01-PE,UOP03-DEL01-PE
218581.0,2019-06-28,sexta-feira,16:40:00,PE,101,189,PALMARES,Velocidade Incompatível,Saída de leito carroçável,Com Vítimas Feridas,Pleno dia,Decrescente,Céu Claro,Dupla,Curva,Não,3,0,3,0,0,0,3,1,"-8,69036647","-35,60430503",SPRF-PE,DEL01-PE,UOP03-DEL01-PE
218642.0,2019-06-28,sexta-feira,20:50:00,PE,232,"409,7",SERRA TALHADA,Não guardar distância de segurança,Colisão lateral,Com Vítimas Feridas,Plena Noite,Decrescente,Céu Claro,Simples,Reta,Sim,1,0,0,1,0,0,1,1,"-7,981944","-38,289467",SPRF-PE,DEL04-PE,UOP01-DEL04-PE
218644.0,2019-06-28,sexta-feira,20:50:00,PE,424,"91,3",GARANHUNS,Desobediência às normas de trânsito pelo condutor,Colisão lateral,Com Vítimas Feridas,Plena Noite,Decrescente,Chuva,Simples,Reta,Sim,2,0,0,1,1,0,1,2,"-8,90409633","-36,49974647",SPRF-PE,DEL03-PE,UOP01-DEL03-PE
218697.0,2019-06-29,sábado,06:45:00,PE,101,78,JABOATAO DOS GUARARAPES,Falta de Atenção à Condução,Colisão transversal,Com Vítimas Feridas,Pleno dia,Crescente,Céu Claro,Dupla,Curva,Sim,2,0,1,0,1,0,1,2,"-8,13496499","-34,94738614",SPRF-PE,DEL01-PE,UOP01-DEL01-PE
218746.0,2019-06-29,sábado,11:40:00,PE,232,"247,1",ARCOVERDE,Falta de Atenção à Condução,Colisão transversal,Com Vítimas Feridas,Pleno dia,Decrescente,Nublado,Simples,Reta,Não,2,0,1,0,1,0,1,2,"-8,38561676","-36,91480815",SPRF-PE,DEL03-PE,UOP02-DEL03-PE
218830.0,2019-06-29,sábado,19:10:00,PE,232,520,SALGUEIRO,Velocidade Incompatível,Colisão traseira,Sem Vítimas,Plena Noite,Decrescente,Céu Claro,Simples,Reta,Não,2,0,0,0,2,0,0,2,"-8,06395915","-39,22397098",SPRF-PE,DEL05-PE,UOP01-DEL05-PE
218852.0,2019-06-29,sábado,20:18:00,PE,232,"240,4",ARCOVERDE,Animais na Pista,Colisão traseira,Com Vítimas Feridas,Plena Noite,Crescente,Nublado,Simples,Reta,Não,2,0,1,0,1,0,1,2,"-8,41469683","-36,96172896",SPRF-PE,DEL03-PE,UOP02-DEL03-PE
218908.0,2019-06-30,domingo,04:00:00,PE,232,"251,9",ARCOVERDE,Ingestão de Álcool,Capotamento,Com Vítimas Feridas,Plena Noite,Crescente,Garoa/Chuvisco,Simples,Reta,Não,2,0,1,0,1,0,1,1,"-8,429241","-37,060127",SPRF-PE,DEL03-PE,UOP02-DEL03-PE
218923.0,2019-06-30,domingo,05:20:00,PE,101,189,PALMARES,Animais na Pista,Atropelamento de Animal,Com Vítimas Fatais,Amanhecer,Crescente,Chuva,Dupla,Reta,Sim,1,1,0,0,0,0,0,1,"-8,69036647","-35,60430503",SPRF-PE,DEL01-PE,UOP03-DEL01-PE
218945.0,2019-06-30,domingo,06:00:00,PE,232,284,SERTANIA,Animais na Pista,Saída de leito carroçável,Sem Vítimas,Pleno dia,Crescente,Sol,Simples,Reta,Não,1,0,0,0,1,0,0,1,"-8,33454203","-37,32347702",SPRF-PE,DEL03-PE,UOP02-DEL03-PE
218952.0,2019-06-30,domingo,08:00:00,PE,101,"60,4",RECIFE,Falta de Atenção à Condução,Colisão lateral,Com Vítimas Feridas,Pleno dia,Crescente,Céu Claro,Dupla,Reta,Sim,2,0,1,0,1,0,1,2,"-7,98344307","-34,93176727",SPRF-PE,DEL01-PE,UOP02-DEL01-PE
218977.0,2019-06-30,domingo,11:00:00,PE,232,500,VERDEJANTE,Ingestão de Álcool,Saída de leito carroçável,Com Vítimas Feridas,Pleno dia,Crescente,Sol,Simples,Curva,Não,1,0,0,1,0,0,1,1,"-8,03451981","-39,05420414",SPRF-PE,DEL05-PE,UOP01-DEL05-PE
219014.0,2019-06-30,domingo,15:40:00,PE,101,"59,4",RECIFE,Falta de Atenção do Pedestre,Atropelamento de Pedestre,Sem Vítimas,Pleno dia,Decrescente,Sol,Dupla,Reta,Não,2,0,0,0,1,1,0,2,"-7,97708575","-34,92607318",SPRF-PE,DEL01-PE,UOP02-DEL01-PE
219023.0,2019-06-30,domingo,16:10:00,PE,101,"73,1",RECIFE,Falta de Atenção à Condução,Colisão lateral,Com Vítimas Feridas,Pleno dia,Decrescente,Nublado,Dupla,Reta,Sim,2,0,1,0,1,0,1,2,"-8,0956","-34,94903",SPRF-PE,DEL01-PE,UOP01-DEL01-PE
219052.0,2019-06-30,domingo,18:00:00,PE,101,"45,7",IGARASSU,Falta de Atenção do Pedestre,Atropelamento de Pedestre,Com Vítimas Fatais,Plena Noite,Crescente,Chuva,Múltipla,Reta,Sim,2,1,0,0,0,1,0,2,"-7,8802","-34,904",SPRF-PE,DEL01-PE,UOP02-DEL01-PE
219124.0,2019-06-30,domingo,23:55:00,PE,232,72,GRAVATA,Pista Escorregadia,Colisão transversal,Com Vítimas Feridas,Plena Noite,Decrescente,Chuva,Dupla,Reta,Não,2,0,1,0,1,0,1,2,"-8,18714215","-35,50102523",SPRF-PE,DEL01-PE,UOP02-DEL02PE
219128.0,2019-06-30,domingo,23:40:00,PE,232,521,SALGUEIRO,Ingestão de Álcool,Colisão com objeto estático,Com Vítimas Feridas,Pleno dia,Crescente,Céu Claro,Simples,Reta,Não,2,0,2,0,0,0,2,1,"-8,06509887","-39,23283702",SPRF-PE,DEL05-PE,UOP01-DEL05-PE
219129.0,2019-06-30,domingo,23:25:00,PE,423,"98,3",GARANHUNS,Ingestão de Álcool,Saída de leito carroçável,Com Vítimas Feridas,Plena Noite,Decrescente,Garoa/Chuvisco,Simples,Curva,Não,2,0,0,2,0,0,2,1,"-8,87747132","-36,50571227",SPRF-PE,DEL03-PE,UOP01-DEL03-PE
219163.0,2019-07-01,segunda-feira,05:30:00,PE,232,59,POMBOS,Pista Escorregadia,Capotamento,Sem Vítimas,Amanhecer,Decrescente,Chuva,Dupla,Reta,Não,1,0,0,0,1,0,0,1,"-8,1471233","-35,39890998",SPRF-PE,DEL01-PE,UOP02-DEL02PE
219183.0,2019-07-01,segunda-feira,07:40:00,PE,424,"3,2",ARCOVERDE,Mal Súbito,Saída de leito carroçável,Com Vítimas Feridas,Pleno dia,Crescente,Céu Claro,Simples,Curva;Declive                 ,Não,1,0,0,1,0,0,1,1,"-8,45381694","-37,0485949",SPRF-PE,DEL03-PE,UOP02-DEL03-PE