id,data_inversa,dia_semana,horario,uf,br,km,municipio,causa_acidente,tipo_acidente,classificacao_acidente,fase_dia,sentido_via,condicao_metereologica,tipo_pista,tracado_via,uso_solo,pessoas,mortos,feridos_leves,feridos_graves,ilesos,ignorados,feridos,veiculos,latitude,longitude,regional,delegacia,uop
222680.0,2019-07-17,quarta-feira,18:50:00,PE,407,129,PETROLINA,Sinalização da via insuficiente ou inadequada,Queda de ocupante de veículo,Com Vítimas Feridas,Plena Noite,Decrescente,Céu Claro,Dupla,Declive,Sim,2,0,0,2,0,0,2,1,"-9,39958299","-40,50459298",SPRF-PE,DEL06-PE,UOP01-DEL06-PE
222698.0,2019-07-17,quarta-feira,19:50:00,PE,232,"33,8",MORENO,Animais na Pista,Atropelamento de Animal,Com Vítimas Feridas,Plena Noite,Crescente,Nublado,Dupla,Reta,Sim,1,0,1,0,0,0,1,1,"-8,10539025","-35,17523495",SPRF-PE,DEL01-PE,UOP02-DEL02PE
222730.0,2019-07-17,quarta-feira,21:00:00,PE,408,"98,5",SAO LOURENCO DA MATA,Defeito Mecânico no Veículo,Incêndio,Sem Vítimas,Plena Noite,Crescente,Chuva,Dupla,Reta,Não,1,0,0,0,0,1,0,1,"-8,03598572","-35,03218461",SPRF-PE,DEL01-PE,UOP01-DEL01-PE
222756.0,2019-07-18,quinta-feira,07:00:00,PE,116,8,SALGUEIRO,Desobediência às normas de trânsito pelo condutor,Saída de leito carroçável,Com Vítimas Feridas,Pleno dia,Decrescente,Céu Claro,Simples,Curva,Não,3,0,2,0,1,0,2,1,"-7,920204","-39,119019",SPRF-PE,DEL05-PE,UOP01-DEL05-PE
222777.0,2019-07-18,quinta-feira,07:40:00,PE,232,"60,7",POMBOS,Desobediência às normas de trânsito pelo condutor,Colisão lateral,Com Vítimas Feridas,Pleno dia,Crescente,Céu Claro,Dupla,Reta,Não,2,0,1,0,1,0,1,2,"-8,14788448","-35,40768085",SPRF-PE,DEL01-PE,UOP02-DEL02PE
222788.0,2019-07-18,quinta-feira,09:00:00,PE,232,"27,3",MORENO,Animais na Pista,Atropelamento de Animal,Com Vítimas Feridas,Pleno dia,Decrescente,Céu Claro,Dupla,Reta,Não,3,0,1,1,1,0,2,2,"-8,11418416","-35,12568999",SPRF-PE,DEL01-PE,UOP02-DEL02PE
222862.0,2019-07-18,quinta-feira,17:50:00,PE,101,"69,5",RECIFE,Falta de Atenção à Condução,Colisão transversal,Com Vítimas Feridas,Anoitecer,Crescente,Nublado,Dupla,Reta,Sim,2,0,1,0,1,0,1,2,"-8,0637337","-34,94459152",SPRF-PE,DEL01-PE,UOP01-DEL01-PE
222964.0,2019-07-18,quinta-feira,23:30:00,PE,101,87,JABOATAO DOS GUARARAPES,Velocidade Incompatível,Colisão traseira,Com Vítimas Feridas,Plena Noite,Crescente,Nublado,Múltipla,Reta,Não,1,0,1,0,0,0,1,1,"-8,19120206","-34,97449985",SPRF-PE,DEL01-PE,UOP03-DEL01-PE
223018.0,2019-07-18,quinta-feira,14:50:00,PE,232,"408,5",SERRA TALHADA,Desobediência às normas de trânsito pelo condutor,Colisão transversal,Com Vítimas Feridas,Pleno dia,Decrescente,Céu Claro,Simples,Reta;Declive                  ,Sim,3,0,2,0,1,0,2,2,"-7,98371447","-38,28047709",SPRF-PE,DEL04-PE,UOP01-DEL04-PE
223041.0,2019-07-18,quinta-feira,01:15:00,PE,232,"413,7",SERRA TALHADA,Ingestão de Álcool,Colisão com objeto estático,Com Vítimas Feridas,Plena Noite,Decrescente,Céu Claro,Simples,Retorno Regulamentado,Não,1,0,1,0,0,0,1,1,"-7,98857087","-38,32972307",SPRF-PE,DEL04-PE,UOP01-DEL04-PE
223060.0,2019-07-19,sexta-feira,16:30:00,PE,101,63,RECIFE,Ultrapassagem Indevida,Colisão lateral,Com Vítimas Feridas,Pleno dia,Decrescente,Céu Claro,Dupla,Retorno Regulamentado;Curva   ,Sim,2,0,1,0,1,0,1,2,"-8,00800604","-34,93756535",SPRF-PE,DEL01-PE,UOP01-DEL01-PE
223062.0,2019-07-19,sexta-feira,16:20:00,PE,101,"77,7",RECIFE,Falta de Atenção do Pedestre,Atropelamento de Pedestre,Com Vítimas Feridas,Pleno dia,Crescente,Sol,Dupla,Reta,Sim,2,0,0,1,1,0,1,2,"-8,126982","-34,94386",SPRF-PE,DEL01-PE,UOP01-DEL01-PE
223079.0,2019-07-19,sexta-feira,17:00:00,PE,232,"54,3",POMBOS,Falta de Atenção à Condução,Colisão transversal,Com Vítimas Feridas,Anoitecer,Crescente,Chuva,Dupla,Reta,Não,2,0,1,0,1,0,1,2,"-8,12919504","-35,35716398",SPRF-PE,DEL01-PE,UOP02-DEL02PE
223153.0,2019-07-19,sexta-feira,23:20:00,PE,101,"41,5",IGARASSU,Ingestão de Álcool,Atropelamento de Animal,Com Vítimas Feridas,Pleno dia,Decrescente,Chuva,Dupla,Declive,Sim,2,0,0,1,1,0,1,2,"-7,83038346","-34,91426785",SPRF-PE,DEL01-PE,UOP02-DEL01-PE
223180.0,2019-07-20,sábado,02:00:00,PE,424,"44,1",VENTUROSA,Ingestão de Álcool,Atropelamento de Pedestre,Com Vítimas Fatais,Plena Noite,Crescente,Chuva,Simples,Reta,Não,2,1,0,0,0,1,0,2,"-8,68092302","-36,80255302",SPRF-PE,DEL03-PE,UOP01-DEL03-PE
223189.0,2019-07-20,sábado,04:00:00,PE,101,51,ABREU E LIMA,Falta de Atenção do Pedestre,Atropelamento de Pedestre,Com Vítimas Fatais,Amanhecer,Decrescente,Chuva,Dupla,Reta,Sim,2,1,0,0,0,1,0,2,"-7,9169968","-34,89689272",SPRF-PE,DEL01-PE,UOP02-DEL01-PE
223195.0,2019-07-20,sábado,05:55:00,PE,232,"58,7",POMBOS,Desobediência às normas de trânsito pelo condutor,Colisão lateral,Com Vítimas Feridas,Pleno dia,Crescente,Nublado,Dupla,Reta,Sim,2,0,1,0,1,0,1,2,"-8,14462866","-35,39034714",SPRF-PE,DEL01-PE,UOP02-DEL02PE
223220.0,2019-06-29,sábado,18:20:00,PE,423,"64,4",CALCADO,Ingestão de Álcool,Colisão frontal,Com Vítimas Fatais,Plena Noite,Decrescente,Garoa/Chuvisco,Simples,Reta,Não,3,1,1,0,1,0,1,2,"-8,66219547","-36,34708912",SPRF-PE,DEL03-PE,UOP01-DEL03-PE
223255.0,2019-07-20,sábado,11:50:00,PE,232,"131,4",CARUARU,Falta de Atenção à Condução,Colisão com objeto estático,Com Vítimas Feridas,Pleno dia,Crescente,Chuva,Simples,Reta,Sim,2,0,0,1,1,0,1,2,"-8,30117613","-35,99843996",SPRF-PE,DEL02-PE,UOP03-DEL02-PE
223352.0,2019-07-20,sábado,19:10:00,PE,428,185,PETROLINA,Falta de Atenção à Condução,Colisão transversal,Com Vítimas Feridas,Plena Noite,Decrescente,Céu Claro,Múltipla,Reta,Sim,2,0,0,1,0,1,1,2,"-9,34009199","-40,47032001",SPRF-PE,DEL06-PE,UOP01-DEL06-PE
223379.0,2019-07-20,sábado,19:00:00,PE,408,90,SAO LOURENCO DA MATA,Sinalização da via insuficiente ou inadequada,Atropelamento de Pedestre,Com Vítimas Fatais,Plena Noite,Crescente,Chuva,Dupla,Reta,Sim,2,1,0,0,0,1,0,2,"-7,9886528","-35,07625976",SPRF-PE,DEL01-PE,UOP01-DEL01-PE
223414.0,2019-07-20,sábado,23:45:00,PE,407,"124,8",PETROLINA,Ingestão de Álcool,Colisão transversal,Sem Vítimas,Plena Noite,Decrescente,Céu Claro,Dupla,Rotatória,Sim,2,0,0,0,2,0,0,2,"-9,37488633","-40,5368042",SPRF-PE,DEL06-PE,UOP01-DEL06-PE
223448.0,2019-07-21,domingo,03:50:00,PE,424,"95,6",GARANHUNS,Ingestão de Álcool,Colisão frontal,Com Vítimas Feridas,Plena Noite,Decrescente,Nublado,Simples,Reta;Aclive                   ,Não,6,0,1,1,0,4,2,2,"-8,92487901","-36,48949333",SPRF-PE,DEL03-PE,UOP01-DEL03-PE
223484.0,2019-07-21,domingo,07:10:00,PE,101,55,PAULISTA,Avarias e/ou desgaste excessivo no pneu,Saída de leito carroçável,Sem Vítimas,Pleno dia,Decrescente,Chuva,Dupla,Declive,Sim,1,0,0,0,1,0,0,1,"-7,94806621","-34,9062148",SPRF-PE,DEL01-PE,UOP02-DEL01-PE
223501.0,2019-07-21,domingo,07:40:00,PE,101,55,PAULISTA,Falta de Atenção à Condução,Colisão traseira,Com Vítimas Feridas,Pleno dia,Decrescente,Chuva,Múltipla,Curva,Sim,2,0,2,0,0,0,2,2,"-7,94806621","-34,9062148",SPRF-PE,DEL01-PE,UOP02-DEL01-PE
223524.0,2019-07-21,domingo,08:30:00,PE,232,"310,9",SERTANIA,Falta de Atenção à Condução,Saída de leito carroçável,Sem Vítimas,Pleno dia,Crescente,Chuva,Simples,Curva,Sim,1,0,0,0,1,0,0,1,"-8,15426602","-37,46519215",SPRF-PE,DEL03-PE,UOP02-DEL03-PE
223555.0,2019-07-21,domingo,15:50:00,PE,232,"7,2",RECIFE,Falta de Atenção à Condução,Colisão traseira,Com Vítimas Feridas,Pleno dia,Decrescente,Nublado,Dupla,Reta,Sim,4,0,2,0,1,1,2,3,"-8,07333497","-34,96184301",SPRF-PE,DEL01-PE,UOP01-DEL01-PE
223569.0,2019-07-21,domingo,16:40:00,PE,101,"69,7",RECIFE,Falta de Atenção à Condução,Saída de leito carroçável,Com Vítimas Feridas,Pleno dia,Crescente,Garoa/Chuvisco,Dupla,Curva,Sim,1,0,0,1,0,0,1,1,"-8,05951606","-34,94581024",SPRF-PE,DEL01-PE,UOP01-DEL01-PE
223591.0,2019-07-21,domingo,18:10:00,PE,101,31,IGARASSU,Velocidade Incompatível,Colisão traseira,Com Vítimas Feridas,Plena Noite,Decrescente,Nublado,Dupla,Reta,Sim,3,0,1,0,2,0,1,2,"-7,74443874","-34,93872764",SPRF-PE,DEL01-PE,UOP02-DEL01-PE
223640.0,2019-07-21,domingo,18:30:00,PE,316,"40,7",ARARIPINA,Ingestão de Álcool,Colisão lateral,Com Vítimas Feridas,Plena Noite,Decrescente,Céu Claro,Simples,Declive,Não,2,0,1,0,1,0,1,2,"-7,66722544","-40,39243874",SPRF-PE,DEL05-PE,UOP02-DEL05-PE
223687.0,2019-07-22,segunda-feira,04:00:00,PE,101,59,RECIFE,Falta de Atenção à Condução,Colisão traseira,Sem Vítimas,Amanhecer,Decrescente,Chuva,Múltipla,Reta,Não,2,0,0,0,1,1,0,2,"-7,97708575","-34,92607318",SPRF-PE,DEL01-PE,UOP02-DEL01-PE
223982.0,2019-07-22,segunda-feira,15:00:00,PE,101,65,RECIFE,Falta de Atenção à Condução,Atropelamento de Pedestre,Com Vítimas Fatais,Pleno dia,Crescente,Chuva,Dupla,Reta,Sim,2,1,0,0,1,0,0,2,"-8,02478597","-34,94276635",SPRF-PE,DEL01-PE,UOP01-DEL01-PE
224024.0,2019-07-22,segunda-feira,18:00:00,PE,101,45,IGARASSU,Falta de Atenção à Condução,Colisão transversal,Com Vítimas Feridas,Plena Noite,Decrescente,Chuva,Dupla,Reta,Sim,2,0,0,1,1,0,1,2,"-7,86521297","-34,90715176",SPRF-PE,DEL01-PE,UOP02-DEL01-PE
224050.0,2019-07-22,segunda-feira,19:00:00,PE,232,"57,9",POMBOS,Desobediência às normas de trânsito pelo condutor,Colisão transversal,Com Vítimas Feridas,Plena Noite,Crescente,Chuva,Dupla,Retorno Regulamentado,Não,2,0,1,0,1,0,1,2,"-8,1412132","-35,38181492",SPRF-PE,DEL01-PE,UOP02-DEL02PE
224051.0,2019-07-22,segunda-feira,14:00:00,PE,104,29,TORITAMA,Falta de Atenção à Condução,Colisão traseira,Com Vítimas Feridas,Pleno dia,Crescente,Chuva,Simples,Reta,Não,2,0,1,0,1,0,1,2,"-8,0078","-36,0621",SPRF-PE,DEL02-PE,UOP01-DEL02-PE
224089.0,2019-07-23,terça-feira,06:20:00,PE,101,"69,2",RECIFE,Falta de Atenção à Condução,Colisão lateral,Com Vítimas Feridas,Pleno dia,Crescente,Chuva,Dupla,Reta,Sim,2,0,2,0,0,0,2,1,"-8,05951606","-34,94581024",SPRF-PE,DEL01-PE,UOP01-DEL01-PE
224157.0,2019-07-23,terça-feira,13:44:00,PE,423,"41,2",CACHOEIRINHA,Desobediência às normas de trânsito pelo condutor,Colisão frontal,Com Vítimas Feridas,Pleno dia,Crescente,Chuva,Simples,Reta,Não,3,0,2,0,1,0,2,2,"-8,50137217","-36,24621989",SPRF-PE,DEL03-PE,UOP01-DEL03-PE
224186.0,2019-07-23,terça-feira,15:30:00,PE,104,26,CARUARU,Pista Escorregadia,Saída de leito carroçável,Com Vítimas Feridas,Pleno dia,Decrescente,Chuva,Simples,Reta,Não,2,0,1,0,1,0,1,2,"-7,993323","-36,095291",SPRF-PE,DEL02-PE,UOP01-DEL02-PE
224247.0,2019-07-23,terça-feira,22:10:00,PE,101,"42,2",IGARASSU,Desobediência às normas de trânsito pelo condutor,Colisão com objeto estático,Sem Vítimas,Plena Noite,Decrescente,Chuva,Múltipla,Aclive,Sim,1,0,0,0,0,1,0,1,"-7,83887431","-34,91196739",SPRF-PE,DEL01-PE,UOP02-DEL01-PE
224248.0,2019-07-23,terça-feira,20:05:00,PE,101,68,RECIFE,Não guardar distância de segurança,Colisão traseira,Sem Vítimas,Plena Noite,Crescente,Nublado,Dupla,Viaduto,Sim,2,0,0,0,2,0,0,2,"-8,05074296","-34,94580619",SPRF-PE,DEL01-PE,UOP01-DEL01-PE
224280.0,2019-07-24,quarta-feira,07:30:00,PE,232,46,VITORIA DE SANTO ANTAO,Condutor Dormindo,Colisão traseira,Com Vítimas Feridas,Pleno dia,Crescente,Chuva,Dupla,Reta,Não,3,0,1,0,2,0,1,2,"-8,13346726","-35,28918683",SPRF-PE,DEL01-PE,UOP02-DEL02PE
224314.0,2019-07-24,quarta-feira,10:00:00,PE,101,"79,3",JABOATAO DOS GUARARAPES,Velocidade Incompatível,Saída de leito carroçável,Com Vítimas Feridas,Pleno dia,Decrescente,Chuva,Dupla,Curva,Sim,1,0,1,0,0,0,1,1,"-8,147808","-34,944103",SPRF-PE,DEL01-PE,UOP01-DEL01-PE
224324.0,2019-07-24,quarta-feira,11:00:00,PE,101,179,JOAQUIM NABUCO,Falta de Atenção à Condução,Saída de leito carroçável,Com Vítimas Feridas,Pleno dia,Decrescente,Chuva,Dupla,Curva,Não,2,0,1,0,1,0,1,1,"-8,62683424","-35,55808471",SPRF-PE,DEL01-PE,UOP03-DEL01-PE
224326.0,2019-07-24,quarta-feira,10:40:00,PE,232,408,SERRA TALHADA,Falta de Atenção à Condução,Colisão transversal,Com Vítimas Feridas,Pleno dia,Decrescente,Nublado,Simples,Interseção de Vias,Não,2,0,0,1,1,0,1,2,"-7,98333853","-38,28248799",SPRF-PE,DEL04-PE,UOP01-DEL04-PE
224328.0,2019-06-30,domingo,23:00:00,PE,101,"49,7",ABREU E LIMA,Objeto estático sobre o leito carroçável,Colisão lateral,Com Vítimas Feridas,Plena Noite,Decrescente,Chuva,Múltipla,Reta,Sim,3,0,1,0,1,1,1,3,"-7,9005152","-34,90180641",SPRF-PE,DEL01-PE,UOP02-DEL01-PE
224364.0,2019-07-24,quarta-feira,15:40:00,PE,101,"46,8",IGARASSU,Falta de Atenção à Condução,Colisão traseira,Com Vítimas Feridas,Pleno dia,Crescente,Chuva,Dupla,Reta,Sim,3,0,1,0,2,0,1,2,"-7,87406004","-34,90588126",SPRF-PE,DEL01-PE,UOP02-DEL01-PE
224420.0,2019-07-24,quarta-feira,19:45:00,PE,232,"214,5",PESQUEIRA,Ingestão de Álcool,Colisão traseira,Sem Vítimas,Plena Noite,Crescente,Nublado,Simples,Interseção de Vias,Não,2,0,0,0,2,0,0,2,"-8,3804455","-36,73076279",SPRF-PE,DEL03-PE,UOP02-DEL03-PE
224433.0,2019-07-24,quarta-feira,18:08:00,PE,428,188,PETROLINA,Falta de Atenção à Condução,Colisão com objeto estático,Com Vítimas Feridas,Anoitecer,Crescente,Céu Claro,Simples,Curva,Não,1,0,1,0,0,0,1,1,"-9,37454759","-40,48796654",SPRF-PE,DEL06-PE,UOP01-DEL06-PE
224437.0,2019-07-24,quarta-feira,21:20:00,PE,232,260,ARCOVERDE,Velocidade Incompatível,Colisão traseira,Com Vítimas Fatais,Plena Noite,Crescente,Nublado,Simples,Curva,Não,2,1,0,0,1,0,0,2,"-8,40616087","-37,12439429",SPRF-PE,DEL03-PE,UOP02-DEL03-PE
224502.0,2019-07-25,quinta-feira,09:30:00,PE,101,93,CABO DE SANTO AGOSTINHO,Não guardar distância de segurança,Colisão frontal,Com Vítimas Feridas,Pleno dia,Crescente,Sol,Simples,Reta,Sim,2,0,1,0,1,0,1,2,"-8,2396419","-35,00335418",SPRF-PE,DEL01-PE,UOP03-DEL01-PE
224507.0,2019-07-25,quinta-feira,09:55:00,PE,104,57,CARUARU,Mal Súbito,Colisão traseira,Com Vítimas Feridas,Pleno dia,Crescente,Céu Claro,Dupla,Reta,Sim,2,0,1,0,1,0,1,2,"-8,2181","-35,9747",SPRF-PE,DEL02-PE,UOP01-DEL02-PE
224518.0,2019-07-25,quinta-feira,09:30:00,PE,101,112,CABO DE SANTO AGOSTINHO,Pista Escorregadia,Saída de leito carroçável,Com Vítimas Feridas,Pleno dia,Decrescente,Nublado,Dupla,Curva,Não,4,0,1,0,3,0,1,1,"-8,3278918","-35,119238",SPRF-PE,DEL01-PE,UOP03-DEL01-PE
224558.0,2019-07-25,quinta-feira,15:50:00,PE,407,129,PETROLINA,Não guardar distância de segurança,Colisão traseira,Com Vítimas Feridas,Pleno dia,Crescente,Céu Claro,Dupla,Ponte,Sim,3,0,2,0,1,0,2,2,"-9,39958299","-40,50459298",SPRF-PE,DEL06-PE,UOP01-DEL06-PE
224576.0,2019-07-25,quinta-feira,17:10:00,PE,232,"503,5",VERDEJANTE,Desobediência às normas de trânsito pelo condutor,Colisão traseira,Com Vítimas Fatais,Anoitecer,Decrescente,Céu Claro,Simples,Aclive,Não,4,1,0,0,3,0,0,2,"-8,04856198","-39,07759201",SPRF-PE,DEL05-PE,UOP01-DEL05-PE
224609.0,2019-07-25,quinta-feira,19:00:00,PE,316,"314,5",FLORESTA,Animais na Pista,Queda de ocupante de veículo,Com Vítimas Fatais,Plena Noite,Decrescente,Céu Claro,Simples,Reta,Não,1,1,0,0,0,0,0,1,"-8,68842883","-38,53672079",SPRF-PE,DEL04-PE,UOP03-DEL04-PE
224619.0,2019-07-25,quinta-feira,20:50:00,PE,101,"65,6",RECIFE,Restrição de Visibilidade,Atropelamento de Pedestre,Com Vítimas Feridas,Plena Noite,Crescente,Nublado,Múltipla,Reta,Sim,2,0,1,1,0,0,2,2,"-8,02478597","-34,94276635",SPRF-PE,DEL01-PE,UOP01-DEL01-PE
224638.0,2019-07-25,quinta-feira,23:00:00,PE,428,188,PETROLINA,Ingestão de Álcool,Colisão com objeto estático,Com Vítimas Feridas,Plena Noite,Decrescente,Céu Claro,Múltipla,Reta,Sim,1,0,0,1,0,0,1,1,"-9,37605652","-40,49196655",SPRF-PE,DEL06-PE,UOP01-DEL06-PE
224714.0,2019-07-26,sexta-feira,08:00:00,PE,104,41,CARUARU,Defeito Mecânico no Veículo,Capotamento,Com Vítimas Feridas,Pleno dia,Decrescente,Nublado,Dupla,Curva,Não,4,0,4,0,0,0,4,1,"-8,1007","-36,0284",SPRF-PE,DEL02-PE,UOP01-DEL02-PE
224729.0,2019-07-26,sexta-feira,10:55:00,PE,232,"233,2",PESQUEIRA,Velocidade Incompatível,Colisão com objeto estático,Sem Vítimas,Pleno dia,Crescente,Chuva,Simples,Reta,Sim,3,0,0,0,3,0,0,2,"-8,40608533","-36,90137289",SPRF-PE,DEL03-PE,UOP02-DEL03-PE
224774.0,2019-07-26,sexta-feira,16:45:00,PE,408,"84,4",PAUDALHO,Velocidade Incompatível,Saída de leito carroçável,Com Vítimas Feridas,Pleno dia,Decrescente,Chuva,Dupla,Curva,Não,2,0,2,0,0,0,2,1,"-7,954064","-35,107443",SPRF-PE,DEL01-PE,UOP01-DEL01-PE
224787.0,2019-07-26,sexta-feira,16:40:00,PE,101,"68,9",RECIFE,Falta de Atenção à Condução,Engavetamento,Sem Vítimas,Pleno dia,Crescente,Chuva,Múltipla,Interseção de Vias,Sim,3,0,0,0,2,1,0,3,"-8,05074296","-34,94580619",SPRF-PE,DEL01-PE,UOP01-DEL01-PE
224792.0,2019-07-26,sexta-feira,17:41:00,PE,408,56,NAZARE DA MATA,Falta de Atenção à Condução,Colisão transversal,Com Vítimas Feridas,Anoitecer,Decrescente,Chuva,Simples,Interseção de Vias,Sim,3,0,3,0,0,0,3,2,"-7,77994878","-35,23919365",SPRF-PE,DEL01-PE,UOP01-DEL01-PE
224814.0,2019-07-26,sexta-feira,19:00:00,PE,423,27,SAO CAITANO,Restrição de Visibilidade,Colisão traseira,Com Vítimas Feridas,Plena Noite,Crescente,Garoa/Chuvisco,Simples,Reta,Não,3,0,1,1,0,1,2,2,"-8,39548998","-36,18077804",SPRF-PE,DEL02-PE,UOP03-DEL02-PE
224935.0,2019-07-27,sábado,07:40:00,PE,407,125,PETROLINA,Falta de Atenção à Condução,Colisão traseira,Com Vítimas Feridas,Pleno dia,Decrescente,Céu Claro,Dupla,Curva,Não,3,0,1,0,2,0,1,2,"-9,37739336","-40,53595733",SPRF-PE,DEL06-PE,UOP01-DEL06-PE
224942.0,2019-07-27,sábado,07:10:00,PE,232,"510,9",SALGUEIRO,Falta de Atenção do Pedestre,Atropelamento de Pedestre,Com Vítimas Feridas,Pleno dia,Decrescente,Nublado,Simples,Reta,Sim,2,0,0,1,1,0,1,2,"-8,06148167","-39,11647797",SPRF-PE,DEL05-PE,UOP01-DEL05-PE
224956.0,2019-07-13,sábado,17:55:00,PE,232,100,BEZERROS,Falta de Atenção do Pedestre,Atropelamento de Pedestre,Com Vítimas Feridas,Anoitecer,Crescente,Ignorado,Dupla,Reta,Sim,2,0,0,1,1,0,1,2,"-8,24559015","-35,75649851",SPRF-PE,DEL01-PE,UOP02-DEL02PE
224957.0,2019-07-27,sábado,11:10:00,PE,428,166,PETROLINA,Falta de Atenção do Pedestre,Atropelamento de Pedestre,Com Vítimas Feridas,Pleno dia,Crescente,Céu Claro,Simples,Reta,Sim,2,0,0,2,0,0,2,2,"-9,19296591","-40,38530011",SPRF-PE,DEL06-PE,UOP01-DEL06-PE
224960.0,2019-07-27,sábado,06:00:00,PE,423,117,PARANATAMA,Defeito na Via,Saída de leito carroçável,Com Vítimas Feridas,Pleno dia,Crescente,Nublado,Simples,Aclive;Reta                   ,Não,3,0,0,1,1,1,1,1,"-8,90662085","-36,66901104",SPRF-PE,DEL03-PE,UOP01-DEL03-PE
224977.0,2019-07-27,sábado,13:30:00,PE,232,"205,8",PESQUEIRA,Fenômenos da Natureza,Incêndio,Sem Vítimas,Pleno dia,Decrescente,Chuva,Simples,Reta,Não,1,0,0,0,1,0,0,1,"-8,37185891","-36,65279599",SPRF-PE,DEL02-PE,UOP03-DEL02-PE
225002.0,2019-07-27,sábado,16:35:00,PE,232,114,BEZERROS,Ingestão de Álcool,Colisão traseira,Sem Vítimas,Pleno dia,Decrescente,Chuva,Dupla,Reta,Sim,3,0,0,0,3,0,0,2,"-8,30028529","-35,84905306",SPRF-PE,DEL02-PE,UOP03-DEL02-PE
225061.0,2019-07-27,sábado,20:05:00,PE,424,"90,9",GARANHUNS,Ingestão de álcool e/ou substâncias psicoativas pelo pedestre,Saída de leito carroçável,Com Vítimas Feridas,Plena Noite,Decrescente,Chuva,Simples,Reta,Sim,3,0,1,0,1,1,1,2,"-8,90357896","-36,50005817",SPRF-PE,DEL03-PE,UOP01-DEL03-PE
225072.0,2019-07-27,sábado,22:30:00,PE,104,66,CARUARU,Ingestão de Álcool,Colisão lateral,Com Vítimas Feridas,Plena Noite,Crescente,Chuva,Simples,Viaduto,Sim,3,0,1,1,1,0,2,2,"-8,2937","-35,9864",SPRF-PE,DEL02-PE,UOP01-DEL02-PE
225134.0,2019-07-28,domingo,06:30:00,PE,101,66,RECIFE,Não guardar distância de segurança,Colisão traseira,Com Vítimas Feridas,Pleno dia,Crescente,Sol,Dupla,Viaduto,Sim,2,0,1,0,0,1,1,2,"-8,03368534","-34,94184125",SPRF-PE,DEL01-PE,UOP01-DEL01-PE
225150.0,2019-07-28,domingo,04:40:00,PE,232,278,SERTANIA,Ingestão de Álcool,Colisão traseira,Com Vítimas Feridas,Plena Noite,Crescente,Nublado,Simples,Interseção de Vias,Não,3,0,1,1,0,1,2,2,"-8,35908086","-37,27487994",SPRF-PE,DEL03-PE,UOP02-DEL03-PE
225166.0,2019-07-28,domingo,10:15:00,PE,104,"29,8",TORITAMA,Falta de Atenção à Condução,Colisão transversal,Com Vítimas Feridas,Pleno dia,Decrescente,Céu Claro,Simples,Reta,Sim,3,0,0,1,2,0,1,3,"-8,00701484","-36,06758952",SPRF-PE,DEL02-PE,UOP01-DEL02-PE
225185.0,2019-07-28,domingo,11:33:00,PE,104,28,TORITAMA,Falta de Atenção à Condução,Colisão transversal,Com Vítimas Feridas,Pleno dia,Crescente,Céu Claro,Simples,Reta,Sim,2,0,1,0,1,0,1,2,"-8,0065","-36,0709",SPRF-PE,DEL02-PE,UOP01-DEL02-PE
225214.0,2019-07-28,domingo,16:20:00,PE,101,22,IGARASSU,Falta de Atenção à Condução,Colisão lateral,Com Vítimas Feridas,Pleno dia,Crescente,Chuva,Dupla,Curva,Não,3,0,2,0,1,0,2,2,"-7,67583307","-34,92870811",SPRF-PE,DEL01-PE,UOP02-DEL01-PE
225216.0,2019-07-28,domingo,16:40:00,PE,101,"169,9",AGUA PRETA,Defeito Mecânico no Veículo,Saída de leito carroçável,Com Vítimas Feridas,Pleno dia,Decrescente,Chuva,Dupla,Reta,Não,5,0,3,0,2,0,3,1,"-8,57679958","-35,48941902",SPRF-PE,DEL01-PE,UOP03-DEL01-PE
225218.0,2019-07-28,domingo,16:30:00,PE,408,"93,1",SAO LOURENCO DA MATA,Falta de Atenção à Condução,Capotamento,Com Vítimas Feridas,Anoitecer,Decrescente,Nublado,Dupla,Declive,Não,3,0,2,0,1,0,2,1,"-8,00201425","-35,05473707",SPRF-PE,DEL01-PE,UOP01-DEL01-PE
225287.0,2019-07-28,domingo,19:45:00,PE,101,62,RECIFE,Condutor Dormindo,Saída de leito carroçável,Com Vítimas Feridas,Plena Noite,Crescente,Céu Claro,Dupla,Reta,Não,1,0,1,0,0,0,1,1,"-7,99905898","-34,93899295",SPRF-PE,DEL01-PE,UOP02-DEL01-PE
225290.0,2019-07-28,domingo,20:00:00,PE,101,"69,1",RECIFE,Não guardar distância de segurança,Colisão traseira,Com Vítimas Feridas,Plena Noite,Crescente,Nublado,Múltipla,Reta,Sim,2,0,1,0,1,0,1,2,"-8,05951606","-34,94581024",SPRF-PE,DEL01-PE,UOP01-DEL01-PE
225325.0,2019-07-28,domingo,22:55:00,PE,232,255,ARCOVERDE,Ingestão de Álcool,Colisão lateral,Sem Vítimas,Plena Noite,Crescente,Céu Claro,Simples,Reta,Sim,2,0,0,0,2,0,0,2,"-8,4124021","-37,08493608",SPRF-PE,DEL03-PE,UOP02-DEL03-PE
225396.0,2019-07-29,segunda-feira,06:50:00,PE,101,"74,3",RECIFE,Não guardar distância de segurança,Colisão lateral,Com Vítimas Feridas,Pleno dia,Crescente,Chuva,Dupla,Curva,Sim,2,0,1,0,1,0,1,2,"-8,1053285","-34,94896352",SPRF-PE,DEL01-PE,UOP01-DEL01-PE
225414.0,2019-07-29,segunda-feira,11:50:00,PE,104,67,CARUARU,Não guardar distância de segurança,Colisão traseira,Com Vítimas Feridas,Pleno dia,Crescente,Nublado,Dupla,Reta;Aclive                   ,Sim,2,0,1,0,1,0,1,2,"-8,294353","-35,986884",SPRF-PE,DEL02-PE,UOP01-DEL02-PE