id,data_inversa,dia_semana,horario,uf,br,km,municipio,causa_acidente,tipo_acidente,classificacao_acidente,fase_dia,sentido_via,condicao_metereologica,tipo_pista,tracado_via,uso_solo,pessoas,mortos,feridos_leves,feridos_graves,ilesos,ignorados,feridos,veiculos,latitude,longitude,regional,delegacia,uop
238620.0,2019-09-27,sexta-feira,17:50:00,PE,423,85,SAO JOAO,Velocidade Incompatível,Colisão lateral,Sem Vítimas,Anoitecer,Crescente,Céu Claro,Simples,Reta,Não,2,0,0,0,2,0,0,2,"-8,80610593","-36,44168015",SPRF-PE,DEL03-PE,UOP01-DEL03-PE
238654.0,2019-09-28,sábado,10:55:00,PE,101,70,RECIFE,Velocidade Incompatível,Saída de leito carroçável,Com Vítimas Feridas,Pleno dia,Crescente,Céu Claro,Simples,Curva,Sim,2,0,0,2,0,0,2,1,"-8,06776119","-34,94265074",SPRF-PE,DEL01-PE,UOP01-DEL01-PE
238698.0,2019-09-28,sábado,14:45:00,PE,423,176,AGUAS BELAS,Ingestão de Álcool,Colisão frontal,Com Vítimas Feridas,Pleno dia,Crescente,Céu Claro,Simples,Reta,Sim,2,0,2,0,0,0,2,2,"-9,13034052","-37,12054968",SPRF-AL,DEL03-AL,UOP02-DEL03-AL
238774.0,2019-09-28,sábado,21:10:00,PE,407,126,PETROLINA,Desobediência às normas de trânsito pelo pedestre,Colisão transversal,Com Vítimas Feridas,Plena Noite,Decrescente,Céu Claro,Dupla,Reta,Sim,3,0,1,1,0,1,2,2,"-9,38491309","-40,52809509",SPRF-PE,DEL06-PE,UOP01-DEL06-PE
238929.0,2019-09-29,domingo,11:00:00,PE,424,"95,1",GARANHUNS,Velocidade Incompatível,Colisão transversal,Com Vítimas Feridas,Pleno dia,Crescente,Céu Claro,Simples,Declive;Curva                 ,Não,3,0,0,1,2,0,1,2,"-8,92487901","-36,48949333",SPRF-PE,DEL03-PE,UOP01-DEL03-PE
238953.0,2019-09-29,domingo,16:00:00,PE,408,"96,3",SAO LOURENCO DA MATA,Avarias e/ou desgaste excessivo no pneu,Capotamento,Com Vítimas Feridas,Pleno dia,Decrescente,Céu Claro,Dupla,Reta,Não,1,0,1,0,0,0,1,1,"-8,02062","-35,041045",SPRF-PE,DEL01-PE,UOP01-DEL01-PE
238954.0,2019-09-29,domingo,16:00:00,PE,408,"96,3",SAO LOURENCO DA MATA,Não guardar distância de segurança,Queda de ocupante de veículo,Sem Vítimas,Pleno dia,Decrescente,Céu Claro,Dupla,Reta,Sim,1,0,0,0,1,0,0,1,"-8,02062","-35,041045",SPRF-PE,DEL01-PE,UOP01-DEL01-PE
238967.0,2019-09-29,domingo,16:15:00,PE,428,42,OROCO,Falta de Atenção à Condução,Colisão transversal,Com Vítimas Feridas,Pleno dia,Crescente,Sol,Simples,Interseção de Vias,Não,3,0,2,0,0,1,2,2,"-8,56625357","-39,57202435",SPRF-PE,DEL05-PE,UOP03-DEL05-PE
238991.0,2019-09-29,domingo,17:45:00,PE,232,76,GRAVATA,Defeito Mecânico no Veículo,Colisão com objeto em movimento,Sem Vítimas,Plena Noite,Decrescente,Céu Claro,Dupla,Reta,Não,3,0,0,0,3,0,0,2,"-8,1955352","-35,53456485",SPRF-PE,DEL01-PE,UOP02-DEL02PE
239009.0,2019-09-29,domingo,20:00:00,PE,424,"71,7",CAETES,Velocidade Incompatível,Colisão traseira,Com Vítimas Fatais,Plena Noite,Crescente,Céu Claro,Simples,Aclive,Não,2,1,0,0,0,1,0,2,"-8,78427532","-36,61322121",SPRF-PE,DEL03-PE,UOP01-DEL03-PE
239065.0,2019-09-29,domingo,22:20:00,PE,316,"82,6",OURICURI,Animais na Pista,Atropelamento de Animal,Com Vítimas Feridas,Plena Noite,Crescente,Ignorado,Simples,Reta,Não,1,0,1,0,0,0,1,1,"-7,8712915","-40,09366321",SPRF-PE,DEL05-PE,UOP02-DEL05-PE
239096.0,2019-09-30,segunda-feira,05:45:00,PE,104,63,CARUARU,Falta de Atenção à Condução,Colisão com objeto estático,Com Vítimas Feridas,Pleno dia,Decrescente,Céu Claro,Dupla,Reta,Sim,5,0,5,0,0,0,5,1,"-8,2698","-35,9803",SPRF-PE,DEL02-PE,UOP01-DEL02-PE
239106.0,2019-09-30,segunda-feira,07:05:00,PE,428,191,PETROLINA,Falta de Atenção à Condução,Colisão traseira,Com Vítimas Feridas,Pleno dia,Decrescente,Céu Claro,Dupla,Interseção de Vias,Sim,2,0,1,0,1,0,1,2,"-9,37766429","-40,50269795",SPRF-PE,DEL06-PE,UOP01-DEL06-PE
239142.0,2019-09-30,segunda-feira,10:00:00,PE,232,"125,9",CARUARU,Desobediência às normas de trânsito pelo pedestre,Atropelamento de Pedestre,Com Vítimas Fatais,Pleno dia,Decrescente,Sol,Dupla,Reta,Não,2,1,0,0,0,1,0,2,"-8,30807114","-35,94580097",SPRF-PE,DEL02-PE,UOP03-DEL02-PE
239151.0,2019-09-30,segunda-feira,11:30:00,PE,428,"191,9",PETROLINA,Falta de Atenção à Condução,Colisão traseira,Sem Vítimas,Pleno dia,Crescente,Céu Claro,Simples,Reta,Sim,2,0,0,0,2,0,0,2,"-9,37766429","-40,50269795",SPRF-PE,DEL06-PE,UOP01-DEL06-PE
239171.0,2019-09-30,segunda-feira,11:15:00,PE,232,152,SAO CAITANO,Condutor Dormindo,Colisão frontal,Com Vítimas Feridas,Pleno dia,Decrescente,Céu Claro,Simples,Reta,Não,3,0,0,1,2,0,1,2,"-8,32701495","-36,18101",SPRF-PE,DEL02-PE,UOP03-DEL02-PE
239211.0,2019-09-30,segunda-feira,18:10:00,PE,101,"77,8",RECIFE,Falta de Atenção à Condução,Atropelamento de Pedestre,Com Vítimas Feridas,Plena Noite,Crescente,Céu Claro,Dupla,Reta,Sim,2,0,1,1,0,0,2,2,"-8,126982","-34,94386",SPRF-PE,DEL01-PE,UOP01-DEL01-PE
239283.0,2019-09-30,segunda-feira,21:20:00,PE,423,"94,1",GARANHUNS,Ingestão de Álcool,Colisão traseira,Sem Vítimas,Plena Noite,Decrescente,Céu Claro,Dupla,Reta,Sim,2,0,0,0,2,0,0,2,"-8,874732","-36,46946",SPRF-PE,DEL03-PE,UOP01-DEL03-PE
239326.0,2019-10-01,terça-feira,06:15:00,PE,101,67,RECIFE,Falta de Atenção à Condução,Colisão traseira,Com Vítimas Feridas,Pleno dia,Crescente,Céu Claro,Múltipla,Reta,Sim,1,0,1,0,0,0,1,1,"-8,042334","-34,943096",SPRF-PE,DEL01-PE,UOP01-DEL01-PE
239327.0,2019-10-01,terça-feira,06:00:00,PE,232,"105,2",BEZERROS,Velocidade Incompatível,Saída de leito carroçável,Com Vítimas Feridas,Pleno dia,Decrescente,Céu Claro,Dupla,Curva,Não,2,0,2,0,0,0,2,1,"-8,25830415","-35,78275595",SPRF-PE,DEL02-PE,UOP03-DEL02-PE
239352.0,2019-10-01,terça-feira,09:10:00,PE,101,70,RECIFE,Falta de Atenção à Condução,Colisão lateral,Com Vítimas Feridas,Pleno dia,Decrescente,Sol,Múltipla,Reta,Não,2,0,1,0,1,0,1,2,"-8,06746808","-34,94165367",SPRF-PE,DEL01-PE,UOP01-DEL01-PE
239378.0,2019-09-23,segunda-feira,06:56:00,PE,428,"149,8",PETROLINA,Falta de Atenção à Condução,Tombamento,Com Vítimas Feridas,Pleno dia,Decrescente,Céu Claro,Simples,Reta,Não,3,0,0,1,2,0,1,3,"-9,07766873","-40,31559706",SPRF-PE,DEL06-PE,UOP01-DEL06-PE
239380.0,2019-10-01,terça-feira,13:30:00,PE,316,94,OURICURI,Falta de Atenção à Condução,Colisão traseira,Com Vítimas Fatais,Pleno dia,Decrescente,Céu Claro,Simples,Reta,Não,3,1,2,0,0,0,2,2,"-7,91719537","-39,99664915",SPRF-PE,DEL05-PE,UOP02-DEL05-PE
239449.0,2019-10-01,terça-feira,18:20:00,PE,232,94,BEZERROS,Objeto estático sobre o leito carroçável,Colisão com objeto estático,Sem Vítimas,Plena Noite,Crescente,Céu Claro,Dupla,Reta,Não,3,0,0,0,3,0,0,3,"-8,22473335","-35,69081624",SPRF-PE,DEL01-PE,UOP02-DEL02PE
239606.0,2019-10-02,quarta-feira,07:40:00,PE,232,"253,2",ARCOVERDE,Desobediência às normas de trânsito pelo condutor,Colisão lateral,Com Vítimas Feridas,Pleno dia,Crescente,Céu Claro,Simples,Curva,Sim,3,0,2,0,1,0,2,2,"-8,42934213","-37,06027064",SPRF-PE,DEL03-PE,UOP02-DEL03-PE
239621.0,2019-10-02,quarta-feira,08:40:00,PE,104,61,CARUARU,Desobediência às normas de trânsito pelo condutor,Colisão transversal,Com Vítimas Feridas,Pleno dia,Decrescente,Sol,Dupla,Retorno Regulamentado;Reta;Dec,Sim,2,0,1,0,1,0,1,2,"-8,245749","-35,974987",SPRF-PE,DEL02-PE,UOP01-DEL02-PE
239667.0,2019-10-02,quarta-feira,13:00:00,PE,101,"73,1",RECIFE,Desobediência às normas de trânsito pelo condutor,Atropelamento de Pedestre,Com Vítimas Feridas,Pleno dia,Decrescente,Céu Claro,Dupla,Em Obras;Reta                 ,Sim,3,0,2,0,1,0,2,2,"-8,095503","-34,948936",SPRF-PE,DEL01-PE,UOP01-DEL01-PE
239688.0,2019-10-02,quarta-feira,14:40:00,PE,101,"71,6",RECIFE,Falta de Atenção à Condução,Colisão transversal,Com Vítimas Feridas,Pleno dia,Decrescente,Sol,Simples,Reta,Sim,2,0,1,0,0,1,1,2,"-8,07663102","-34,94277871",SPRF-PE,DEL01-PE,UOP01-DEL01-PE
239691.0,2019-10-02,quarta-feira,15:00:00,PE,408,"99,9",SAO LOURENCO DA MATA,Falta de Atenção à Condução,Tombamento,Com Vítimas Feridas,Pleno dia,Decrescente,Céu Claro,Dupla,Reta,Sim,2,0,2,0,0,0,2,1,"-8,043784","-35,015045",SPRF-PE,DEL01-PE,UOP01-DEL01-PE
239718.0,2019-10-02,quarta-feira,17:20:00,PE,101,"147,8",RIBEIRAO,Falta de Atenção à Condução,Colisão traseira,Com Vítimas Fatais,Anoitecer,Decrescente,Céu Claro,Dupla,Reta,Não,3,1,0,0,1,1,0,2,"-8,482002","-35,371972",SPRF-PE,DEL01-PE,UOP03-DEL01-PE
239797.0,2019-10-03,quinta-feira,02:30:00,PE,101,39,IGARASSU,Condutor Dormindo,Saída de leito carroçável,Com Vítimas Feridas,Plena Noite,Crescente,Céu Claro,Dupla,Curva,Sim,1,0,1,0,0,0,1,1,"-7,81259899","-34,91890497",SPRF-PE,DEL01-PE,UOP02-DEL01-PE
239885.0,2019-08-15,quinta-feira,09:30:00,PE,101,"96,5",CABO DE SANTO AGOSTINHO,Avarias e/ou desgaste excessivo no pneu,Capotamento,Com Vítimas Feridas,Pleno dia,Crescente,Chuva,Dupla,Aclive;Reta                   ,Sim,1,0,1,0,0,0,1,1,"-8,25146993","-35,021805",SPRF-PE,DEL01-PE,UOP03-DEL01-PE
239891.0,2019-10-03,quinta-feira,15:20:00,PE,232,"104,8",BEZERROS,Ingestão de Álcool,Colisão traseira,Sem Vítimas,Pleno dia,Decrescente,Céu Claro,Dupla,Reta,Não,3,0,0,0,2,1,0,2,"-8,2553139","-35,77427504",SPRF-PE,DEL02-PE,UOP03-DEL02-PE
239935.0,2019-08-30,sexta-feira,06:40:00,PE,428,"184,5",PETROLINA,Falta de Atenção à Condução,Colisão transversal,Com Vítimas Feridas,Pleno dia,Crescente,Céu Claro,Simples,Interseção de Vias,Sim,3,0,2,0,1,0,2,2,"-9,33211208","-40,46621385",SPRF-PE,DEL06-PE,UOP01-DEL06-PE
239950.0,2019-10-03,quinta-feira,21:30:00,PE,232,"461,5",SAO JOSE DO BELMONTE,Ultrapassagem Indevida,Colisão frontal,Com Vítimas Fatais,Plena Noite,Crescente,Céu Claro,Simples,Curva,Não,2,1,0,0,1,0,0,2,"-8,0274382","-38,72264791",SPRF-PE,DEL05-PE,UOP01-DEL05-PE
239974.0,2019-10-04,sexta-feira,02:30:00,PE,408,"92,5",SAO LOURENCO DA MATA,Animais na Pista,Atropelamento de Animal,Com Vítimas Feridas,Plena Noite,Crescente,Chuva,Dupla,Reta;Declive                  ,Não,1,0,0,1,0,0,1,1,"-7,99979861","-35,06313386",SPRF-PE,DEL01-PE,UOP01-DEL01-PE
239992.0,2019-07-23,terça-feira,14:30:00,PE,316,313,FLORESTA,Defeito na Via,Danos eventuais,Sem Vítimas,Pleno dia,Crescente,Céu Claro,Simples,Reta,Não,1,0,0,0,1,0,0,1,"-8,68031095","-38,54056986",SPRF-PE,DEL04-PE,UOP03-DEL04-PE
239995.0,2019-10-04,sexta-feira,06:20:00,PE,316,"128,7",PARNAMIRIM,Animais na Pista,Saída de leito carroçável,Com Vítimas Fatais,Pleno dia,Decrescente,Céu Claro,Simples,Reta,Não,4,1,2,1,0,0,3,1,"-8,03658073","-39,71547989",SPRF-PE,DEL05-PE,UOP02-DEL05-PE
240066.0,2019-10-04,sexta-feira,14:45:00,PE,232,"5,3",RECIFE,Falta de Atenção do Pedestre,Atropelamento de Pedestre,Com Vítimas Feridas,Pleno dia,Decrescente,Céu Claro,Dupla,Reta,Sim,2,0,2,0,0,0,2,2,"-8,06795766","-34,94535414",SPRF-PE,DEL01-PE,UOP01-DEL01-PE
240080.0,2019-10-04,sexta-feira,16:15:00,PE,101,"77,8",RECIFE,Desobediência às normas de trânsito pelo condutor,Colisão lateral,Com Vítimas Feridas,Anoitecer,Decrescente,Céu Claro,Dupla,Reta,Sim,2,0,1,0,1,0,1,2,"-8,126982","-34,94386",SPRF-PE,DEL01-PE,UOP01-DEL01-PE
240110.0,2019-10-04,sexta-feira,17:10:00,PE,101,99,CABO DE SANTO AGOSTINHO,Falta de Atenção à Condução,Colisão traseira,Com Vítimas Feridas,Anoitecer,Crescente,Céu Claro,Dupla,Aclive,Sim,2,0,1,0,1,0,1,2,"-8,26025316","-35,04629883",SPRF-PE,DEL01-PE,UOP03-DEL01-PE
240133.0,2019-10-04,sexta-feira,19:00:00,PE,101,"50,6",ABREU E LIMA,Falta de Atenção à Condução,Colisão transversal,Com Vítimas Feridas,Plena Noite,Decrescente,Céu Claro,Múltipla,Reta,Sim,6,0,1,0,5,0,1,2,"-7,90938602","-34,90123228",SPRF-PE,DEL01-PE,UOP02-DEL01-PE
240231.0,2019-10-05,sábado,06:40:00,PE,232,"7,1",RECIFE,Não guardar distância de segurança,Colisão traseira,Com Vítimas Feridas,Pleno dia,Decrescente,Sol,Dupla,Reta,Sim,3,0,1,1,1,0,2,2,"-8,07333497","-34,96184301",SPRF-PE,DEL01-PE,UOP01-DEL01-PE
240248.0,2019-09-15,domingo,12:00:00,PE,101,"122,7",ESCADA,Avarias e/ou desgaste excessivo no pneu,Queda de ocupante de veículo,Com Vítimas Feridas,Pleno dia,Decrescente,Sol,Dupla,Reta,Não,2,0,2,0,0,0,2,1,"-8,35939636","-35,19500398",SPRF-PE,DEL01-PE,UOP03-DEL01-PE
240266.0,2019-10-05,sábado,09:50:00,PE,101,"50,9",ABREU E LIMA,Objeto estático sobre o leito carroçável,Tombamento,Com Vítimas Feridas,Pleno dia,Crescente,Céu Claro,Múltipla,Reta,Sim,2,0,1,0,1,0,1,1,"-7,90938602","-34,90123228",SPRF-PE,DEL01-PE,UOP02-DEL01-PE
240320.0,2019-10-05,sábado,15:30:00,PE,101,46,IGARASSU,Falta de Atenção à Condução,Colisão lateral,Com Vítimas Feridas,Pleno dia,Decrescente,Céu Claro,Dupla,Reta,Sim,2,0,1,0,1,0,1,2,"-7,87406004","-34,90588126",SPRF-PE,DEL01-PE,UOP02-DEL01-PE
240360.0,2019-10-05,sábado,16:40:00,PE,232,"50,3",VITORIA DE SANTO ANTAO,Velocidade Incompatível,Saída de leito carroçável,Com Vítimas Feridas,Anoitecer,Crescente,Nublado,Dupla,Reta,Não,2,0,0,2,0,0,2,1,"-8,14106223","-35,32322707",SPRF-PE,DEL01-PE,UOP02-DEL02PE
240362.0,2019-10-05,sábado,18:10:00,PE,424,88,GARANHUNS,Ingestão de Álcool,Saída de leito carroçável,Com Vítimas Feridas,Plena Noite,Crescente,Céu Claro,Simples,Declive,Não,1,0,0,1,0,0,1,1,"-8,88171","-36,50792",SPRF-PE,DEL03-PE,UOP01-DEL03-PE
240401.0,2019-10-05,sábado,21:07:00,PE,424,87,GARANHUNS,Animais na Pista,Colisão com objeto em movimento,Com Vítimas Feridas,Plena Noite,Crescente,Céu Claro,Simples,Declive,Sim,1,0,1,0,0,0,1,1,"-8,874289","-36,507607",SPRF-PE,DEL03-PE,UOP01-DEL03-PE
240446.0,2019-10-06,domingo,01:05:00,PE,232,"194,1",SANHARO,Ingestão de Álcool,Colisão frontal,Com Vítimas Feridas,Plena Noite,Crescente,Céu Claro,Simples,Reta,Não,2,0,1,1,0,0,2,2,"-8,36209062","-36,55441109",SPRF-PE,DEL02-PE,UOP03-DEL02-PE
240480.0,2019-10-06,domingo,05:10:00,PE,232,"4,9",RECIFE,Falta de Atenção à Condução,Colisão traseira,Com Vítimas Feridas,Pleno dia,Decrescente,Sol,Múltipla,Aclive,Sim,2,0,0,1,1,0,1,2,"-8,06621411","-34,94173229",SPRF-PE,DEL01-PE,UOP01-DEL01-PE
240518.0,2019-10-06,domingo,08:40:00,PE,232,4,RECIFE,Objeto estático sobre o leito carroçável,Colisão traseira,Com Vítimas Feridas,Pleno dia,Crescente,Céu Claro,Múltipla,Viaduto;Declive;Reta          ,Sim,2,0,1,0,1,0,1,2,"-8,064473","-34,936928",SPRF-PE,DEL01-PE,UOP01-DEL01-PE
240519.0,2019-10-06,domingo,07:00:00,PE,232,25,MORENO,Falta de Atenção à Condução,Colisão frontal,Com Vítimas Feridas,Pleno dia,Crescente,Céu Claro,Simples,Curva,Não,2,0,1,0,1,0,1,2,"-8,11191765","-35,10836516",SPRF-PE,DEL01-PE,UOP02-DEL02PE
240575.0,2019-10-06,domingo,15:20:00,PE,101,"72,5",RECIFE,Falta de Atenção à Condução,Colisão traseira,Com Vítimas Feridas,Pleno dia,Decrescente,Céu Claro,Dupla,Viaduto,Não,2,0,1,0,1,0,1,2,"-8,08493106","-34,9450639",SPRF-PE,DEL01-PE,UOP01-DEL01-PE
240598.0,2019-10-06,domingo,16:00:00,PE,232,"105,7",BEZERROS,Falta de Atenção à Condução,Colisão com objeto estático,Sem Vítimas,Pleno dia,Decrescente,Céu Claro,Dupla,Curva,Não,1,0,0,0,0,1,0,1,"-8,25830415","-35,78275595",SPRF-PE,DEL02-PE,UOP03-DEL02-PE
240723.0,2019-10-07,segunda-feira,01:15:00,PE,232,"407,8",SERRA TALHADA,Velocidade Incompatível,Colisão traseira,Com Vítimas Feridas,Plena Noite,Crescente,Céu Claro,Simples,Reta,Sim,3,0,0,2,0,1,2,2,"-7,9854402","-38,27148304",SPRF-PE,DEL04-PE,UOP01-DEL04-PE
240739.0,2019-10-07,segunda-feira,05:50:00,PE,101,134,ESCADA,Falta de Atenção à Condução,Colisão transversal,Com Vítimas Feridas,Amanhecer,Decrescente,Céu Claro,Múltipla,Reta,Sim,2,0,1,0,1,0,1,2,"-8,40994907","-35,28708799",SPRF-PE,DEL01-PE,UOP03-DEL01-PE
240751.0,2019-10-07,segunda-feira,06:30:00,PE,232,9,RECIFE,Falta de Atenção à Condução,Colisão lateral,Sem Vítimas,Pleno dia,Decrescente,Sol,Dupla,Reta,Sim,2,0,0,0,2,0,0,2,"-8,07764447","-34,97863609",SPRF-PE,DEL01-PE,UOP01-DEL01-PE
240771.0,2019-10-07,segunda-feira,08:35:00,PE,232,"129,2",CARUARU,Velocidade Incompatível,Colisão com objeto estático,Com Vítimas Feridas,Pleno dia,Crescente,Sol,Dupla,Curva,Sim,1,0,1,0,0,0,1,1,"-8,30004154","-35,98683357",SPRF-PE,DEL02-PE,UOP03-DEL02-PE
240797.0,2019-10-07,segunda-feira,10:10:00,PE,232,"4,9",RECIFE,Desobediência às normas de trânsito pelo condutor,Colisão traseira,Com Vítimas Feridas,Pleno dia,Decrescente,Céu Claro,Dupla,Aclive;Viaduto                ,Sim,2,0,1,0,0,1,1,2,"-8,06768794","-34,94437942",SPRF-PE,DEL01-PE,UOP01-DEL01-PE
240839.0,2019-10-07,segunda-feira,15:00:00,PE,428,185,PETROLINA,Desobediência às normas de trânsito pelo condutor,Colisão transversal,Com Vítimas Feridas,Pleno dia,Decrescente,Céu Claro,Simples,Interseção de Vias,Sim,2,0,1,0,1,0,1,2,"-9,34009199","-40,47032001",SPRF-PE,DEL06-PE,UOP01-DEL06-PE
240844.0,2019-10-07,segunda-feira,15:00:00,PE,101,113,IPOJUCA,Falta de Atenção à Condução,Saída de leito carroçável,Com Vítimas Feridas,Pleno dia,Decrescente,Céu Claro,Dupla,Curva,Não,1,0,1,0,0,0,1,1,"-8,33107097","-35,12666499",SPRF-PE,DEL01-PE,UOP03-DEL01-PE
240848.0,2019-10-07,segunda-feira,15:10:00,PE,101,"66,8",RECIFE,Falta de Atenção à Condução,Colisão transversal,Com Vítimas Feridas,Pleno dia,Crescente,Céu Claro,Dupla,Reta;Interseção de Vias       ,Sim,3,0,1,1,1,0,2,2,"-8,03368534","-34,94184125",SPRF-PE,DEL01-PE,UOP01-DEL01-PE
240902.0,2019-10-07,segunda-feira,19:40:00,PE,101,"69,9",RECIFE,Falta de Atenção à Condução,Colisão traseira,Sem Vítimas,Plena Noite,Crescente,Céu Claro,Múltipla,Viaduto;Declive               ,Sim,4,0,0,0,4,0,0,4,"-8,06694757","-34,94304841",SPRF-PE,DEL01-PE,UOP01-DEL01-PE
240914.0,2019-10-07,segunda-feira,20:45:00,PE,104,17,TAQUARITINGA DO NORTE,Desobediência às normas de trânsito pelo condutor,Colisão com objeto estático,Com Vítimas Feridas,Plena Noite,Decrescente,Céu Claro,Simples,Reta,Sim,3,0,0,2,0,1,2,2,"-7,931927","-36,11956",SPRF-PE,DEL02-PE,UOP01-DEL02-PE
240956.0,2019-10-08,terça-feira,07:05:00,PE,428,186,PETROLINA,Não guardar distância de segurança,Colisão traseira,Sem Vítimas,Pleno dia,Decrescente,Céu Claro,Dupla,Reta,Sim,7,0,0,0,7,0,0,2,"-9,34807826","-40,47441248",SPRF-PE,DEL06-PE,UOP01-DEL06-PE
241007.0,2019-10-08,terça-feira,12:10:00,PE,101,44,IGARASSU,Não guardar distância de segurança,Colisão traseira,Com Vítimas Feridas,Pleno dia,Crescente,Céu Claro,Simples,Reta,Sim,2,0,1,0,1,0,1,2,"-7,85637001","-34,90842109",SPRF-PE,DEL01-PE,UOP02-DEL01-PE
241167.0,2019-10-09,quarta-feira,09:30:00,PE,101,"50,7",ABREU E LIMA,Desobediência às normas de trânsito pelo condutor,Colisão traseira,Com Vítimas Feridas,Pleno dia,Crescente,Céu Claro,Múltipla,Reta,Sim,2,0,1,0,1,0,1,2,"-7,90938602","-34,90123228",SPRF-PE,DEL01-PE,UOP02-DEL01-PE
241168.0,2019-10-09,quarta-feira,09:20:00,PE,428,"183,5",PETROLINA,Ultrapassagem Indevida,Colisão lateral,Com Vítimas Feridas,Pleno dia,Crescente,Céu Claro,Simples,Reta,Sim,2,0,1,0,1,0,1,2,"-9,32412987","-40,46211325",SPRF-PE,DEL06-PE,UOP01-DEL06-PE
241185.0,2019-09-05,quinta-feira,06:40:00,PE,101,"94,9",CABO DE SANTO AGOSTINHO,Falta de Atenção à Condução,Colisão lateral,Com Vítimas Feridas,Pleno dia,Crescente,Céu Claro,Dupla,Reta,Não,2,0,1,0,1,0,1,2,"-8,257524","-35,011851",SPRF-PE,DEL01-PE,UOP03-DEL01-PE
241198.0,2019-10-09,quarta-feira,11:45:00,PE,101,"45,8",IGARASSU,Falta de Atenção do Pedestre,Atropelamento de Pedestre,Com Vítimas Feridas,Pleno dia,Crescente,Céu Claro,Múltipla,Reta,Sim,2,0,0,1,1,0,1,2,"-7,86521297","-34,90715176",SPRF-PE,DEL01-PE,UOP02-DEL01-PE
241257.0,2019-10-09,quarta-feira,17:45:00,PE,104,"85,9",AGRESTINA,Falta de Atenção do Pedestre,Atropelamento de Pedestre,Com Vítimas Fatais,Anoitecer,Decrescente,Céu Claro,Simples,Reta,Sim,4,1,0,0,3,0,0,2,"-8,438719","-35,955177",SPRF-PE,DEL02-PE,UOP01-DEL02-PE
241365.0,2019-10-10,quinta-feira,08:10:00,PE,101,89,CABO DE SANTO AGOSTINHO,Desobediência às normas de trânsito pelo condutor,Colisão lateral,Com Vítimas Feridas,Pleno dia,Decrescente,Céu Claro,Simples,Ponte,Sim,3,0,1,1,1,0,2,2,"-8,228826","-34,972051",SPRF-PE,DEL01-PE,UOP03-DEL01-PE
241439.0,2019-10-10,quinta-feira,15:30:00,PE,101,"75,6",RECIFE,Falta de Atenção à Condução,Colisão lateral,Com Vítimas Feridas,Pleno dia,Crescente,Nublado,Dupla,Reta,Sim,3,0,0,1,1,1,1,2,"-8,10973523","-34,94660151",SPRF-PE,DEL01-PE,UOP01-DEL01-PE
241530.0,2019-10-10,quinta-feira,23:45:00,PE,408,94,SAO LOURENCO DA MATA,Falta de Atenção à Condução,Colisão lateral,Sem Vítimas,Plena Noite,Crescente,Nublado,Dupla,Reta,Não,2,0,0,0,2,0,0,2,"-8,00448211","-35,04643006",SPRF-PE,DEL01-PE,UOP01-DEL01-PE
241557.0,2019-10-11,sexta-feira,04:00:00,PE,407,"129,2",PETROLINA,Ingestão de Álcool,Danos eventuais,Sem Vítimas,Plena Noite,Decrescente,Céu Claro,Dupla,Reta,Sim,1,0,0,0,1,0,0,1,"-9,39958299","-40,50459298",SPRF-PE,DEL06-PE,UOP01-DEL06-PE
241575.0,2019-10-11,sexta-feira,07:00:00,PE,428,"187,8",PETROLINA,Desobediência às normas de trânsito pelo condutor,Colisão transversal,Com Vítimas Feridas,Pleno dia,Crescente,Céu Claro,Simples,Reta,Sim,2,0,1,0,0,1,1,2,"-9,35604301","-40,47854198",SPRF-PE,DEL06-PE,UOP01-DEL06-PE
241586.0,2019-10-11,sexta-feira,08:00:00,PE,101,"83,5",JABOATAO DOS GUARARAPES,Desobediência às normas de trânsito pelo condutor,Colisão lateral,Com Vítimas Feridas,Pleno dia,Decrescente,Sol,Simples,Reta,Sim,2,0,1,0,1,0,1,2,"-8,175172","-34,942642",SPRF-PE,DEL01-PE,UOP03-DEL01-PE
241600.0,2019-10-11,sexta-feira,07:30:00,PE,101,"169,2",AGUA PRETA,Animais na Pista,Atropelamento de Animal,Com Vítimas Feridas,Pleno dia,Decrescente,Nublado,Dupla,Reta,Não,1,0,0,1,0,0,1,1,"-8,57679958","-35,48941902",SPRF-PE,DEL01-PE,UOP03-DEL01-PE
241614.0,2019-10-11,sexta-feira,11:35:00,PE,232,6,RECIFE,Falta de Atenção à Condução,Colisão traseira,Com Vítimas Feridas,Pleno dia,Decrescente,Céu Claro,Dupla,Reta,Sim,3,0,0,1,2,0,1,3,"-8,070904","-34,95349646",SPRF-PE,DEL01-PE,UOP01-DEL01-PE
241701.0,2019-10-11,sexta-feira,18:20:00,PE,232,416,SERRA TALHADA,Falta de Atenção à Condução,Saída de leito carroçável,Com Vítimas Feridas,Plena Noite,Crescente,Céu Claro,Simples,Reta,Não,4,0,3,0,1,0,3,1,"-7,99977297","-38,35316401",SPRF-PE,DEL04-PE,UOP01-DEL04-PE
241705.0,2019-10-11,sexta-feira,17:50:00,PE,101,"66,9",RECIFE,Falta de Atenção do Pedestre,Atropelamento de Pedestre,Com Vítimas Feridas,Plena Noite,Decrescente,Céu Claro,Dupla,Reta,Sim,2,0,0,1,1,0,1,2,"-8,03368534","-34,94184125",SPRF-PE,DEL01-PE,UOP01-DEL01-PE
241714.0,2019-10-11,sexta-feira,18:50:00,PE,428,"183,6",PETROLINA,Falta de Atenção à Condução,Colisão lateral,Com Vítimas Feridas,Plena Noite,Crescente,Céu Claro,Simples,Interseção de Vias,Sim,2,0,0,1,0,1,1,2,"-9,33008544","-40,46543598",SPRF-PE,DEL06-PE,UOP01-DEL06-PE