id,data_inversa,dia_semana,horario,uf,br,km,municipio,causa_acidente,tipo_acidente,classificacao_acidente,fase_dia,sentido_via,condicao_metereologica,tipo_pista,tracado_via,uso_solo,pessoas,mortos,feridos_leves,feridos_graves,ilesos,ignorados,feridos,veiculos,latitude,longitude,regional,delegacia,uop
247540.0,2019-11-06,quarta-feira,15:15:00,PE,232,6,RECIFE,Falta de Atenção à Condução,Engavetamento,Sem Vítimas,Pleno dia,Decrescente,Céu Claro,Dupla,Reta,Não,4,0,0,0,4,0,0,4,"-8,07079525","-34,9535389",SPRF-PE,DEL01-PE,UOP01-DEL01-PE
247570.0,2019-11-06,quarta-feira,18:00:00,PE,104,"91,9",AGRESTINA,Falta de Atenção à Condução,Colisão traseira,Com Vítimas Fatais,Plena Noite,Crescente,Céu Claro,Simples,Ponte,Não,3,1,0,1,1,0,1,2,"-8,487702","-35,946243",SPRF-PE,DEL02-PE,UOP01-DEL02-PE
247640.0,2019-11-07,quinta-feira,00:30:00,PE,101,"48,5",ABREU E LIMA,Falta de Atenção à Condução,Colisão transversal,Com Vítimas Feridas,Plena Noite,Crescente,Céu Claro,Múltipla,Reta,Sim,2,0,0,1,1,0,1,2,"-7,89174705","-34,9033493",SPRF-PE,DEL01-PE,UOP02-DEL01-PE
247653.0,2019-11-07,quinta-feira,03:40:00,PE,232,"133,1",CARUARU,Falta de Atenção à Condução,Colisão traseira,Com Vítimas Feridas,Plena Noite,Decrescente,Vento,Dupla,Reta,Não,6,0,2,0,4,0,2,2,"-8,30607988","-36,01576003",SPRF-PE,DEL02-PE,UOP03-DEL02-PE
247735.0,2019-11-07,quinta-feira,12:40:00,PE,101,"65,9",RECIFE,Não guardar distância de segurança,Colisão traseira,Com Vítimas Feridas,Pleno dia,Decrescente,Céu Claro,Múltipla,Reta,Sim,2,0,1,0,1,0,1,2,"-8,033992","-34,941718",SPRF-PE,DEL01-PE,UOP01-DEL01-PE
247739.0,2019-11-07,quinta-feira,12:15:00,PE,104,67,CARUARU,Não guardar distância de segurança,Colisão traseira,Com Vítimas Feridas,Pleno dia,Crescente,Nublado,Dupla,Reta,Sim,3,0,1,0,2,0,1,3,"-8,3016","-35,9882",SPRF-PE,DEL02-PE,UOP01-DEL02-PE
247873.0,2019-11-08,sexta-feira,05:20:00,PE,232,"144,3",SAO CAITANO,Falta de Atenção à Condução,Atropelamento de Pedestre,Com Vítimas Fatais,Amanhecer,Crescente,Nublado,Dupla,Reta,Não,2,1,0,0,0,1,0,2,"-8,32522249","-36,11250878",SPRF-PE,DEL02-PE,UOP03-DEL02-PE
247902.0,2019-11-08,sexta-feira,07:45:00,PE,104,"62,8",CARUARU,Não guardar distância de segurança,Colisão traseira,Com Vítimas Feridas,Pleno dia,Crescente,Céu Claro,Dupla,Reta,Sim,2,0,1,0,1,0,1,2,"-8,2618","-35,976",SPRF-PE,DEL02-PE,UOP01-DEL02-PE
247915.0,2019-11-08,sexta-feira,10:20:00,PE,101,57,RECIFE,Avarias e/ou desgaste excessivo no pneu,Tombamento,Com Vítimas Feridas,Pleno dia,Crescente,Céu Claro,Dupla,Retorno Regulamentado,Sim,2,0,2,0,0,0,2,1,"-7,96346213","-34,91513486",SPRF-PE,DEL01-PE,UOP02-DEL01-PE
247978.0,2019-11-08,sexta-feira,15:30:00,PE,101,"69,3",RECIFE,Desobediência às normas de trânsito pelo condutor,Colisão lateral,Com Vítimas Feridas,Pleno dia,Decrescente,Céu Claro,Dupla,Reta,Sim,2,0,2,0,0,0,2,2,"-8,05951606","-34,94581024",SPRF-PE,DEL01-PE,UOP01-DEL01-PE
248004.0,2019-11-08,sexta-feira,18:15:00,PE,232,"46,2",VITORIA DE SANTO ANTAO,Falta de Atenção do Pedestre,Atropelamento de Pedestre,Com Vítimas Fatais,Plena Noite,Decrescente,Céu Claro,Dupla,Reta,Não,3,1,1,0,1,0,1,2,"-8,13346726","-35,28918683",SPRF-PE,DEL01-PE,UOP02-DEL02PE
248010.0,2019-11-08,sexta-feira,18:40:00,PE,408,97,SAO LOURENCO DA MATA,Falta de Atenção à Condução,Colisão lateral,Com Vítimas Feridas,Plena Noite,Decrescente,Nublado,Dupla,Reta,Não,3,0,2,1,0,0,3,2,"-8,028453","-35,036764",SPRF-PE,DEL01-PE,UOP01-DEL01-PE
248071.0,2019-11-08,sexta-feira,13:00:00,PE,232,18,JABOATAO DOS GUARARAPES,Restrição de Visibilidade,Colisão traseira,Com Vítimas Feridas,Pleno dia,Decrescente,Céu Claro,Dupla,Reta,Não,1,0,1,0,0,0,1,1,"-8,09696393","-35,054484",SPRF-PE,DEL01-PE,UOP01-DEL01-PE
248125.0,2019-11-09,sábado,05:20:00,PE,316,"38,2",ARARIPINA,Falta de Atenção do Pedestre,Atropelamento de Pedestre,Com Vítimas Fatais,Amanhecer,Decrescente,Céu Claro,Simples,Declive;Reta                  ,Não,2,1,0,0,0,1,0,2,"-7,65888686","-40,40729678",SPRF-PE,DEL05-PE,UOP02-DEL05-PE
248147.0,2019-10-16,quarta-feira,11:00:00,PE,116,40,SALGUEIRO,Objeto estático sobre o leito carroçável,Danos eventuais,Sem Vítimas,Pleno dia,Decrescente,Céu Claro,Simples,Reta,Não,2,0,0,0,2,0,0,1,"-8,188874","-39,10149",SPRF-PE,DEL05-PE,UOP01-DEL05-PE
248165.0,2019-11-09,sábado,08:50:00,PE,104,"46,3",CARUARU,Defeito Mecânico no Veículo,Tombamento,Com Vítimas Feridas,Pleno dia,Decrescente,Céu Claro,Dupla,Reta,Não,1,0,0,1,0,0,1,1,"-8,1272","-35,9943",SPRF-PE,DEL02-PE,UOP01-DEL02-PE
248170.0,2019-11-09,sábado,09:30:00,PE,101,105,CABO DE SANTO AGOSTINHO,Falta de Atenção à Condução,Saída de leito carroçável,Com Vítimas Feridas,Pleno dia,Decrescente,Céu Claro,Dupla,Reta,Não,1,0,0,1,0,0,1,1,"-8,30242751","-35,06989924",SPRF-PE,DEL01-PE,UOP03-DEL01-PE
248192.0,2019-11-09,sábado,12:05:00,PE,101,"42,9",IGARASSU,Falta de Atenção à Condução,Saída de leito carroçável,Com Vítimas Feridas,Pleno dia,Decrescente,Sol,Múltipla,Reta,Sim,3,0,1,0,1,1,1,3,"-7,83887431","-34,91196739",SPRF-PE,DEL01-PE,UOP02-DEL01-PE
248200.0,2019-11-09,sábado,13:10:00,PE,101,"41,1",IGARASSU,Falta de Atenção à Condução,Colisão lateral,Com Vítimas Feridas,Pleno dia,Decrescente,Céu Claro,Múltipla,Reta,Sim,2,0,1,0,1,0,1,2,"-7,83038346","-34,91426785",SPRF-PE,DEL01-PE,UOP02-DEL01-PE
248208.0,2019-11-09,sábado,13:10:00,PE,407,"124,1",PETROLINA,Desobediência às normas de trânsito pelo condutor,Colisão transversal,Com Vítimas Feridas,Pleno dia,Decrescente,Sol,Dupla,Rotatória,Sim,3,0,2,0,0,1,2,2,"-9,36929881","-40,54137139",SPRF-PE,DEL06-PE,UOP01-DEL06-PE
248243.0,2019-11-09,sábado,17:10:00,PE,101,"46,4",IGARASSU,Falta de Atenção do Pedestre,Atropelamento de Pedestre,Com Vítimas Fatais,Pleno dia,Crescente,Céu Claro,Múltipla,Reta,Sim,2,1,0,0,1,0,0,2,"-7,87406004","-34,90588126",SPRF-PE,DEL01-PE,UOP02-DEL01-PE
248255.0,2019-11-09,sábado,18:30:00,PE,232,30,MORENO,Falta de Atenção à Condução,Capotamento,Sem Vítimas,Plena Noite,Decrescente,Céu Claro,Dupla,Reta,Sim,1,0,0,0,1,0,0,1,"-8,110788","-35,1514788",SPRF-PE,DEL01-PE,UOP02-DEL02PE
248284.0,2019-11-09,sábado,20:20:00,PE,232,76,GRAVATA,Ingestão de Álcool,Colisão frontal,Com Vítimas Feridas,Plena Noite,Decrescente,Céu Claro,Simples,Reta,Não,6,0,0,1,5,0,1,5,"-8,19541469","-35,53424693",SPRF-PE,DEL01-PE,UOP02-DEL02PE
248309.0,2019-11-09,sábado,22:50:00,PE,101,58,PAULISTA,Não guardar distância de segurança,Colisão traseira,Com Vítimas Feridas,Plena Noite,Decrescente,Nublado,Dupla,Curva,Não,3,0,2,0,0,1,2,2,"-7,97063209","-34,92064675",SPRF-PE,DEL01-PE,UOP02-DEL01-PE
248337.0,2019-11-10,domingo,00:40:00,PE,116,"25,8",SALGUEIRO,Ingestão de Álcool,Atropelamento de Pedestre,Com Vítimas Feridas,Plena Noite,Decrescente,Céu Claro,Simples,Interseção de Vias,Sim,2,0,1,0,1,0,1,2,"-8,068032","-39,134608",SPRF-PE,DEL05-PE,UOP01-DEL05-PE
248364.0,2019-11-10,domingo,03:30:00,PE,428,192,PETROLINA,Ingestão de Álcool,Saída de leito carroçável,Sem Vítimas,Amanhecer,Crescente,Céu Claro,Simples,Reta,Sim,2,0,0,0,0,2,0,2,"-9,38067769","-40,51113714",SPRF-PE,DEL06-PE,UOP01-DEL06-PE
248406.0,2019-11-10,domingo,08:25:00,PE,232,4,RECIFE,Falta de Atenção à Condução,Colisão com objeto estático,Sem Vítimas,Pleno dia,Crescente,Céu Claro,Simples,Curva,Sim,1,0,0,0,1,0,0,1,"-8,064473","-34,936928",SPRF-PE,DEL01-PE,UOP01-DEL01-PE
248435.0,2019-11-10,domingo,12:10:00,PE,101,"51,9",PAULISTA,Desobediência às normas de trânsito pelo condutor,Colisão lateral,Sem Vítimas,Pleno dia,Decrescente,Céu Claro,Dupla,Reta,Sim,3,0,0,0,3,0,0,3,"-7,92358799","-34,89607201",SPRF-PE,DEL01-PE,UOP02-DEL01-PE
248443.0,2019-11-10,domingo,06:00:00,PE,232,232,PESQUEIRA,Ingestão de Álcool,Capotamento,Com Vítimas Fatais,Amanhecer,Crescente,Céu Claro,Simples,Reta,Não,1,1,0,0,0,0,0,1,"-8,40328003","-36,89253299",SPRF-PE,DEL03-PE,UOP02-DEL03-PE
248446.0,2019-11-10,domingo,13:30:00,PE,101,95,CABO DE SANTO AGOSTINHO,Velocidade Incompatível,Capotamento,Com Vítimas Feridas,Pleno dia,Decrescente,Céu Claro,Dupla,Reta,Não,1,0,0,1,0,0,1,1,"-8,25099","-35,01426",SPRF-PE,DEL01-PE,UOP03-DEL01-PE
248447.0,2019-11-10,domingo,12:46:00,PE,424,68,CAETES,Velocidade Incompatível,Colisão traseira,Com Vítimas Feridas,Pleno dia,Decrescente,Céu Claro,Simples,Reta,Sim,2,0,0,1,1,0,1,2,"-8,76884574","-36,63537082",SPRF-PE,DEL03-PE,UOP01-DEL03-PE
248660.0,2019-11-10,domingo,22:00:00,PE,232,"509,4",SALGUEIRO,Ingestão de Substâncias Psicoativas,Colisão traseira,Sem Vítimas,Plena Noite,Decrescente,Céu Claro,Simples,Reta,Sim,2,0,0,0,2,0,0,2,"-8,06449154","-39,1298447",SPRF-PE,DEL05-PE,UOP01-DEL05-PE
248802.0,2019-11-11,segunda-feira,13:45:00,PE,232,"8,6",RECIFE,Não guardar distância de segurança,Colisão traseira,Sem Vítimas,Pleno dia,Decrescente,Sol,Múltipla,Desvio Temporário,Sim,2,0,0,0,2,0,0,2,"-8,07583727","-34,97015791",SPRF-PE,DEL01-PE,UOP01-DEL01-PE
248871.0,2019-11-11,segunda-feira,20:35:00,PE,101,"50,1",ABREU E LIMA,Não guardar distância de segurança,Colisão traseira,Com Vítimas Feridas,Plena Noite,Crescente,Céu Claro,Múltipla,Curva,Sim,2,0,1,0,1,0,1,2,"-7,90938602","-34,90123228",SPRF-PE,DEL01-PE,UOP02-DEL01-PE
248873.0,2019-11-11,segunda-feira,20:20:00,PE,101,108,CABO DE SANTO AGOSTINHO,Falta de Atenção à Condução,Queda de ocupante de veículo,Com Vítimas Feridas,Plena Noite,Decrescente,Céu Claro,Dupla,Reta,Não,1,0,1,0,0,0,1,1,"-8,30670238","-35,09303416",SPRF-PE,DEL01-PE,UOP03-DEL01-PE
248967.0,2019-11-12,terça-feira,09:55:00,PE,101,50,ABREU E LIMA,Falta de Atenção do Pedestre,Atropelamento de Pedestre,Com Vítimas Feridas,Pleno dia,Crescente,Céu Claro,Simples,Reta,Sim,2,0,2,0,0,0,2,2,"-7,90938602","-34,90123228",SPRF-PE,DEL01-PE,UOP02-DEL01-PE
248972.0,2019-11-12,terça-feira,11:45:00,PE,101,"94,6",CABO DE SANTO AGOSTINHO,Falta de Atenção à Condução,Saída de leito carroçável,Com Vítimas Feridas,Pleno dia,Crescente,Céu Claro,Dupla,Reta,Não,3,0,0,3,0,0,3,1,"-8,26543905","-35,01841829",SPRF-PE,DEL01-PE,UOP03-DEL01-PE
249001.0,2019-11-12,terça-feira,11:40:00,PE,232,"226,2",PESQUEIRA,Não guardar distância de segurança,Capotamento,Com Vítimas Feridas,Pleno dia,Decrescente,Sol,Simples,Reta,Não,2,0,2,0,0,0,2,1,"-8,40179982","-36,83761697",SPRF-PE,DEL03-PE,UOP02-DEL03-PE
249012.0,2019-11-12,terça-feira,15:00:00,PE,232,"8,6",RECIFE,Falta de Atenção à Condução,Colisão lateral,Com Vítimas Feridas,Pleno dia,Crescente,Céu Claro,Dupla,Curva,Sim,2,0,1,0,1,0,1,2,"-8,07583727","-34,97015791",SPRF-PE,DEL01-PE,UOP01-DEL01-PE
249064.0,2019-11-12,terça-feira,19:10:00,PE,101,"64,8",RECIFE,Falta de Atenção à Condução,Tombamento,Sem Vítimas,Plena Noite,Crescente,Céu Claro,Múltipla,Ponte,Não,3,0,0,0,3,0,0,3,"-8,0162921","-34,94045886",SPRF-PE,DEL01-PE,UOP01-DEL01-PE
249097.0,2019-11-12,terça-feira,19:10:00,PE,101,"64,8",RECIFE,Falta de Atenção à Condução,Tombamento,Com Vítimas Feridas,Plena Noite,Crescente,Céu Claro,Múltipla,Ponte,Não,1,0,1,0,0,0,1,1,"-8,0162921","-34,94045886",SPRF-PE,DEL01-PE,UOP01-DEL01-PE
249098.0,2019-10-20,domingo,16:10:00,PE,232,185,BELO JARDIM,Falta de Atenção à Condução,Saída de leito carroçável,Com Vítimas Feridas,Pleno dia,Crescente,Céu Claro,Simples,Reta,Não,3,0,0,1,1,1,1,1,"-8,33885919","-36,36556333",SPRF-PE,DEL02-PE,UOP03-DEL02-PE
249140.0,2019-11-13,quarta-feira,07:30:00,PE,101,"40,1",IGARASSU,Falta de Atenção à Condução,Colisão transversal,Com Vítimas Feridas,Pleno dia,Crescente,Céu Claro,Dupla,Reta,Não,2,0,0,1,1,0,1,2,"-7,821475","-34,916545",SPRF-PE,DEL01-PE,UOP02-DEL01-PE
249406.0,2019-11-04,segunda-feira,17:47:00,PE,101,78,JABOATAO DOS GUARARAPES,Não guardar distância de segurança,Colisão traseira,Com Vítimas Feridas,Amanhecer,Crescente,Ignorado,Dupla,Reta,Sim,2,0,1,0,1,0,1,2,"-8,13954699","-34,94712537",SPRF-PE,DEL01-PE,UOP01-DEL01-PE
249490.0,2019-11-14,quinta-feira,18:50:00,PE,232,"21,1",MORENO,Desobediência às normas de trânsito pelo condutor,Colisão transversal,Com Vítimas Feridas,Plena Noite,Decrescente,Céu Claro,Dupla,Curva,Não,2,0,1,0,1,0,1,2,"-8,09675","-35,080962",SPRF-PE,DEL01-PE,UOP02-DEL02PE
249651.0,2019-11-15,sexta-feira,10:40:00,PE,101,92,CABO DE SANTO AGOSTINHO,Velocidade Incompatível,Colisão traseira,Com Vítimas Feridas,Pleno dia,Crescente,Céu Claro,Dupla,Reta,Não,5,0,1,1,3,0,2,2,"-8,230889","-34,997231",SPRF-PE,DEL01-PE,UOP03-DEL01-PE
249710.0,2019-11-15,sexta-feira,14:50:00,PE,101,"63,3",RECIFE,Falta de Atenção à Condução,Colisão lateral,Com Vítimas Feridas,Pleno dia,Crescente,Céu Claro,Dupla,Interseção de Vias,Sim,3,0,2,0,1,0,2,2,"-8,00800604","-34,93756535",SPRF-PE,DEL01-PE,UOP01-DEL01-PE
249807.0,2019-11-15,sexta-feira,23:00:00,PE,101,101,CABO DE SANTO AGOSTINHO,Desobediência às normas de trânsito pelo condutor,Tombamento,Com Vítimas Fatais,Plena Noite,Crescente,Céu Claro,Dupla,Reta,Não,1,1,0,0,0,0,0,1,"-8,2757433","-35,05378122",SPRF-PE,DEL01-PE,UOP03-DEL01-PE
249812.0,2019-11-15,sexta-feira,23:10:00,PE,104,"63,5",CARUARU,Ingestão de Álcool,Colisão traseira,Com Vítimas Feridas,Plena Noite,Crescente,Céu Claro,Simples,Reta,Sim,3,0,1,0,2,0,1,2,"-8,26549406","-35,97801447",SPRF-PE,DEL02-PE,UOP01-DEL02-PE
249816.0,2019-11-15,sexta-feira,23:40:00,PE,232,"414,1",SERRA TALHADA,Ingestão de Álcool,Queda de ocupante de veículo,Com Vítimas Feridas,Plena Noite,Decrescente,Céu Claro,Simples,Reta,Não,1,0,0,1,0,0,1,1,"-7,99236282","-38,33750809",SPRF-PE,DEL04-PE,UOP01-DEL04-PE
249947.0,2019-11-16,sábado,17:10:00,PE,408,63,CARPINA,Falta de Atenção à Condução,Colisão frontal,Com Vítimas Feridas,Pleno dia,Crescente,Céu Claro,Simples,Reta,Sim,2,0,1,0,1,0,1,2,"-7,83982046","-35,24072239",SPRF-PE,DEL01-PE,UOP01-DEL01-PE
249961.0,2019-11-16,sábado,18:00:00,PE,424,"18,2",PEDRA,Ingestão de Álcool,Colisão lateral,Com Vítimas Feridas,Plena Noite,Crescente,Céu Claro,Simples,Curva,Sim,3,0,0,2,1,0,2,2,"-8,49676628","-36,93934222",SPRF-PE,DEL03-PE,UOP02-DEL03-PE
249982.0,2019-11-16,sábado,19:15:00,PE,104,61,CARUARU,Desobediência às normas de trânsito pelo condutor,Colisão traseira,Com Vítimas Feridas,Plena Noite,Crescente,Céu Claro,Dupla,Reta,Sim,2,0,0,1,1,0,1,2,"-8,2529","-35,9751",SPRF-PE,DEL02-PE,UOP01-DEL02-PE
250015.0,2019-11-17,domingo,00:05:00,PE,232,211,PESQUEIRA,Falta de Atenção à Condução,Colisão transversal,Sem Vítimas,Plena Noite,Crescente,Céu Claro,Simples,Reta,Sim,2,0,0,0,1,1,0,2,"-8,36899532","-36,70578682",SPRF-PE,DEL02-PE,UOP03-DEL02-PE
250058.0,2019-11-17,domingo,04:40:00,PE,232,"94,3",SAIRE,Agressão Externa,Colisão lateral,Com Vítimas Fatais,Amanhecer,Crescente,Céu Claro,Dupla,Reta,Não,9,3,2,2,0,2,4,3,"-8,22473335","-35,69081624",SPRF-PE,DEL01-PE,UOP02-DEL02PE
250061.0,2019-11-17,domingo,07:20:00,PE,101,"65,1",RECIFE,Desobediência às normas de trânsito pelo condutor,Colisão traseira,Com Vítimas Feridas,Pleno dia,Crescente,Céu Claro,Dupla,Reta,Não,2,0,1,0,1,0,1,2,"-8,02478597","-34,94276635",SPRF-PE,DEL01-PE,UOP01-DEL01-PE
250091.0,2019-11-17,domingo,10:40:00,PE,232,"9,7",JABOATAO DOS GUARARAPES,Não guardar distância de segurança,Colisão traseira,Com Vítimas Feridas,Pleno dia,Decrescente,Céu Claro,Múltipla,Reta,Sim,2,0,1,0,1,0,1,2,"-8,07764447","-34,97863609",SPRF-PE,DEL01-PE,UOP01-DEL01-PE
250122.0,2019-11-17,domingo,14:15:00,PE,101,52,PAULISTA,Falta de Atenção à Condução,Queda de ocupante de veículo,Com Vítimas Feridas,Pleno dia,Decrescente,Céu Claro,Dupla,Curva,Sim,2,0,2,0,0,0,2,1,"-7,92390358","-34,89640832",SPRF-PE,DEL01-PE,UOP02-DEL01-PE
250167.0,2019-11-17,domingo,16:00:00,PE,316,"6,2",ARARIPINA,Condutor Dormindo,Capotamento,Com Vítimas Feridas,Pleno dia,Crescente,Nublado,Simples,Reta,Não,2,0,2,0,0,0,2,1,"-7,47423236","-40,61678038",SPRF-PE,DEL05-PE,UOP02-DEL05-PE
250177.0,2019-11-17,domingo,16:40:00,PE,232,85,GRAVATA,Ingestão de Álcool,Colisão transversal,Com Vítimas Feridas,Anoitecer,Decrescente,Céu Claro,Simples,Interseção de Vias,Sim,2,0,1,0,1,0,1,2,"-8,20951081","-35,61182408",SPRF-PE,DEL01-PE,UOP02-DEL02PE
250199.0,2019-11-17,domingo,18:30:00,PE,232,"12,2",JABOATAO DOS GUARARAPES,Ingestão de Álcool,Colisão traseira,Sem Vítimas,Plena Noite,Decrescente,Nublado,Dupla,Declive,Não,4,0,0,0,3,1,0,4,"-8,08577691","-35,00345603",SPRF-PE,DEL01-PE,UOP01-DEL01-PE
250204.0,2019-11-17,domingo,19:45:00,PE,101,27,IGARASSU,Falta de Atenção à Condução,Colisão com objeto estático,Com Vítimas Feridas,Plena Noite,Crescente,Céu Claro,Dupla,Reta,Não,1,0,0,1,0,0,1,1,"-7,71433379","-34,93478417",SPRF-PE,DEL01-PE,UOP02-DEL01-PE
250360.0,2019-11-18,segunda-feira,10:38:00,PE,407,117,PETROLINA,Defeito Mecânico no Veículo,Queda de ocupante de veículo,Com Vítimas Feridas,Pleno dia,Crescente,Céu Claro,Simples,Reta,Não,2,0,2,0,0,0,2,1,"-9,314647","-40,57336",SPRF-PE,DEL06-PE,UOP02-DEL06-PE
250429.0,2019-11-18,segunda-feira,18:00:00,PE,232,22,MORENO,Falta de Atenção do Pedestre,Atropelamento de Pedestre,Com Vítimas Fatais,Plena Noite,Decrescente,Céu Claro,Dupla,Reta,Sim,3,1,0,0,1,1,0,3,"-8,097424","-35,087325",SPRF-PE,DEL01-PE,UOP02-DEL02PE
250573.0,2019-11-19,terça-feira,14:15:00,PE,423,"95,9",GARANHUNS,Falta de Atenção à Condução,Tombamento,Com Vítimas Feridas,Pleno dia,Decrescente,Céu Claro,Simples,Interseção de Vias,Sim,1,0,1,0,0,0,1,1,"-8,87945117","-36,48572001",SPRF-PE,DEL03-PE,UOP01-DEL03-PE
250597.0,2019-11-19,terça-feira,16:15:00,PE,424,"4,9",ARCOVERDE,Defeito Mecânico no Veículo,Saída de leito carroçável,Com Vítimas Feridas,Pleno dia,Crescente,Céu Claro,Simples,Reta,Não,2,0,1,0,1,0,1,2,"-8,46099318","-37,04336835",SPRF-PE,DEL03-PE,UOP02-DEL03-PE
250599.0,2019-11-19,terça-feira,15:50:00,PE,232,"111,2",BEZERROS,Falta de Atenção à Condução,Colisão lateral,Sem Vítimas,Pleno dia,Crescente,Sol,Dupla,Reta,Não,2,0,0,0,2,0,0,2,"-8,2922971","-35,82419791",SPRF-PE,DEL02-PE,UOP03-DEL02-PE
250754.0,2019-11-20,quarta-feira,14:35:00,PE,104,"92,9",AGRESTINA,Desobediência às normas de trânsito pelo condutor,Saída de leito carroçável,Com Vítimas Feridas,Pleno dia,Crescente,Sol,Simples,Reta,Não,4,0,2,0,2,0,2,2,"-8,496525","-35,948009",SPRF-PE,DEL02-PE,UOP01-DEL02-PE
250870.0,2019-11-21,quinta-feira,05:50:00,PE,101,"50,7",ABREU E LIMA,Carga excessiva e/ou mal acondicionada,Atropelamento de Pedestre,Com Vítimas Fatais,Pleno dia,Decrescente,Céu Claro,Simples,Reta,Sim,2,1,0,0,0,1,0,2,"-7,90938602","-34,90123228",SPRF-PE,DEL01-PE,UOP02-DEL01-PE
250872.0,2019-11-21,quinta-feira,06:30:00,PE,104,"26,3",TORITAMA,Animais na Pista,Atropelamento de Animal,Sem Vítimas,Amanhecer,Crescente,Céu Claro,Simples,Reta,Não,2,0,0,0,2,0,0,2,"-7,993323","-36,095291",SPRF-PE,DEL02-PE,UOP01-DEL02-PE
250883.0,2019-11-21,quinta-feira,07:20:00,PE,101,"43,2",IGARASSU,Desobediência às normas de trânsito pelo condutor,Colisão transversal,Com Vítimas Feridas,Pleno dia,Crescente,Céu Claro,Dupla,Reta,Sim,3,0,0,1,2,0,1,3,"-7,84753808","-34,90977038",SPRF-PE,DEL01-PE,UOP02-DEL01-PE
250888.0,2019-11-21,quinta-feira,07:50:00,PE,101,50,ABREU E LIMA,Falta de Atenção à Condução,Colisão traseira,Com Vítimas Feridas,Pleno dia,Crescente,Céu Claro,Múltipla,Reta,Sim,3,0,2,0,1,0,2,2,"-7,90938602","-34,90123228",SPRF-PE,DEL01-PE,UOP02-DEL01-PE
250889.0,2019-11-21,quinta-feira,07:15:00,PE,101,59,RECIFE,Falta de Atenção à Condução,Colisão traseira,Com Vítimas Feridas,Pleno dia,Crescente,Sol,Dupla,Aclive,Sim,2,0,0,1,1,0,1,2,"-7,97708575","-34,92607318",SPRF-PE,DEL01-PE,UOP02-DEL01-PE
250956.0,2019-11-21,quinta-feira,14:25:00,PE,408,"100,7",SAO LOURENCO DA MATA,Defeito Mecânico no Veículo,Incêndio,Sem Vítimas,Pleno dia,Decrescente,Sol,Múltipla,Aclive,Sim,1,0,0,0,1,0,0,1,"-8,04364056","-35,01674995",SPRF-PE,DEL01-PE,UOP01-DEL01-PE
250957.0,2019-11-09,sábado,19:00:00,PE,232,"176,9",BELO JARDIM,Desobediência às normas de trânsito pelo condutor,Colisão transversal,Com Vítimas Feridas,Plena Noite,Crescente,Céu Claro,Simples,Interseção de Vias,Sim,3,0,0,1,0,2,1,3,"-8,34573608","-36,39481995",SPRF-PE,DEL02-PE,UOP03-DEL02-PE
250983.0,2019-11-21,quinta-feira,16:30:00,PE,101,57,RECIFE,Falta de Atenção à Condução,Colisão traseira,Sem Vítimas,Pleno dia,Decrescente,Céu Claro,Dupla,Reta,Não,3,0,0,0,3,0,0,3,"-7,96346213","-34,91513486",SPRF-PE,DEL01-PE,UOP02-DEL01-PE
250984.0,2019-11-21,quinta-feira,16:00:00,PE,424,90,GARANHUNS,Desobediência às normas de trânsito pelo condutor,Colisão traseira,Com Vítimas Feridas,Pleno dia,Crescente,Céu Claro,Simples,Reta,Sim,2,0,1,0,1,0,1,2,"-8,89635706","-36,50157593",SPRF-PE,DEL03-PE,UOP01-DEL03-PE
250997.0,2019-11-21,quinta-feira,17:20:00,PE,101,72,RECIFE,Desobediência às normas de trânsito pelo condutor,Colisão transversal,Com Vítimas Feridas,Anoitecer,Decrescente,Céu Claro,Simples,Reta,Sim,2,0,1,0,1,0,1,2,"-8,08493106","-34,9450639",SPRF-PE,DEL01-PE,UOP01-DEL01-PE
251009.0,2019-11-21,quinta-feira,21:00:00,PE,101,"103,3",CABO DE SANTO AGOSTINHO,Desobediência às normas de trânsito pelo condutor,Colisão frontal,Com Vítimas Feridas,Plena Noite,Decrescente,Céu Claro,Simples,Interseção de Vias,Sim,2,0,0,2,0,0,2,2,"-8,29241321","-35,05598304",SPRF-PE,DEL01-PE,UOP03-DEL01-PE
251014.0,2019-11-21,quinta-feira,18:25:00,PE,232,"508,3",SALGUEIRO,Falta de Atenção à Condução,Colisão transversal,Com Vítimas Feridas,Plena Noite,Decrescente,Céu Claro,Simples,Interseção de Vias,Sim,2,0,1,0,1,0,1,2,"-8,06223271","-39,12095006",SPRF-PE,DEL05-PE,UOP01-DEL05-PE
251052.0,2019-11-21,quinta-feira,22:00:00,PE,101,"72,6",RECIFE,Falta de Atenção à Condução,Tombamento,Com Vítimas Fatais,Plena Noite,Crescente,Céu Claro,Dupla,Curva,Sim,1,1,0,0,0,0,0,1,"-8,08493106","-34,9450639",SPRF-PE,DEL01-PE,UOP01-DEL01-PE
251127.0,2019-11-22,sexta-feira,11:50:00,PE,101,"75,2",RECIFE,Falta de Atenção do Pedestre,Atropelamento de Pedestre,Sem Vítimas,Pleno dia,Crescente,Sol,Dupla,Reta,Sim,4,0,0,0,1,3,0,2,"-8,10973523","-34,94660151",SPRF-PE,DEL01-PE,UOP01-DEL01-PE
251132.0,2019-11-22,sexta-feira,12:30:00,PE,232,124,CARUARU,Mal Súbito,Colisão traseira,Com Vítimas Feridas,Pleno dia,Crescente,Sol,Dupla,Reta,Não,3,0,1,1,1,0,2,2,"-8,3061041","-35,93702498",SPRF-PE,DEL02-PE,UOP03-DEL02-PE
251160.0,2019-11-22,sexta-feira,13:30:00,PE,232,122,CARUARU,Desobediência às normas de trânsito pelo condutor,Colisão traseira,Sem Vítimas,Pleno dia,Crescente,Sol,Dupla,Reta,Não,5,0,0,0,5,0,0,2,"-8,30217741","-35,91946793",SPRF-PE,DEL02-PE,UOP03-DEL02-PE