id,data_inversa,dia_semana,horario,uf,br,km,municipio,causa_acidente,tipo_acidente,classificacao_acidente,fase_dia,sentido_via,condicao_metereologica,tipo_pista,tracado_via,uso_solo,pessoas,mortos,feridos_leves,feridos_graves,ilesos,ignorados,feridos,veiculos,latitude,longitude,regional,delegacia,uop
251163.0,2019-11-22,sexta-feira,14:20:00,PE,101,"50,9",ABREU E LIMA,Desobediência às normas de trânsito pelo condutor,Colisão traseira,Com Vítimas Feridas,Pleno dia,Crescente,Céu Claro,Dupla,Reta,Sim,4,0,1,0,3,0,1,3,"-7,90938602","-34,90123228",SPRF-PE,DEL01-PE,UOP02-DEL01-PE
251170.0,2019-11-22,sexta-feira,15:01:00,PE,428,"185,8",PETROLINA,Desobediência às normas de trânsito pelo condutor,Colisão transversal,Com Vítimas Feridas,Pleno dia,Crescente,Céu Claro,Simples,Interseção de Vias,Sim,2,0,1,0,1,0,1,2,"-9,34744753","-40,47363281",SPRF-PE,DEL06-PE,UOP01-DEL06-PE
251262.0,2019-11-22,sexta-feira,22:00:00,PE,428,155,PETROLINA,Ingestão de Álcool,Colisão lateral,Com Vítimas Feridas,Plena Noite,Crescente,Céu Claro,Simples,Reta,Não,2,0,1,0,1,0,1,2,"-9,10010511","-40,32915831",SPRF-PE,DEL06-PE,UOP01-DEL06-PE
251375.0,2019-11-23,sábado,12:20:00,PE,232,"408,4",SERRA TALHADA,Falta de Atenção à Condução,Colisão transversal,Com Vítimas Feridas,Pleno dia,Decrescente,Céu Claro,Simples,Reta,Sim,3,0,0,2,0,1,2,2,"-7,98371447","-38,28047709",SPRF-PE,DEL04-PE,UOP01-DEL04-PE
251418.0,2019-11-23,sábado,17:15:00,PE,101,"45,9",IGARASSU,Desobediência às normas de trânsito pelo condutor,Atropelamento de Pedestre,Com Vítimas Feridas,Pleno dia,Crescente,Céu Claro,Múltipla,Reta,Sim,5,0,0,4,1,0,4,2,"-7,86521297","-34,90715176",SPRF-PE,DEL01-PE,UOP02-DEL01-PE
251424.0,2019-11-23,sábado,18:00:00,PE,101,"43,2",IGARASSU,Falta de Atenção à Condução,Colisão frontal,Com Vítimas Feridas,Plena Noite,Crescente,Céu Claro,Simples,Reta,Sim,3,0,0,1,2,0,1,2,"-7,85012","-34,909462",SPRF-PE,DEL01-PE,UOP02-DEL01-PE
251445.0,2019-11-23,sábado,18:50:00,PE,232,409,SERRA TALHADA,Ingestão de Álcool,Colisão traseira,Sem Vítimas,Plena Noite,Decrescente,Céu Claro,Simples,Reta,Sim,2,0,0,0,1,1,0,2,"-7,981944","-38,289467",SPRF-PE,DEL04-PE,UOP01-DEL04-PE
251494.0,2019-11-23,sábado,23:30:00,PE,232,"334,2",CUSTODIA,Ingestão de Álcool,Colisão traseira,Com Vítimas Feridas,Plena Noite,Crescente,Céu Claro,Simples,Reta,Sim,2,0,1,0,1,0,1,2,"-8,08713014","-37,63719862",SPRF-PE,DEL03-PE,UOP02-DEL03-PE
251542.0,2019-11-24,domingo,05:30:00,PE,408,105,JABOATAO DOS GUARARAPES,Velocidade Incompatível,Capotamento,Sem Vítimas,Amanhecer,Crescente,Céu Claro,Simples,Curva,Sim,1,0,0,0,0,1,0,1,"-8,0730937","-34,99190714",SPRF-PE,DEL01-PE,UOP01-DEL01-PE
251596.0,2019-11-24,domingo,11:30:00,PE,104,"21,1",TAQUARITINGA DO NORTE,Ultrapassagem Indevida,Saída de leito carroçável,Com Vítimas Feridas,Pleno dia,Crescente,Céu Claro,Simples,Reta,Não,11,0,8,0,1,2,8,2,"-7,964189","-36,124378",SPRF-PE,DEL02-PE,UOP01-DEL02-PE
251612.0,2019-11-24,domingo,14:50:00,PE,232,11,JABOATAO DOS GUARARAPES,Sinalização da via insuficiente ou inadequada,Colisão frontal,Com Vítimas Feridas,Pleno dia,Crescente,Céu Claro,Simples,Curva,Não,2,0,0,1,1,0,1,2,"-8,08195464","-34,99545022",SPRF-PE,DEL01-PE,UOP01-DEL01-PE
251615.0,2019-11-24,domingo,15:05:00,PE,232,134,CARUARU,Ingestão de Álcool,Colisão traseira,Com Vítimas Feridas,Pleno dia,Decrescente,Sol,Dupla,Reta,Não,2,0,1,0,1,0,1,2,"-8,30853497","-36,02442101",SPRF-PE,DEL02-PE,UOP03-DEL02-PE
251700.0,2019-11-24,domingo,16:20:00,PE,423,94,GARANHUNS,Desobediência às normas de trânsito pelo condutor,Colisão traseira,Sem Vítimas,Pleno dia,Crescente,Céu Claro,Simples,Reta,Sim,3,0,0,0,2,1,0,3,"-8,874732","-36,46946",SPRF-PE,DEL03-PE,UOP01-DEL03-PE
251709.0,2019-11-24,domingo,21:30:00,PE,232,"158,2",TACAIMBO,Desobediência às normas de trânsito pelo condutor,Colisão frontal,Com Vítimas Fatais,Plena Noite,Crescente,Céu Claro,Simples,Reta,Não,2,1,0,0,1,0,0,2,"-8,33051268","-36,23532702",SPRF-PE,DEL02-PE,UOP03-DEL02-PE
251762.0,2019-11-25,segunda-feira,05:50:00,PE,104,"60,2",CARUARU,Desobediência às normas de trânsito pelo condutor,Colisão frontal,Com Vítimas Feridas,Pleno dia,Decrescente,Céu Claro,Dupla,Reta,Sim,2,0,1,0,1,0,1,2,"-8,2438","-35,9752",SPRF-PE,DEL02-PE,UOP01-DEL02-PE
251812.0,2019-11-25,segunda-feira,08:35:00,PE,232,"5,6",RECIFE,Falta de Atenção à Condução,Colisão lateral,Sem Vítimas,Pleno dia,Decrescente,Céu Claro,Dupla,Reta,Sim,2,0,0,0,1,1,0,2,"-8,06795766","-34,94535414",SPRF-PE,DEL01-PE,UOP01-DEL01-PE
251813.0,2019-11-25,segunda-feira,05:50:00,PE,232,"94,7",SAIRE,Falta de Atenção à Condução,Saída de leito carroçável,Sem Vítimas,Pleno dia,Crescente,Céu Claro,Dupla,Curva,Não,1,0,0,0,1,0,0,1,"-8,22473335","-35,69081624",SPRF-PE,DEL01-PE,UOP02-DEL02PE
251827.0,2019-11-25,segunda-feira,13:00:00,PE,101,"81,1",JABOATAO DOS GUARARAPES,Falta de Atenção à Condução,Colisão lateral,Com Vítimas Feridas,Pleno dia,Crescente,Céu Claro,Simples,Curva,Sim,2,0,1,0,1,0,1,2,"-8,17054197","-34,93875504",SPRF-PE,DEL01-PE,UOP03-DEL01-PE
251840.0,2019-11-25,segunda-feira,14:00:00,PE,428,"153,5",PETROLINA,Defeito Mecânico no Veículo,Capotamento,Com Vítimas Feridas,Pleno dia,Crescente,Céu Claro,Simples,Reta,Não,1,0,1,0,0,0,1,1,"-9,09314887","-40,32502723",SPRF-PE,DEL06-PE,UOP01-DEL06-PE
251948.0,2019-11-25,segunda-feira,23:25:00,PE,101,"59,5",RECIFE,Falta de Atenção do Pedestre,Atropelamento de Pedestre,Com Vítimas Fatais,Plena Noite,Crescente,Céu Claro,Dupla,Reta,Não,2,1,0,0,1,0,0,2,"-7,97708575","-34,92607318",SPRF-PE,DEL01-PE,UOP02-DEL01-PE
251978.0,2019-11-26,terça-feira,07:15:00,PE,101,"70,6",RECIFE,Falta de Atenção à Condução,Colisão lateral,Com Vítimas Feridas,Pleno dia,Crescente,Sol,Dupla,Reta,Sim,2,0,1,0,1,0,1,2,"-8,06776119","-34,94265074",SPRF-PE,DEL01-PE,UOP01-DEL01-PE
252136.0,2019-11-27,quarta-feira,07:00:00,PE,232,"9,2",JABOATAO DOS GUARARAPES,Não guardar distância de segurança,Colisão traseira,Sem Vítimas,Pleno dia,Crescente,Sol,Dupla,Reta,Sim,2,0,0,0,2,0,0,2,"-8,07764447","-34,97863609",SPRF-PE,DEL01-PE,UOP01-DEL01-PE
252176.0,2019-11-27,quarta-feira,10:35:00,PE,408,"95,1",SAO LOURENCO DA MATA,Agressão Externa,Saída de leito carroçável,Com Vítimas Feridas,Pleno dia,Decrescente,Céu Claro,Dupla,Reta;Declive                  ,Sim,1,0,0,1,0,0,1,1,"-8,01186091","-35,04237616",SPRF-PE,DEL01-PE,UOP01-DEL01-PE
252225.0,2019-11-27,quarta-feira,14:30:00,PE,101,"49,7",ABREU E LIMA,Desobediência às normas de trânsito pelo condutor,Colisão transversal,Com Vítimas Feridas,Pleno dia,Crescente,Céu Claro,Simples,Reta,Sim,2,0,0,1,1,0,1,2,"-7,9005152","-34,90180641",SPRF-PE,DEL01-PE,UOP02-DEL01-PE
252289.0,2019-11-27,quarta-feira,19:30:00,PE,101,48,ABREU E LIMA,Falta de Atenção à Condução,Atropelamento de Pedestre,Com Vítimas Feridas,Plena Noite,Decrescente,Vento,Múltipla,Reta,Sim,2,0,0,1,1,0,1,2,"-7,89174705","-34,9033493",SPRF-PE,DEL01-PE,UOP02-DEL01-PE
252352.0,2019-11-28,quinta-feira,08:00:00,PE,101,71,RECIFE,Falta de Atenção à Condução,Colisão traseira,Com Vítimas Feridas,Pleno dia,Crescente,Céu Claro,Dupla,Reta,Não,2,0,1,0,1,0,1,2,"-8,07663102","-34,94277871",SPRF-PE,DEL01-PE,UOP01-DEL01-PE
252364.0,2019-11-28,quinta-feira,08:00:00,PE,101,71,RECIFE,Falta de Atenção à Condução,Colisão transversal,Com Vítimas Feridas,Pleno dia,Decrescente,Céu Claro,Dupla,Reta,Sim,2,0,1,0,1,0,1,2,"-8,07663102","-34,94277871",SPRF-PE,DEL01-PE,UOP01-DEL01-PE
252384.0,2019-11-28,quinta-feira,07:20:00,PE,232,507,SALGUEIRO,Falta de Atenção à Condução,Colisão transversal,Com Vítimas Feridas,Pleno dia,Crescente,Céu Claro,Simples,Reta,Sim,3,0,2,0,1,0,2,2,"-8,06038759","-39,11191706",SPRF-PE,DEL05-PE,UOP01-DEL05-PE
252393.0,2019-11-28,quinta-feira,11:40:00,PE,428,189,PETROLINA,Falta de Atenção à Condução,Colisão transversal,Com Vítimas Feridas,Pleno dia,Crescente,Céu Claro,Múltipla,Interseção de Vias,Sim,3,0,2,0,1,0,2,2,"-9,37197508","-40,48679585",SPRF-PE,DEL06-PE,UOP01-DEL06-PE
252433.0,2019-11-28,quinta-feira,15:00:00,PE,232,"8,4",RECIFE,Falta de Atenção à Condução,Colisão traseira,Sem Vítimas,Pleno dia,Decrescente,Sol,Múltipla,Desvio Temporário,Sim,3,0,0,0,3,0,0,3,"-8,07583727","-34,97015791",SPRF-PE,DEL01-PE,UOP01-DEL01-PE
252647.0,2019-11-29,sexta-feira,14:15:00,PE,101,"67,2",RECIFE,Falta de Atenção à Condução,Colisão transversal,Com Vítimas Feridas,Pleno dia,Crescente,Céu Claro,Dupla,Reta,Sim,2,0,1,0,1,0,1,2,"-8,042334","-34,943096",SPRF-PE,DEL01-PE,UOP01-DEL01-PE
252653.0,2019-11-29,sexta-feira,13:45:00,PE,101,"42,9",IGARASSU,Falta de Atenção à Condução,Colisão transversal,Sem Vítimas,Pleno dia,Decrescente,Céu Claro,Múltipla,Retorno Regulamentado,Sim,2,0,0,0,2,0,0,2,"-7,83887431","-34,91196739",SPRF-PE,DEL01-PE,UOP02-DEL01-PE
252681.0,2019-11-29,sexta-feira,16:30:00,PE,428,"152,6",PETROLINA,Falta de Atenção à Condução,Colisão transversal,Com Vítimas Feridas,Pleno dia,Crescente,Sol,Simples,Reta,Não,3,0,2,0,1,0,2,2,"-9,10006274","-40,32905102",SPRF-PE,DEL06-PE,UOP01-DEL06-PE
252720.0,2019-11-29,sexta-feira,17:00:00,PE,104,"3,5",TAQUARITINGA DO NORTE,Desobediência às normas de trânsito pelo condutor,Colisão frontal,Com Vítimas Feridas,Anoitecer,Crescente,Céu Claro,Simples,Ponte;Reta                    ,Não,2,0,0,1,0,1,1,2,"-7,810173","-36,100281",SPRF-PE,DEL02-PE,UOP01-DEL02-PE
252732.0,2019-11-29,sexta-feira,17:50:00,PE,424,"101,9",BREJAO,Falta de Atenção à Condução,Colisão transversal,Com Vítimas Feridas,Anoitecer,Decrescente,Céu Claro,Simples,Interseção de Vias,Não,2,0,0,1,1,0,1,2,"-8,97219403","-36,52143002",SPRF-PE,DEL03-PE,UOP01-DEL03-PE
252740.0,2019-11-29,sexta-feira,19:00:00,PE,116,34,SALGUEIRO,Animais na Pista,Atropelamento de Animal,Sem Vítimas,Plena Noite,Crescente,Céu Claro,Simples,Reta,Não,1,0,0,0,1,0,0,1,"-8,135853","-39,113209",SPRF-PE,DEL05-PE,UOP01-DEL05-PE
252742.0,2019-11-29,sexta-feira,14:40:00,PE,316,126,PARNAMIRIM,Falta de Atenção à Condução,Colisão transversal,Com Vítimas Fatais,Pleno dia,Decrescente,Céu Claro,Simples,Aclive,Não,3,1,0,0,2,0,0,2,"-8,02943441","-39,73196817",SPRF-PE,DEL05-PE,UOP02-DEL05-PE
252760.0,2019-11-29,sexta-feira,22:20:00,PE,101,"64,1",RECIFE,Falta de Atenção à Condução,Saída de leito carroçável,Com Vítimas Feridas,Plena Noite,Crescente,Céu Claro,Dupla,Viaduto,Sim,1,0,0,1,0,0,1,1,"-8,0162921","-34,94045886",SPRF-PE,DEL01-PE,UOP01-DEL01-PE
252797.0,2019-11-30,sábado,04:00:00,PE,316,88,OURICURI,Falta de Atenção do Pedestre,Atropelamento de Pedestre,Com Vítimas Fatais,Plena Noite,Decrescente,Céu Claro,Simples,Reta,Não,2,1,0,0,0,1,0,2,"-7,8964789","-40,04641196",SPRF-PE,DEL05-PE,UOP02-DEL05-PE
252808.0,2019-11-30,sábado,10:00:00,PE,104,"28,9",TORITAMA,Desobediência às normas de trânsito pelo condutor,Colisão transversal,Com Vítimas Feridas,Pleno dia,Decrescente,Sol,Simples,Reta,Sim,3,0,1,1,0,1,2,2,"-8,0065","-36,0709",SPRF-PE,DEL02-PE,UOP01-DEL02-PE
252850.0,2019-11-30,sábado,13:00:00,PE,101,"50,8",ABREU E LIMA,Falta de Atenção à Condução,Colisão transversal,Com Vítimas Feridas,Pleno dia,Decrescente,Céu Claro,Simples,Reta,Sim,3,0,0,1,1,1,1,2,"-7,90938602","-34,90123228",SPRF-PE,DEL01-PE,UOP02-DEL01-PE
252867.0,2019-11-30,sábado,11:30:00,PE,428,"191,9",PETROLINA,Falta de Atenção à Condução,Colisão transversal,Sem Vítimas,Pleno dia,Crescente,Céu Claro,Simples,Reta,Sim,2,0,0,0,2,0,0,2,"-9,37766429","-40,50269795",SPRF-PE,DEL06-PE,UOP01-DEL06-PE
252928.0,2019-11-30,sábado,18:30:00,PE,104,32,TORITAMA,Ingestão de Álcool,Colisão traseira,Com Vítimas Feridas,Plena Noite,Decrescente,Céu Claro,Dupla,Reta,Não,6,0,1,0,5,0,1,5,"-8,0299","-36,0534",SPRF-PE,DEL02-PE,UOP01-DEL02-PE
252965.0,2019-11-30,sábado,20:30:00,PE,101,85,JABOATAO DOS GUARARAPES,Falta de Atenção à Condução,Colisão traseira,Com Vítimas Feridas,Plena Noite,Crescente,Céu Claro,Dupla,Reta,Não,2,0,1,1,0,0,2,2,"-8,18065563","-34,95965322",SPRF-PE,DEL01-PE,UOP03-DEL01-PE
252966.0,2019-11-30,sábado,21:30:00,PE,101,"85,3",JABOATAO DOS GUARARAPES,Desobediência às normas de trânsito pelo condutor,Colisão transversal,Com Vítimas Fatais,Plena Noite,Crescente,Céu Claro,Dupla,Reta,Sim,2,1,0,0,1,0,0,2,"-8,18341312","-34,96553421",SPRF-PE,DEL01-PE,UOP03-DEL01-PE
252979.0,2019-11-30,sábado,22:50:00,PE,428,190,PETROLINA,Falta de Atenção à Condução,Colisão frontal,Sem Vítimas,Plena Noite,Decrescente,Céu Claro,Múltipla,Reta,Sim,1,0,0,0,0,1,0,1,"-9,37605965","-40,49382106",SPRF-PE,DEL06-PE,UOP01-DEL06-PE
253094.0,2019-12-01,domingo,11:45:00,PE,101,"45,5",IGARASSU,Desobediência às normas de trânsito pelo condutor,Colisão traseira,Com Vítimas Feridas,Pleno dia,Crescente,Céu Claro,Múltipla,Reta,Sim,3,0,1,0,2,0,1,2,"-7,86521297","-34,90715176",SPRF-PE,DEL01-PE,UOP02-DEL01-PE
253101.0,2019-12-01,domingo,12:00:00,PE,101,42,IGARASSU,Condutor Dormindo,Saída de leito carroçável,Com Vítimas Feridas,Pleno dia,Crescente,Sol,Múltipla,Aclive,Sim,1,0,1,0,0,0,1,1,"-7,83887431","-34,91196739",SPRF-PE,DEL01-PE,UOP02-DEL01-PE
253116.0,2019-12-01,domingo,12:20:00,PE,101,67,RECIFE,Velocidade Incompatível,Colisão transversal,Com Vítimas Feridas,Pleno dia,Crescente,Céu Claro,Dupla,Interseção de Vias,Sim,3,0,2,0,1,0,2,2,"-8,042334","-34,943096",SPRF-PE,DEL01-PE,UOP01-DEL01-PE
253169.0,2019-12-01,domingo,18:30:00,PE,408,"49,6",NAZARE DA MATA,Ingestão de Álcool,Colisão transversal,Com Vítimas Feridas,Plena Noite,Decrescente,Céu Claro,Simples,Reta,Não,2,0,0,1,1,0,1,2,"-7,72110607","-35,2389439",SPRF-PE,DEL01-PE,UOP01-DEL01-PE
253195.0,2019-12-01,domingo,17:20:00,PE,232,29,MORENO,Falta de Atenção do Pedestre,Atropelamento de Pedestre,Com Vítimas Feridas,Anoitecer,Decrescente,Céu Claro,Dupla,Reta,Não,2,0,0,1,1,0,1,2,"-8,111269","-35,143135",SPRF-PE,DEL01-PE,UOP02-DEL02PE
253225.0,2019-12-01,domingo,21:05:00,PE,232,"408,9",SERRA TALHADA,Ingestão de Álcool,Colisão transversal,Com Vítimas Feridas,Plena Noite,Decrescente,Céu Claro,Simples,Reta,Sim,3,0,1,0,1,1,1,2,"-7,98371447","-38,28047709",SPRF-PE,DEL04-PE,UOP01-DEL04-PE
253259.0,2019-12-02,segunda-feira,00:00:00,PE,101,46,IGARASSU,Ingestão de Álcool,Colisão traseira,Sem Vítimas,Plena Noite,Decrescente,Vento,Múltipla,Aclive,Sim,2,0,0,0,2,0,0,2,"-7,87406004","-34,90588126",SPRF-PE,DEL01-PE,UOP02-DEL01-PE
253309.0,2019-12-02,segunda-feira,09:30:00,PE,104,65,CARUARU,Desobediência às normas de trânsito pelo condutor,Colisão transversal,Com Vítimas Feridas,Pleno dia,Crescente,Sol,Dupla,Viaduto,Sim,2,0,1,0,1,0,1,2,"-8,27600514","-35,98215044",SPRF-PE,DEL02-PE,UOP01-DEL02-PE
253353.0,2019-12-02,segunda-feira,14:30:00,PE,104,"58,9",CARUARU,Condutor Dormindo,Colisão traseira,Com Vítimas Fatais,Pleno dia,Crescente,Céu Claro,Dupla,Reta,Sim,3,1,0,1,1,0,1,2,"-8,2265","-35,9779",SPRF-PE,DEL02-PE,UOP01-DEL02-PE
253434.0,2019-12-03,terça-feira,00:45:00,PE,232,"9,3",JABOATAO DOS GUARARAPES,Falta de Atenção do Pedestre,Atropelamento de Pedestre,Com Vítimas Feridas,Plena Noite,Decrescente,Nublado,Dupla,Reta,Sim,2,0,1,0,1,0,1,2,"-8,07764447","-34,97863609",SPRF-PE,DEL01-PE,UOP01-DEL01-PE
253441.0,2019-12-03,terça-feira,05:10:00,PE,101,60,RECIFE,Falta de Atenção à Condução,Colisão transversal,Sem Vítimas,Pleno dia,Crescente,Céu Claro,Dupla,Reta,Não,2,0,0,0,2,0,0,2,"-7,98344307","-34,93176727",SPRF-PE,DEL01-PE,UOP02-DEL01-PE
253471.0,2019-12-03,terça-feira,08:40:00,PE,428,"191,3",PETROLINA,Falta de Atenção à Condução,Colisão lateral,Com Vítimas Feridas,Pleno dia,Crescente,Céu Claro,Simples,Reta,Sim,3,0,1,0,2,0,1,2,"-9,37766429","-40,50269795",SPRF-PE,DEL06-PE,UOP01-DEL06-PE
253488.0,2019-12-03,terça-feira,09:30:00,PE,101,50,ABREU E LIMA,Falta de Atenção à Condução,Colisão transversal,Com Vítimas Feridas,Pleno dia,Decrescente,Céu Claro,Dupla,Reta,Sim,2,0,1,1,0,0,2,2,"-7,90938602","-34,90123228",SPRF-PE,DEL01-PE,UOP02-DEL01-PE
253501.0,2019-12-03,terça-feira,11:20:00,PE,408,"102,4",JABOATAO DOS GUARARAPES,Defeito Mecânico no Veículo,Queda de ocupante de veículo,Com Vítimas Feridas,Pleno dia,Crescente,Céu Claro,Dupla,Reta,Não,2,0,0,1,1,0,1,2,"-8,05323195","-35,00247996",SPRF-PE,DEL01-PE,UOP01-DEL01-PE
253521.0,2019-12-03,terça-feira,13:35:00,PE,232,"101,9",BEZERROS,Defeito na Via,Queda de ocupante de veículo,Com Vítimas Feridas,Pleno dia,Crescente,Céu Claro,Dupla,Reta,Sim,1,0,0,1,0,0,1,1,"-8,2489412","-35,76117396",SPRF-PE,DEL01-PE,UOP02-DEL02PE
253538.0,2019-10-31,quinta-feira,10:50:00,PE,232,"142,6",SAO CAITANO,Agressão Externa,Saída de leito carroçável,Com Vítimas Feridas,Pleno dia,Decrescente,Céu Claro,Dupla,Declive,Não,2,0,2,0,0,0,2,1,"-8,32242118","-36,09480698",SPRF-PE,DEL02-PE,UOP03-DEL02-PE
253547.0,2019-12-03,terça-feira,16:15:00,PE,101,"68,1",RECIFE,Não guardar distância de segurança,Colisão traseira,Com Vítimas Feridas,Pleno dia,Crescente,Céu Claro,Múltipla,Aclive,Sim,2,0,2,0,0,0,2,2,"-8,05074296","-34,94580619",SPRF-PE,DEL01-PE,UOP01-DEL01-PE
253658.0,2019-12-04,quarta-feira,07:30:00,PE,101,"63,2",RECIFE,Falta de Atenção à Condução,Colisão lateral,Com Vítimas Feridas,Pleno dia,Crescente,Sol,Dupla,Curva,Sim,2,0,1,0,1,0,1,2,"-8,00800604","-34,93756535",SPRF-PE,DEL01-PE,UOP01-DEL01-PE
253682.0,2019-12-04,quarta-feira,07:15:00,PE,101,91,CABO DE SANTO AGOSTINHO,Desobediência às normas de trânsito pelo condutor,Colisão lateral,Sem Vítimas,Pleno dia,Crescente,Sol,Dupla,Reta,Não,3,0,0,0,3,0,0,3,"-8,22399812","-34,99290474",SPRF-PE,DEL01-PE,UOP03-DEL01-PE
253723.0,2019-12-04,quarta-feira,13:30:00,PE,232,61,POMBOS,Não guardar distância de segurança,Capotamento,Com Vítimas Feridas,Pleno dia,Decrescente,Céu Claro,Dupla,Reta,Não,1,0,1,0,0,0,1,1,"-8,1519066","-35,4153532",SPRF-PE,DEL01-PE,UOP02-DEL02PE
253727.0,2019-12-04,quarta-feira,11:30:00,PE,101,113,IPOJUCA,Condutor Dormindo,Saída de leito carroçável,Com Vítimas Feridas,Pleno dia,Decrescente,Céu Claro,Dupla,Curva,Não,1,0,1,0,0,0,1,1,"-8,33107097","-35,12666499",SPRF-PE,DEL01-PE,UOP03-DEL01-PE
253775.0,2019-12-04,quarta-feira,19:45:00,PE,232,"133,4",CARUARU,Não guardar distância de segurança,Colisão traseira,Sem Vítimas,Plena Noite,Decrescente,Céu Claro,Múltipla,Reta;Declive                  ,Sim,5,0,0,0,5,0,0,2,"-8,3070908","-36,01876259",SPRF-PE,DEL02-PE,UOP03-DEL02-PE
253785.0,2019-12-04,quarta-feira,20:50:00,PE,101,45,IGARASSU,Não guardar distância de segurança,Colisão traseira,Com Vítimas Feridas,Plena Noite,Decrescente,Céu Claro,Múltipla,Reta,Sim,3,0,1,1,1,0,2,2,"-7,86521297","-34,90715176",SPRF-PE,DEL01-PE,UOP02-DEL01-PE
253883.0,2019-12-05,quinta-feira,10:45:00,PE,101,"67,1",RECIFE,Defeito na Via,Tombamento,Com Vítimas Feridas,Pleno dia,Decrescente,Sol,Múltipla,Reta,Sim,2,0,1,0,1,0,1,2,"-8,042334","-34,943096",SPRF-PE,DEL01-PE,UOP01-DEL01-PE
253896.0,2019-12-05,quinta-feira,11:40:00,PE,428,"186,8",PETROLINA,Desobediência às normas de trânsito pelo condutor,Colisão lateral,Com Vítimas Feridas,Pleno dia,Crescente,Céu Claro,Simples,Reta,Sim,3,0,2,0,1,0,2,2,"-9,37071758","-40,48595689",SPRF-PE,DEL06-PE,UOP01-DEL06-PE
253903.0,2019-12-05,quinta-feira,11:30:00,PE,428,"186,1",PETROLINA,Não guardar distância de segurança,Engavetamento,Com Vítimas Feridas,Pleno dia,Crescente,Sol,Simples,Reta,Sim,3,0,1,0,2,0,1,3,"-9,3611672","-40,48118591",SPRF-PE,DEL06-PE,UOP01-DEL06-PE
253909.0,2019-12-05,quinta-feira,11:30:00,PE,116,35,SALGUEIRO,Defeito Mecânico no Veículo,Incêndio,Sem Vítimas,Pleno dia,Crescente,Céu Claro,Simples,Reta,Não,1,0,0,0,1,0,0,1,"-8,144699","-39,111214",SPRF-PE,DEL05-PE,UOP01-DEL05-PE
253949.0,2019-12-05,quinta-feira,17:16:00,PE,232,24,MORENO,Defeito Mecânico no Veículo,Incêndio,Sem Vítimas,Pleno dia,Decrescente,Sol,Dupla,Reta,Não,1,0,0,0,1,0,0,1,"-8,10482918","-35,10351264",SPRF-PE,DEL01-PE,UOP02-DEL02PE
253961.0,2019-12-05,quinta-feira,17:50:00,PE,101,"70,8",RECIFE,Falta de Atenção do Pedestre,Atropelamento de Pedestre,Com Vítimas Feridas,Anoitecer,Decrescente,Céu Claro,Dupla,Reta,Sim,2,0,1,0,0,1,1,2,"-8,07512114","-34,93965626",SPRF-PE,DEL01-PE,UOP01-DEL01-PE
253989.0,2019-12-05,quinta-feira,20:10:00,PE,101,"56,9",RECIFE,Pista Escorregadia,Queda de ocupante de veículo,Com Vítimas Feridas,Plena Noite,Crescente,Céu Claro,Dupla,Curva,Não,1,0,1,0,0,0,1,1,"-7,9554509","-34,91140727",SPRF-PE,DEL01-PE,UOP02-DEL01-PE
254001.0,2019-10-25,sexta-feira,14:00:00,PE,101,101,CABO DE SANTO AGOSTINHO,Falta de Atenção à Condução,Colisão transversal,Com Vítimas Feridas,Pleno dia,Crescente,Céu Claro,Simples,Reta,Não,3,0,1,1,1,0,2,2,"-8,2757433","-35,05378122",SPRF-PE,DEL01-PE,UOP03-DEL01-PE
254029.0,2019-12-06,sexta-feira,00:50:00,PE,408,"56,9",NAZARE DA MATA,Falta de Atenção à Condução,Colisão com objeto estático,Com Vítimas Feridas,Plena Noite,Decrescente,Céu Claro,Simples,Reta,Não,1,0,1,0,0,0,1,1,"-7,77994878","-35,23919365",SPRF-PE,DEL01-PE,UOP01-DEL01-PE
254048.0,2019-12-06,sexta-feira,05:10:00,PE,101,70,RECIFE,Falta de Atenção à Condução,Colisão lateral,Com Vítimas Feridas,Amanhecer,Crescente,Céu Claro,Dupla,Reta,Sim,2,0,1,0,1,0,1,2,"-8,06776119","-34,94265074",SPRF-PE,DEL01-PE,UOP01-DEL01-PE
254053.0,2019-12-06,sexta-feira,06:00:00,PE,101,"65,2",RECIFE,Desobediência às normas de trânsito pelo condutor,Tombamento,Com Vítimas Feridas,Pleno dia,Crescente,Sol,Dupla,Reta,Sim,1,0,1,0,0,0,1,1,"-8,02478597","-34,94276635",SPRF-PE,DEL01-PE,UOP01-DEL01-PE
254096.0,2019-12-06,sexta-feira,09:50:00,PE,101,75,RECIFE,Falta de Atenção à Condução,Colisão com objeto estático,Com Vítimas Feridas,Pleno dia,Decrescente,Céu Claro,Dupla,Reta,Sim,2,0,2,0,0,0,2,1,"-8,10973523","-34,94660151",SPRF-PE,DEL01-PE,UOP01-DEL01-PE
254137.0,2019-12-06,sexta-feira,12:40:00,PE,101,"77,3",RECIFE,Falta de Atenção à Condução,Colisão frontal,Com Vítimas Feridas,Pleno dia,Crescente,Céu Claro,Dupla,Retorno Regulamentado,Não,2,0,1,0,1,0,1,2,"-8,126982","-34,94386",SPRF-PE,DEL01-PE,UOP01-DEL01-PE
254176.0,2019-12-06,sexta-feira,13:30:00,PE,407,"128,9",PETROLINA,Não guardar distância de segurança,Colisão traseira,Sem Vítimas,Pleno dia,Crescente,Sol,Dupla,Ponte,Sim,2,0,0,0,2,0,0,2,"-9,40571004","-40,50453186",SPRF-PE,DEL06-PE,UOP01-DEL06-PE