id,data_inversa,dia_semana,horario,uf,br,km,municipio,causa_acidente,tipo_acidente,classificacao_acidente,fase_dia,sentido_via,condicao_metereologica,tipo_pista,tracado_via,uso_solo,pessoas,mortos,feridos_leves,feridos_graves,ilesos,ignorados,feridos,veiculos,latitude,longitude,regional,delegacia,uop
254216.0,2019-12-06,sexta-feira,16:30:00,PE,232,"77,7",GRAVATA,Ingestão de Álcool,Colisão lateral,Com Vítimas Feridas,Pleno dia,Crescente,Sol,Múltipla,Reta,Sim,3,0,1,1,1,0,2,2,"-8,14148478","-35,5682373",SPRF-PE,DEL01-PE,UOP02-DEL02PE
254220.0,2019-12-06,sexta-feira,17:35:00,PE,104,65,CARUARU,Não guardar distância de segurança,Colisão traseira,Com Vítimas Feridas,Anoitecer,Decrescente,Céu Claro,Dupla,Reta,Sim,3,0,0,1,2,0,1,3,"-8,2867","-35,9838",SPRF-PE,DEL02-PE,UOP01-DEL02-PE
254303.0,2019-12-07,sábado,01:30:00,PE,101,"42,1",IGARASSU,Ingestão de Álcool,Colisão lateral,Com Vítimas Fatais,Plena Noite,Decrescente,Vento,Múltipla,Declive,Sim,4,1,1,1,1,0,2,2,"-7,83887431","-34,91196739",SPRF-PE,DEL01-PE,UOP02-DEL01-PE
254376.0,2019-12-07,sábado,07:40:00,PE,428,"124,3",PETROLINA,Falta de Atenção à Condução,Colisão transversal,Com Vítimas Feridas,Pleno dia,Crescente,Sol,Dupla,Reta,Sim,2,0,1,1,0,0,2,2,"-9,37631297","-40,53743988",SPRF-PE,DEL06-PE,UOP03-DEL06-PE
254385.0,2019-12-07,sábado,08:30:00,PE,101,"74,2",RECIFE,Falta de Atenção à Condução,Colisão transversal,Com Vítimas Feridas,Pleno dia,Crescente,Céu Claro,Dupla,Curva,Sim,4,0,3,0,1,0,3,3,"-8,10146485","-34,94901577",SPRF-PE,DEL01-PE,UOP01-DEL01-PE
254393.0,2019-12-07,sábado,09:20:00,PE,101,"71,9",RECIFE,Desobediência às normas de trânsito pelo condutor,Colisão transversal,Com Vítimas Feridas,Pleno dia,Crescente,Céu Claro,Simples,Reta,Sim,3,0,2,0,1,0,2,2,"-8,07663102","-34,94277871",SPRF-PE,DEL01-PE,UOP01-DEL01-PE
254406.0,2019-11-13,quarta-feira,18:30:00,PE,423,"57,2",LAJEDO,Falta de Atenção do Pedestre,Atropelamento de Pedestre,Com Vítimas Fatais,Plena Noite,Crescente,Céu Claro,Simples,Reta;Declive                  ,Não,2,1,0,0,0,1,0,2,"-8,63241321","-36,30454473",SPRF-PE,DEL03-PE,UOP01-DEL03-PE
254416.0,2019-12-07,sábado,10:35:00,PE,316,1,ARARIPINA,Falta de Atenção à Condução,Colisão transversal,Com Vítimas Feridas,Pleno dia,Decrescente,Céu Claro,Simples,Reta,Sim,2,0,1,0,1,0,1,2,"-7,44845463","-40,65268582",SPRF-PE,DEL05-PE,UOP02-DEL05-PE
254434.0,2019-12-07,sábado,12:25:00,PE,407,124,PETROLINA,Desobediência às normas de trânsito pelo condutor,Colisão lateral,Com Vítimas Feridas,Pleno dia,Crescente,Céu Claro,Simples,Rotatória,Sim,2,0,1,0,1,0,1,2,"-9,36929881","-40,54137139",SPRF-PE,DEL06-PE,UOP01-DEL06-PE
254481.0,2019-12-07,sábado,16:10:00,PE,101,"23,4",GOIANA,Defeito na Via,Capotamento,Com Vítimas Feridas,Pleno dia,Decrescente,Sol,Dupla,Reta,Não,1,0,1,0,0,0,1,1,"-7,68357776","-34,92410458",SPRF-PE,DEL01-PE,UOP02-DEL01-PE
254502.0,2019-12-07,sábado,18:00:00,PE,232,125,CARUARU,Ingestão de Álcool,Queda de ocupante de veículo,Com Vítimas Feridas,Plena Noite,Crescente,Céu Claro,Dupla,Reta,Sim,2,0,0,2,0,0,2,1,"-8,30807114","-35,94580097",SPRF-PE,DEL02-PE,UOP03-DEL02-PE
254528.0,2019-12-07,sábado,19:10:00,PE,104,"69,8",CARUARU,Desobediência às normas de trânsito pelo condutor,Colisão traseira,Sem Vítimas,Plena Noite,Decrescente,Céu Claro,Dupla,Curva,Não,2,0,0,0,2,0,0,2,"-8,3196","-35,9912",SPRF-PE,DEL02-PE,UOP01-DEL02-PE
254648.0,2019-12-08,domingo,08:00:00,PE,101,182,PALMARES,Falta de Atenção à Condução,Saída de leito carroçável,Com Vítimas Fatais,Pleno dia,Crescente,Céu Claro,Dupla,Curva,Não,1,1,0,0,0,0,0,1,"-8,65284995","-35,5638211",SPRF-PE,DEL01-PE,UOP03-DEL01-PE
254650.0,2019-12-08,domingo,00:55:00,PE,104,31,CARUARU,Condutor Dormindo,Saída de leito carroçável,Sem Vítimas,Plena Noite,Crescente,Céu Claro,Simples,Curva,Não,1,0,0,0,1,0,0,1,"-8,0208","-36,0528",SPRF-PE,DEL02-PE,UOP01-DEL02-PE
254658.0,2019-12-08,domingo,09:40:00,PE,101,207,XEXEU,Falta de Atenção do Pedestre,Colisão com objeto estático,Com Vítimas Feridas,Pleno dia,Crescente,Sol,Dupla,Curva,Não,1,0,1,0,0,0,1,1,"-8,82545377","-35,64542552",SPRF-PE,DEL01-PE,UOP03-DEL01-PE
254674.0,2019-12-08,domingo,11:10:00,PE,232,"76,2",GRAVATA,Falta de Atenção à Condução,Colisão traseira,Com Vítimas Feridas,Pleno dia,Crescente,Céu Claro,Dupla,Reta,Não,7,0,6,0,1,0,6,2,"-8,19541469","-35,53424693",SPRF-PE,DEL01-PE,UOP02-DEL02PE
254697.0,2019-12-08,domingo,12:15:00,PE,232,"123,1",CARUARU,Falta de Atenção à Condução,Colisão lateral,Com Vítimas Feridas,Pleno dia,Crescente,Céu Claro,Dupla,Reta,Não,3,0,0,1,2,0,1,2,"-8,30417276","-35,92823905",SPRF-PE,DEL02-PE,UOP03-DEL02-PE
254705.0,2019-12-08,domingo,14:25:00,PE,101,"42,5",IGARASSU,Desobediência às normas de trânsito pelo condutor,Colisão lateral,Com Vítimas Feridas,Pleno dia,Decrescente,Céu Claro,Múltipla,Reta,Sim,2,0,1,0,1,0,1,2,"-7,84434","-34,91057",SPRF-PE,DEL01-PE,UOP02-DEL01-PE
254732.0,2019-12-08,domingo,15:00:00,PE,232,37,VITORIA DE SANTO ANTAO,Falta de Atenção à Condução,Capotamento,Sem Vítimas,Pleno dia,Crescente,Céu Claro,Dupla,Reta,Não,1,0,0,0,0,1,0,1,"-8,11285511","-35,20988897",SPRF-PE,DEL01-PE,UOP02-DEL02PE
254762.0,2019-12-08,domingo,18:30:00,PE,424,"21,9",PEDRA,Falta de Atenção à Condução,Colisão traseira,Com Vítimas Feridas,Plena Noite,Crescente,Céu Claro,Simples,Reta,Não,2,0,0,1,1,0,1,2,"-8,51792882","-36,92445271",SPRF-PE,DEL03-PE,UOP02-DEL03-PE
254766.0,2019-12-08,domingo,18:45:00,PE,101,75,RECIFE,Não guardar distância de segurança,Colisão lateral,Com Vítimas Feridas,Plena Noite,Decrescente,Céu Claro,Dupla,Reta,Sim,3,0,2,0,1,0,2,2,"-8,10973523","-34,94660151",SPRF-PE,DEL01-PE,UOP01-DEL01-PE
254794.0,2019-12-08,domingo,18:50:00,PE,232,"210,1",PESQUEIRA,Desobediência às normas de trânsito pelo condutor,Colisão transversal,Com Vítimas Feridas,Plena Noite,Crescente,Céu Claro,Simples,Reta,Sim,2,0,1,0,0,1,1,2,"-8,36537624","-36,69766903",SPRF-PE,DEL02-PE,UOP03-DEL02-PE
254898.0,2019-12-09,segunda-feira,08:00:00,PE,101,"44,6",IGARASSU,Falta de Atenção à Condução,Colisão transversal,Sem Vítimas,Pleno dia,Decrescente,Sol,Múltipla,Reta,Sim,2,0,0,0,2,0,0,2,"-7,85637001","-34,90842109",SPRF-PE,DEL01-PE,UOP02-DEL01-PE
254914.0,2019-12-09,segunda-feira,09:00:00,PE,101,71,RECIFE,Não guardar distância de segurança,Colisão traseira,Com Vítimas Feridas,Pleno dia,Crescente,Céu Claro,Dupla,Reta,Sim,3,0,1,1,1,0,2,2,"-8,073252","-34,93788",SPRF-PE,DEL01-PE,UOP01-DEL01-PE
254927.0,2019-12-09,segunda-feira,10:00:00,PE,232,79,GRAVATA,Falta de Atenção à Condução,Colisão transversal,Com Vítimas Feridas,Pleno dia,Decrescente,Céu Claro,Simples,Reta,Sim,2,0,1,0,1,0,1,2,"-8,19460572","-35,56074803",SPRF-PE,DEL01-PE,UOP02-DEL02PE
254993.0,2019-12-09,segunda-feira,17:30:00,PE,232,7,RECIFE,Falta de Atenção à Condução,Colisão traseira,Com Vítimas Feridas,Plena Noite,Crescente,Céu Claro,Dupla,Reta,Sim,2,0,1,0,1,0,1,2,"-8,07333497","-34,96184301",SPRF-PE,DEL01-PE,UOP01-DEL01-PE
255003.0,2019-12-09,segunda-feira,18:05:00,PE,101,"31,3",IGARASSU,Não guardar distância de segurança,Colisão traseira,Com Vítimas Feridas,Pleno dia,Decrescente,Céu Claro,Dupla,Reta,Sim,8,0,4,0,4,0,4,5,"-7,74443874","-34,93872764",SPRF-PE,DEL01-PE,UOP02-DEL01-PE
255103.0,2019-11-20,quarta-feira,13:00:00,PE,428,"45,4",OROCO,Falta de Atenção à Condução,Saída de leito carroçável,Com Vítimas Feridas,Pleno dia,Crescente,Céu Claro,Simples,Reta,Não,1,0,1,0,0,0,1,1,"-8,59121713","-39,59013776",SPRF-PE,DEL05-PE,UOP03-DEL05-PE
255108.0,2019-12-10,terça-feira,09:10:00,PE,101,"92,3",CABO DE SANTO AGOSTINHO,Falta de Atenção à Condução,Colisão lateral,Com Vítimas Feridas,Pleno dia,Crescente,Céu Claro,Dupla,Reta,Não,2,0,1,0,1,0,1,1,"-8,23201792","-34,99778611",SPRF-PE,DEL01-PE,UOP03-DEL01-PE
255114.0,2019-12-10,terça-feira,09:55:00,PE,428,187,PETROLINA,Falta de Atenção à Condução,Colisão traseira,Sem Vítimas,Pleno dia,Crescente,Sol,Simples,Reta,Sim,2,0,0,0,2,0,0,2,"-9,35604301","-40,47854198",SPRF-PE,DEL06-PE,UOP01-DEL06-PE
255142.0,2019-08-06,terça-feira,18:00:00,PE,101,"43,5",IGARASSU,Falta de Atenção à Condução,Colisão lateral,Com Vítimas Feridas,Anoitecer,Decrescente,Céu Claro,Múltipla,Reta,Sim,2,0,0,1,0,1,1,2,"-7,85203498","-34,9091287",SPRF-PE,DEL01-PE,UOP02-DEL01-PE
255207.0,2019-12-10,terça-feira,18:25:00,PE,232,511,SALGUEIRO,Falta de Atenção à Condução,Saída de leito carroçável,Com Vítimas Feridas,Plena Noite,Decrescente,Céu Claro,Simples,Reta,Sim,2,0,2,0,0,0,2,1,"-8,07019303","-39,14667499",SPRF-PE,DEL05-PE,UOP01-DEL05-PE
255244.0,2019-12-10,terça-feira,22:00:00,PE,101,92,CABO DE SANTO AGOSTINHO,Falta de Atenção do Pedestre,Atropelamento de Pedestre,Com Vítimas Fatais,Plena Noite,Decrescente,Céu Claro,Simples,Reta,Sim,2,1,1,0,0,0,1,2,"-8,24861205","-35,00179768",SPRF-PE,DEL01-PE,UOP03-DEL01-PE
255299.0,2019-12-11,quarta-feira,09:35:00,PE,428,"190,2",PETROLINA,Falta de Atenção à Condução,Colisão transversal,Com Vítimas Feridas,Pleno dia,Decrescente,Sol,Dupla,Interseção de Vias,Sim,2,0,1,0,0,1,1,2,"-9,37988027","-40,50871342",SPRF-PE,DEL06-PE,UOP01-DEL06-PE
255319.0,2019-12-11,quarta-feira,10:40:00,PE,101,"66,2",RECIFE,Falta de Atenção do Pedestre,Atropelamento de Pedestre,Com Vítimas Feridas,Pleno dia,Decrescente,Céu Claro,Múltipla,Reta,Sim,2,0,1,1,0,0,2,2,"-8,03368534","-34,94184125",SPRF-PE,DEL01-PE,UOP01-DEL01-PE
255338.0,2019-12-11,quarta-feira,11:35:00,PE,423,"81,9",JUCATI,Falta de Atenção do Pedestre,Atropelamento de Pedestre,Com Vítimas Feridas,Pleno dia,Decrescente,Sol,Simples,Reta,Não,4,0,0,1,2,1,1,2,"-8,77445381","-36,42734142",SPRF-PE,DEL03-PE,UOP01-DEL03-PE
255345.0,2019-12-11,quarta-feira,13:30:00,PE,101,"49,9",ABREU E LIMA,Falta de Atenção do Pedestre,Atropelamento de Pedestre,Com Vítimas Feridas,Pleno dia,Decrescente,Sol,Múltipla,Reta,Sim,2,0,0,1,1,0,1,2,"-7,9005152","-34,90180641",SPRF-PE,DEL01-PE,UOP02-DEL01-PE
255374.0,2019-12-11,quarta-feira,17:45:00,PE,428,185,PETROLINA,Falta de Atenção à Condução,Colisão lateral,Com Vítimas Feridas,Anoitecer,Decrescente,Céu Claro,Simples,Reta,Sim,2,0,1,0,1,0,1,2,"-9,35204777","-40,47641695",SPRF-PE,DEL06-PE,UOP01-DEL06-PE
255469.0,2019-12-12,quinta-feira,06:40:00,PE,232,"11,8",JABOATAO DOS GUARARAPES,Desobediência às normas de trânsito pelo condutor,Colisão lateral,Com Vítimas Feridas,Pleno dia,Decrescente,Sol,Dupla,Reta,Sim,3,0,1,0,1,1,1,3,"-8,08195464","-34,99545022",SPRF-PE,DEL01-PE,UOP01-DEL01-PE
255475.0,2019-12-12,quinta-feira,07:20:00,PE,101,74,RECIFE,Falta de Atenção à Condução,Colisão traseira,Com Vítimas Feridas,Pleno dia,Crescente,Céu Claro,Dupla,Reta,Sim,2,0,1,0,1,0,1,2,"-8,10146485","-34,94901577",SPRF-PE,DEL01-PE,UOP01-DEL01-PE
255490.0,2019-11-20,quarta-feira,17:45:00,PE,101,"57,9",PAULISTA,Desobediência às normas de trânsito pelo condutor,Colisão lateral,Com Vítimas Feridas,Anoitecer,Decrescente,Céu Claro,Dupla,Reta,Não,3,0,1,1,0,1,2,3,"-7,96346213","-34,91513486",SPRF-PE,DEL01-PE,UOP02-DEL01-PE
255516.0,2019-10-05,sábado,04:20:00,PE,232,"129,7",CARUARU,Ingestão de Álcool,Saída de leito carroçável,Com Vítimas Fatais,Amanhecer,Crescente,Céu Claro,Dupla,Reta,Sim,3,1,0,2,0,0,2,1,"-8,30193507","-35,98092002",SPRF-PE,DEL02-PE,UOP03-DEL02-PE
255559.0,2019-12-12,quinta-feira,15:55:00,PE,101,26,IGARASSU,Defeito Mecânico no Veículo,Queda de ocupante de veículo,Com Vítimas Feridas,Pleno dia,Decrescente,Sol,Múltipla,Reta,Não,2,0,1,1,0,0,2,1,"-7,70826223","-34,92811677",SPRF-PE,DEL01-PE,UOP02-DEL01-PE
255572.0,2019-12-12,quinta-feira,17:05:00,PE,408,94,SAO LOURENCO DA MATA,Falta de Atenção do Pedestre,Atropelamento de Pedestre,Com Vítimas Fatais,Anoitecer,Crescente,Céu Claro,Dupla,Reta,Sim,2,1,0,0,1,0,0,2,"-8,00448211","-35,04643006",SPRF-PE,DEL01-PE,UOP01-DEL01-PE
255602.0,2019-11-13,quarta-feira,13:30:00,PE,232,85,GRAVATA,Falta de Atenção à Condução,Saída de leito carroçável,Sem Vítimas,Pleno dia,Decrescente,Céu Claro,Dupla,Reta,Não,1,0,0,0,1,0,0,1,"-8,20951081","-35,61182408",SPRF-PE,DEL01-PE,UOP02-DEL02PE
255644.0,2019-12-13,sexta-feira,02:50:00,PE,232,"451,1",SAO JOSE DO BELMONTE,Falta de Atenção à Condução,Incêndio,Sem Vítimas,Plena Noite,Crescente,Céu Claro,Simples,Reta,Não,1,0,0,0,0,1,0,1,"-7,98578918","-38,64298197",SPRF-PE,DEL04-PE,UOP01-DEL04-PE
255684.0,2019-12-13,sexta-feira,09:00:00,PE,428,"188,6",PETROLINA,Desobediência às normas de trânsito pelo condutor,Colisão lateral,Com Vítimas Feridas,Pleno dia,Decrescente,Céu Claro,Dupla,Interseção de Vias,Sim,2,0,0,1,1,0,1,2,"-9,36400596","-40,48266808",SPRF-PE,DEL06-PE,UOP01-DEL06-PE
255686.0,2019-12-13,sexta-feira,08:30:00,PE,101,44,IGARASSU,Falta de Atenção à Condução,Capotamento,Com Vítimas Feridas,Pleno dia,Crescente,Sol,Múltipla,Reta,Sim,3,0,3,0,0,0,3,1,"-7,85637001","-34,90842109",SPRF-PE,DEL01-PE,UOP02-DEL01-PE
255712.0,2019-12-13,sexta-feira,09:25:00,PE,423,"154,6",IATI,Velocidade Incompatível,Saída de leito carroçável,Com Vítimas Feridas,Pleno dia,Crescente,Céu Claro,Simples,Curva,Não,1,0,1,0,0,0,1,1,"-9,0566026","-36,93412423",SPRF-PE,DEL03-PE,UOP01-DEL03-PE
255780.0,2019-12-13,sexta-feira,16:50:00,PE,110,"97,7",SERTANIA,Defeito Mecânico no Veículo,Incêndio,Sem Vítimas,Pleno dia,Crescente,Céu Claro,Simples,Reta,Não,1,0,0,0,1,0,0,1,"-8,37247412","-37,29327894",SPRF-PE,DEL03-PE,UOP02-DEL03-PE
255811.0,2019-12-13,sexta-feira,19:00:00,PE,232,"35,8",MORENO,Falta de Atenção à Condução,Colisão traseira,Com Vítimas Feridas,Plena Noite,Crescente,Céu Claro,Dupla,Reta,Sim,2,0,0,1,0,1,1,2,"-8,10907341","-35,19256991",SPRF-PE,DEL01-PE,UOP02-DEL02PE
255823.0,2019-12-13,sexta-feira,20:30:00,PE,232,"408,2",SERRA TALHADA,Falta de Atenção à Condução,Colisão transversal,Com Vítimas Feridas,Plena Noite,Decrescente,Céu Claro,Simples,Interseção de Vias,Sim,2,0,1,0,1,0,1,2,"-7,98371447","-38,28047709",SPRF-PE,DEL04-PE,UOP01-DEL04-PE
255891.0,2019-12-14,sábado,03:30:00,PE,423,92,GARANHUNS,Falta de Atenção à Condução,Queda de ocupante de veículo,Com Vítimas Feridas,Plena Noite,Crescente,Céu Claro,Simples,Reta,Sim,1,0,1,0,0,0,1,1,"-8,8619549","-36,46381174",SPRF-PE,DEL03-PE,UOP01-DEL03-PE
256018.0,2019-12-14,sábado,16:30:00,PE,101,"57,9",PAULISTA,Falta de Atenção à Condução,Colisão lateral,Com Vítimas Feridas,Pleno dia,Decrescente,Céu Claro,Dupla,Reta,Sim,4,0,3,0,1,0,3,2,"-7,96346213","-34,91513486",SPRF-PE,DEL01-PE,UOP02-DEL01-PE
256042.0,2019-12-14,sábado,18:10:00,PE,101,"63,1",RECIFE,Falta de Atenção à Condução,Colisão traseira,Sem Vítimas,Anoitecer,Decrescente,Céu Claro,Dupla,Reta,Não,2,0,0,0,2,0,0,2,"-8,00800604","-34,93756535",SPRF-PE,DEL01-PE,UOP01-DEL01-PE
256099.0,2019-12-14,sábado,20:30:00,PE,408,"73,9",PAUDALHO,Desobediência às normas de trânsito pelo pedestre,Atropelamento de Pedestre,Com Vítimas Fatais,Plena Noite,Decrescente,Nublado,Dupla,Reta;Declive                  ,Sim,2,1,0,0,0,1,0,2,"-7,89069683","-35,17793383",SPRF-PE,DEL01-PE,UOP01-DEL01-PE
256103.0,2019-12-14,sábado,22:00:00,PE,232,"31,1",MORENO,Desobediência às normas de trânsito pelo condutor,Colisão com objeto estático,Com Vítimas Feridas,Plena Noite,Decrescente,Céu Claro,Dupla,Curva,Não,2,0,2,0,0,0,2,1,"-8,10678602","-35,15841205",SPRF-PE,DEL01-PE,UOP02-DEL02PE
256145.0,2019-12-15,domingo,03:40:00,PE,116,"27,1",SALGUEIRO,Falta de Atenção à Condução,Atropelamento de Pedestre,Com Vítimas Fatais,Plena Noite,Crescente,Céu Claro,Simples,Aclive;Reta                   ,Sim,2,1,0,0,0,1,0,2,"-8,078546","-39,130867",SPRF-PE,DEL05-PE,UOP01-DEL05-PE
256172.0,2019-12-15,domingo,04:40:00,PE,104,65,CARUARU,Falta de Atenção à Condução,Colisão com objeto estático,Sem Vítimas,Amanhecer,Decrescente,Chuva,Dupla,Curva,Sim,1,0,0,0,1,0,0,1,"-8,2867","-35,9838",SPRF-PE,DEL02-PE,UOP01-DEL02-PE
256208.0,2019-12-15,domingo,08:30:00,PE,428,"188,3",PETROLINA,Sinalização da via insuficiente ou inadequada,Colisão transversal,Com Vítimas Feridas,Pleno dia,Decrescente,Sol,Dupla,Interseção de Vias,Sim,2,0,1,0,1,0,1,2,"-9,375598","-40,490956",SPRF-PE,DEL06-PE,UOP01-DEL06-PE
256212.0,2019-12-15,domingo,08:45:00,PE,232,403,SERRA TALHADA,Falta de Atenção à Condução,Colisão transversal,Com Vítimas Feridas,Pleno dia,Crescente,Sol,Simples,Reta,Não,7,0,1,0,6,0,1,2,"-8,00147098","-38,24433438",SPRF-PE,DEL04-PE,UOP01-DEL04-PE
256216.0,2019-12-15,domingo,09:50:00,PE,101,"46,2",IGARASSU,Falta de Atenção à Condução,Colisão frontal,Sem Vítimas,Pleno dia,Crescente,Sol,Múltipla,Reta,Sim,3,0,0,0,1,2,0,3,"-7,87406004","-34,90588126",SPRF-PE,DEL01-PE,UOP02-DEL01-PE
256236.0,2019-12-15,domingo,12:15:00,PE,104,28,TORITAMA,Falta de Atenção do Pedestre,Atropelamento de Pedestre,Com Vítimas Feridas,Pleno dia,Crescente,Sol,Simples,Reta,Sim,2,0,0,1,1,0,1,2,"-8,0065","-36,0709",SPRF-PE,DEL02-PE,UOP01-DEL02-PE
256297.0,2019-12-15,domingo,15:15:00,PE,423,"95,2",GARANHUNS,Pista Escorregadia,Colisão lateral,Com Vítimas Fatais,Pleno dia,Decrescente,Chuva,Simples,Curva,Sim,7,1,1,1,4,0,2,2,"-8,879309","-36,480045",SPRF-PE,DEL03-PE,UOP01-DEL03-PE
256315.0,2019-12-15,domingo,17:50:00,PE,101,87,CABO DE SANTO AGOSTINHO,Ingestão de Álcool,Colisão com objeto estático,Com Vítimas Feridas,Plena Noite,Decrescente,Céu Claro,Simples,Reta,Sim,1,0,1,0,0,0,1,1,"-8,18803219","-34,96573849",SPRF-PE,DEL01-PE,UOP03-DEL01-PE
256319.0,2019-12-15,domingo,18:15:00,PE,116,"77,3",CABROBO,Falta de Atenção à Condução,Saída de leito carroçável,Com Vítimas Feridas,Plena Noite,Crescente,Céu Claro,Simples,Declive,Não,5,0,1,0,4,0,1,1,"-8,499682","-39,209816",SPRF-PE,DEL05-PE,UOP03-DEL05-PE
256332.0,2019-12-15,domingo,18:20:00,PE,101,"71,3",RECIFE,Ingestão de Álcool,Engavetamento,Sem Vítimas,Plena Noite,Decrescente,Céu Claro,Simples,Reta;Em Obras                 ,Sim,4,0,0,0,4,0,0,4,"-8,080714","-34,943039",SPRF-PE,DEL01-PE,UOP01-DEL01-PE
256407.0,2019-12-16,segunda-feira,03:25:00,PE,101,"58,1",PAULISTA,Desobediência às normas de trânsito pelo condutor,Colisão traseira,Sem Vítimas,Pleno dia,Crescente,Céu Claro,Dupla,Reta,Sim,2,0,0,0,1,1,0,2,"-7,97063209","-34,92064675",SPRF-PE,DEL01-PE,UOP02-DEL01-PE
256475.0,2019-12-16,segunda-feira,10:30:00,PE,101,80,JABOATAO DOS GUARARAPES,Falta de Atenção à Condução,Colisão lateral,Com Vítimas Feridas,Pleno dia,Crescente,Céu Claro,Múltipla,Reta,Sim,2,0,1,0,1,0,1,2,"-8,15258426","-34,94270694",SPRF-PE,DEL01-PE,UOP03-DEL01-PE
256486.0,2019-12-16,segunda-feira,11:30:00,PE,101,55,PAULISTA,Defeito Mecânico no Veículo,Incêndio,Sem Vítimas,Pleno dia,Crescente,Sol,Múltipla,Reta,Sim,1,0,0,0,1,0,0,1,"-7,94806621","-34,9062148",SPRF-PE,DEL01-PE,UOP02-DEL01-PE
256502.0,2019-12-16,segunda-feira,11:30:00,PE,232,"168,9",TACAIMBO,Ultrapassagem Indevida,Saída de leito carroçável,Com Vítimas Feridas,Pleno dia,Decrescente,Sol,Simples,Aclive,Não,14,0,10,1,3,0,11,1,"-8,33986354","-36,32534101",SPRF-PE,DEL02-PE,UOP03-DEL02-PE
256538.0,2019-12-16,segunda-feira,16:20:00,PE,232,"36,4",MORENO,Mal Súbito,Saída de leito carroçável,Com Vítimas Feridas,Pleno dia,Decrescente,Nublado,Simples,Reta,Não,1,0,1,0,0,0,1,1,"-8,11082778","-35,20125807",SPRF-PE,DEL01-PE,UOP02-DEL02PE
256541.0,2019-12-16,segunda-feira,16:20:00,PE,104,67,CARUARU,Falta de Atenção à Condução,Colisão traseira,Sem Vítimas,Pleno dia,Crescente,Garoa/Chuvisco,Dupla,Reta,Sim,2,0,0,0,2,0,0,2,"-8,3016","-35,9882",SPRF-PE,DEL02-PE,UOP01-DEL02-PE
256566.0,2019-12-16,segunda-feira,18:30:00,PE,232,262,ARCOVERDE,Animais na Pista,Atropelamento de Animal,Sem Vítimas,Plena Noite,Crescente,Nublado,Simples,Reta,Não,1,0,0,0,1,0,0,1,"-8,40982756","-37,146866",SPRF-PE,DEL03-PE,UOP02-DEL03-PE
256573.0,2019-12-16,segunda-feira,18:30:00,PE,428,"184,2",PETROLINA,Desobediência às normas de trânsito pelo condutor,Colisão transversal,Com Vítimas Feridas,Plena Noite,Crescente,Céu Claro,Simples,Reta,Não,2,0,1,0,1,0,1,2,"-9,34658143","-40,47361135",SPRF-PE,DEL06-PE,UOP01-DEL06-PE
256614.0,2019-12-16,segunda-feira,18:40:00,PE,232,"79,3",GRAVATA,Desobediência às normas de trânsito pelo condutor,Colisão com objeto estático,Sem Vítimas,Plena Noite,Crescente,Nublado,Dupla,Reta,Sim,5,0,0,0,5,0,0,2,"-8,19460572","-35,56074803",SPRF-PE,DEL01-PE,UOP02-DEL02PE
256646.0,2019-12-17,terça-feira,07:15:00,PE,101,84,JABOATAO DOS GUARARAPES,Desobediência às normas de trânsito pelo condutor,Colisão frontal,Com Vítimas Feridas,Pleno dia,Crescente,Sol,Simples,Reta,Não,2,0,1,0,1,0,1,2,"-8,17778559","-34,95087297",SPRF-PE,DEL01-PE,UOP03-DEL01-PE
256650.0,2019-12-17,terça-feira,06:40:00,PE,232,"173,7",BELO JARDIM,Condutor Dormindo,Colisão lateral,Com Vítimas Feridas,Pleno dia,Decrescente,Chuva,Simples,Reta,Não,5,0,3,1,1,0,4,3,"-8,33916255","-36,36917103",SPRF-PE,DEL02-PE,UOP03-DEL02-PE
256655.0,2019-12-17,terça-feira,08:20:00,PE,101,"47,1",ABREU E LIMA,Animais na Pista,Atropelamento de Animal,Com Vítimas Feridas,Pleno dia,Decrescente,Céu Claro,Dupla,Reta,Sim,1,0,1,0,0,0,1,1,"-7,88290701","-34,90461208",SPRF-PE,DEL01-PE,UOP02-DEL01-PE
256705.0,2019-12-17,terça-feira,12:50:00,PE,101,"175,7",JOAQUIM NABUCO,Falta de Atenção à Condução,Colisão traseira,Com Vítimas Feridas,Pleno dia,Decrescente,Sol,Dupla,Reta,Não,2,0,1,0,0,1,1,2,"-8,60296585","-35,535297",SPRF-PE,DEL01-PE,UOP03-DEL01-PE
256721.0,2019-12-17,terça-feira,13:40:00,PE,428,"175,6",PETROLINA,Defeito Mecânico no Veículo,Saída de leito carroçável,Com Vítimas Feridas,Pleno dia,Decrescente,Sol,Simples,Reta,Não,2,0,1,0,1,0,1,2,"-9,26025696","-40,42934308",SPRF-PE,DEL06-PE,UOP01-DEL06-PE
256732.0,2019-12-17,terça-feira,15:50:00,PE,101,"61,1",RECIFE,Falta de Atenção à Condução,Colisão lateral,Com Vítimas Feridas,Pleno dia,Crescente,Vento,Dupla,Reta,Sim,2,0,1,0,1,0,1,2,"-7,99097103","-34,93598295",SPRF-PE,DEL01-PE,UOP02-DEL01-PE
256751.0,2019-12-17,terça-feira,18:00:00,PE,232,133,CARUARU,Falta de Atenção à Condução,Colisão traseira,Com Vítimas Feridas,Plena Noite,Decrescente,Céu Claro,Dupla,Reta,Não,2,0,1,0,0,1,1,2,"-8,30607988","-36,01576003",SPRF-PE,DEL02-PE,UOP03-DEL02-PE
256754.0,2019-12-17,terça-feira,18:27:00,PE,101,"50,1",ABREU E LIMA,Desobediência às normas de trânsito pelo condutor,Colisão transversal,Com Vítimas Feridas,Plena Noite,Crescente,Céu Claro,Simples,Interseção de Vias,Sim,3,0,2,0,1,0,2,2,"-7,90938602","-34,90123228",SPRF-PE,DEL01-PE,UOP02-DEL01-PE
256796.0,2019-12-17,terça-feira,22:05:00,PE,232,"195,1",SANHARO,Falta de Atenção à Condução,Colisão traseira,Sem Vítimas,Plena Noite,Crescente,Céu Claro,Simples,Reta,Não,2,0,0,0,2,0,0,2,"-8,36547121","-36,5628009",SPRF-PE,DEL02-PE,UOP03-DEL02-PE