id,data_inversa,dia_semana,horario,uf,br,km,municipio,causa_acidente,tipo_acidente,classificacao_acidente,fase_dia,sentido_via,condicao_metereologica,tipo_pista,tracado_via,uso_solo,pessoas,mortos,feridos_leves,feridos_graves,ilesos,ignorados,feridos,veiculos,latitude,longitude,regional,delegacia,uop
259816.0,2019-12-31,terça-feira,10:50:00,PE,101,"70,2",RECIFE,Falta de Atenção à Condução,Colisão lateral,Com Vítimas Feridas,Pleno dia,Crescente,Céu Claro,Dupla,Reta,Sim,2,0,0,1,1,0,1,2,"-8,06776119","-34,94265074",SPRF-PE,DEL01-PE,UOP01-DEL01-PE
259830.0,2019-12-31,terça-feira,11:45:00,PE,424,"67,7",CAETES,Ultrapassagem Indevida,Colisão frontal,Com Vítimas Feridas,Pleno dia,Crescente,Nublado,Simples,Reta,Não,5,0,0,2,2,1,2,4,"-8,76373281","-36,64275387",SPRF-PE,DEL03-PE,UOP01-DEL03-PE
259857.0,2019-12-31,terça-feira,15:00:00,PE,101,"127,9",ESCADA,Não guardar distância de segurança,Colisão traseira,Com Vítimas Feridas,Pleno dia,Decrescente,Céu Claro,Dupla,Reta,Sim,3,0,3,0,0,0,3,2,"-8,37472564","-35,23663257",SPRF-PE,DEL01-PE,UOP03-DEL01-PE
259885.0,2019-12-31,terça-feira,16:45:00,PE,101,"43,8",IGARASSU,Falta de Atenção à Condução,Tombamento,Com Vítimas Feridas,Anoitecer,Decrescente,Nublado,Múltipla,Reta,Sim,2,0,2,0,0,0,2,1,"-7,84753808","-34,90977038",SPRF-PE,DEL01-PE,UOP02-DEL01-PE
259912.0,2019-12-31,terça-feira,18:00:00,PE,232,"22,3",MORENO,Defeito Mecânico no Veículo,Incêndio,Sem Vítimas,Plena Noite,Decrescente,Nublado,Dupla,Reta,Não,1,0,0,0,1,0,0,1,"-8,09735333","-35,0885725",SPRF-PE,DEL01-PE,UOP02-DEL02PE
259927.0,2019-12-31,terça-feira,21:25:00,PE,232,"110,1",BEZERROS,Falta de Atenção à Condução,Saída de leito carroçável,Com Vítimas Feridas,Plena Noite,Crescente,Céu Claro,Dupla,Reta,Não,4,0,1,3,0,0,4,1,"-8,28634529","-35,81755579",SPRF-PE,DEL02-PE,UOP03-DEL02-PE
260047.0,2019-12-31,terça-feira,23:45:00,PE,101,"63,7",RECIFE,Velocidade Incompatível,Colisão traseira,Com Vítimas Feridas,Plena Noite,Decrescente,Céu Claro,Dupla,Declive,Sim,3,0,1,1,0,1,2,2,"-8,014011","-34,939008",SPRF-PE,DEL01-PE,UOP01-DEL01-PE
260391.0,2019-12-09,segunda-feira,14:40:00,PE,104,"28,7",TORITAMA,Falta de Atenção à Condução,Colisão transversal,Com Vítimas Feridas,Pleno dia,Crescente,Céu Claro,Simples,Reta,Sim,3,0,2,1,0,0,3,2,"-8,0065","-36,0709",SPRF-PE,DEL02-PE,UOP01-DEL02-PE
261559.0,2019-12-04,quarta-feira,05:45:00,PE,104,"78,3",AGRESTINA,Ultrapassagem Indevida,Colisão traseira,Com Vítimas Feridas,Pleno dia,Decrescente,Céu Claro,Simples,Reta,Não,2,0,0,2,0,0,2,1,"-8,38712927","-35,98091125",SPRF-PE,DEL02-PE,UOP01-DEL02-PE
261645.0,2019-12-06,sexta-feira,15:50:00,PE,407,125,PETROLINA,Não guardar distância de segurança,Engavetamento,Com Vítimas Feridas,Pleno dia,Decrescente,Céu Claro,Dupla,Reta,Sim,6,0,1,0,3,2,1,5,"-9,37739336","-40,53595733",SPRF-PE,DEL06-PE,UOP01-DEL06-PE
261840.0,2019-11-04,segunda-feira,04:30:00,PE,101,70,RECIFE,Não guardar distância de segurança,Atropelamento de Pedestre,Com Vítimas Feridas,Amanhecer,Crescente,Ignorado,Múltipla,Reta,Sim,2,0,0,1,0,1,1,2,"-8,06776119","-34,94265074",SPRF-PE,DEL01-PE,UOP01-DEL01-PE
263141.0,2019-12-25,quarta-feira,00:10:00,PE,232,"410,1",SERRA TALHADA,Desobediência às normas de trânsito pelo condutor,Colisão lateral,Com Vítimas Feridas,Plena Noite,Decrescente,Céu Claro,Simples,Reta,Sim,4,0,2,1,0,1,3,3,"-7,98222773","-38,29665542",SPRF-PE,DEL04-PE,UOP01-DEL04-PE
263161.0,2019-10-27,domingo,06:39:00,PE,232,128,CARUARU,Falta de Atenção do Pedestre,Atropelamento de Pedestre,Com Vítimas Fatais,Pleno dia,Decrescente,Céu Claro,Dupla,Reta,Sim,2,1,0,0,0,1,0,2,"-8,30421378","-35,97236037",SPRF-PE,DEL02-PE,UOP03-DEL02-PE
263323.0,2019-12-19,quinta-feira,17:20:00,PE,104,"66,8",CARUARU,Falta de Atenção à Condução,Atropelamento de Pedestre,Com Vítimas Feridas,Pleno dia,Decrescente,Céu Claro,Múltipla,Reta,Sim,2,0,1,0,1,0,1,2,"-8,2937","-35,9864",SPRF-PE,DEL02-PE,UOP01-DEL02-PE
264300.0,2019-09-13,sexta-feira,07:15:00,PE,101,82,JABOATAO DOS GUARARAPES,Desobediência às normas de trânsito pelo condutor,Colisão transversal,Sem Vítimas,Pleno dia,Decrescente,Céu Claro,Simples,Interseção de Vias;Reta       ,Sim,2,0,0,0,2,0,0,2,"-8,168383","-34,9376",SPRF-PE,DEL01-PE,UOP03-DEL01-PE
265750.0,2019-12-20,sexta-feira,21:30:00,PE,232,9,JABOATAO DOS GUARARAPES,Falta de Atenção do Pedestre,Atropelamento de Pedestre,Com Vítimas Feridas,Plena Noite,Decrescente,Céu Claro,Dupla,Reta,Sim,2,0,0,1,1,0,1,2,"-8,07764447","-34,97863609",SPRF-PE,DEL01-PE,UOP01-DEL01-PE
265769.0,2019-12-28,sábado,15:45:00,PE,408,"78,7",PAUDALHO,Condutor Dormindo,Saída de leito carroçável,Com Vítimas Feridas,Pleno dia,Decrescente,Sol,Dupla,Reta,Sim,1,0,0,1,0,0,1,1,"-7,926733","-35,14811",SPRF-PE,DEL01-PE,UOP01-DEL01-PE
266131.0,2019-11-29,sexta-feira,17:50:00,PE,101,"74,3",RECIFE,Falta de Atenção do Pedestre,Atropelamento de Pedestre,Com Vítimas Feridas,Anoitecer,Decrescente,Céu Claro,Dupla,Reta,Sim,4,0,1,3,0,0,4,2,"-8,1054954","-34,94882053",SPRF-PE,DEL01-PE,UOP01-DEL01-PE
266134.0,2019-01-03,quinta-feira,15:10:00,PE,408,"89,2",SAO LOURENCO DA MATA,Falta de Atenção à Condução,Capotamento,Com Vítimas Feridas,Pleno dia,Decrescente,Céu Claro,Dupla,Reta,Sim,1,0,1,0,0,0,1,1,"-7,98149086","-35,08112279",SPRF-PE,DEL01-PE,UOP01-DEL01-PE
268609.0,2019-12-07,sábado,23:30:00,PE,232,507,SALGUEIRO,Ingestão de Álcool,Colisão transversal,Com Vítimas Feridas,Plena Noite,Crescente,Céu Claro,Simples,Interseção de Vias,Sim,2,0,1,0,0,1,1,2,"-8,06038759","-39,11191706",SPRF-PE,DEL05-PE,UOP01-DEL05-PE
269898.0,2019-12-23,segunda-feira,22:30:00,PE,101,77,RECIFE,Falta de Atenção à Condução,Queda de ocupante de veículo,Com Vítimas Feridas,Plena Noite,Decrescente,Ignorado,Dupla,Reta,Sim,1,0,0,1,0,0,1,1,"-8,13164026","-34,94538914",SPRF-PE,DEL01-PE,UOP01-DEL01-PE
270200.0,2019-07-14,domingo,13:00:00,PE,101,26,ITAPISSUMA,Falta de Atenção à Condução,Saída de leito carroçável,Com Vítimas Feridas,Pleno dia,Decrescente,Chuva,Múltipla,Declive,Não,1,0,0,1,0,0,1,1,"-7,70826223","-34,92811677",SPRF-PE,DEL01-PE,UOP02-DEL01-PE
270404.0,2019-12-17,terça-feira,19:40:00,PE,407,98,PETROLINA,Animais na Pista,Atropelamento de Animal,Com Vítimas Feridas,Plena Noite,Decrescente,Ignorado,Simples,Reta,Não,1,0,0,1,0,0,1,1,"-9,15892199","-40,6356868",SPRF-PE,DEL06-PE,UOP02-DEL06-PE
271860.0,2019-04-23,terça-feira,07:00:00,PE,101,156,RIBEIRAO,Defeito na Via,Colisão com objeto estático,Com Vítimas Feridas,Pleno dia,Decrescente,Garoa/Chuvisco,Dupla,Reta,Não,2,0,2,0,0,0,2,1,"-8,54597711","-35,39140871",SPRF-PE,DEL01-PE,UOP03-DEL01-PE
272012.0,2019-03-16,sábado,06:00:00,PE,101,83,JABOATAO DOS GUARARAPES,Falta de Atenção à Condução,Saída de leito carroçável,Com Vítimas Feridas,Pleno dia,Decrescente,Céu Claro,Dupla,Reta,Não,2,0,2,0,0,0,2,1,"-8,175172","-34,942642",SPRF-PE,DEL01-PE,UOP03-DEL01-PE
273356.0,2019-01-12,sábado,20:30:00,PE,232,"526,2",SALGUEIRO,Falta de Atenção à Condução,Queda de ocupante de veículo,Com Vítimas Feridas,Plena Noite,Crescente,Céu Claro,Simples,Reta,Não,3,0,3,0,0,0,3,2,"-8,070741","-39,277275",SPRF-PE,DEL05-PE,UOP01-DEL05-PE
281701.0,2019-12-28,sábado,12:15:00,PE,101,76,RECIFE,Falta de Atenção à Condução,Saída de leito carroçável,Com Vítimas Feridas,Pleno dia,Crescente,Sol,Dupla,Curva,Sim,1,0,1,0,0,0,1,1,"-8,11813811","-34,94329214",SPRF-PE,DEL01-PE,UOP01-DEL01-PE
283164.0,2019-11-22,sexta-feira,18:40:00,PE,423,96,GARANHUNS,Falta de Atenção à Condução,Queda de ocupante de veículo,Com Vítimas Feridas,Plena Noite,Decrescente,Céu Claro,Simples,Reta,Não,1,0,1,0,0,0,1,1,"-8,88021822","-36,48651678",SPRF-PE,DEL03-PE,UOP01-DEL03-PE
287360.0,2019-08-21,quarta-feira,15:45:00,PE,101,"103,7",CABO DE SANTO AGOSTINHO,Defeito Mecânico no Veículo,Engavetamento,Sem Vítimas,Pleno dia,Decrescente,Sol,Dupla,Reta,Sim,3,0,0,0,3,0,0,3,"-8,29241321","-35,05598304",SPRF-PE,DEL01-PE,UOP03-DEL01-PE
294024.0,2019-10-25,sexta-feira,23:30:00,PE,116,"75,8",CABROBO,Ingestão de Álcool,Saída de leito carroçável,Com Vítimas Fatais,Plena Noite,Crescente,Céu Claro,Simples,Reta,Não,1,1,0,0,0,0,0,1,"-8,48931","-39,206634",SPRF-PE,DEL05-PE,UOP03-DEL05-PE
295346.0,2019-12-28,sábado,10:30:00,PE,101,69,RECIFE,Restrição de Visibilidade,Colisão lateral,Com Vítimas Feridas,Pleno dia,Decrescente,Sol,Múltipla,Reta,Sim,2,0,0,1,1,0,1,2,"-8,05951606","-34,94581024",SPRF-PE,DEL01-PE,UOP01-DEL01-PE
314736.0,2019-07-29,segunda-feira,23:30:00,PE,101,91,CABO DE SANTO AGOSTINHO,Velocidade Incompatível,Colisão traseira,Com Vítimas Fatais,Plena Noite,Crescente,Nublado,Múltipla,Reta,Sim,2,1,0,0,1,0,0,2,"-8,236446","-34,981737",SPRF-PE,DEL01-PE,UOP03-DEL01-PE
345032.0,2019-06-24,segunda-feira,18:30:00,PE,316,"297,5",FLORESTA,Animais na Pista,Atropelamento de Animal,Com Vítimas Fatais,Plena Noite,Decrescente,Céu Claro,Simples,Reta,Não,2,1,0,0,1,0,0,2,"-8,6212637","-38,6304581",SPRF-PE,DEL04-PE,UOP03-DEL04-PE
388289.0,2019-10-09,quarta-feira,09:00:00,PE,428,"186,2",PETROLINA,Desobediência às normas de trânsito pelo condutor,Queda de ocupante de veículo,Com Vítimas Feridas,Pleno dia,Crescente,Céu Claro,Simples,Reta,Sim,2,0,1,0,0,1,1,2,"-9,36151653","-40,48140049",SPRF-PE,DEL06-PE,UOP01-DEL06-PE
477048.0,2019-05-26,domingo,08:00:00,PE,316,324,FLORESTA,Falta de Atenção à Condução,Saída de leito carroçável,Com Vítimas Feridas,Pleno dia,Crescente,Céu Claro,Simples,Reta,Não,1,0,1,0,0,0,1,1,"-8,73487241","-38,46125902",SPRF-PE,DEL04-PE,UOP03-DEL04-PE
480035.0,2019-01-17,quinta-feira,10:05:00,PE,316,250,BELEM DE SAO FRANCISCO,Velocidade Incompatível,Capotamento,Com Vítimas Fatais,Pleno dia,Decrescente,Nublado,Simples,Curva,Não,4,1,2,1,0,0,3,1,"-8,678411","-38,971153",SPRF-PE,DEL05-PE,UOP03-DEL05-PE
513178.0,2019-02-06,quarta-feira,10:49:00,PE,101,"47,8",ABREU E LIMA,Não guardar distância de segurança,Colisão traseira,Com Vítimas Feridas,Pleno dia,Crescente,Nublado,Dupla,Reta,Sim,2,0,0,1,1,0,1,2,"-7,887868","-34,904169",SPRF-PE,DEL01-PE,UOP02-DEL01-PE
561231.0,2019-12-21,sábado,16:05:00,PE,423,"39,6",CACHOEIRINHA,Falta de Atenção à Condução,Engavetamento,Com Vítimas Feridas,Pleno dia,Decrescente,Céu Claro,Simples,Reta,Sim,7,0,1,0,6,0,1,3,"-8,48957335","-36,23249049",SPRF-PE,DEL03-PE,UOP01-DEL03-PE
566288.0,2019-01-12,sábado,11:50:00,PE,428,"38,9",OROCO,Falta de Atenção à Condução,Colisão transversal,Com Vítimas Fatais,Pleno dia,Crescente,Céu Claro,Simples,Reta,Não,3,1,0,0,1,1,0,3,"-8,55009","-39,543583",SPRF-PE,DEL05-PE,UOP03-DEL05-PE
260422.0,2020-01-02,quinta-feira,18:10:00,PE,101,"58,6",RECIFE,Não guardar distância de segurança,Saída de leito carroçável,Com Vítimas Feridas,Plena Noite,Crescente,Nublado,Dupla,Ponte,Sim,4,0,3,0,0,1,3,2,"-7,97063209","-34,92064675",SPRF-PE,DEL01-PE,UOP02-DEL01-PE
260750.0,2020-01-04,sábado,08:30:00,PE,232,328,CUSTODIA,Falta de Atenção do Pedestre,Atropelamento de Pedestre,Com Vítimas Feridas,Pleno dia,Decrescente,Sol,Simples,Reta,Sim,2,0,0,1,1,0,1,2,"-8,09113514","-37,59520501",SPRF-PE,DEL03-PE,UOP02-DEL03-PE
260820.0,2020-01-04,sábado,11:00:00,PE,101,"192,5",PALMARES,Falta de Atenção à Condução,Colisão traseira,Com Vítimas Feridas,Pleno dia,Crescente,Céu Claro,Dupla,Curva,Não,2,0,1,0,1,0,1,2,"-8,71282291","-35,60955915",SPRF-PE,DEL01-PE,UOP03-DEL01-PE
260887.0,2020-01-04,sábado,20:40:00,PE,104,35,CARUARU,Ingestão de Álcool,Colisão traseira,Sem Vítimas,Plena Noite,Decrescente,Céu Claro,Dupla,Reta,Não,2,0,0,0,2,0,0,2,"-8,0567","-36,0485",SPRF-PE,DEL02-PE,UOP01-DEL02-PE
261043.0,2020-01-05,domingo,17:40:00,PE,424,"18,7",PEDRA,Ultrapassagem Indevida,Tombamento,Com Vítimas Feridas,Anoitecer,Decrescente,Céu Claro,Simples,Reta,Não,1,0,1,0,0,0,1,1,"-8,49676628","-36,93934222",SPRF-PE,DEL03-PE,UOP02-DEL03-PE
261187.0,2020-01-06,segunda-feira,14:00:00,PE,232,"176,2",BELO JARDIM,Mal Súbito,Colisão frontal,Com Vítimas Feridas,Pleno dia,Crescente,Sol,Simples,Reta,Sim,2,0,0,1,1,0,1,2,"-8,34573608","-36,39481995",SPRF-PE,DEL02-PE,UOP03-DEL02-PE
261334.0,2020-01-07,terça-feira,11:00:00,PE,101,99,CABO DE SANTO AGOSTINHO,Falta de Atenção à Condução,Colisão com objeto em movimento,Com Vítimas Feridas,Pleno dia,Crescente,Céu Claro,Dupla,Reta,Sim,2,0,0,1,1,0,1,2,"-8,26025316","-35,04629883",SPRF-PE,DEL01-PE,UOP03-DEL01-PE
261383.0,2020-01-07,terça-feira,17:05:00,PE,101,"60,9",RECIFE,Desobediência às normas de trânsito pelo condutor,Colisão lateral,Com Vítimas Feridas,Pleno dia,Crescente,Nublado,Dupla,Curva,Sim,4,0,2,0,2,0,2,3,"-7,98344307","-34,93176727",SPRF-PE,DEL01-PE,UOP02-DEL01-PE
261466.0,2020-01-08,quarta-feira,08:30:00,PE,101,128,ESCADA,Falta de Atenção à Condução,Tombamento,Com Vítimas Feridas,Pleno dia,Decrescente,Céu Claro,Dupla,Reta,Sim,2,0,0,1,1,0,1,2,"-8,37986492","-35,24406405",SPRF-PE,DEL01-PE,UOP03-DEL01-PE
261631.0,2020-01-09,quinta-feira,07:05:00,PE,101,"78,1",JABOATAO DOS GUARARAPES,Não guardar distância de segurança,Engavetamento,Sem Vítimas,Pleno dia,Decrescente,Nublado,Dupla,Reta,Sim,5,0,0,0,5,0,0,4,"-8,13496499","-34,94738614",SPRF-PE,DEL01-PE,UOP01-DEL01-PE
261883.0,2020-01-10,sexta-feira,11:05:00,PE,232,"5,7",RECIFE,Falta de Atenção à Condução,Colisão lateral,Sem Vítimas,Pleno dia,Decrescente,Céu Claro,Dupla,Reta,Sim,3,0,0,0,3,0,0,2,"-8,070156","-34,950936",SPRF-PE,DEL01-PE,UOP01-DEL01-PE
262134.0,2020-01-11,sábado,14:10:00,PE,428,"189,6",PETROLINA,Desobediência às normas de trânsito pelo condutor,Colisão transversal,Com Vítimas Feridas,Pleno dia,Crescente,Sol,Dupla,Retorno Regulamentado,Sim,2,0,0,1,1,0,1,2,"-9,37795901","-40,50426096",SPRF-PE,DEL06-PE,UOP01-DEL06-PE
262211.0,2020-01-11,sábado,21:10:00,PE,423,97,GARANHUNS,Ingestão de Álcool,Colisão lateral,Com Vítimas Feridas,Plena Noite,Crescente,Céu Claro,Simples,Reta,Sim,2,0,0,1,1,0,1,2,"-8,8796227","-36,49484286",SPRF-PE,DEL03-PE,UOP01-DEL03-PE
262243.0,2020-01-12,domingo,01:30:00,PE,428,"94,1",SANTA MARIA DA BOA VISTA,Animais na Pista,Atropelamento de Animal,Sem Vítimas,Plena Noite,Decrescente,Céu Claro,Simples,Reta,Não,1,0,0,0,1,0,0,1,"-8,81058587","-39,91203508",SPRF-PE,DEL06-PE,UOP03-DEL06-PE
262452.0,2020-01-12,domingo,19:40:00,PE,316,331,FLORESTA,Ingestão de Álcool,Atropelamento de Pedestre,Com Vítimas Fatais,Plena Noite,Decrescente,Céu Claro,Simples,Reta,Não,3,1,0,0,0,2,0,3,"-8,75082452","-38,40150973",SPRF-PE,DEL04-PE,UOP03-DEL04-PE
262471.0,2020-01-13,segunda-feira,01:30:00,PE,232,"194,1",SANHARO,Ingestão de Álcool,Colisão traseira,Com Vítimas Feridas,Plena Noite,Crescente,Céu Claro,Simples,Reta,Sim,5,0,3,0,2,0,3,3,"-8,36209062","-36,55441109",SPRF-PE,DEL02-PE,UOP03-DEL02-PE
262856.0,2020-01-14,terça-feira,21:40:00,PE,101,"189,4",PALMARES,Carga excessiva e/ou mal acondicionada,Derramamento de carga,Com Vítimas Feridas,Plena Noite,Crescente,Céu Claro,Dupla,Curva,Sim,2,0,1,0,1,0,1,2,"-8,69036647","-35,60430503",SPRF-PE,DEL01-PE,UOP03-DEL01-PE
262933.0,2020-01-15,quarta-feira,11:10:00,PE,101,"51,8",PAULISTA,Desobediência às normas de trânsito pelo condutor,Colisão lateral,Com Vítimas Feridas,Pleno dia,Decrescente,Céu Claro,Dupla,Curva,Sim,2,0,1,0,1,0,1,2,"-7,9169968","-34,89689272",SPRF-PE,DEL01-PE,UOP02-DEL01-PE
263035.0,2020-01-15,quarta-feira,20:30:00,PE,232,"73,1",GRAVATA,Falta de Atenção à Condução,Colisão lateral,Sem Vítimas,Plena Noite,Decrescente,Céu Claro,Dupla,Reta,Não,2,0,0,0,1,1,0,2,"-8,19060018","-35,50931093",SPRF-PE,DEL01-PE,UOP02-DEL02PE
263069.0,2020-01-16,quinta-feira,07:10:00,PE,101,80,JABOATAO DOS GUARARAPES,Falta de Atenção à Condução,Colisão traseira,Sem Vítimas,Pleno dia,Crescente,Sol,Dupla,Interseção de Vias,Não,3,0,0,0,3,0,0,3,"-8,15225984","-34,94261205",SPRF-PE,DEL01-PE,UOP03-DEL01-PE
263102.0,2020-01-16,quinta-feira,09:05:00,PE,104,"63,3",CARUARU,Falta de Atenção à Condução,Colisão lateral,Com Vítimas Feridas,Pleno dia,Decrescente,Sol,Simples,Reta,Sim,2,0,0,1,1,0,1,2,"-8,2698","-35,9803",SPRF-PE,DEL02-PE,UOP01-DEL02-PE
263350.0,2020-01-17,sexta-feira,12:20:00,PE,101,"68,2",RECIFE,Não guardar distância de segurança,Colisão traseira,Com Vítimas Feridas,Pleno dia,Decrescente,Sol,Múltipla,Aclive,Não,2,0,0,1,0,1,1,2,"-8,05074296","-34,94580619",SPRF-PE,DEL01-PE,UOP01-DEL01-PE
263543.0,2020-01-18,sábado,09:00:00,PE,408,"72,5",PAUDALHO,Falta de Atenção à Condução,Colisão lateral,Com Vítimas Feridas,Pleno dia,Decrescente,Sol,Dupla,Reta,Sim,4,0,2,0,2,0,2,2,"-7,88298505","-35,18197309",SPRF-PE,DEL01-PE,UOP01-DEL01-PE
264034.0,2020-01-20,segunda-feira,13:26:00,PE,232,180,BELO JARDIM,Ingestão de Álcool,Colisão frontal,Com Vítimas Feridas,Pleno dia,Decrescente,Céu Claro,Simples,Reta,Sim,2,0,0,1,1,0,1,2,"-8,34449745","-36,4288801",SPRF-PE,DEL02-PE,UOP03-DEL02-PE
264087.0,2020-01-20,segunda-feira,17:25:00,PE,104,"62,6",CARUARU,Desobediência às normas de trânsito pelo condutor,Colisão traseira,Sem Vítimas,Pleno dia,Decrescente,Céu Claro,Dupla,Reta,Sim,4,0,0,0,4,0,0,4,"-8,25629047","-35,97533514",SPRF-PE,DEL02-PE,UOP01-DEL02-PE
264225.0,2020-01-21,terça-feira,12:05:00,PE,232,"410,9",SERRA TALHADA,Ultrapassagem Indevida,Colisão transversal,Com Vítimas Feridas,Pleno dia,Crescente,Nublado,Simples,Reta,Sim,2,0,1,0,1,0,1,2,"-7,98261841","-38,30039606",SPRF-PE,DEL04-PE,UOP01-DEL04-PE
264245.0,2020-01-21,terça-feira,15:00:00,PE,232,"9,2",JABOATAO DOS GUARARAPES,Defeito Mecânico no Veículo,Engavetamento,Sem Vítimas,Pleno dia,Decrescente,Sol,Dupla,Reta,Sim,6,0,0,0,6,0,0,6,"-8,07764447","-34,97863609",SPRF-PE,DEL01-PE,UOP01-DEL01-PE
264253.0,2020-01-21,terça-feira,17:00:00,PE,101,"56,6",PAULISTA,Desobediência às normas de trânsito pelo condutor,Colisão lateral,Com Vítimas Feridas,Anoitecer,Crescente,Céu Claro,Dupla,Aclive;Reta                   ,Não,5,0,1,0,3,1,1,5,"-7,9554509","-34,91140727",SPRF-PE,DEL01-PE,UOP02-DEL01-PE
264266.0,2020-01-21,terça-feira,18:00:00,PE,428,"158,9",PETROLINA,Defeito Mecânico no Veículo,Colisão com objeto em movimento,Com Vítimas Feridas,Plena Noite,Crescente,Céu Claro,Simples,Reta,Não,4,0,3,0,1,0,3,2,"-9,13177614","-40,34787778",SPRF-PE,DEL06-PE,UOP01-DEL06-PE
264294.0,2020-01-21,terça-feira,19:00:00,PE,428,"58,9",SANTA MARIA DA BOA VISTA,Ingestão de Álcool,Colisão frontal,Com Vítimas Fatais,Plena Noite,Decrescente,Céu Claro,Simples,Reta,Não,2,1,0,0,1,0,0,2,"-8,61679939","-39,69019467",SPRF-PE,DEL06-PE,UOP03-DEL06-PE
264351.0,2020-01-22,quarta-feira,05:30:00,PE,116,73,CABROBO,Condutor Dormindo,Colisão lateral,Com Vítimas Feridas,Pleno dia,Crescente,Céu Claro,Simples,Reta,Não,2,0,1,0,1,0,1,2,"-8,465946","-39,197342",SPRF-PE,DEL05-PE,UOP03-DEL05-PE
264399.0,2020-01-22,quarta-feira,12:50:00,PE,232,"102,9",BEZERROS,Sinalização da via insuficiente ou inadequada,Colisão traseira,Com Vítimas Feridas,Pleno dia,Decrescente,Nublado,Dupla,Curva,Sim,3,0,1,2,0,0,3,2,"-8,2553139","-35,77427504",SPRF-PE,DEL02-PE,UOP03-DEL02-PE
264464.0,2020-01-22,quarta-feira,18:00:00,PE,232,"113,1",BEZERROS,Falta de Atenção do Pedestre,Atropelamento de Pedestre,Com Vítimas Fatais,Anoitecer,Decrescente,Chuva,Dupla,Reta,Sim,2,1,0,0,1,0,0,2,"-8,29906533","-35,8402169",SPRF-PE,DEL02-PE,UOP03-DEL02-PE
264774.0,2020-01-24,sexta-feira,08:40:00,PE,424,"79,1",GARANHUNS,Ultrapassagem Indevida,Colisão lateral,Com Vítimas Fatais,Pleno dia,Crescente,Chuva,Simples,Declive,Não,7,1,4,0,0,2,4,4,"-8,82538475","-36,55412583",SPRF-PE,DEL03-PE,UOP01-DEL03-PE
264787.0,2020-01-24,sexta-feira,11:00:00,PE,101,"54,5",PAULISTA,Desobediência às normas de trânsito pelo condutor,Colisão lateral,Com Vítimas Feridas,Pleno dia,Crescente,Sol,Dupla,Reta,Sim,4,0,1,1,2,0,2,3,"-7,97596962","-34,94213462",SPRF-PE,DEL01-PE,UOP02-DEL01-PE
265014.0,2020-01-25,sábado,12:15:00,PE,232,"180,6",BELO JARDIM,Não guardar distância de segurança,Colisão traseira,Com Vítimas Feridas,Pleno dia,Crescente,Nublado,Simples,Reta,Sim,2,0,1,0,1,0,1,2,"-8,3453075","-36,4338398",SPRF-PE,DEL02-PE,UOP03-DEL02-PE
265112.0,2020-01-25,sábado,21:20:00,PE,316,81,OURICURI,Ingestão de Álcool,Saída de leito carroçável,Com Vítimas Feridas,Plena Noite,Crescente,Céu Claro,Simples,Curva,Não,1,0,1,0,0,0,1,1,"-7,86751496","-40,10182598",SPRF-PE,DEL05-PE,UOP02-DEL05-PE
265398.0,2020-01-27,segunda-feira,07:35:00,PE,232,"6,7",RECIFE,Falta de Atenção à Condução,Colisão lateral,Com Vítimas Feridas,Pleno dia,Decrescente,Céu Claro,Dupla,Reta,Sim,2,0,1,0,1,0,1,2,"-8,073494","-34,961916",SPRF-PE,DEL01-PE,UOP01-DEL01-PE
265607.0,2020-01-28,terça-feira,09:00:00,PE,232,18,JABOATAO DOS GUARARAPES,Falta de Atenção à Condução,Colisão lateral,Com Vítimas Feridas,Pleno dia,Crescente,Céu Claro,Dupla,Reta,Não,2,0,1,0,1,0,1,2,"-8,09696393","-35,054484",SPRF-PE,DEL01-PE,UOP01-DEL01-PE
265695.0,2020-01-28,terça-feira,16:30:00,PE,407,130,PETROLINA,Falta de Atenção à Condução,Colisão traseira,Sem Vítimas,Pleno dia,Crescente,Céu Claro,Dupla,Reta,Sim,3,0,0,0,2,1,0,3,"-9,40536698","-40,50435309",SPRF-PE,DEL06-PE,UOP01-DEL06-PE
265816.0,2020-01-29,quarta-feira,10:40:00,PE,316,317,FLORESTA,Condutor Dormindo,Colisão frontal,Com Vítimas Fatais,Pleno dia,Crescente,Céu Claro,Simples,Reta,Não,2,1,0,1,0,0,1,2,"-8,70497105","-38,51526304",SPRF-PE,DEL04-PE,UOP03-DEL04-PE
265818.0,2020-01-29,quarta-feira,10:45:00,PE,423,"159,2",AGUAS BELAS,Falta de Atenção à Condução,Colisão lateral,Com Vítimas Feridas,Pleno dia,Crescente,Sol,Simples,Reta,Não,4,0,0,1,2,1,1,4,"-9,08389305","-36,96896696",SPRF-PE,DEL03-PE,UOP01-DEL03-PE
265819.0,2020-01-29,quarta-feira,12:30:00,PE,428,"185,8",PETROLINA,Falta de Atenção do Pedestre,Atropelamento de Pedestre,Com Vítimas Fatais,Pleno dia,Decrescente,Sol,Simples,Reta,Sim,4,1,0,0,1,2,0,2,"-9,35949461","-40,48023105",SPRF-PE,DEL06-PE,UOP01-DEL06-PE
265858.0,2020-01-29,quarta-feira,14:55:00,PE,232,"15,7",JABOATAO DOS GUARARAPES,Defeito na Via,Saída de leito carroçável,Com Vítimas Feridas,Pleno dia,Decrescente,Sol,Dupla,Reta,Sim,2,0,2,0,0,0,2,1,"-8,09137732","-35,02917918",SPRF-PE,DEL01-PE,UOP01-DEL01-PE
265860.0,2020-01-29,quarta-feira,17:10:00,PE,232,94,SAIRE,Falta de Atenção à Condução,Colisão traseira,Sem Vítimas,Pleno dia,Crescente,Sol,Dupla,Reta,Não,3,0,0,0,3,0,0,2,"-8,22473335","-35,69081624",SPRF-PE,DEL01-PE,UOP02-DEL02PE