id,data_inversa,dia_semana,horario,uf,br,km,municipio,causa_acidente,tipo_acidente,classificacao_acidente,fase_dia,sentido_via,condicao_metereologica,tipo_pista,tracado_via,uso_solo,pessoas,mortos,feridos_leves,feridos_graves,ilesos,ignorados,feridos,veiculos,latitude,longitude,regional,delegacia,uop
265920.0,2020-01-29,quarta-feira,20:00:00,PE,110,"237,7",TACARATU,Defeito Mecânico no Veículo,Tombamento,Com Vítimas Feridas,Plena Noite,Crescente,Ignorado,Simples,Reta,Não,3,0,2,1,0,0,3,1,"-9,04803811","-38,2493037",SPRF-BA,DEL07-BA,UOP01-DEL07-BA
265948.0,2020-01-30,quinta-feira,05:40:00,PE,232,388,SERRA TALHADA,Falta de Atenção do Pedestre,Atropelamento de Pedestre,Com Vítimas Feridas,Amanhecer,Crescente,Céu Claro,Simples,Reta,Sim,2,0,0,1,0,1,1,2,"-8,03239638","-38,12052799",SPRF-PE,DEL04-PE,UOP01-DEL04-PE
265990.0,2020-01-30,quinta-feira,07:30:00,PE,232,372,FLORES,Falta de Atenção à Condução,Colisão lateral,Com Vítimas Feridas,Pleno dia,Decrescente,Céu Claro,Simples,Reta,Não,7,0,1,0,6,0,1,4,"-8,02815279","-37,98335296",SPRF-PE,DEL04-PE,UOP01-DEL04-PE
266025.0,2020-01-30,quinta-feira,16:40:00,PE,232,"208,6",PESQUEIRA,Não guardar distância de segurança,Colisão traseira,Sem Vítimas,Pleno dia,Crescente,Sol,Simples,Interseção de Vias,Sim,2,0,0,0,2,0,0,2,"-8,36794109","-36,67972403",SPRF-PE,DEL02-PE,UOP03-DEL02-PE
266317.0,2020-02-01,sábado,03:10:00,PE,232,370,FLORES,Velocidade Incompatível,Colisão traseira,Com Vítimas Feridas,Plena Noite,Crescente,Chuva,Simples,Reta,Sim,3,0,1,0,2,0,1,2,"-8,0321374","-37,96567213",SPRF-PE,DEL04-PE,UOP01-DEL04-PE
266474.0,2020-02-01,sábado,19:25:00,PE,423,"71,9",JUPI,Pista Escorregadia,Colisão frontal,Com Vítimas Fatais,Plena Noite,Decrescente,Chuva,Simples,Reta,Não,23,3,17,3,0,0,20,2,"-8,69250589","-36,41166726",SPRF-PE,DEL03-PE,UOP01-DEL03-PE
266789.0,2020-02-03,segunda-feira,04:45:00,PE,232,"146,2",SAO CAITANO,Desobediência às normas de trânsito pelo condutor,Colisão transversal,Sem Vítimas,Plena Noite,Decrescente,Céu Claro,Dupla,Aclive,Sim,4,0,0,0,4,0,0,3,"-8,33267517","-36,12875462",SPRF-PE,DEL02-PE,UOP03-DEL02-PE
267045.0,2020-02-04,terça-feira,13:20:00,PE,101,66,RECIFE,Não guardar distância de segurança,Colisão lateral,Com Vítimas Feridas,Pleno dia,Crescente,Sol,Dupla,Reta,Sim,4,0,1,1,2,0,2,4,"-8,03368534","-34,94184125",SPRF-PE,DEL01-PE,UOP01-DEL01-PE
267211.0,2020-02-05,quarta-feira,07:15:00,PE,101,"68,5",RECIFE,Falta de Atenção à Condução,Colisão transversal,Com Vítimas Feridas,Pleno dia,Decrescente,Sol,Múltipla,Reta,Sim,4,0,1,0,3,0,1,3,"-8,05074296","-34,94580619",SPRF-PE,DEL01-PE,UOP01-DEL01-PE
267564.0,2020-02-06,quinta-feira,13:10:00,PE,232,"440,3",SERRA TALHADA,Desobediência às normas de trânsito pelo condutor,Tombamento,Com Vítimas Feridas,Pleno dia,Crescente,Céu Claro,Simples,Curva,Não,3,0,2,0,1,0,2,1,"-8,01241443","-38,55922197",SPRF-PE,DEL04-PE,UOP01-DEL04-PE
267639.0,2020-02-06,quinta-feira,21:40:00,PE,428,"130,2",LAGOA GRANDE,Animais na Pista,Colisão com objeto estático,Sem Vítimas,Plena Noite,Decrescente,Nublado,Simples,Reta,Não,2,0,0,0,2,0,0,2,"-8,95601699","-40,190167",SPRF-PE,DEL06-PE,UOP03-DEL06-PE
267832.0,2020-02-07,sexta-feira,17:40:00,PE,423,"73,2",JUPI,Falta de Atenção à Condução,Colisão transversal,Sem Vítimas,Anoitecer,Crescente,Chuva,Simples,Reta,Sim,2,0,0,0,2,0,0,2,"-8,709851","-36,41926432",SPRF-PE,DEL03-PE,UOP01-DEL03-PE
267862.0,2020-02-07,sexta-feira,20:50:00,PE,101,"56,8",RECIFE,Falta de Atenção à Condução,Colisão traseira,Sem Vítimas,Plena Noite,Crescente,Céu Claro,Múltipla,Reta,Sim,4,0,0,0,4,0,0,2,"-7,9554509","-34,91140727",SPRF-PE,DEL01-PE,UOP02-DEL01-PE
268122.0,2020-02-08,sábado,23:32:00,PE,232,"122,2",CARUARU,Animais na Pista,Atropelamento de Animal,Sem Vítimas,Plena Noite,Decrescente,Céu Claro,Dupla,Reta,Não,1,0,0,0,1,0,0,1,"-8,30217741","-35,91946793",SPRF-PE,DEL02-PE,UOP03-DEL02-PE
268125.0,2020-02-08,sábado,23:52:00,PE,232,"120,9",CARUARU,Falta de Atenção à Condução,Colisão lateral,Sem Vítimas,Plena Noite,Decrescente,Céu Claro,Dupla,Reta,Não,2,0,0,0,1,1,0,2,"-8,29826697","-35,90192301",SPRF-PE,DEL02-PE,UOP03-DEL02-PE
268253.0,2020-02-09,domingo,17:10:00,PE,428,"48,9",OROCO,Falta de Atenção à Condução,Colisão traseira,Sem Vítimas,Pleno dia,Decrescente,Céu Claro,Simples,Reta,Sim,3,0,0,0,2,1,0,3,"-8,6148768","-39,6041314",SPRF-PE,DEL05-PE,UOP03-DEL05-PE
268552.0,2020-02-11,terça-feira,07:40:00,PE,408,"101,3",RECIFE,Defeito Mecânico no Veículo,Colisão com objeto em movimento,Com Vítimas Feridas,Pleno dia,Crescente,Céu Claro,Dupla,Reta,Não,2,0,1,0,1,0,1,2,"-8,04710272","-35,00887967",SPRF-PE,DEL01-PE,UOP01-DEL01-PE
268726.0,2020-02-12,quarta-feira,02:00:00,PE,101,42,IGARASSU,Velocidade Incompatível,Saída de leito carroçável,Sem Vítimas,Plena Noite,Crescente,Nublado,Múltipla,Reta,Sim,1,0,0,0,1,0,0,1,"-7,83887431","-34,91196739",SPRF-PE,DEL01-PE,UOP02-DEL01-PE
268928.0,2020-02-13,quinta-feira,04:50:00,PE,101,55,PAULISTA,Falta de Atenção à Condução,Colisão com objeto estático,Com Vítimas Feridas,Amanhecer,Decrescente,Chuva,Dupla,Curva,Não,1,0,1,0,0,0,1,1,"-7,94806621","-34,9062148",SPRF-PE,DEL01-PE,UOP02-DEL01-PE
268940.0,2020-02-13,quinta-feira,08:30:00,PE,428,"184,9",PETROLINA,Falta de Atenção à Condução,Colisão transversal,Com Vítimas Feridas,Pleno dia,Crescente,Céu Claro,Simples,Reta,Sim,3,0,2,0,1,0,2,2,"-9,3524866","-40,47666907",SPRF-PE,DEL06-PE,UOP01-DEL06-PE
269001.0,2020-02-13,quinta-feira,15:00:00,PE,101,"57,5",RECIFE,Falta de Atenção à Condução,Tombamento,Sem Vítimas,Anoitecer,Crescente,Nublado,Dupla,Reta,Não,1,0,0,0,1,0,0,1,"-7,96346213","-34,91513486",SPRF-PE,DEL01-PE,UOP02-DEL01-PE
269070.0,2020-02-13,quinta-feira,21:20:00,PE,101,194,PALMARES,Restrição de Visibilidade,Tombamento,Com Vítimas Feridas,Plena Noite,Crescente,Céu Claro,Dupla,Curva,Não,2,0,2,0,0,0,2,1,"-8,73032797","-35,60859916",SPRF-PE,DEL01-PE,UOP03-DEL01-PE
269185.0,2020-02-14,sexta-feira,14:00:00,PE,101,"64,7",RECIFE,Defeito Mecânico no Veículo,Colisão com objeto em movimento,Sem Vítimas,Pleno dia,Decrescente,Céu Claro,Dupla,Viaduto,Sim,2,0,0,0,2,0,0,2,"-8,037553","-34,941477",SPRF-PE,DEL01-PE,UOP01-DEL01-PE
269344.0,2020-02-15,sábado,06:00:00,PE,232,"39,7",VITORIA DE SANTO ANTAO,Condutor Dormindo,Colisão com objeto estático,Sem Vítimas,Pleno dia,Decrescente,Sol,Dupla,Curva,Não,1,0,0,0,1,0,0,1,"-8,11794861","-35,23326159",SPRF-PE,DEL02-PE,UOP02-DEL02PE
269354.0,2020-02-15,sábado,04:40:00,PE,316,103,OURICURI,Deficiência ou não Acionamento do Sistema de Iluminação/Sinalização do Veículo,Colisão traseira,Com Vítimas Feridas,Amanhecer,Decrescente,Ignorado,Simples,Reta,Não,2,0,1,0,0,1,1,2,"-7,948398","-39,922055",SPRF-PE,DEL05-PE,UOP02-DEL05-PE
269356.0,2020-02-15,sábado,05:10:00,PE,316,103,OURICURI,Restrição de Visibilidade,Colisão com objeto estático,Sem Vítimas,Amanhecer,Decrescente,Ignorado,Simples,Reta,Não,1,0,0,0,1,0,0,1,"-7,948398","-39,922055",SPRF-PE,DEL05-PE,UOP02-DEL05-PE
269425.0,2020-02-15,sábado,16:00:00,PE,101,"38,3",IGARASSU,Falta de Atenção à Condução,Colisão lateral,Com Vítimas Feridas,Pleno dia,Decrescente,Céu Claro,Dupla,Reta,Não,2,0,1,0,1,0,1,2,"-7,80600806","-34,92522908",SPRF-PE,DEL01-PE,UOP02-DEL01-PE
269762.0,2020-02-17,segunda-feira,02:10:00,PE,423,"86,1",SAO JOAO,Ingestão de Álcool,Colisão lateral,Com Vítimas Feridas,Plena Noite,Crescente,Céu Claro,Simples,Reta,Não,3,0,0,2,1,0,2,2,"-8,814827","-36,445715",SPRF-PE,DEL03-PE,UOP01-DEL03-PE
269830.0,2020-02-17,segunda-feira,09:00:00,PE,232,"24,7",MORENO,Não guardar distância de segurança,Colisão traseira,Com Vítimas Feridas,Pleno dia,Crescente,Céu Claro,Dupla,Reta,Não,3,0,1,0,2,0,1,2,"-8,10482918","-35,10351264",SPRF-PE,DEL02-PE,UOP02-DEL02PE
269846.0,2020-02-17,segunda-feira,10:45:00,PE,408,100,SAO LOURENCO DA MATA,Ingestão de Álcool,Colisão lateral,Com Vítimas Feridas,Pleno dia,Decrescente,Céu Claro,Simples,Reta,Sim,2,0,1,0,1,0,1,2,"-8,04364056","-35,01674995",SPRF-PE,DEL01-PE,UOP01-DEL01-PE
269941.0,2020-02-17,segunda-feira,19:30:00,PE,101,86,CABO DE SANTO AGOSTINHO,Defeito Mecânico no Veículo,Saída de leito carroçável,Com Vítimas Feridas,Pleno dia,Crescente,Céu Claro,Dupla,Reta,Não,1,0,1,0,0,0,1,1,"-8,18470013","-34,96816895",SPRF-PE,DEL01-PE,UOP03-DEL01-PE
269969.0,2020-02-17,segunda-feira,22:00:00,PE,101,"60,8",RECIFE,Falta de Atenção à Condução,Tombamento,Sem Vítimas,Plena Noite,Crescente,Nublado,Dupla,Curva,Sim,1,0,0,0,0,1,0,1,"-7,98344307","-34,93176727",SPRF-PE,DEL01-PE,UOP02-DEL01-PE
270044.0,2020-02-18,terça-feira,09:10:00,PE,232,"30,1",MORENO,Desobediência às normas de trânsito pelo condutor,Colisão transversal,Com Vítimas Feridas,Pleno dia,Crescente,Nublado,Dupla,Aclive,Não,3,0,0,1,1,1,1,3,"-8,11063325","-35,15197001",SPRF-PE,DEL02-PE,UOP02-DEL02PE
270074.0,2020-02-18,terça-feira,14:30:00,PE,424,"1,5",ARCOVERDE,Defeito Mecânico no Veículo,Danos eventuais,Sem Vítimas,Pleno dia,Decrescente,Céu Claro,Simples,Reta,Sim,1,0,0,0,1,0,0,1,"-8,43892793","-37,05827086",SPRF-PE,DEL03-PE,UOP02-DEL03-PE
270122.0,2020-02-18,terça-feira,19:20:00,PE,407,"122,9",PETROLINA,Ingestão de Álcool,Colisão lateral,Sem Vítimas,Plena Noite,Decrescente,Céu Claro,Simples,Interseção de Vias,Sim,2,0,0,0,2,0,0,2,"-9,35368726","-40,55051642",SPRF-PE,DEL06-PE,UOP01-DEL06-PE
270210.0,2020-02-19,quarta-feira,10:40:00,PE,232,"8,8",RECIFE,Não guardar distância de segurança,Engavetamento,Com Vítimas Feridas,Pleno dia,Crescente,Céu Claro,Dupla,Reta,Sim,3,0,1,0,2,0,1,3,"-8,07583727","-34,97015791",SPRF-PE,DEL01-PE,UOP01-DEL01-PE
270357.0,2020-02-20,quinta-feira,04:00:00,PE,232,"346,8",CUSTODIA,Condutor Dormindo,Colisão traseira,Com Vítimas Feridas,Plena Noite,Decrescente,Vento,Simples,Reta,Não,2,0,0,1,1,0,1,2,"-8,09262164","-37,75448204",SPRF-PE,DEL03-PE,UOP02-DEL03-PE
270358.0,2020-02-20,quinta-feira,03:45:00,PE,232,"56,3",POMBOS,Falta de Atenção à Condução,Colisão lateral,Com Vítimas Fatais,Plena Noite,Crescente,Chuva,Simples,Reta,Não,2,1,0,0,1,0,0,2,"-8,13762681","-35,37336212",SPRF-PE,DEL02-PE,UOP02-DEL02PE
270412.0,2020-02-20,quinta-feira,10:00:00,PE,101,207,XEXEU,Pista Escorregadia,Saída de leito carroçável,Com Vítimas Feridas,Pleno dia,Crescente,Chuva,Dupla,Curva,Não,1,0,0,1,0,0,1,1,"-8,82545377","-35,64542552",SPRF-PE,DEL01-PE,UOP03-DEL01-PE
270458.0,2020-02-20,quinta-feira,13:30:00,PE,101,"4,5",GOIANA,Defeito Mecânico no Veículo,Colisão com objeto estático,Com Vítimas Feridas,Pleno dia,Decrescente,Chuva,Dupla,Reta,Não,1,0,0,1,0,0,1,1,"-7,53264499","-34,99145786",SPRF-PE,DEL01-PE,UOP02-DEL01-PE
270488.0,2020-02-20,quinta-feira,16:00:00,PE,101,"60,5",RECIFE,Falta de Atenção à Condução,Colisão traseira,Com Vítimas Feridas,Pleno dia,Decrescente,Nublado,Dupla,Reta,Sim,3,0,1,0,1,1,1,3,"-7,98344307","-34,93176727",SPRF-PE,DEL01-PE,UOP02-DEL01-PE
270647.0,2020-02-21,sexta-feira,10:30:00,PE,423,"96,4",GARANHUNS,Mal Súbito,Colisão traseira,Com Vítimas Fatais,Pleno dia,Crescente,Céu Claro,Simples,Curva;Aclive                  ,Sim,2,1,0,0,1,0,0,2,"-8,882044","-36,490004",SPRF-PE,DEL03-PE,UOP01-DEL03-PE
270660.0,2020-02-21,sexta-feira,11:30:00,PE,101,84,JABOATAO DOS GUARARAPES,Carga excessiva e/ou mal acondicionada,Queda de ocupante de veículo,Com Vítimas Feridas,Pleno dia,Decrescente,Céu Claro,Dupla,Curva,Sim,2,0,0,1,0,1,1,2,"-8,17778559","-34,95087297",SPRF-PE,DEL01-PE,UOP03-DEL01-PE
270708.0,2020-02-21,sexta-feira,14:50:00,PE,232,113,BEZERROS,Pista Escorregadia,Colisão transversal,Com Vítimas Feridas,Pleno dia,Decrescente,Sol,Dupla,Reta,Sim,8,0,4,0,4,0,4,2,"-8,29906533","-35,8402169",SPRF-PE,DEL02-PE,UOP03-DEL02-PE
270735.0,2020-02-21,sexta-feira,16:00:00,PE,101,50,ABREU E LIMA,Falta de Atenção à Condução,Colisão transversal,Sem Vítimas,Pleno dia,Decrescente,Sol,Dupla,Reta,Sim,1,0,0,0,1,0,0,1,"-7,90938602","-34,90123228",SPRF-PE,DEL01-PE,UOP02-DEL01-PE
271225.0,2020-02-23,domingo,10:45:00,PE,407,"86,4",PETROLINA,Defeito Mecânico no Veículo,Colisão lateral,Sem Vítimas,Pleno dia,Decrescente,Céu Claro,Simples,Reta,Não,2,0,0,0,2,0,0,2,"-9,058913","-40,672374",SPRF-PE,DEL06-PE,UOP02-DEL06-PE
271314.0,2020-02-23,domingo,21:35:00,PE,101,"178,5",JOAQUIM NABUCO,Ingestão de Álcool,Colisão traseira,Com Vítimas Fatais,Plena Noite,Decrescente,Céu Claro,Dupla,Reta,Não,2,1,0,0,0,1,0,2,"-8,62108477","-35,55116105",SPRF-PE,DEL01-PE,UOP03-DEL01-PE
272064.0,2020-02-27,quinta-feira,17:45:00,PE,232,"9,7",JABOATAO DOS GUARARAPES,Falta de Atenção do Pedestre,Atropelamento de Pedestre,Com Vítimas Feridas,Anoitecer,Decrescente,Céu Claro,Múltipla,Reta,Sim,4,0,0,1,2,1,1,2,"-8,078847","-34,984673",SPRF-PE,DEL01-PE,UOP01-DEL01-PE
272209.0,2020-02-28,sexta-feira,16:15:00,PE,101,"159,5",GAMELEIRA,Falta de Atenção à Condução,Colisão traseira,Com Vítimas Feridas,Pleno dia,Crescente,Céu Claro,Dupla,Reta,Não,3,0,1,0,1,1,1,3,"-8,55252537","-35,41389482",SPRF-PE,DEL01-PE,UOP03-DEL01-PE
272549.0,2020-03-01,domingo,09:05:00,PE,101,"53,9",PAULISTA,Falta de Atenção do Pedestre,Atropelamento de Pedestre,Com Vítimas Fatais,Pleno dia,Crescente,Nublado,Dupla,Reta,Sim,2,1,0,0,1,0,0,2,"-7,93124094","-34,90068606",SPRF-PE,DEL01-PE,UOP02-DEL01-PE
272770.0,2020-03-02,segunda-feira,07:25:00,PE,423,"68,4",JUPI,Falta de Atenção à Condução,Colisão lateral,Com Vítimas Fatais,Pleno dia,Decrescente,Céu Claro,Simples,Declive,Não,3,1,0,0,1,1,0,3,"-8,67263685","-36,39346504",SPRF-PE,DEL03-PE,UOP01-DEL03-PE
272836.0,2020-03-02,segunda-feira,13:00:00,PE,232,"145,2",SAO CAITANO,Falta de Atenção à Condução,Colisão traseira,Sem Vítimas,Pleno dia,Decrescente,Sol,Dupla,Rotatória,Não,2,0,0,0,2,0,0,2,"-8,32868","-36,120811",SPRF-PE,DEL02-PE,UOP03-DEL02-PE
272866.0,2020-03-02,segunda-feira,15:50:00,PE,101,"59,6",RECIFE,Desobediência às normas de trânsito pelo condutor,Colisão frontal,Com Vítimas Feridas,Pleno dia,Decrescente,Céu Claro,Dupla,Curva,Não,2,0,1,0,1,0,1,2,"-7,981147","-34,931196",SPRF-PE,DEL01-PE,UOP02-DEL01-PE
272932.0,2020-03-02,segunda-feira,21:30:00,PE,232,"25,6",MORENO,Falta de Atenção à Condução,Colisão com objeto estático,Com Vítimas Feridas,Plena Noite,Crescente,Chuva,Dupla,Reta,Não,1,0,1,0,0,0,1,1,"-8,11191765","-35,10836516",SPRF-PE,DEL02-PE,UOP02-DEL02PE
272945.0,2020-03-02,segunda-feira,23:30:00,PE,424,"88,4",GARANHUNS,Deficiência ou não Acionamento do Sistema de Iluminação/Sinalização do Veículo,Colisão traseira,Com Vítimas Fatais,Plena Noite,Crescente,Nublado,Simples,Declive,Não,2,1,0,0,0,1,0,2,"-8,88289772","-36,50848532",SPRF-PE,DEL03-PE,UOP01-DEL03-PE
272971.0,2020-03-03,terça-feira,06:30:00,PE,316,283,ITACURUBA,Pista Escorregadia,Colisão com objeto estático,Sem Vítimas,Pleno dia,Crescente,Garoa/Chuvisco,Simples,Reta,Não,1,0,0,0,1,0,0,1,"-8,66263527","-38,75001525",SPRF-PE,DEL04-PE,UOP03-DEL04-PE
273272.0,2020-03-04,quarta-feira,19:20:00,PE,232,144,SAO CAITANO,Condutor Dormindo,Colisão com objeto estático,Sem Vítimas,Plena Noite,Crescente,Nublado,Dupla,Curva,Não,3,0,0,0,3,0,0,1,"-8,32522249","-36,11250878",SPRF-PE,DEL02-PE,UOP03-DEL02-PE
273377.0,2020-03-05,quinta-feira,09:30:00,PE,232,"77,1",GRAVATA,Falta de Atenção à Condução,Atropelamento de Pedestre,Com Vítimas Feridas,Pleno dia,Decrescente,Sol,Dupla,Reta,Sim,3,0,0,1,0,2,1,2,"-8,19343863","-35,54300692",SPRF-PE,DEL02-PE,UOP02-DEL02PE
273518.0,2020-03-06,sexta-feira,08:05:00,PE,104,67,CARUARU,Não guardar distância de segurança,Colisão traseira,Com Vítimas Feridas,Pleno dia,Decrescente,Céu Claro,Dupla,Declive,Sim,2,0,1,0,1,0,1,2,"-8,29450551","-35,98682469",SPRF-PE,DEL02-PE,UOP01-DEL02-PE
273561.0,2020-03-06,sexta-feira,11:00:00,PE,101,50,ABREU E LIMA,Falta de Atenção à Condução,Colisão transversal,Com Vítimas Feridas,Pleno dia,Decrescente,Céu Claro,Simples,Interseção de Vias,Sim,3,0,1,0,2,0,1,2,"-7,90938602","-34,90123228",SPRF-PE,DEL01-PE,UOP02-DEL01-PE
273631.0,2020-03-06,sexta-feira,16:50:00,PE,116,79,BELEM DE SAO FRANCISCO,Desobediência às normas de trânsito pelo condutor,Colisão traseira,Com Vítimas Feridas,Pleno dia,Crescente,Céu Claro,Simples,Declive,Não,2,0,1,0,1,0,1,2,"-8,516788","-39,2155",SPRF-PE,DEL05-PE,UOP03-DEL05-PE
273715.0,2020-03-06,sexta-feira,22:30:00,PE,101,"163,1",GAMELEIRA,Falta de Atenção do Pedestre,Atropelamento de Pedestre,Com Vítimas Fatais,Plena Noite,Crescente,Céu Claro,Dupla,Curva,Não,2,1,0,0,0,1,0,2,"-8,55039544","-35,44619699",SPRF-PE,DEL01-PE,UOP03-DEL01-PE
273722.0,2020-03-07,sábado,02:00:00,PE,232,179,BELO JARDIM,Desobediência às normas de trânsito pelo condutor,Colisão frontal,Com Vítimas Feridas,Plena Noite,Decrescente,Nublado,Simples,Reta,Não,2,0,0,1,1,0,1,2,"-8,34353242","-36,4199731",SPRF-PE,DEL02-PE,UOP03-DEL02-PE
273756.0,2020-03-07,sábado,07:40:00,PE,101,77,RECIFE,Falta de Atenção à Condução,Colisão traseira,Com Vítimas Feridas,Pleno dia,Crescente,Nublado,Dupla,Reta,Sim,4,0,1,2,1,0,3,2,"-8,126982","-34,94386",SPRF-PE,DEL01-PE,UOP01-DEL01-PE
273795.0,2020-03-07,sábado,10:50:00,PE,101,"3,6",GOIANA,Velocidade Incompatível,Colisão com objeto estático,Sem Vítimas,Pleno dia,Crescente,Chuva,Dupla,Curva;Declive                 ,Não,1,0,0,0,1,0,0,1,"-7,52387351","-34,99333161",SPRF-PE,DEL01-PE,UOP02-DEL01-PE
273818.0,2020-03-07,sábado,11:35:00,PE,101,"2,8",GOIANA,Falta de Atenção à Condução,Colisão traseira,Com Vítimas Feridas,Pleno dia,Crescente,Chuva,Dupla,Declive,Não,3,0,0,2,1,0,2,2,"-7,52387351","-34,99333161",SPRF-PE,DEL01-PE,UOP02-DEL01-PE
274053.0,2020-03-08,domingo,14:10:00,PE,428,188,PETROLINA,Falta de Atenção à Condução,Colisão lateral,Com Vítimas Feridas,Pleno dia,Crescente,Céu Claro,Dupla,Reta,Sim,2,0,0,1,1,0,1,2,"-9,36400596","-40,48266808",SPRF-PE,DEL06-PE,UOP01-DEL06-PE
274375.0,2020-03-09,segunda-feira,19:15:00,PE,316,82,OURICURI,Falta de Atenção do Pedestre,Atropelamento de Pedestre,Com Vítimas Feridas,Plena Noite,Crescente,Céu Claro,Simples,Reta,Não,2,0,0,1,0,1,1,2,"-7,8712915","-40,09366321",SPRF-PE,DEL05-PE,UOP02-DEL05-PE
274412.0,2020-03-10,terça-feira,05:40:00,PE,423,"76,1",JUCATI,Fenômenos da Natureza,Tombamento,Com Vítimas Feridas,Pleno dia,Crescente,Nevoeiro/Neblina,Simples,Curva,Não,1,0,1,0,0,0,1,1,"-8,72421234","-36,42879161",SPRF-PE,DEL03-PE,UOP01-DEL03-PE
274531.0,2020-03-09,segunda-feira,23:00:00,PE,428,"103,6",SANTA MARIA DA BOA VISTA,Defeito Mecânico no Veículo,Incêndio,Sem Vítimas,Plena Noite,Decrescente,Céu Claro,Simples,Reta,Não,1,0,0,0,0,1,0,1,"-8,85088185","-39,98045209",SPRF-PE,DEL06-PE,UOP03-DEL06-PE
274553.0,2020-03-10,terça-feira,14:00:00,PE,116,"23,1",SALGUEIRO,Desobediência às normas de trânsito pelo condutor,Colisão frontal,Com Vítimas Fatais,Pleno dia,Crescente,Céu Claro,Simples,Reta,Sim,4,2,1,0,1,0,1,2,"-8,043696","-39,138779",SPRF-PE,DEL05-PE,UOP01-DEL05-PE
274566.0,2020-03-10,terça-feira,17:35:00,PE,101,"69,1",RECIFE,Defeito Mecânico no Veículo,Danos eventuais,Sem Vítimas,Anoitecer,Crescente,Céu Claro,Múltipla,Reta,Sim,1,0,0,0,1,0,0,1,"-8,060326","-34,945863",SPRF-PE,DEL01-PE,UOP01-DEL01-PE
274674.0,2020-03-11,quarta-feira,09:00:00,PE,101,"45,7",IGARASSU,Defeito Mecânico no Veículo,Colisão lateral,Sem Vítimas,Pleno dia,Decrescente,Chuva,Múltipla,Reta,Sim,3,0,0,0,3,0,0,3,"-7,86521297","-34,90715176",SPRF-PE,DEL01-PE,UOP02-DEL01-PE
274718.0,2020-03-11,quarta-feira,13:50:00,PE,101,80,JABOATAO DOS GUARARAPES,Falta de Atenção à Condução,Colisão lateral,Sem Vítimas,Pleno dia,Decrescente,Céu Claro,Dupla,Retorno Regulamentado,Sim,2,0,0,0,2,0,0,2,"-8,15112589","-34,9428866",SPRF-PE,DEL01-PE,UOP03-DEL01-PE
274815.0,2020-03-12,quinta-feira,02:40:00,PE,232,66,GRAVATA,Falta de Atenção à Condução,Colisão lateral,Com Vítimas Feridas,Plena Noite,Decrescente,Nublado,Dupla,Curva,Não,2,0,1,0,1,0,1,2,"-8,173267","-35,458829",SPRF-PE,DEL02-PE,UOP02-DEL02PE
274868.0,2020-03-12,quinta-feira,11:20:00,PE,101,40,ITAPISSUMA,Falta de Atenção à Condução,Colisão lateral,Sem Vítimas,Pleno dia,Decrescente,Nublado,Dupla,Reta,Sim,2,0,0,0,1,1,0,2,"-7,821475","-34,916545",SPRF-PE,DEL01-PE,UOP02-DEL01-PE
274887.0,2020-03-12,quinta-feira,13:30:00,PE,101,35,IGARASSU,Falta de Atenção à Condução,Saída de leito carroçável,Sem Vítimas,Pleno dia,Decrescente,Nublado,Dupla,Reta,Não,1,0,0,0,1,0,0,1,"-7,77952193","-34,93231384",SPRF-PE,DEL01-PE,UOP02-DEL01-PE
275004.0,2020-03-13,sexta-feira,05:10:00,PE,428,"25,9",CABROBO,Não guardar distância de segurança,Colisão traseira,Com Vítimas Feridas,Amanhecer,Crescente,Céu Claro,Simples,Reta,Não,6,0,4,0,2,0,4,2,"-8,49019314","-39,44031889",SPRF-PE,DEL05-PE,UOP03-DEL05-PE
275350.0,2020-03-14,sábado,12:50:00,PE,104,"67,3",CARUARU,Não guardar distância de segurança,Colisão traseira,Com Vítimas Feridas,Pleno dia,Decrescente,Céu Claro,Dupla,Reta,Sim,3,0,1,0,2,0,1,2,"-8,3016","-35,9882",SPRF-PE,DEL02-PE,UOP01-DEL02-PE
275387.0,2020-03-14,sábado,17:40:00,PE,232,"130,3",CARUARU,Ingestão de Álcool,Atropelamento de Pedestre,Com Vítimas Feridas,Anoitecer,Crescente,Céu Claro,Dupla,Curva,Sim,2,0,1,0,0,1,1,2,"-8,29983303","-35,989662",SPRF-PE,DEL02-PE,UOP03-DEL02-PE
275519.0,2020-03-15,domingo,13:40:00,PE,101,73,RECIFE,Velocidade Incompatível,Saída de leito carroçável,Com Vítimas Feridas,Pleno dia,Decrescente,Céu Claro,Dupla,Curva,Sim,2,0,2,0,0,0,2,2,"-8,10267","-34,948325",SPRF-PE,DEL01-PE,UOP01-DEL01-PE
275712.0,2020-03-16,segunda-feira,07:40:00,PE,101,"78,1",JABOATAO DOS GUARARAPES,Falta de Atenção à Condução,Colisão lateral,Com Vítimas Feridas,Pleno dia,Decrescente,Chuva,Dupla,Curva,Sim,2,0,1,0,1,0,1,2,"-8,13496499","-34,94738614",SPRF-PE,DEL01-PE,UOP01-DEL01-PE
275725.0,2020-03-16,segunda-feira,08:30:00,PE,101,43,IGARASSU,Falta de Atenção à Condução,Colisão traseira,Com Vítimas Feridas,Pleno dia,Decrescente,Nublado,Dupla,Reta,Sim,2,0,1,0,1,0,1,2,"-7,84753808","-34,90977038",SPRF-PE,DEL01-PE,UOP02-DEL01-PE
275746.0,2020-03-16,segunda-feira,10:48:00,PE,101,95,CABO DE SANTO AGOSTINHO,Falta de Atenção à Condução,Colisão traseira,Com Vítimas Feridas,Pleno dia,Crescente,Nublado,Dupla,Reta,Não,3,0,1,0,2,0,1,3,"-8,25099","-35,01426",SPRF-PE,DEL01-PE,UOP03-DEL01-PE
275952.0,2020-03-17,terça-feira,12:45:00,PE,101,42,IGARASSU,Falta de Atenção à Condução,Colisão transversal,Com Vítimas Feridas,Pleno dia,Crescente,Sol,Múltipla,Reta,Sim,4,0,1,1,1,1,2,3,"-7,83887431","-34,91196739",SPRF-PE,DEL01-PE,UOP02-DEL01-PE