id,data_inversa,dia_semana,horario,uf,br,km,municipio,causa_acidente,tipo_acidente,classificacao_acidente,fase_dia,sentido_via,condicao_metereologica,tipo_pista,tracado_via,uso_solo,pessoas,mortos,feridos_leves,feridos_graves,ilesos,ignorados,feridos,veiculos,latitude,longitude,regional,delegacia,uop
275987.0,2020-03-17,terça-feira,15:30:00,PE,101,"74,3",RECIFE,Falta de Atenção do Pedestre,Atropelamento de Pedestre,Com Vítimas Fatais,Pleno dia,Decrescente,Céu Claro,Dupla,Reta,Sim,2,1,0,0,0,1,0,2,"-8,10146485","-34,94901577",SPRF-PE,DEL01-PE,UOP01-DEL01-PE
276144.0,2020-03-18,quarta-feira,13:20:00,PE,232,"217,5",PESQUEIRA,Pista Escorregadia,Colisão lateral,Com Vítimas Feridas,Pleno dia,Decrescente,Nublado,Simples,Reta,Não,2,0,2,0,0,0,2,2,"-8,39181714","-36,75611195",SPRF-PE,DEL03-PE,UOP02-DEL03-PE
276185.0,2020-03-18,quarta-feira,16:30:00,PE,232,"127,1",CARUARU,Pista Escorregadia,Saída de leito carroçável,Com Vítimas Feridas,Pleno dia,Decrescente,Chuva,Dupla,Curva,Sim,2,0,1,0,1,0,1,1,"-8,30610303","-35,96342301",SPRF-PE,DEL02-PE,UOP03-DEL02-PE
276201.0,2020-03-18,quarta-feira,17:05:00,PE,101,"45,9",IGARASSU,Falta de Atenção à Condução,Colisão transversal,Com Vítimas Feridas,Pleno dia,Crescente,Nublado,Múltipla,Reta,Sim,2,0,1,0,1,0,1,2,"-7,871187","-34,906634",SPRF-PE,DEL01-PE,UOP02-DEL01-PE
276253.0,2020-03-18,quarta-feira,23:40:00,PE,423,"62,9",LAJEDO,Ingestão de Álcool,Colisão frontal,Com Vítimas Feridas,Plena Noite,Crescente,Chuva,Simples,Reta;Aclive                   ,Não,2,0,1,0,1,0,1,2,"-8,66011023","-36,33781395",SPRF-PE,DEL03-PE,UOP01-DEL03-PE
276381.0,2020-03-19,quinta-feira,14:25:00,PE,101,"82,6",JABOATAO DOS GUARARAPES,Desobediência às normas de trânsito pelo condutor,Colisão lateral,Sem Vítimas,Pleno dia,Crescente,Céu Claro,Dupla,Interseção de Vias,Sim,2,0,0,0,2,0,0,2,"-8,168383","-34,9376",SPRF-PE,DEL01-PE,UOP03-DEL01-PE
276434.0,2020-03-19,quinta-feira,18:45:00,PE,101,"185,5",PALMARES,Ingestão de Álcool,Colisão traseira,Sem Vítimas,Plena Noite,Decrescente,Céu Claro,Dupla,Retorno Regulamentado,Sim,2,0,0,0,2,0,0,2,"-8,67427585","-35,57646077",SPRF-PE,DEL01-PE,UOP03-DEL01-PE
276597.0,2020-03-20,sexta-feira,18:10:00,PE,232,"414,5",SERRA TALHADA,Ultrapassagem Indevida,Colisão frontal,Com Vítimas Feridas,Plena Noite,Crescente,Céu Claro,Simples,Reta,Não,2,0,1,0,1,0,1,2,"-7,99236282","-38,33750809",SPRF-PE,DEL04-PE,UOP01-DEL04-PE
276827.0,2020-03-22,domingo,12:45:00,PE,101,71,RECIFE,Defeito Mecânico no Veículo,Saída de leito carroçável,Com Vítimas Feridas,Pleno dia,Decrescente,Céu Claro,Múltipla,Reta,Sim,1,0,1,0,0,0,1,1,"-8,076887","-34,942911",SPRF-PE,DEL01-PE,UOP01-DEL01-PE
276906.0,2020-03-22,domingo,19:10:00,PE,316,"349,5",PETROLANDIA,Deficiência ou não Acionamento do Sistema de Iluminação/Sinalização do Veículo,Colisão traseira,Com Vítimas Fatais,Plena Noite,Crescente,Céu Claro,Simples,Reta,Não,3,1,0,0,0,2,0,2,"-8,86163701","-38,30015011",SPRF-PE,DEL04-PE,UOP03-DEL04-PE
277099.0,2020-03-24,terça-feira,18:30:00,PE,104,"73,7",CARUARU,Não guardar distância de segurança,Colisão traseira,Com Vítimas Fatais,Plena Noite,Crescente,Nublado,Simples,Reta,Não,3,1,0,1,0,1,1,3,"-8,341347","-35,982346",SPRF-PE,DEL02-PE,UOP01-DEL02-PE
277134.0,2020-03-25,quarta-feira,06:20:00,PE,101,148,RIBEIRAO,Carga excessiva e/ou mal acondicionada,Capotamento,Sem Vítimas,Pleno dia,Decrescente,Céu Claro,Múltipla,Reta,Não,1,0,0,0,1,0,0,1,"-8,48336698","-35,37204035",SPRF-PE,DEL01-PE,UOP03-DEL01-PE
277143.0,2020-03-25,quarta-feira,07:45:00,PE,101,"45,1",IGARASSU,Falta de Atenção à Condução,Colisão transversal,Sem Vítimas,Pleno dia,Crescente,Nublado,Múltipla,Reta,Sim,5,0,0,0,3,2,0,3,"-7,86521297","-34,90715176",SPRF-PE,DEL01-PE,UOP02-DEL01-PE
277297.0,2020-03-27,sexta-feira,00:30:00,PE,104,101,CUPIRA,Condutor Dormindo,Tombamento,Com Vítimas Feridas,Plena Noite,Decrescente,Céu Claro,Simples,Reta,Não,1,0,1,0,0,0,1,1,"-8,572188","-35,950451",SPRF-PE,DEL02-PE,UOP01-DEL02-PE
277352.0,2020-03-27,sexta-feira,15:20:00,PE,101,8,GOIANA,Falta de Atenção do Pedestre,Atropelamento de Pedestre,Com Vítimas Feridas,Pleno dia,Crescente,Céu Claro,Dupla,Reta,Sim,2,0,1,0,1,0,1,2,"-7,56898134","-34,98959891",SPRF-PE,DEL01-PE,UOP02-DEL01-PE
277639.0,2020-03-29,domingo,19:30:00,PE,232,"211,7",PESQUEIRA,Falta de Atenção à Condução,Colisão transversal,Com Vítimas Fatais,Plena Noite,Decrescente,Chuva,Simples,Reta,Sim,2,1,0,0,1,0,0,2,"-8,37211004","-36,7112124",SPRF-PE,DEL02-PE,UOP03-DEL02-PE
277855.0,2020-03-31,terça-feira,16:50:00,PE,104,"61,7",CARUARU,Falta de Atenção à Condução,Capotamento,Com Vítimas Feridas,Anoitecer,Crescente,Céu Claro,Dupla,Reta,Sim,2,0,1,0,1,0,1,2,"-8,24750779","-35,97541809",SPRF-PE,DEL02-PE,UOP01-DEL02-PE
277917.0,2020-04-01,quarta-feira,07:00:00,PE,101,74,RECIFE,Sinalização da via insuficiente ou inadequada,Saída de leito carroçável,Com Vítimas Feridas,Pleno dia,Decrescente,Céu Claro,Dupla,Declive;Reta                  ,Não,2,0,2,0,0,0,2,1,"-8,101737","-34,948865",SPRF-PE,DEL01-PE,UOP01-DEL01-PE
277948.0,2020-04-01,quarta-feira,10:00:00,PE,101,"153,1",RIBEIRAO,Condutor Dormindo,Saída de leito carroçável,Sem Vítimas,Pleno dia,Crescente,Nublado,Dupla,Reta,Não,1,0,0,0,1,0,0,1,"-8,51960799","-35,38997595",SPRF-PE,DEL01-PE,UOP03-DEL01-PE
277966.0,2020-04-01,quarta-feira,14:30:00,PE,101,"109,2",CABO DE SANTO AGOSTINHO,Pista Escorregadia,Colisão com objeto estático,Com Vítimas Feridas,Pleno dia,Crescente,Chuva,Dupla,Curva,Não,2,0,2,0,0,0,2,1,"-8,31012798","-35,09967817",SPRF-PE,DEL01-PE,UOP03-DEL01-PE
277994.0,2020-04-01,quarta-feira,18:00:00,PE,232,"86,9",GRAVATA,Pista Escorregadia,Saída de leito carroçável,Com Vítimas Feridas,Anoitecer,Crescente,Chuva,Dupla,Reta,Não,3,0,3,0,0,0,3,1,"-8,213733","-35,627789",SPRF-PE,DEL02-PE,UOP02-DEL02PE
278015.0,2020-04-01,quarta-feira,19:00:00,PE,101,"4,3",GOIANA,Falta de Atenção à Condução,Colisão lateral,Sem Vítimas,Plena Noite,Crescente,Nublado,Dupla,Reta,Não,3,0,0,0,3,0,0,3,"-7,53264499","-34,99145786",SPRF-PE,DEL01-PE,UOP02-DEL01-PE
278061.0,2020-04-02,quinta-feira,11:40:00,PE,101,"4,8",GOIANA,Falta de Atenção à Condução,Colisão com objeto estático,Com Vítimas Feridas,Pleno dia,Decrescente,Chuva,Dupla,Reta,Não,3,0,1,0,2,0,1,1,"-7,53264499","-34,99145786",SPRF-PE,DEL01-PE,UOP02-DEL01-PE
278070.0,2020-04-02,quinta-feira,12:45:00,PE,428,"185,5",PETROLINA,Ingestão de Álcool,Colisão transversal,Com Vítimas Feridas,Pleno dia,Crescente,Céu Claro,Simples,Reta,Sim,2,0,1,0,1,0,1,2,"-9,34009199","-40,47032001",SPRF-PE,DEL06-PE,UOP01-DEL06-PE
278088.0,2020-04-02,quinta-feira,15:40:00,PE,101,23,GOIANA,Falta de Atenção à Condução,Colisão traseira,Com Vítimas Feridas,Pleno dia,Decrescente,Céu Claro,Dupla,Reta;Aclive                   ,Não,2,0,1,0,1,0,1,2,"-7,68357776","-34,92410458",SPRF-PE,DEL01-PE,UOP02-DEL01-PE
278203.0,2020-04-03,sexta-feira,13:40:00,PE,407,"127,1",PETROLINA,Desobediência às normas de trânsito pelo condutor,Colisão transversal,Sem Vítimas,Pleno dia,Crescente,Sol,Simples,Interseção de Vias,Sim,2,0,0,0,2,0,0,2,"-9,39144171","-40,51895142",SPRF-PE,DEL06-PE,UOP01-DEL06-PE
278274.0,2020-04-03,sexta-feira,14:50:00,PE,232,"62,7",POMBOS,Falta de Atenção à Condução,Colisão traseira,Com Vítimas Feridas,Pleno dia,Decrescente,Céu Claro,Dupla,Reta,Não,5,0,3,0,2,0,3,3,"-8,15598579","-35,42308007",SPRF-PE,DEL02-PE,UOP02-DEL02PE
278411.0,2020-04-04,sábado,20:55:00,PE,104,20,TAQUARITINGA DO NORTE,Carga excessiva e/ou mal acondicionada,Tombamento,Com Vítimas Feridas,Plena Noite,Decrescente,Céu Claro,Simples,Curva,Não,2,0,1,0,0,1,1,2,"-7,956497","-36,128529",SPRF-PE,DEL02-PE,UOP01-DEL02-PE
278421.0,2020-04-04,sábado,09:20:00,PE,101,"82,5",JABOATAO DOS GUARARAPES,Falta de Atenção à Condução,Colisão lateral,Sem Vítimas,Pleno dia,Crescente,Nublado,Múltipla,Reta,Sim,2,0,0,0,1,1,0,2,"-8,17158272","-34,93942022",SPRF-PE,DEL01-PE,UOP03-DEL01-PE
278537.0,2020-04-05,domingo,19:00:00,PE,232,180,BELO JARDIM,Falta de Atenção à Condução,Colisão transversal,Com Vítimas Feridas,Plena Noite,Crescente,Céu Claro,Simples,Reta,Sim,2,0,0,1,1,0,1,2,"-8,34449745","-36,4288801",SPRF-PE,DEL02-PE,UOP03-DEL02-PE
278556.0,2020-04-05,domingo,20:40:00,PE,428,"168,9",PETROLINA,Ingestão de Álcool,Colisão frontal,Com Vítimas Fatais,Plena Noite,Decrescente,Céu Claro,Simples,Reta,Não,2,1,1,0,0,0,1,2,"-9,20669407","-40,39689092",SPRF-PE,DEL06-PE,UOP01-DEL06-PE
278629.0,2020-04-06,segunda-feira,11:00:00,PE,101,"11,8",GOIANA,Defeito Mecânico no Veículo,Incêndio,Sem Vítimas,Pleno dia,Decrescente,Sol,Dupla,Reta,Não,1,0,0,0,1,0,0,1,"-7,59514001","-34,98460002",SPRF-PE,DEL01-PE,UOP02-DEL01-PE
278636.0,2020-04-06,segunda-feira,12:50:00,PE,423,"37,2",CACHOEIRINHA,Condutor Dormindo,Colisão frontal,Com Vítimas Feridas,Pleno dia,Decrescente,Céu Claro,Simples,Reta,Não,3,0,2,1,0,0,3,2,"-8,47542022","-36,22203249",SPRF-PE,DEL02-PE,UOP03-DEL02-PE
278709.0,2020-04-06,segunda-feira,20:20:00,PE,428,"184,3",PETROLINA,Desobediência às normas de trânsito pelo condutor,Colisão frontal,Com Vítimas Feridas,Plena Noite,Crescente,Céu Claro,Simples,Reta,Sim,3,0,0,1,2,0,1,2,"-9,33211208","-40,46621385",SPRF-PE,DEL06-PE,UOP01-DEL06-PE
278746.0,2020-04-07,terça-feira,07:00:00,PE,101,"45,2",IGARASSU,Falta de Atenção à Condução,Colisão traseira,Com Vítimas Feridas,Pleno dia,Decrescente,Nublado,Múltipla,Reta;Declive                  ,Sim,3,0,2,0,1,0,2,3,"-7,85637001","-34,90842109",SPRF-PE,DEL01-PE,UOP02-DEL01-PE
278923.0,2020-04-08,quarta-feira,14:00:00,PE,232,45,VITORIA DE SANTO ANTAO,Velocidade Incompatível,Tombamento,Com Vítimas Feridas,Pleno dia,Crescente,Céu Claro,Simples,Curva,Não,1,0,1,0,0,0,1,1,"-8,128181","-35,281677",SPRF-PE,DEL02-PE,UOP02-DEL02PE
279110.0,2020-04-09,quinta-feira,18:30:00,PE,232,"224,7",PESQUEIRA,Deficiência ou não Acionamento do Sistema de Iluminação/Sinalização do Veículo,Colisão traseira,Com Vítimas Feridas,Plena Noite,Decrescente,Nublado,Simples,Reta,Não,2,0,1,0,1,0,1,2,"-8,40514489","-36,81936399",SPRF-PE,DEL03-PE,UOP02-DEL03-PE
279194.0,2020-04-10,sexta-feira,08:30:00,PE,232,"8,4",RECIFE,Não guardar distância de segurança,Colisão traseira,Com Vítimas Feridas,Pleno dia,Crescente,Céu Claro,Dupla,Reta,Sim,3,0,2,0,1,0,2,2,"-8,07583727","-34,97015791",SPRF-PE,DEL01-PE,UOP01-DEL01-PE
279285.0,2020-04-11,sábado,00:30:00,PE,101,68,RECIFE,Falta de Atenção à Condução,Colisão traseira,Com Vítimas Feridas,Plena Noite,Crescente,Ignorado,Dupla,Viaduto,Sim,2,0,1,0,1,0,1,2,"-8,05215694","-34,94622231",SPRF-PE,DEL01-PE,UOP01-DEL01-PE
279294.0,2020-04-11,sábado,04:30:00,PE,101,"36,3",IGARASSU,Condutor Dormindo,Colisão traseira,Com Vítimas Feridas,Amanhecer,Crescente,Nublado,Dupla,Aclive,Não,2,0,2,0,0,0,2,2,"-7,788367","-34,92981702",SPRF-PE,DEL01-PE,UOP02-DEL01-PE
279684.0,2020-04-13,segunda-feira,15:36:00,PE,424,90,GARANHUNS,Desobediência às normas de trânsito pelo condutor,Colisão traseira,Com Vítimas Feridas,Pleno dia,Crescente,Céu Claro,Simples,Curva,Sim,4,0,3,1,0,0,4,2,"-8,89635706","-36,50157593",SPRF-PE,DEL03-PE,UOP01-DEL03-PE
280031.0,2020-04-13,segunda-feira,19:00:00,PE,316,44,ARARIPINA,Agressão Externa,Saída de leito carroçável,Com Vítimas Feridas,Plena Noite,Crescente,Céu Claro,Simples,Reta,Sim,4,0,3,0,1,0,3,4,"-7,68455688","-40,3628659",SPRF-PE,DEL05-PE,UOP02-DEL05-PE
280038.0,2020-04-16,quinta-feira,08:50:00,PE,101,86,CABO DE SANTO AGOSTINHO,Defeito Mecânico no Veículo,Colisão lateral,Sem Vítimas,Pleno dia,Crescente,Chuva,Dupla,Curva,Não,2,0,0,0,2,0,0,2,"-8,18470013","-34,96816895",SPRF-PE,DEL01-PE,UOP03-DEL01-PE
280050.0,2020-04-16,quinta-feira,11:00:00,PE,232,74,GRAVATA,Defeito Mecânico no Veículo,Colisão lateral,Sem Vítimas,Pleno dia,Crescente,Nublado,Dupla,Reta,Não,2,0,0,0,2,0,0,2,"-8,19466678","-35,51728814",SPRF-PE,DEL02-PE,UOP02-DEL02PE
280141.0,2020-04-17,sexta-feira,00:30:00,PE,101,"193,8",PALMARES,Pista Escorregadia,Colisão com objeto estático,Sem Vítimas,Plena Noite,Crescente,Chuva,Dupla,Curva,Não,1,0,0,0,1,0,0,1,"-8,728251","-35,609273",SPRF-PE,DEL01-PE,UOP03-DEL01-PE
280292.0,2020-04-17,sexta-feira,21:50:00,PE,101,"65,4",RECIFE,Falta de Atenção à Condução,Colisão traseira,Com Vítimas Feridas,Plena Noite,Decrescente,Céu Claro,Múltipla,Reta,Sim,2,0,1,0,1,0,1,2,"-8,02478597","-34,94276635",SPRF-PE,DEL01-PE,UOP01-DEL01-PE
280675.0,2020-04-20,segunda-feira,11:20:00,PE,232,209,PESQUEIRA,Falta de Atenção à Condução,Colisão transversal,Com Vítimas Feridas,Pleno dia,Decrescente,Céu Claro,Simples,Reta,Sim,2,0,1,0,1,0,1,2,"-8,36666789","-36,68869898",SPRF-PE,DEL02-PE,UOP03-DEL02-PE
280745.0,2020-04-20,segunda-feira,18:45:00,PE,428,8,CABROBO,Falta de Atenção do Pedestre,Atropelamento de Pedestre,Com Vítimas Fatais,Plena Noite,Crescente,Céu Claro,Simples,Declive,Sim,3,1,0,0,2,0,0,2,"-8,51572613","-39,29086207",SPRF-PE,DEL05-PE,UOP03-DEL05-PE
280976.0,2020-03-09,segunda-feira,22:30:00,PE,101,43,IGARASSU,Falta de Atenção à Condução,Colisão traseira,Com Vítimas Feridas,Plena Noite,Decrescente,Vento,Múltipla,Reta,Sim,3,0,1,0,2,0,1,3,"-7,84753808","-34,90977038",SPRF-PE,DEL01-PE,UOP02-DEL01-PE
281034.0,2020-04-23,quinta-feira,08:20:00,PE,101,"68,1",RECIFE,Não guardar distância de segurança,Engavetamento,Com Vítimas Feridas,Pleno dia,Crescente,Céu Claro,Múltipla,Aclive,Sim,4,0,1,0,2,1,1,4,"-8,051251","-34,946016",SPRF-PE,DEL01-PE,UOP01-DEL01-PE
281169.0,2020-04-24,sexta-feira,07:40:00,PE,101,"57,1",RECIFE,Falta de Atenção à Condução,Colisão lateral,Com Vítimas Feridas,Pleno dia,Crescente,Chuva,Dupla,Reta,Sim,3,0,1,0,1,1,1,3,"-7,96346213","-34,91513486",SPRF-PE,DEL01-PE,UOP02-DEL01-PE
281201.0,2020-04-24,sexta-feira,12:00:00,PE,101,109,CABO DE SANTO AGOSTINHO,Condutor Dormindo,Colisão com objeto estático,Com Vítimas Feridas,Pleno dia,Crescente,Chuva,Dupla,Curva,Não,2,0,0,2,0,0,2,1,"-8,31012798","-35,09967817",SPRF-PE,DEL01-PE,UOP03-DEL01-PE
281379.0,2020-04-25,sábado,13:16:00,PE,407,"125,5",PETROLINA,Defeito Mecânico no Veículo,Colisão traseira,Com Vítimas Fatais,Pleno dia,Decrescente,Céu Claro,Múltipla,Reta,Não,6,1,0,0,2,3,0,6,"-9,37739336","-40,53595733",SPRF-PE,DEL06-PE,UOP01-DEL06-PE
281531.0,2020-04-25,sábado,16:00:00,PE,101,97,CABO DE SANTO AGOSTINHO,Falta de Atenção à Condução,Saída de leito carroçável,Sem Vítimas,Pleno dia,Decrescente,Chuva,Dupla,Reta,Não,1,0,0,0,0,1,0,1,"-8,25331064","-35,0296397",SPRF-PE,DEL01-PE,UOP03-DEL01-PE
281700.0,2020-04-27,segunda-feira,10:30:00,PE,101,79,RECIFE,Não guardar distância de segurança,Colisão traseira,Sem Vítimas,Pleno dia,Decrescente,Chuva,Dupla,Reta,Sim,8,0,0,0,3,5,0,2,"-8,147681","-34,944523",SPRF-PE,DEL01-PE,UOP01-DEL01-PE
281835.0,2020-04-28,terça-feira,07:35:00,PE,101,"80,4",JABOATAO DOS GUARARAPES,Desobediência às normas de trânsito pelo condutor,Colisão traseira,Sem Vítimas,Pleno dia,Crescente,Céu Claro,Dupla,Reta;Retorno Regulamentado    ,Sim,3,0,0,0,2,1,0,2,"-8,157003","-34,941373",SPRF-PE,DEL01-PE,UOP03-DEL01-PE
281884.0,2020-04-28,terça-feira,13:40:00,PE,316,20,ARARIPINA,Avarias e/ou desgaste excessivo no pneu,Tombamento,Sem Vítimas,Pleno dia,Decrescente,Céu Claro,Simples,Reta,Não,1,0,0,0,1,0,0,1,"-7,56322625","-40,53152561",SPRF-PE,DEL05-PE,UOP02-DEL05-PE
281900.0,2020-04-28,terça-feira,16:20:00,PE,101,80,JABOATAO DOS GUARARAPES,Falta de Atenção à Condução,Colisão lateral,Sem Vítimas,Pleno dia,Crescente,Chuva,Dupla,Interseção de Vias,Sim,2,0,0,0,1,1,0,2,"-8,15112589","-34,9428866",SPRF-PE,DEL01-PE,UOP03-DEL01-PE
281964.0,2020-04-28,terça-feira,22:50:00,PE,232,108,BEZERROS,Condutor Dormindo,Saída de leito carroçável,Com Vítimas Feridas,Plena Noite,Crescente,Garoa/Chuvisco,Dupla,Reta,Não,1,0,1,0,0,0,1,1,"-8,27437583","-35,80416315",SPRF-PE,DEL02-PE,UOP03-DEL02-PE
282227.0,2020-03-29,domingo,21:50:00,PE,232,"16,3",JABOATAO DOS GUARARAPES,Condutor Dormindo,Saída de leito carroçável,Com Vítimas Fatais,Plena Noite,Decrescente,Chuva,Dupla,Reta,Não,5,3,0,2,0,0,2,1,"-8,09414193","-35,03716601",SPRF-PE,DEL01-PE,UOP01-DEL01-PE
282715.0,2020-05-04,segunda-feira,00:15:00,PE,101,43,IGARASSU,Não guardar distância de segurança,Colisão traseira,Com Vítimas Feridas,Plena Noite,Decrescente,Céu Claro,Dupla,Reta,Sim,2,0,0,1,1,0,1,2,"-7,84753808","-34,90977038",SPRF-PE,DEL01-PE,UOP02-DEL01-PE
282879.0,2020-05-05,terça-feira,07:15:00,PE,101,41,IGARASSU,Falta de Atenção à Condução,Colisão traseira,Com Vítimas Feridas,Pleno dia,Crescente,Céu Claro,Dupla,Reta,Sim,3,0,1,0,2,0,1,3,"-7,83038346","-34,91426785",SPRF-PE,DEL01-PE,UOP02-DEL01-PE
282952.0,2020-05-05,terça-feira,17:58:00,PE,423,"82,8",JUCATI,Desobediência às normas de trânsito pelo condutor,Colisão traseira,Sem Vítimas,Plena Noite,Crescente,Nublado,Simples,Reta,Não,7,0,0,0,6,1,0,4,"-8,78236498","-36,43093004",SPRF-PE,DEL03-PE,UOP01-DEL03-PE
283116.0,2020-05-06,quarta-feira,14:30:00,PE,232,16,JABOATAO DOS GUARARAPES,Defeito Mecânico no Veículo,Tombamento,Sem Vítimas,Pleno dia,Decrescente,Sol,Dupla,Reta,Não,1,0,0,0,0,1,0,1,"-8,09414193","-35,03716601",SPRF-PE,DEL01-PE,UOP01-DEL01-PE
283270.0,2020-05-07,quinta-feira,13:45:00,PE,424,"88,9",GARANHUNS,Defeito Mecânico no Veículo,Colisão lateral,Com Vítimas Feridas,Pleno dia,Crescente,Céu Claro,Simples,Reta,Não,3,0,1,0,2,0,1,2,"-8,88289772","-36,50848532",SPRF-PE,DEL03-PE,UOP01-DEL03-PE
284070.0,2020-05-12,terça-feira,10:25:00,PE,101,"77,4",RECIFE,Falta de Atenção à Condução,Colisão traseira,Com Vítimas Feridas,Pleno dia,Decrescente,Nublado,Dupla,Reta,Sim,2,0,1,0,1,0,1,2,"-8,126982","-34,94386",SPRF-PE,DEL01-PE,UOP01-DEL01-PE
284373.0,2020-05-14,quinta-feira,06:43:00,PE,232,412,SERRA TALHADA,Falta de Atenção à Condução,Colisão transversal,Com Vítimas Feridas,Pleno dia,Decrescente,Céu Claro,Simples,Reta,Não,5,0,0,2,3,0,2,2,"-7,98377927","-38,3208774",SPRF-PE,DEL04-PE,UOP01-DEL04-PE
284427.0,2020-05-14,quinta-feira,17:20:00,PE,407,129,PETROLINA,Não guardar distância de segurança,Colisão lateral,Com Vítimas Feridas,Anoitecer,Crescente,Céu Claro,Simples,Viaduto,Sim,2,0,1,0,1,0,1,2,"-9,39958299","-40,50459298",SPRF-PE,DEL06-PE,UOP01-DEL06-PE
284466.0,2020-05-14,quinta-feira,21:00:00,PE,316,249,BELEM DE SAO FRANCISCO,Velocidade Incompatível,Saída de leito carroçável,Com Vítimas Feridas,Plena Noite,Decrescente,Céu Claro,Simples,Curva,Não,1,0,1,0,0,0,1,1,"-8,6737083","-38,97854215",SPRF-PE,DEL05-PE,UOP03-DEL05-PE
284583.0,2020-05-15,sexta-feira,17:30:00,PE,423,"138,1",IATI,Defeito Mecânico no Veículo,Incêndio,Sem Vítimas,Anoitecer,Crescente,Céu Claro,Simples,Reta,Não,1,0,0,0,1,0,0,1,"-8,97162891","-36,81684307",SPRF-PE,DEL03-PE,UOP01-DEL03-PE
284624.0,2020-05-15,sexta-feira,18:00:00,PE,232,149,SAO CAITANO,Desobediência às normas de trânsito pelo condutor,Colisão transversal,Com Vítimas Feridas,Plena Noite,Decrescente,Céu Claro,Simples,Reta,Não,4,0,0,2,2,0,2,2,"-8,32744699","-36,15405",SPRF-PE,DEL02-PE,UOP03-DEL02-PE
284767.0,2020-05-16,sábado,12:45:00,PE,232,"31,5",MORENO,Falta de Atenção à Condução,Colisão traseira,Com Vítimas Feridas,Pleno dia,Crescente,Chuva,Dupla,Reta,Não,3,0,2,0,1,0,2,3,"-8,10678602","-35,15841205",SPRF-PE,DEL02-PE,UOP02-DEL02PE
284768.0,2020-05-16,sábado,15:40:00,PE,408,"53,9",NAZARE DA MATA,Desobediência às normas de trânsito pelo condutor,Colisão traseira,Com Vítimas Feridas,Pleno dia,Decrescente,Sol,Simples,Curva,Não,3,0,1,0,1,1,1,3,"-7,7544279","-35,23291346",SPRF-PE,DEL01-PE,UOP01-DEL01-PE
285099.0,2020-05-18,segunda-feira,12:25:00,PE,101,"43,9",IGARASSU,Falta de Atenção à Condução,Colisão traseira,Com Vítimas Feridas,Pleno dia,Crescente,Céu Claro,Múltipla,Reta,Sim,2,0,1,0,0,1,1,2,"-7,84753808","-34,90977038",SPRF-PE,DEL01-PE,UOP02-DEL01-PE
285220.0,2020-05-19,terça-feira,06:30:00,PE,101,70,RECIFE,Velocidade Incompatível,Tombamento,Com Vítimas Feridas,Pleno dia,Decrescente,Nublado,Simples,Curva,Sim,1,0,1,0,0,0,1,1,"-8,066917","-34,939104",SPRF-PE,DEL01-PE,UOP01-DEL01-PE
285291.0,2020-05-19,terça-feira,16:40:00,PE,101,"103,2",CABO DE SANTO AGOSTINHO,Defeito Mecânico no Veículo,Tombamento,Com Vítimas Feridas,Pleno dia,Crescente,Nublado,Simples,Retorno Regulamentado,Sim,3,0,3,0,0,0,3,1,"-8,29241321","-35,05598304",SPRF-PE,DEL01-PE,UOP03-DEL01-PE
285307.0,2020-05-19,terça-feira,18:50:00,PE,423,107,CAETES,Desobediência às normas de trânsito pelo condutor,Colisão lateral,Com Vítimas Fatais,Plena Noite,Crescente,Nublado,Simples,Reta,Não,2,1,0,0,1,0,0,2,"-8,8839803","-36,58154392",SPRF-PE,DEL03-PE,UOP01-DEL03-PE
285494.0,2020-05-21,quinta-feira,04:40:00,PE,101,"70,1",RECIFE,Falta de Atenção à Condução,Saída de leito carroçável,Sem Vítimas,Pleno dia,Decrescente,Chuva,Dupla,Curva,Sim,1,0,0,0,1,0,0,1,"-8,069702","-34,942301",SPRF-PE,DEL01-PE,UOP01-DEL01-PE
285647.0,2020-05-22,sexta-feira,00:40:00,PE,101,106,CABO DE SANTO AGOSTINHO,Falta de Atenção à Condução,Saída de leito carroçável,Com Vítimas Feridas,Plena Noite,Decrescente,Chuva,Dupla,Reta,Não,1,0,1,0,0,0,1,1,"-8,30807754","-35,07573296",SPRF-PE,DEL01-PE,UOP03-DEL01-PE
285817.0,2020-05-22,sexta-feira,16:55:00,PE,116,78,CABROBO,Ultrapassagem Indevida,Colisão lateral,Com Vítimas Feridas,Pleno dia,Crescente,Céu Claro,Simples,Reta,Não,2,0,1,0,1,0,1,2,"-8,508235","-39,212662",SPRF-PE,DEL05-PE,UOP03-DEL05-PE
285835.0,2020-05-22,sexta-feira,21:00:00,PE,316,"107,7",OURICURI,Deficiência ou não Acionamento do Sistema de Iluminação/Sinalização do Veículo,Colisão traseira,Com Vítimas Feridas,Plena Noite,Decrescente,Céu Claro,Simples,Reta;Aclive                   ,Não,2,0,1,0,0,1,1,2,"-7,96236583","-39,88894493",SPRF-PE,DEL05-PE,UOP02-DEL05-PE
285948.0,2020-05-23,sábado,14:40:00,PE,408,"53,2",NAZARE DA MATA,Velocidade Incompatível,Colisão traseira,Com Vítimas Fatais,Pleno dia,Crescente,Nublado,Simples,Reta,Não,3,1,0,0,2,0,0,2,"-7,7544279","-35,23291346",SPRF-PE,DEL01-PE,UOP01-DEL01-PE
285972.0,2020-05-23,sábado,18:20:00,PE,232,"127,2",CARUARU,Mal Súbito,Colisão traseira,Com Vítimas Fatais,Plena Noite,Crescente,Céu Claro,Dupla,Aclive,Sim,2,1,0,0,1,0,0,2,"-8,30610303","-35,96342301",SPRF-PE,DEL02-PE,UOP03-DEL02-PE
286393.0,2020-05-26,terça-feira,08:45:00,PE,101,"73,5",RECIFE,Desobediência às normas de trânsito pelo condutor,Colisão lateral,Com Vítimas Feridas,Pleno dia,Decrescente,Céu Claro,Dupla,Curva;Retorno Regulamentado   ,Sim,2,0,0,1,1,0,1,2,"-8,093369","-34,947464",SPRF-PE,DEL01-PE,UOP01-DEL01-PE