id,data_inversa,dia_semana,horario,uf,br,km,municipio,causa_acidente,tipo_acidente,classificacao_acidente,fase_dia,sentido_via,condicao_metereologica,tipo_pista,tracado_via,uso_solo,pessoas,mortos,feridos_leves,feridos_graves,ilesos,ignorados,feridos,veiculos,latitude,longitude,regional,delegacia,uop
286413.0,2020-05-26,terça-feira,12:00:00,PE,101,78,RECIFE,Velocidade Incompatível,Colisão traseira,Com Vítimas Fatais,Pleno dia,Crescente,Céu Claro,Dupla,Reta;Declive                  ,Sim,2,1,1,0,0,0,1,2,"-8,13496499","-34,94738614",SPRF-PE,DEL01-PE,UOP01-DEL01-PE
286522.0,2020-05-26,terça-feira,18:15:00,PE,428,192,PETROLINA,Ingestão de Álcool,Atropelamento de Pedestre,Com Vítimas Feridas,Plena Noite,Decrescente,Céu Claro,Simples,Reta,Sim,2,0,1,0,1,0,1,2,"-9,38067769","-40,51113714",SPRF-PE,DEL06-PE,UOP01-DEL06-PE
286542.0,2020-05-26,terça-feira,19:40:00,PE,232,44,VITORIA DE SANTO ANTAO,Falta de Atenção do Pedestre,Atropelamento de Animal,Com Vítimas Fatais,Plena Noite,Crescente,Céu Claro,Dupla,Reta,Não,2,1,0,0,1,0,0,2,"-8,12337542","-35,27098583",SPRF-PE,DEL02-PE,UOP02-DEL02PE
286604.0,2020-05-27,quarta-feira,08:20:00,PE,101,"90,6",CABO DE SANTO AGOSTINHO,Falta de Atenção à Condução,Colisão lateral,Com Vítimas Feridas,Pleno dia,Decrescente,Céu Claro,Dupla,Reta,Não,4,0,1,0,0,3,1,3,"-8,219891","-34,990302",SPRF-PE,DEL01-PE,UOP03-DEL01-PE
286839.0,2020-05-28,quinta-feira,16:40:00,PE,232,137,CARUARU,Falta de Atenção à Condução,Colisão lateral,Com Vítimas Feridas,Pleno dia,Crescente,Céu Claro,Dupla,Reta,Não,2,0,0,1,0,1,1,2,"-8,31589863","-36,05040211",SPRF-PE,DEL02-PE,UOP03-DEL02-PE
287166.0,2020-05-30,sábado,14:20:00,PE,101,83,JABOATAO DOS GUARARAPES,Defeito Mecânico no Veículo,Colisão lateral,Sem Vítimas,Pleno dia,Decrescente,Nublado,Simples,Reta,Sim,6,0,0,0,5,1,0,6,"-8,175172","-34,942642",SPRF-PE,DEL01-PE,UOP03-DEL01-PE
287300.0,2020-05-30,sábado,17:30:00,PE,423,"117,7",PARANATAMA,Não guardar distância de segurança,Colisão traseira,Com Vítimas Fatais,Anoitecer,Crescente,Chuva,Simples,Aclive;Reta                   ,Não,3,2,0,0,1,0,0,2,"-8,90662085","-36,66901104",SPRF-PE,DEL03-PE,UOP01-DEL03-PE
287334.0,2020-05-31,domingo,03:00:00,PE,232,"446,4",SAO JOSE DO BELMONTE,Falta de Atenção à Condução,Atropelamento de Pedestre,Com Vítimas Fatais,Plena Noite,Crescente,Nevoeiro/Neblina,Simples,Reta,Não,2,1,0,0,0,1,0,2,"-8,00458006","-38,60988404",SPRF-PE,DEL04-PE,UOP01-DEL04-PE
287536.0,2020-06-01,segunda-feira,07:10:00,PE,232,"7,8",RECIFE,Falta de Atenção à Condução,Colisão traseira,Com Vítimas Feridas,Pleno dia,Decrescente,Céu Claro,Dupla,Reta,Sim,2,0,1,0,1,0,1,2,"-8,075673","-34,969182",SPRF-PE,DEL01-PE,UOP01-DEL01-PE
287621.0,2020-06-01,segunda-feira,18:30:00,PE,232,30,MORENO,Falta de Atenção do Pedestre,Atropelamento de Pedestre,Com Vítimas Fatais,Plena Noite,Decrescente,Céu Claro,Dupla,Reta,Não,2,1,0,0,1,0,0,2,"-8,11063325","-35,15197001",SPRF-PE,DEL02-PE,UOP02-DEL02PE
287887.0,2020-06-03,quarta-feira,06:30:00,PE,101,209,XEXEU,Condutor Dormindo,Saída de leito carroçável,Com Vítimas Feridas,Pleno dia,Crescente,Céu Claro,Dupla,Reta,Não,1,0,1,0,0,0,1,1,"-8,834135","-35,643936",SPRF-PE,DEL01-PE,UOP03-DEL01-PE
287902.0,2020-06-03,quarta-feira,09:40:00,PE,101,"23,8",GOIANA,Carga excessiva e/ou mal acondicionada,Danos eventuais,Sem Vítimas,Pleno dia,Decrescente,Céu Claro,Dupla,Reta;Aclive                   ,Não,1,0,0,0,1,0,0,1,"-7,68357776","-34,92410458",SPRF-PE,DEL01-PE,UOP02-DEL01-PE
287957.0,2020-06-03,quarta-feira,14:10:00,PE,232,9,RECIFE,Defeito Mecânico no Veículo,Incêndio,Sem Vítimas,Pleno dia,Decrescente,Sol,Dupla,Declive,Sim,1,0,0,0,1,0,0,1,"-8,07764447","-34,97863609",SPRF-PE,DEL01-PE,UOP01-DEL01-PE
288128.0,2020-06-04,quinta-feira,17:45:00,PE,104,86,AGRESTINA,Velocidade Incompatível,Colisão transversal,Com Vítimas Fatais,Anoitecer,Crescente,Nublado,Simples,Reta,Sim,2,1,0,0,1,0,0,2,"-8,446782","-35,951046",SPRF-PE,DEL02-PE,UOP01-DEL02-PE
288232.0,2020-06-05,sexta-feira,06:50:00,PE,232,5,RECIFE,Falta de Atenção à Condução,Colisão lateral,Com Vítimas Feridas,Pleno dia,Decrescente,Céu Claro,Dupla,Curva,Não,3,0,1,0,1,1,1,2,"-8,0692","-34,945271",SPRF-PE,DEL01-PE,UOP01-DEL01-PE
288259.0,2020-06-05,sexta-feira,12:40:00,PE,101,"49,8",ABREU E LIMA,Falta de Atenção à Condução,Colisão lateral,Sem Vítimas,Pleno dia,Decrescente,Céu Claro,Múltipla,Reta,Sim,4,0,0,0,4,0,0,2,"-7,9005152","-34,90180641",SPRF-PE,DEL01-PE,UOP02-DEL01-PE
288263.0,2020-06-04,quinta-feira,22:20:00,PE,316,269,BELEM DE SAO FRANCISCO,Animais na Pista,Atropelamento de Animal,Com Vítimas Feridas,Plena Noite,Crescente,Céu Claro,Simples,Reta,Não,3,0,1,0,2,0,1,2,"-8,70468985","-38,86972505",SPRF-PE,DEL04-PE,UOP03-DEL04-PE
288280.0,2020-06-05,sexta-feira,15:45:00,PE,428,188,PETROLINA,Desobediência às normas de trânsito pelo condutor,Colisão traseira,Com Vítimas Feridas,Pleno dia,Decrescente,Céu Claro,Dupla,Reta,Sim,3,0,0,1,2,0,1,3,"-9,36400596","-40,48266808",SPRF-PE,DEL06-PE,UOP01-DEL06-PE
288322.0,2020-06-05,sexta-feira,18:30:00,PE,101,36,IGARASSU,Falta de Atenção à Condução,Colisão lateral,Com Vítimas Feridas,Plena Noite,Crescente,Chuva,Dupla,Reta,Não,5,0,1,0,3,1,1,3,"-7,788367","-34,92981702",SPRF-PE,DEL01-PE,UOP02-DEL01-PE
288567.0,2020-06-06,sábado,19:40:00,PE,407,"96,8",PETROLINA,Desobediência às normas de trânsito pelo condutor,Colisão traseira,Com Vítimas Feridas,Plena Noite,Crescente,Nublado,Simples,Reta,Não,2,0,1,0,1,0,1,2,"-9,14088793","-40,63665252",SPRF-PE,DEL06-PE,UOP02-DEL06-PE
288690.0,2020-06-07,domingo,14:40:00,PE,101,189,PALMARES,Desobediência às normas de trânsito pelo condutor,Tombamento,Com Vítimas Fatais,Pleno dia,Decrescente,Céu Claro,Dupla,Curva,Sim,3,1,1,0,1,0,1,2,"-8,690476","-35,603988",SPRF-PE,DEL01-PE,UOP03-DEL01-PE
288708.0,2020-06-07,domingo,17:30:00,PE,104,"118,7",PANELAS,Não guardar distância de segurança,Colisão traseira,Com Vítimas Fatais,Pleno dia,Decrescente,Nublado,Simples,Reta,Não,3,1,0,1,0,1,1,2,"-8,687511","-36,017384",SPRF-PE,DEL02-PE,UOP01-DEL02-PE
288812.0,2020-06-08,segunda-feira,02:40:00,PE,232,157,TACAIMBO,Ingestão de Álcool,Colisão traseira,Com Vítimas Feridas,Plena Noite,Crescente,Nublado,Simples,Reta,Não,3,0,2,0,1,0,2,2,"-8,32994251","-36,22627296",SPRF-PE,DEL02-PE,UOP03-DEL02-PE
288824.0,2020-06-08,segunda-feira,07:00:00,PE,101,61,RECIFE,Falta de Atenção à Condução,Colisão traseira,Com Vítimas Feridas,Pleno dia,Crescente,Nublado,Dupla,Reta,Sim,2,0,1,0,1,0,1,2,"-7,99097103","-34,93598295",SPRF-PE,DEL01-PE,UOP02-DEL01-PE
288945.0,2020-06-08,segunda-feira,16:50:00,PE,101,67,RECIFE,Velocidade Incompatível,Saída de leito carroçável,Sem Vítimas,Pleno dia,Crescente,Céu Claro,Dupla,Reta,Sim,1,0,0,0,1,0,0,1,"-8,043755","-34,9438",SPRF-PE,DEL01-PE,UOP01-DEL01-PE
289049.0,2020-05-12,terça-feira,07:50:00,PE,101,128,ESCADA,Sinalização da via insuficiente ou inadequada,Colisão traseira,Sem Vítimas,Pleno dia,Decrescente,Chuva,Dupla,Reta,Sim,2,0,0,0,2,0,0,2,"-8,37986492","-35,24406405",SPRF-PE,DEL01-PE,UOP03-DEL01-PE
289217.0,2020-05-10,domingo,12:45:00,PE,232,114,CARUARU,Falta de Atenção à Condução,Saída de leito carroçável,Com Vítimas Fatais,Pleno dia,Crescente,Céu Claro,Dupla,Reta,Não,1,1,0,0,0,0,0,1,"-8,29906533","-35,8402169",SPRF-PE,DEL02-PE,UOP03-DEL02-PE
289272.0,2020-06-10,quarta-feira,14:25:00,PE,101,"51,5",PAULISTA,Velocidade Incompatível,Derramamento de carga,Sem Vítimas,Pleno dia,Decrescente,Nublado,Dupla,Declive;Curva;Viaduto         ,Sim,1,0,0,0,1,0,0,1,"-7,92100863","-34,89219189",SPRF-PE,DEL01-PE,UOP02-DEL01-PE
289337.0,2020-06-10,quarta-feira,20:30:00,PE,232,"179,1",BELO JARDIM,Desobediência às normas de trânsito pelo condutor,Colisão transversal,Com Vítimas Feridas,Plena Noite,Decrescente,Chuva,Simples,Reta,Sim,3,0,1,1,1,0,2,2,"-8,34353242","-36,4199731",SPRF-PE,DEL02-PE,UOP03-DEL02-PE
289392.0,2020-06-11,quinta-feira,04:15:00,PE,232,"49,5",POMBOS,Desobediência às normas de trânsito pelo condutor,Colisão transversal,Sem Vítimas,Amanhecer,Crescente,Nublado,Dupla,Reta,Não,2,0,0,0,1,1,0,2,"-8,143676","-35,314419",SPRF-PE,DEL02-PE,UOP02-DEL02PE
289398.0,2020-06-11,quinta-feira,04:40:00,PE,428,"122,9",SANTA MARIA DA BOA VISTA,Animais na Pista,Atropelamento de Animal,Com Vítimas Feridas,Amanhecer,Decrescente,Céu Claro,Simples,Reta,Não,2,0,1,0,1,0,1,2,"-8,93294831","-40,12337189",SPRF-PE,DEL06-PE,UOP03-DEL06-PE
289408.0,2020-06-11,quinta-feira,07:55:00,PE,101,37,IGARASSU,Desobediência às normas de trânsito pelo condutor,Saída de leito carroçável,Sem Vítimas,Pleno dia,Decrescente,Céu Claro,Dupla,Curva,Sim,2,0,0,0,1,1,0,2,"-7,79726705","-34,9274932",SPRF-PE,DEL01-PE,UOP02-DEL01-PE
289446.0,2020-06-11,quinta-feira,11:40:00,PE,232,39,VITORIA DE SANTO ANTAO,Falta de Atenção à Condução,Tombamento,Sem Vítimas,Pleno dia,Decrescente,Céu Claro,Dupla,Reta,Sim,1,0,0,0,1,0,0,1,"-8,11725249","-35,2270359",SPRF-PE,DEL02-PE,UOP02-DEL02PE
289551.0,2020-06-11,quinta-feira,22:50:00,PE,232,"227,1",PESQUEIRA,Ingestão de Álcool,Colisão frontal,Com Vítimas Feridas,Plena Noite,Decrescente,Céu Claro,Simples,Reta,Não,2,0,1,0,0,1,1,2,"-8,40012724","-36,84674304",SPRF-PE,DEL03-PE,UOP02-DEL03-PE
289853.0,2020-06-13,sábado,19:40:00,PE,101,194,PALMARES,Velocidade Incompatível,Saída de leito carroçável,Com Vítimas Feridas,Plena Noite,Crescente,Céu Claro,Dupla,Curva,Não,2,0,0,1,1,0,1,2,"-8,728161","-35,609124",SPRF-PE,DEL01-PE,UOP03-DEL01-PE
290232.0,2020-06-16,terça-feira,02:40:00,PE,423,"66,5",JUPI,Restrição de Visibilidade,Colisão traseira,Com Vítimas Feridas,Plena Noite,Decrescente,Chuva,Simples,Reta,Não,2,0,1,0,0,1,1,2,"-8,66844631","-36,37491793",SPRF-PE,DEL03-PE,UOP01-DEL03-PE
290315.0,2020-06-16,terça-feira,15:15:00,PE,232,172,BELO JARDIM,Ultrapassagem Indevida,Colisão lateral,Sem Vítimas,Pleno dia,Decrescente,Nublado,Simples,Ponte,Não,2,0,0,0,2,0,0,2,"-8,33854887","-36,360134",SPRF-PE,DEL02-PE,UOP03-DEL02-PE
290433.0,2020-06-17,quarta-feira,03:00:00,PE,316,146,PARNAMIRIM,Velocidade Incompatível,Saída de leito carroçável,Com Vítimas Feridas,Plena Noite,Decrescente,Chuva,Simples,Declive,Sim,1,0,1,0,0,0,1,1,"-8,09596482","-39,58485004",SPRF-PE,DEL05-PE,UOP02-DEL05-PE
290527.0,2020-06-17,quarta-feira,20:05:00,PE,428,183,PETROLINA,Desobediência às normas de trânsito pelo condutor,Colisão lateral,Com Vítimas Fatais,Plena Noite,Decrescente,Céu Claro,Simples,Reta,Sim,2,1,0,0,1,0,0,2,"-9,32412987","-40,46211325",SPRF-PE,DEL06-PE,UOP01-DEL06-PE
290588.0,2020-06-18,quinta-feira,08:15:00,PE,101,"41,9",IGARASSU,Falta de Atenção à Condução,Colisão transversal,Com Vítimas Feridas,Pleno dia,Crescente,Céu Claro,Múltipla,Reta,Sim,4,0,1,0,2,1,1,3,"-7,83038346","-34,91426785",SPRF-PE,DEL01-PE,UOP02-DEL01-PE
290770.0,2020-06-19,sexta-feira,07:30:00,PE,101,50,ABREU E LIMA,Ingestão de Álcool,Colisão lateral,Sem Vítimas,Pleno dia,Crescente,Nublado,Múltipla,Reta,Sim,3,0,0,0,2,1,0,3,"-7,90938602","-34,90123228",SPRF-PE,DEL01-PE,UOP02-DEL01-PE
290814.0,2020-06-19,sexta-feira,14:30:00,PE,407,"60,4",PETROLINA,Animais na Pista,Tombamento,Sem Vítimas,Pleno dia,Decrescente,Céu Claro,Simples,Reta,Não,1,0,0,0,1,0,0,1,"-8,85616179","-40,78347886",SPRF-PE,DEL06-PE,UOP02-DEL06-PE
290818.0,2020-06-19,sexta-feira,08:30:00,PE,101,198,PALMARES,Pista Escorregadia,Saída de leito carroçável,Sem Vítimas,Pleno dia,Crescente,Chuva,Dupla,Reta,Não,1,0,0,0,1,0,0,1,"-8,76149626","-35,60542345",SPRF-PE,DEL01-PE,UOP03-DEL01-PE
290843.0,2020-06-19,sexta-feira,17:30:00,PE,104,"83,9",AGRESTINA,Falta de Atenção à Condução,Colisão frontal,Com Vítimas Feridas,Anoitecer,Crescente,Nublado,Simples,Reta,Não,4,0,2,1,1,0,3,2,"-8,43066","-35,95916",SPRF-PE,DEL02-PE,UOP01-DEL02-PE
290901.0,2020-06-19,sexta-feira,18:30:00,PE,316,"21,7",ARARIPINA,Ingestão de Álcool,Colisão frontal,Com Vítimas Feridas,Plena Noite,Crescente,Nublado,Simples,Aclive;Reta                   ,Sim,2,0,0,1,1,0,1,2,"-7,56839315","-40,52717307",SPRF-PE,DEL05-PE,UOP02-DEL05-PE
290914.0,2020-06-19,sexta-feira,13:40:00,PE,116,"48,3",SALGUEIRO,Objeto estático sobre o leito carroçável,Engavetamento,Com Vítimas Feridas,Pleno dia,Decrescente,Garoa/Chuvisco,Simples,Reta,Não,3,0,2,0,1,0,2,3,"-8,257788","-39,11515",SPRF-PE,DEL05-PE,UOP01-DEL05-PE
290951.0,2020-06-20,sábado,06:20:00,PE,104,"56,6",CARUARU,Mal Súbito,Queda de ocupante de veículo,Com Vítimas Feridas,Pleno dia,Decrescente,Nublado,Dupla,Reta,Não,2,0,1,0,1,0,1,1,"-8,2098","-35,9712",SPRF-PE,DEL02-PE,UOP01-DEL02-PE
290980.0,2020-06-20,sábado,11:00:00,PE,428,141,PETROLINA,Ingestão de Álcool,Colisão transversal,Com Vítimas Feridas,Pleno dia,Crescente,Céu Claro,Simples,Declive,Sim,2,0,1,0,1,0,1,2,"-8,99987394","-40,2721263",SPRF-PE,DEL06-PE,UOP01-DEL06-PE
291108.0,2020-06-20,sábado,21:30:00,PE,423,"155,7",AGUAS BELAS,Defeito Mecânico no Veículo,Colisão lateral,Com Vítimas Feridas,Plena Noite,Decrescente,Garoa/Chuvisco,Simples,Reta,Não,3,0,2,0,1,0,2,2,"-9,061903","-36,944395",SPRF-PE,DEL03-PE,UOP01-DEL03-PE
291435.0,2020-06-13,sábado,18:10:00,PE,423,77,JUCATI,Desobediência às normas de trânsito pelo condutor,Colisão traseira,Sem Vítimas,Plena Noite,Decrescente,Chuva,Simples,Curva,Não,2,0,0,0,2,0,0,2,"-8,740482","-36,43069893",SPRF-PE,DEL03-PE,UOP01-DEL03-PE
291484.0,2020-06-22,segunda-feira,20:00:00,PE,116,"35,8",SALGUEIRO,Sinalização da via insuficiente ou inadequada,Colisão com objeto estático,Sem Vítimas,Plena Noite,Crescente,Céu Claro,Simples,Ponte,Não,2,0,0,0,2,0,0,1,"-8,144699","-39,111214",SPRF-PE,DEL05-PE,UOP01-DEL05-PE
291495.0,2020-06-16,terça-feira,14:15:00,PE,424,"94,6",GARANHUNS,Velocidade Incompatível,Colisão transversal,Com Vítimas Feridas,Pleno dia,Crescente,Nublado,Simples,Aclive,Não,4,0,0,2,2,0,2,2,"-8,92489","-36,489456",SPRF-PE,DEL03-PE,UOP01-DEL03-PE
291651.0,2020-06-23,terça-feira,23:50:00,PE,116,45,SALGUEIRO,Desobediência às normas de trânsito pelo condutor,Colisão transversal,Com Vítimas Feridas,Plena Noite,Crescente,Céu Claro,Simples,Reta,Não,2,0,1,0,1,0,1,2,"-8,231612","-39,108917",SPRF-PE,DEL05-PE,UOP01-DEL05-PE
291654.0,2020-06-24,quarta-feira,01:50:00,PE,232,"445,5",SAO JOSE DO BELMONTE,Ingestão de Álcool,Colisão lateral,Sem Vítimas,Plena Noite,Decrescente,Céu Claro,Simples,Reta,Não,2,0,0,0,1,1,0,2,"-8,00623102","-38,601546",SPRF-PE,DEL04-PE,UOP01-DEL04-PE
291674.0,2020-06-24,quarta-feira,08:25:00,PE,316,18,ARARIPINA,Falta de Atenção à Condução,Colisão transversal,Com Vítimas Feridas,Pleno dia,Decrescente,Céu Claro,Simples,Reta,Não,2,0,1,0,1,0,1,2,"-7,54597815","-40,54538619",SPRF-PE,DEL05-PE,UOP02-DEL05-PE
291798.0,2020-06-24,quarta-feira,23:00:00,PE,232,"281,5",SERTANIA,Animais na Pista,Atropelamento de Animal,Sem Vítimas,Plena Noite,Decrescente,Vento,Simples,Reta,Não,1,0,0,0,1,0,0,1,"-8,34770731","-37,29960517",SPRF-PE,DEL03-PE,UOP02-DEL03-PE
291828.0,2020-06-25,quinta-feira,06:40:00,PE,101,137,RIBEIRAO,Falta de Atenção à Condução,Colisão com objeto estático,Com Vítimas Feridas,Pleno dia,Decrescente,Céu Claro,Dupla,Curva,Não,2,0,1,0,1,0,1,2,"-8,41675194","-35,31126636",SPRF-PE,DEL01-PE,UOP03-DEL01-PE
292178.0,2020-06-26,sexta-feira,21:45:00,PE,116,7,SALGUEIRO,Condutor Dormindo,Colisão frontal,Com Vítimas Feridas,Plena Noite,Decrescente,Céu Claro,Simples,Declive,Não,2,0,1,0,1,0,1,2,"-7,911549","-39,11797",SPRF-PE,DEL05-PE,UOP01-DEL05-PE
292226.0,2020-06-27,sábado,09:30:00,PE,101,83,JABOATAO DOS GUARARAPES,Desobediência às normas de trânsito pelo condutor,Colisão transversal,Com Vítimas Feridas,Pleno dia,Crescente,Ignorado,Dupla,Retorno Regulamentado,Sim,2,0,0,1,1,0,1,2,"-8,17779355","-34,94868457",SPRF-PE,DEL01-PE,UOP03-DEL01-PE
292237.0,2020-06-27,sábado,10:30:00,PE,428,"130,2",LAGOA GRANDE,Condutor Dormindo,Colisão com objeto estático,Com Vítimas Feridas,Pleno dia,Decrescente,Sol,Simples,Declive,Não,2,0,0,2,0,0,2,1,"-8,95601699","-40,190167",SPRF-PE,DEL06-PE,UOP03-DEL06-PE
292350.0,2020-06-27,sábado,22:30:00,PE,423,"27,4",SAO CAITANO,Falta de Atenção à Condução,Colisão lateral,Com Vítimas Fatais,Plena Noite,Crescente,Nublado,Simples,Reta,Não,2,1,1,0,0,0,1,2,"-8,39548998","-36,18077804",SPRF-PE,DEL02-PE,UOP03-DEL02-PE
292441.0,2020-06-28,domingo,05:30:00,PE,232,"436,5",SERRA TALHADA,Condutor Dormindo,Saída de leito carroçável,Sem Vítimas,Pleno dia,Crescente,Céu Claro,Simples,Reta,Não,1,0,0,0,0,1,0,1,"-8,00917074","-38,52468505",SPRF-PE,DEL04-PE,UOP01-DEL04-PE
292544.0,2020-06-28,domingo,23:00:00,PE,407,"24,2",AFRANIO,Velocidade Incompatível,Capotamento,Com Vítimas Fatais,Plena Noite,Crescente,Céu Claro,Simples,Curva,Não,1,1,0,0,0,0,0,1,"-8,63036725","-40,99247219",SPRF-PE,DEL06-PE,UOP02-DEL06-PE
292847.0,2020-06-30,terça-feira,19:00:00,PE,104,"43,2",CARUARU,Defeito na Via,Colisão lateral,Com Vítimas Feridas,Plena Noite,Crescente,Céu Claro,Dupla,Interseção de Vias,Sim,3,0,1,0,2,0,1,3,"-8,1133","-36,0155",SPRF-PE,DEL02-PE,UOP01-DEL02-PE
292862.0,2020-07-01,quarta-feira,00:10:00,PE,101,"52,6",ABREU E LIMA,Condutor Dormindo,Tombamento,Sem Vítimas,Plena Noite,Crescente,Chuva,Múltipla,Reta,Não,1,0,0,0,1,0,0,1,"-7,92358799","-34,89607201",SPRF-PE,DEL01-PE,UOP02-DEL01-PE
292875.0,2020-07-01,quarta-feira,06:00:00,PE,110,97,SERTANIA,Falta de Atenção à Condução,Atropelamento de Pedestre,Com Vítimas Feridas,Pleno dia,Decrescente,Céu Claro,Simples,Reta,Não,4,0,1,0,2,1,1,3,"-8,37247412","-37,29327894",SPRF-PE,DEL03-PE,UOP02-DEL03-PE
292988.0,2020-07-01,quarta-feira,19:00:00,PE,232,212,PESQUEIRA,Ultrapassagem Indevida,Colisão frontal,Com Vítimas Feridas,Plena Noite,Decrescente,Céu Claro,Simples,Reta,Sim,2,0,0,1,1,0,1,2,"-8,37328104","-36,71376998",SPRF-PE,DEL02-PE,UOP03-DEL02-PE
293017.0,2020-07-02,quinta-feira,05:45:00,PE,101,"69,2",RECIFE,Falta de Atenção à Condução,Colisão lateral,Com Vítimas Feridas,Pleno dia,Crescente,Céu Claro,Dupla,Reta,Sim,3,0,2,0,1,0,2,2,"-8,05951606","-34,94581024",SPRF-PE,DEL01-PE,UOP01-DEL01-PE
293100.0,2020-07-02,quinta-feira,17:25:00,PE,101,"42,8",IGARASSU,Falta de Atenção à Condução,Colisão traseira,Sem Vítimas,Anoitecer,Decrescente,Céu Claro,Múltipla,Curva;Declive                 ,Sim,2,0,0,0,2,0,0,2,"-7,84753808","-34,90977038",SPRF-PE,DEL01-PE,UOP02-DEL01-PE
293434.0,2020-07-04,sábado,11:10:00,PE,232,333,CUSTODIA,Falta de Atenção à Condução,Colisão frontal,Com Vítimas Feridas,Pleno dia,Crescente,Céu Claro,Simples,Reta,Sim,2,0,0,1,1,0,1,2,"-8,0886886","-37,62796997",SPRF-PE,DEL03-PE,UOP02-DEL03-PE
293450.0,2020-07-04,sábado,09:50:00,PE,232,"410,8",SERRA TALHADA,Não guardar distância de segurança,Colisão traseira,Com Vítimas Feridas,Pleno dia,Crescente,Céu Claro,Simples,Curva,Sim,2,0,0,1,1,0,1,2,"-7,98261841","-38,30039606",SPRF-PE,DEL04-PE,UOP01-DEL04-PE
293464.0,2020-07-04,sábado,14:30:00,PE,423,76,JUPI,Falta de Atenção à Condução,Tombamento,Com Vítimas Fatais,Pleno dia,Crescente,Céu Claro,Simples,Curva,Não,1,1,0,0,0,0,0,1,"-8,73183901","-36,43146015",SPRF-PE,DEL03-PE,UOP01-DEL03-PE
293614.0,2020-07-05,domingo,01:30:00,PE,101,"84,6",JABOATAO DOS GUARARAPES,Animais na Pista,Atropelamento de Animal,Sem Vítimas,Plena Noite,Decrescente,Céu Claro,Dupla,Ponte,Não,1,0,0,0,1,0,0,1,"-8,179835","-34,95847",SPRF-PE,DEL01-PE,UOP03-DEL01-PE
293669.0,2020-07-05,domingo,13:35:00,PE,232,"156,2",SAO CAITANO,Ultrapassagem Indevida,Saída de leito carroçável,Com Vítimas Feridas,Pleno dia,Crescente,Céu Claro,Simples,Reta,Não,3,0,1,0,2,0,1,1,"-8,32936019","-36,21722099",SPRF-PE,DEL02-PE,UOP03-DEL02-PE
293874.0,2020-07-06,segunda-feira,11:20:00,PE,101,"35,8",ITAPISSUMA,Pista Escorregadia,Saída de leito carroçável,Sem Vítimas,Pleno dia,Decrescente,Chuva,Dupla,Declive,Não,2,0,0,0,1,1,0,2,"-7,77952193","-34,93231384",SPRF-PE,DEL01-PE,UOP02-DEL01-PE
294010.0,2020-07-07,terça-feira,07:20:00,PE,101,"67,5",RECIFE,Falta de Atenção à Condução,Colisão lateral,Com Vítimas Feridas,Pleno dia,Decrescente,Céu Claro,Múltipla,Reta,Sim,3,0,1,0,1,1,1,3,"-8,047066","-34,944876",SPRF-PE,DEL01-PE,UOP01-DEL01-PE
294025.0,2020-07-07,terça-feira,07:00:00,PE,424,"86,7",GARANHUNS,Falta de Atenção à Condução,Capotamento,Com Vítimas Feridas,Pleno dia,Crescente,Nublado,Simples,Reta,Não,1,0,1,0,0,0,1,1,"-8,87582827","-36,50737524",SPRF-PE,DEL03-PE,UOP01-DEL03-PE
294228.0,2020-07-08,quarta-feira,13:10:00,PE,101,47,IGARASSU,Não guardar distância de segurança,Colisão traseira,Sem Vítimas,Pleno dia,Decrescente,Céu Claro,Múltipla,Reta,Sim,2,0,0,0,1,1,0,2,"-7,88290701","-34,90461208",SPRF-PE,DEL01-PE,UOP02-DEL01-PE
294572.0,2020-07-10,sexta-feira,13:50:00,PE,232,84,GRAVATA,Falta de Atenção à Condução,Saída de leito carroçável,Com Vítimas Feridas,Pleno dia,Decrescente,Nublado,Dupla,Aclive,Não,1,0,1,0,0,0,1,1,"-8,2059894","-35,60359683",SPRF-PE,DEL02-PE,UOP02-DEL02PE
294581.0,2020-07-10,sexta-feira,09:30:00,PE,424,"111,9",GARANHUNS,Falta de Atenção à Condução,Saída de leito carroçável,Com Vítimas Fatais,Pleno dia,Crescente,Chuva,Simples,Curva,Não,1,1,0,0,0,0,0,1,"-9,01211003","-36,46413203",SPRF-PE,DEL03-PE,UOP01-DEL03-PE
294715.0,2020-07-11,sábado,04:50:00,PE,116,"30,9",SALGUEIRO,Ultrapassagem Indevida,Colisão frontal,Com Vítimas Fatais,Amanhecer,Decrescente,Nublado,Simples,Reta,Não,2,1,0,0,1,0,0,2,"-8,103991","-39,12421",SPRF-PE,DEL05-PE,UOP01-DEL05-PE
294889.0,2020-07-11,sábado,21:50:00,PE,232,"410,2",SERRA TALHADA,Ingestão de Álcool,Colisão lateral,Sem Vítimas,Plena Noite,Crescente,Céu Claro,Simples,Reta,Não,3,0,0,0,3,0,0,2,"-7,98261841","-38,30039606",SPRF-PE,DEL04-PE,UOP01-DEL04-PE
294909.0,2020-07-11,sábado,23:20:00,PE,104,127,PANELAS,Condutor Dormindo,Colisão com objeto estático,Com Vítimas Feridas,Plena Noite,Crescente,Chuva,Simples,Curva,Não,1,0,1,0,0,0,1,1,"-8,75797","-36,02649",SPRF-PE,DEL02-PE,UOP01-DEL02-PE
294997.0,2020-07-12,domingo,11:10:00,PE,232,10,JABOATAO DOS GUARARAPES,Defeito Mecânico no Veículo,Colisão com objeto em movimento,Com Vítimas Feridas,Pleno dia,Decrescente,Sol,Dupla,Reta,Sim,2,0,1,0,1,0,1,2,"-8,07917241","-34,98718609",SPRF-PE,DEL01-PE,UOP01-DEL01-PE
295012.0,2020-07-12,domingo,11:50:00,PE,423,79,JUCATI,Restrição de Visibilidade,Colisão transversal,Sem Vítimas,Pleno dia,Crescente,Céu Claro,Simples,Reta,Sim,3,0,0,0,2,1,0,3,"-8,75775101","-36,43052006",SPRF-PE,DEL03-PE,UOP01-DEL03-PE