id,data_inversa,dia_semana,horario,uf,br,km,municipio,causa_acidente,tipo_acidente,classificacao_acidente,fase_dia,sentido_via,condicao_metereologica,tipo_pista,tracado_via,uso_solo,pessoas,mortos,feridos_leves,feridos_graves,ilesos,ignorados,feridos,veiculos,latitude,longitude,regional,delegacia,uop
295144.0,2020-06-15,segunda-feira,12:40:00,PE,424,"83,4",GARANHUNS,Velocidade Incompatível,Saída de leito carroçável,Com Vítimas Feridas,Pleno dia,Decrescente,Chuva,Simples,Curva,Não,2,0,0,2,0,0,2,1,"-8,84593423","-36,52457016",SPRF-PE,DEL03-PE,UOP01-DEL03-PE
295290.0,2020-07-13,segunda-feira,19:15:00,PE,101,84,JABOATAO DOS GUARARAPES,Não guardar distância de segurança,Tombamento,Com Vítimas Feridas,Plena Noite,Crescente,Céu Claro,Dupla,Curva,Sim,3,0,2,0,1,0,2,1,"-8,177631","-34,952876",SPRF-PE,DEL01-PE,UOP03-DEL01-PE
295452.0,2020-07-14,terça-feira,20:00:00,PE,232,"223,8",PESQUEIRA,Velocidade Incompatível,Saída de leito carroçável,Com Vítimas Feridas,Plena Noite,Crescente,Céu Claro,Simples,Curva,Não,1,0,0,1,0,0,1,1,"-8,40436455","-36,81023008",SPRF-PE,DEL03-PE,UOP02-DEL03-PE
295470.0,2020-07-14,terça-feira,20:50:00,PE,232,"260,6",ARCOVERDE,Animais na Pista,Atropelamento de Animal,Sem Vítimas,Plena Noite,Decrescente,Céu Claro,Simples,Reta,Não,1,0,0,0,1,0,0,1,"-8,40717481","-37,12911505",SPRF-PE,DEL03-PE,UOP02-DEL03-PE
295480.0,2020-07-14,terça-feira,23:45:00,PE,101,"205,7",XEXEU,Ingestão de Álcool,Saída de leito carroçável,Sem Vítimas,Plena Noite,Crescente,Céu Claro,Dupla,Reta,Não,1,0,0,0,1,0,0,1,"-8,81243","-35,628826",SPRF-PE,DEL01-PE,UOP03-DEL01-PE
295672.0,2020-07-16,quinta-feira,09:00:00,PE,101,"46,8",IGARASSU,Não guardar distância de segurança,Colisão traseira,Sem Vítimas,Pleno dia,Crescente,Chuva,Múltipla,Reta,Sim,2,0,0,0,2,0,0,2,"-7,87406004","-34,90588126",SPRF-PE,DEL01-PE,UOP02-DEL01-PE
295744.0,2020-07-16,quinta-feira,19:10:00,PE,101,"67,4",RECIFE,Velocidade Incompatível,Colisão traseira,Sem Vítimas,Plena Noite,Crescente,Céu Claro,Múltipla,Reta,Sim,3,0,0,0,3,0,0,3,"-8,042334","-34,943096",SPRF-PE,DEL01-PE,UOP01-DEL01-PE
295815.0,2020-07-17,sexta-feira,08:00:00,PE,101,"79,1",JABOATAO DOS GUARARAPES,Falta de Atenção à Condução,Colisão transversal,Com Vítimas Feridas,Pleno dia,Decrescente,Chuva,Dupla,Reta,Sim,2,0,1,0,0,1,1,2,"-8,15112589","-34,9428866",SPRF-PE,DEL01-PE,UOP01-DEL01-PE
295856.0,2020-07-17,sexta-feira,12:35:00,PE,232,"65,9",GRAVATA,Falta de Atenção à Condução,Colisão traseira,Com Vítimas Feridas,Pleno dia,Crescente,Chuva,Simples,Reta,Não,2,0,0,1,1,0,1,2,"-8,16454496","-35,44785302",SPRF-PE,DEL02-PE,UOP02-DEL02PE
295866.0,2020-07-17,sexta-feira,13:20:00,PE,101,73,RECIFE,Defeito Mecânico no Veículo,Colisão com objeto estático,Com Vítimas Feridas,Pleno dia,Crescente,Nublado,Dupla,Reta,Sim,1,0,1,0,0,0,1,1,"-8,093369","-34,947464",SPRF-PE,DEL01-PE,UOP01-DEL01-PE
295889.0,2020-07-17,sexta-feira,15:30:00,PE,428,189,PETROLINA,Falta de Atenção à Condução,Colisão lateral,Com Vítimas Feridas,Pleno dia,Decrescente,Sol,Dupla,Reta,Sim,2,0,1,0,1,0,1,2,"-9,37197508","-40,48679585",SPRF-PE,DEL06-PE,UOP01-DEL06-PE
295899.0,2020-07-17,sexta-feira,14:50:00,PE,101,"42,9",IGARASSU,Falta de Atenção à Condução,Colisão com objeto estático,Com Vítimas Feridas,Pleno dia,Decrescente,Chuva,Múltipla,Reta;Declive                  ,Sim,3,0,0,1,2,0,1,1,"-7,83887431","-34,91196739",SPRF-PE,DEL01-PE,UOP02-DEL01-PE
296012.0,2020-07-17,sexta-feira,19:30:00,PE,104,87,AGRESTINA,Ingestão de Álcool,Colisão frontal,Com Vítimas Feridas,Plena Noite,Crescente,Chuva,Simples,Reta,Sim,2,0,1,0,1,0,1,2,"-8,454104","-35,945515",SPRF-PE,DEL02-PE,UOP01-DEL02-PE
296040.0,2020-07-18,sábado,01:40:00,PE,232,"88,2",GRAVATA,Condutor Dormindo,Saída de leito carroçável,Sem Vítimas,Plena Noite,Decrescente,Nublado,Dupla,Reta,Não,3,0,0,0,3,0,0,3,"-8,215178","-35,637814",SPRF-PE,DEL02-PE,UOP02-DEL02PE
296071.0,2020-07-18,sábado,09:00:00,PE,101,124,ESCADA,Defeito Mecânico no Veículo,Derramamento de carga,Sem Vítimas,Pleno dia,Decrescente,Nublado,Dupla,Reta,Sim,1,0,0,0,1,0,0,1,"-8,36713688","-35,22564391",SPRF-PE,DEL01-PE,UOP03-DEL01-PE
296073.0,2020-04-09,quinta-feira,13:00:00,PE,101,44,IGARASSU,Falta de Atenção à Condução,Colisão lateral,Com Vítimas Feridas,Pleno dia,Crescente,Céu Claro,Múltipla,Reta,Não,3,0,1,0,1,1,1,3,"-7,86521297","-34,90715176",SPRF-PE,DEL01-PE,UOP02-DEL01-PE
296085.0,2020-03-20,sexta-feira,11:22:00,PE,101,66,RECIFE,Falta de Atenção do Pedestre,Atropelamento de Pedestre,Com Vítimas Feridas,Pleno dia,Crescente,Céu Claro,Dupla,Reta,Sim,2,0,0,1,0,1,1,2,"-8,037363","-34,941649",SPRF-PE,DEL01-PE,UOP01-DEL01-PE
296167.0,2020-07-18,sábado,19:15:00,PE,101,45,IGARASSU,Desobediência às normas de trânsito pelo condutor,Colisão traseira,Com Vítimas Feridas,Plena Noite,Decrescente,Céu Claro,Dupla,Reta,Sim,2,0,0,1,1,0,1,2,"-7,86521297","-34,90715176",SPRF-PE,DEL01-PE,UOP02-DEL01-PE
296168.0,2020-07-18,sábado,18:50:00,PE,423,"94,3",GARANHUNS,Falta de Atenção à Condução,Colisão lateral,Com Vítimas Feridas,Plena Noite,Crescente,Garoa/Chuvisco,Múltipla,Reta,Sim,2,0,1,0,1,0,1,2,"-8,874732","-36,46946",SPRF-PE,DEL03-PE,UOP01-DEL03-PE
296219.0,2020-07-18,sábado,22:00:00,PE,101,43,IGARASSU,Velocidade Incompatível,Atropelamento de Pedestre,Com Vítimas Fatais,Plena Noite,Decrescente,Vento,Múltipla,Declive,Sim,3,1,0,0,0,2,0,3,"-7,84753808","-34,90977038",SPRF-PE,DEL01-PE,UOP02-DEL01-PE
296239.0,2020-07-19,domingo,01:00:00,PE,232,"256,8",ARCOVERDE,Animais na Pista,Tombamento,Com Vítimas Feridas,Plena Noite,Crescente,Céu Claro,Simples,Reta,Não,2,0,1,1,0,0,2,1,"-8,40988226","-37,09335003",SPRF-PE,DEL03-PE,UOP02-DEL03-PE
296499.0,2020-04-03,sexta-feira,14:00:00,PE,232,"62,7",POMBOS,Defeito Mecânico no Veículo,Colisão com objeto estático,Com Vítimas Feridas,Pleno dia,Decrescente,Céu Claro,Dupla,Declive,Não,1,0,0,1,0,0,1,1,"-8,15598579","-35,42308007",SPRF-PE,DEL02-PE,UOP02-DEL02PE
296537.0,2020-07-20,segunda-feira,10:00:00,PE,232,"418,1",SERRA TALHADA,Não guardar distância de segurança,Colisão frontal,Sem Vítimas,Pleno dia,Decrescente,Garoa/Chuvisco,Simples,Declive,Não,2,0,0,0,2,0,0,2,"-8,0002425","-38,370411",SPRF-PE,DEL04-PE,UOP01-DEL04-PE
296637.0,2020-07-21,terça-feira,05:30:00,PE,101,"78,1",JABOATAO DOS GUARARAPES,Ingestão de álcool e/ou substâncias psicoativas pelo pedestre,Atropelamento de Pedestre,Com Vítimas Fatais,Pleno dia,Crescente,Sol,Dupla,Curva,Sim,2,1,0,0,1,0,0,2,"-8,13496499","-34,94738614",SPRF-PE,DEL01-PE,UOP01-DEL01-PE
296653.0,2020-07-21,terça-feira,07:30:00,PE,232,"364,5",FLORES,Condutor Dormindo,Colisão frontal,Com Vítimas Fatais,Pleno dia,Crescente,Céu Claro,Simples,Reta,Não,2,1,0,0,1,0,0,2,"-8,04135353","-37,91259291",SPRF-PE,DEL04-PE,UOP01-DEL04-PE
296655.0,2020-06-13,sábado,06:50:00,PE,423,"57,7",LAJEDO,Condutor Dormindo,Colisão frontal,Com Vítimas Fatais,Pleno dia,Crescente,Céu Claro,Simples,Reta,Não,3,1,1,0,1,0,1,2,"-8,63241321","-36,30454473",SPRF-PE,DEL03-PE,UOP01-DEL03-PE
296698.0,2020-07-21,terça-feira,13:10:00,PE,232,136,CARUARU,Falta de Atenção à Condução,Tombamento,Sem Vítimas,Pleno dia,Crescente,Céu Claro,Dupla,Reta,Não,2,0,0,0,1,1,0,2,"-8,31339932","-36,04175591",SPRF-PE,DEL02-PE,UOP03-DEL02-PE
296801.0,2020-07-22,quarta-feira,02:50:00,PE,101,101,CABO DE SANTO AGOSTINHO,Falta de Atenção à Condução,Colisão traseira,Com Vítimas Feridas,Plena Noite,Decrescente,Nevoeiro/Neblina,Dupla,Reta,Não,3,0,2,0,1,0,2,2,"-8,2757433","-35,05378122",SPRF-PE,DEL01-PE,UOP03-DEL01-PE
296959.0,2020-07-23,quinta-feira,00:30:00,PE,428,"126,5",LAGOA GRANDE,Condutor Dormindo,Colisão com objeto estático,Sem Vítimas,Plena Noite,Decrescente,Nublado,Simples,Reta,Não,1,0,0,0,1,0,0,1,"-8,94448289","-40,15676804",SPRF-PE,DEL06-PE,UOP03-DEL06-PE
297113.0,2020-07-23,quinta-feira,22:00:00,PE,101,"41,9",IGARASSU,Falta de Atenção à Condução,Colisão traseira,Sem Vítimas,Plena Noite,Crescente,Vento,Múltipla,Declive,Sim,3,0,0,0,2,1,0,3,"-7,83038346","-34,91426785",SPRF-PE,DEL01-PE,UOP02-DEL01-PE
297157.0,2020-07-24,sexta-feira,08:55:00,PE,101,"86,3",JABOATAO DOS GUARARAPES,Falta de Atenção à Condução,Colisão frontal,Com Vítimas Feridas,Pleno dia,Decrescente,Céu Claro,Simples,Interseção de Vias,Sim,2,0,1,0,1,0,1,2,"-8,186463","-34,971177",SPRF-PE,DEL01-PE,UOP03-DEL01-PE
297195.0,2020-07-24,sexta-feira,15:10:00,PE,232,7,RECIFE,Não guardar distância de segurança,Colisão traseira,Com Vítimas Feridas,Pleno dia,Crescente,Nublado,Dupla,Reta,Sim,2,0,1,0,0,1,1,2,"-8,07333497","-34,96184301",SPRF-PE,DEL01-PE,UOP01-DEL01-PE
297397.0,2020-07-25,sábado,14:50:00,PE,232,252,ARCOVERDE,Ingestão de Álcool,Colisão lateral,Com Vítimas Feridas,Pleno dia,Decrescente,Céu Claro,Simples,Aclive,Sim,2,0,1,0,1,0,1,2,"-8,43086","-37,06536",SPRF-PE,DEL03-PE,UOP02-DEL03-PE
297622.0,2020-07-26,domingo,12:40:00,PE,408,"74,7",PAUDALHO,Condutor Dormindo,Colisão com objeto estático,Com Vítimas Feridas,Pleno dia,Decrescente,Céu Claro,Múltipla,Reta,Sim,1,0,1,0,0,0,1,1,"-7,903429","-35,173217",SPRF-PE,DEL01-PE,UOP01-DEL01-PE
297717.0,2020-07-26,domingo,18:20:00,PE,232,"438,6",SERRA TALHADA,Desobediência às normas de trânsito pelo condutor,Colisão frontal,Sem Vítimas,Plena Noite,Crescente,Céu Claro,Simples,Curva,Não,2,0,0,0,1,1,0,2,"-8,01100668","-38,54204198",SPRF-PE,DEL04-PE,UOP01-DEL04-PE
297762.0,2020-07-27,segunda-feira,00:07:00,PE,116,"33,2",SALGUEIRO,Falta de Atenção à Condução,Colisão traseira,Com Vítimas Feridas,Plena Noite,Decrescente,Céu Claro,Simples,Reta,Não,3,0,1,0,2,0,1,2,"-8,127007","-39,115208",SPRF-PE,DEL05-PE,UOP01-DEL05-PE
297817.0,2020-07-27,segunda-feira,10:00:00,PE,101,"67,5",RECIFE,Defeito Mecânico no Veículo,Colisão traseira,Com Vítimas Fatais,Pleno dia,Crescente,Céu Claro,Múltipla,Reta,Sim,3,1,1,0,1,0,1,3,"-8,042334","-34,943096",SPRF-PE,DEL01-PE,UOP01-DEL01-PE
297875.0,2020-07-27,segunda-feira,16:30:00,PE,232,"45,5",VITORIA DE SANTO ANTAO,Falta de Atenção à Condução,Colisão traseira,Com Vítimas Feridas,Pleno dia,Crescente,Céu Claro,Dupla,Reta,Sim,4,0,1,0,1,2,1,3,"-8,128181","-35,281677",SPRF-PE,DEL02-PE,UOP02-DEL02PE
297879.0,2020-07-27,segunda-feira,11:40:00,PE,101,68,RECIFE,Desobediência às normas de trânsito pelo condutor,Colisão lateral,Com Vítimas Feridas,Pleno dia,Decrescente,Céu Claro,Múltipla,Reta,Sim,2,0,0,1,1,0,1,2,"-8,05074296","-34,94580619",SPRF-PE,DEL01-PE,UOP01-DEL01-PE
297919.0,2020-07-27,segunda-feira,18:40:00,PE,101,51,ABREU E LIMA,Falta de Atenção à Condução,Colisão lateral,Com Vítimas Feridas,Plena Noite,Crescente,Céu Claro,Múltipla,Reta,Não,3,0,1,0,1,1,1,2,"-7,9169968","-34,89689272",SPRF-PE,DEL01-PE,UOP02-DEL01-PE
297965.0,2020-07-28,terça-feira,05:40:00,PE,101,22,GOIANA,Sinalização da via insuficiente ou inadequada,Colisão traseira,Com Vítimas Feridas,Amanhecer,Decrescente,Sol,Dupla,Curva,Não,3,0,1,0,2,0,1,2,"-7,67583307","-34,92870811",SPRF-PE,DEL01-PE,UOP02-DEL01-PE
298012.0,2020-07-28,terça-feira,11:40:00,PE,232,501,SALGUEIRO,Carga excessiva e/ou mal acondicionada,Capotamento,Com Vítimas Feridas,Pleno dia,Decrescente,Céu Claro,Simples,Reta,Não,2,0,1,0,1,0,1,2,"-8,03855812","-39,06231286",SPRF-PE,DEL05-PE,UOP01-DEL05-PE
298048.0,2020-07-28,terça-feira,16:30:00,PE,101,79,JABOATAO DOS GUARARAPES,Carga excessiva e/ou mal acondicionada,Colisão com objeto em movimento,Com Vítimas Feridas,Pleno dia,Crescente,Nublado,Dupla,Curva,Sim,3,0,2,0,0,1,2,2,"-8,14366112","-34,94723453",SPRF-PE,DEL01-PE,UOP01-DEL01-PE
298415.0,2020-07-30,quinta-feira,19:50:00,PE,116,25,SALGUEIRO,Falta de Atenção à Condução,Colisão traseira,Com Vítimas Feridas,Plena Noite,Decrescente,Céu Claro,Simples,Reta,Sim,2,0,0,1,0,1,1,2,"-8,061417","-39,135975",SPRF-PE,DEL05-PE,UOP01-DEL05-PE
298498.0,2020-07-31,sexta-feira,04:20:00,PE,423,"132,4",SALOA,Falta de Atenção à Condução,Saída de leito carroçável,Com Vítimas Fatais,Amanhecer,Crescente,Garoa/Chuvisco,Simples,Curva,Não,1,1,0,0,0,0,0,1,"-8,95943517","-36,76461912",SPRF-PE,DEL03-PE,UOP01-DEL03-PE
298792.0,2020-08-01,sábado,15:40:00,PE,424,"70,8",CAETES,Falta de Atenção à Condução,Saída de leito carroçável,Com Vítimas Feridas,Pleno dia,Decrescente,Garoa/Chuvisco,Simples,Reta,Não,1,0,1,0,0,0,1,1,"-8,77912908","-36,62060205",SPRF-PE,DEL03-PE,UOP01-DEL03-PE
298907.0,2020-08-02,domingo,04:00:00,PE,101,189,PALMARES,Ingestão de Álcool,Colisão lateral,Com Vítimas Fatais,Plena Noite,Crescente,Garoa/Chuvisco,Dupla,Curva,Não,3,1,0,1,0,1,1,2,"-8,69036647","-35,60430503",SPRF-PE,DEL01-PE,UOP03-DEL01-PE
299027.0,2020-08-02,domingo,18:10:00,PE,104,"87,7",AGRESTINA,Desobediência às normas de trânsito pelo condutor,Colisão frontal,Com Vítimas Fatais,Plena Noite,Crescente,Céu Claro,Simples,Reta,Sim,2,1,0,0,1,0,0,2,"-8,454104","-35,945515",SPRF-PE,DEL02-PE,UOP01-DEL02-PE
299052.0,2020-08-02,domingo,17:50:00,PE,423,66,JUPI,Ingestão de Álcool,Colisão frontal,Com Vítimas Fatais,Plena Noite,Crescente,Nublado,Simples,Reta,Não,2,1,0,0,1,0,0,2,"-8,66844631","-36,37491793",SPRF-PE,DEL03-PE,UOP01-DEL03-PE
299210.0,2020-08-03,segunda-feira,11:20:00,PE,116,82,BELEM DE SAO FRANCISCO,Ingestão de Álcool,Saída de leito carroçável,Sem Vítimas,Pleno dia,Crescente,Céu Claro,Simples,Reta,Não,1,0,0,0,1,0,0,1,"-8,542338","-39,223984",SPRF-PE,DEL05-PE,UOP03-DEL05-PE
299378.0,2020-08-04,terça-feira,08:20:00,PE,101,59,RECIFE,Defeito Mecânico no Veículo,Colisão lateral,Sem Vítimas,Pleno dia,Crescente,Sol,Dupla,Reta;Declive;Ponte            ,Sim,7,0,0,0,6,1,0,7,"-7,97708575","-34,92607318",SPRF-PE,DEL01-PE,UOP02-DEL01-PE
299411.0,2020-08-04,terça-feira,13:50:00,PE,232,"49,9",VITORIA DE SANTO ANTAO,Agressão Externa,Saída de leito carroçável,Com Vítimas Feridas,Pleno dia,Crescente,Céu Claro,Dupla,Aclive;Reta                   ,Sim,3,0,2,0,0,1,2,2,"-8,141214","-35,322782",SPRF-PE,DEL02-PE,UOP02-DEL02PE
299532.0,2020-08-05,quarta-feira,07:45:00,PE,232,132,CARUARU,Falta de Atenção à Condução,Colisão lateral,Com Vítimas Feridas,Pleno dia,Crescente,Céu Claro,Múltipla,Reta,Sim,2,0,0,1,1,0,1,2,"-8,3036244","-36,00710089",SPRF-PE,DEL02-PE,UOP03-DEL02-PE
299749.0,2020-08-06,quinta-feira,11:30:00,PE,101,21,GOIANA,Condutor Dormindo,Colisão traseira,Com Vítimas Feridas,Pleno dia,Crescente,Céu Claro,Dupla,Reta,Não,2,0,1,0,1,0,1,2,"-7,667766","-34,93266",SPRF-PE,DEL01-PE,UOP02-DEL01-PE
299877.0,2020-08-07,sexta-feira,05:45:00,PE,101,193,PALMARES,Falta de Atenção à Condução,Saída de leito carroçável,Sem Vítimas,Pleno dia,Crescente,Céu Claro,Dupla,Curva,Não,2,0,0,0,2,0,0,2,"-8,72157295","-35,60951373",SPRF-PE,DEL01-PE,UOP03-DEL01-PE
299957.0,2020-08-07,sexta-feira,14:45:00,PE,101,"50,2",ABREU E LIMA,Desobediência às normas de trânsito pelo condutor,Colisão frontal,Com Vítimas Fatais,Pleno dia,Decrescente,Céu Claro,Múltipla,Reta,Sim,2,1,0,0,0,1,0,2,"-7,90938602","-34,90123228",SPRF-PE,DEL01-PE,UOP02-DEL01-PE
299961.0,2020-08-07,sexta-feira,14:30:00,PE,232,119,CARUARU,Falta de Atenção à Condução,Colisão traseira,Sem Vítimas,Pleno dia,Crescente,Céu Claro,Dupla,Reta,Não,2,0,0,0,2,0,0,2,"-8,2962792","-35,89314995",SPRF-PE,DEL02-PE,UOP03-DEL02-PE
299974.0,2020-08-07,sexta-feira,14:50:00,PE,101,183,PALMARES,Falta de Atenção à Condução,Saída de leito carroçável,Com Vítimas Fatais,Pleno dia,Crescente,Céu Claro,Dupla,Curva,Não,2,1,0,1,0,0,1,1,"-8,66142762","-35,56549434",SPRF-PE,DEL01-PE,UOP03-DEL01-PE
300190.0,2020-08-08,sábado,12:48:00,PE,428,"177,7",PETROLINA,Desobediência às normas de trânsito pelo condutor,Colisão transversal,Com Vítimas Feridas,Pleno dia,Crescente,Céu Claro,Simples,Reta,Não,4,0,3,0,1,0,3,2,"-9,27622623","-40,43753454",SPRF-PE,DEL06-PE,UOP01-DEL06-PE
300342.0,2020-08-09,domingo,01:30:00,PE,101,"127,5",ESCADA,Desobediência às normas de trânsito pelo condutor,Colisão com objeto estático,Com Vítimas Fatais,Plena Noite,Crescente,Chuva,Simples,Reta,Sim,2,1,0,0,1,0,0,2,"-8,37768","-35,241391",SPRF-PE,DEL01-PE,UOP03-DEL01-PE
300714.0,2020-08-10,segunda-feira,18:40:00,PE,408,"81,3",PAUDALHO,Desobediência às normas de trânsito pelo pedestre,Atropelamento de Pedestre,Com Vítimas Fatais,Plena Noite,Crescente,Nublado,Dupla,Reta,Não,2,1,0,0,1,0,0,2,"-7,93468246","-35,1301265",SPRF-PE,DEL01-PE,UOP01-DEL01-PE
300951.0,2020-08-12,quarta-feira,06:45:00,PE,104,66,CARUARU,Defeito Mecânico no Veículo,Derramamento de carga,Sem Vítimas,Pleno dia,Decrescente,Céu Claro,Dupla,Aclive,Sim,1,0,0,0,1,0,0,1,"-8,2937","-35,9864",SPRF-PE,DEL02-PE,UOP01-DEL02-PE
301293.0,2020-08-13,quinta-feira,14:45:00,PE,116,"38,4",SALGUEIRO,Falta de Atenção à Condução,Colisão transversal,Com Vítimas Feridas,Pleno dia,Decrescente,Céu Claro,Simples,Reta,Não,3,0,2,0,1,0,2,2,"-8,171147","-39,104897",SPRF-PE,DEL05-PE,UOP01-DEL05-PE
301435.0,2020-08-14,sexta-feira,16:40:00,PE,101,"188,6",PALMARES,Falta de Atenção à Condução,Colisão lateral,Com Vítimas Feridas,Pleno dia,Crescente,Céu Claro,Dupla,Reta,Sim,3,0,2,0,1,0,2,2,"-8,6909807","-35,5954771",SPRF-PE,DEL01-PE,UOP03-DEL01-PE
301580.0,2020-08-15,sábado,07:00:00,PE,101,51,ABREU E LIMA,Falta de Atenção à Condução,Colisão transversal,Com Vítimas Feridas,Pleno dia,Crescente,Céu Claro,Múltipla,Reta,Sim,2,0,0,1,1,0,1,2,"-7,9169968","-34,89689272",SPRF-PE,DEL01-PE,UOP02-DEL01-PE
301593.0,2020-08-15,sábado,09:00:00,PE,424,"90,8",GARANHUNS,Falta de Atenção à Condução,Colisão transversal,Com Vítimas Feridas,Pleno dia,Crescente,Céu Claro,Simples,Reta,Não,2,0,0,1,0,1,1,2,"-8,89635706","-36,50157593",SPRF-PE,DEL03-PE,UOP01-DEL03-PE
301903.0,2020-08-16,domingo,18:00:00,PE,232,330,CUSTODIA,Falta de Atenção à Condução,Colisão traseira,Com Vítimas Fatais,Plena Noite,Crescente,Nublado,Simples,Reta,Não,2,1,0,0,1,0,0,2,"-8,0897538","-37,61284417",SPRF-PE,DEL03-PE,UOP02-DEL03-PE
301909.0,2020-08-16,domingo,18:40:00,PE,316,87,OURICURI,Sinalização da via insuficiente ou inadequada,Colisão frontal,Com Vítimas Feridas,Plena Noite,Decrescente,Céu Claro,Simples,Reta,Não,2,0,0,1,0,1,1,2,"-7,89302781","-40,05470593",SPRF-PE,DEL05-PE,UOP02-DEL05-PE
301980.0,2020-08-17,segunda-feira,01:05:00,PE,232,381,CALUMBI,Falta de Atenção à Condução,Tombamento,Com Vítimas Feridas,Plena Noite,Decrescente,Céu Claro,Simples,Aclive,Não,2,0,2,0,0,0,2,2,"-8,04275467","-38,05887304",SPRF-PE,DEL04-PE,UOP01-DEL04-PE
301984.0,2020-08-17,segunda-feira,00:00:00,PE,232,196,SANHARO,Desobediência às normas de trânsito pelo condutor,Colisão traseira,Com Vítimas Feridas,Plena Noite,Decrescente,Céu Claro,Simples,Reta,Não,3,0,1,0,1,1,1,2,"-8,36842483","-36,57130201",SPRF-PE,DEL02-PE,UOP03-DEL02-PE
302011.0,2020-08-17,segunda-feira,08:00:00,PE,101,"58,8",RECIFE,Falta de Atenção à Condução,Colisão lateral,Sem Vítimas,Pleno dia,Crescente,Nublado,Dupla,Curva,Não,2,0,0,0,1,1,0,2,"-7,97063209","-34,92064675",SPRF-PE,DEL01-PE,UOP02-DEL01-PE
302111.0,2020-08-17,segunda-feira,19:30:00,PE,408,"64,2",CARPINA,Falta de Atenção à Condução,Colisão transversal,Com Vítimas Feridas,Plena Noite,Decrescente,Céu Claro,Múltipla,Reta,Sim,2,0,1,0,1,0,1,2,"-7,848185","-35,236571",SPRF-PE,DEL01-PE,UOP01-DEL01-PE
302131.0,2020-08-17,segunda-feira,20:10:00,PE,232,"470,9",MIRANDIBA,Carga excessiva e/ou mal acondicionada,Saída de leito carroçável,Sem Vítimas,Plena Noite,Crescente,Céu Claro,Simples,Declive,Não,1,0,0,0,1,0,0,1,"-8,01983329","-38,80194613",SPRF-PE,DEL05-PE,UOP01-DEL05-PE
302189.0,2020-08-18,terça-feira,10:45:00,PE,232,"253,7",ARCOVERDE,Não guardar distância de segurança,Colisão traseira,Com Vítimas Feridas,Pleno dia,Crescente,Céu Claro,Simples,Reta,Sim,2,0,0,1,1,0,1,2,"-8,423971","-37,073931",SPRF-PE,DEL03-PE,UOP02-DEL03-PE
302253.0,2020-08-18,terça-feira,17:40:00,PE,428,"189,8",PETROLINA,Desobediência às normas de trânsito pelo condutor,Colisão lateral,Sem Vítimas,Anoitecer,Decrescente,Céu Claro,Dupla,Retorno Regulamentado,Sim,2,0,0,0,1,1,0,2,"-9,37787722","-40,50378621",SPRF-PE,DEL06-PE,UOP01-DEL06-PE
302448.0,2020-08-19,quarta-feira,22:30:00,PE,423,"62,2",LAJEDO,Ingestão de Álcool,Colisão frontal,Com Vítimas Fatais,Plena Noite,Crescente,Céu Claro,Simples,Reta,Não,2,1,0,0,1,0,0,2,"-8,660809","-36,341467",SPRF-PE,DEL03-PE,UOP01-DEL03-PE
302462.0,2020-08-20,quinta-feira,04:30:00,PE,232,"236,3",PESQUEIRA,Condutor Dormindo,Capotamento,Com Vítimas Feridas,Amanhecer,Decrescente,Céu Claro,Simples,Curva,Não,2,0,0,2,0,0,2,1,"-8,40876218","-36,92508437",SPRF-PE,DEL03-PE,UOP02-DEL03-PE
302490.0,2020-08-20,quinta-feira,08:45:00,PE,232,"7,7",RECIFE,Não guardar distância de segurança,Colisão lateral,Com Vítimas Feridas,Pleno dia,Decrescente,Céu Claro,Dupla,Reta,Sim,3,0,1,0,0,2,1,3,"-8,07333497","-34,96184301",SPRF-PE,DEL01-PE,UOP01-DEL01-PE
302518.0,2020-08-20,quinta-feira,11:45:00,PE,423,18,SAO CAITANO,Velocidade Incompatível,Saída de leito carroçável,Sem Vítimas,Pleno dia,Crescente,Céu Claro,Dupla,Interseção de Vias,Não,1,0,0,0,1,0,0,1,"-8,33033097","-36,14470299",SPRF-PE,DEL02-PE,UOP03-DEL02-PE
302533.0,2020-08-20,quinta-feira,04:30:00,PE,116,34,SALGUEIRO,Defeito Mecânico no Veículo,Colisão lateral,Com Vítimas Feridas,Amanhecer,Decrescente,Céu Claro,Simples,Reta,Não,2,0,1,0,1,0,1,2,"-8,135853","-39,113209",SPRF-PE,DEL05-PE,UOP01-DEL05-PE
302628.0,2020-08-21,sexta-feira,01:30:00,PE,101,45,IGARASSU,Falta de Atenção do Pedestre,Atropelamento de Pedestre,Com Vítimas Fatais,Plena Noite,Decrescente,Chuva,Múltipla,Reta,Sim,2,1,0,0,0,1,0,2,"-7,86521297","-34,90715176",SPRF-PE,DEL01-PE,UOP02-DEL01-PE
302640.0,2020-08-21,sexta-feira,06:50:00,PE,101,"37,9",IGARASSU,Desobediência às normas de trânsito pelo condutor,Colisão com objeto estático,Com Vítimas Feridas,Pleno dia,Crescente,Chuva,Dupla,Curva,Não,2,0,0,1,0,1,1,2,"-7,79726705","-34,9274932",SPRF-PE,DEL01-PE,UOP02-DEL01-PE
302643.0,2020-08-21,sexta-feira,06:30:00,PE,101,38,IGARASSU,Animais na Pista,Colisão com objeto estático,Com Vítimas Feridas,Pleno dia,Decrescente,Chuva,Dupla,Declive,Não,3,0,0,1,0,2,1,3,"-7,80600806","-34,92522908",SPRF-PE,DEL01-PE,UOP02-DEL01-PE
302748.0,2020-08-21,sexta-feira,15:30:00,PE,101,189,PALMARES,Velocidade Incompatível,Saída de leito carroçável,Sem Vítimas,Pleno dia,Decrescente,Chuva,Dupla,Curva,Não,1,0,0,0,1,0,0,1,"-8,69036647","-35,60430503",SPRF-PE,DEL01-PE,UOP03-DEL01-PE