id,data_inversa,dia_semana,horario,uf,br,km,municipio,causa_acidente,tipo_acidente,classificacao_acidente,fase_dia,sentido_via,condicao_metereologica,tipo_pista,tracado_via,uso_solo,pessoas,mortos,feridos_leves,feridos_graves,ilesos,ignorados,feridos,veiculos,latitude,longitude,regional,delegacia,uop
311593.0,2020-10-02,sexta-feira,11:15:00,PE,423,22,SAO CAITANO,Velocidade Incompatível,Saída de leito carroçável,Com Vítimas Feridas,Pleno dia,Decrescente,Céu Claro,Simples,Curva,Não,3,0,3,0,0,0,3,1,"-8,35258392","-36,17123712",SPRF-PE,DEL02-PE,UOP03-DEL02-PE
311609.0,2020-10-02,sexta-feira,10:25:00,PE,101,"29,2",IGARASSU,Falta de Atenção à Condução,Colisão lateral,Sem Vítimas,Pleno dia,Crescente,Sol,Dupla,Reta,Não,2,0,0,0,2,0,0,2,"-7,72939697","-34,94185854",SPRF-PE,DEL01-PE,UOP02-DEL01-PE
311833.0,2020-10-03,sábado,08:30:00,PE,101,"46,2",IGARASSU,Falta de Atenção à Condução,Colisão transversal,Com Vítimas Feridas,Pleno dia,Decrescente,Céu Claro,Múltipla,Reta,Sim,3,0,1,0,1,1,1,3,"-7,87406004","-34,90588126",SPRF-PE,DEL01-PE,UOP02-DEL01-PE
312271.0,2020-10-05,segunda-feira,00:30:00,PE,101,"5,6",GOIANA,Falta de Atenção à Condução,Colisão lateral,Com Vítimas Feridas,Plena Noite,Crescente,Céu Claro,Dupla,Reta,Não,2,0,0,1,0,1,1,2,"-7,541764","-34,991394",SPRF-PE,DEL01-PE,UOP02-DEL01-PE
312441.0,2020-10-05,segunda-feira,17:40:00,PE,232,"23,6",MORENO,Objeto estático sobre o leito carroçável,Capotamento,Sem Vítimas,Anoitecer,Decrescente,Céu Claro,Dupla,Curva,Não,1,0,0,0,1,0,0,1,"-8,0992185","-35,09713887",SPRF-PE,DEL02-PE,UOP02-DEL02PE
312478.0,2020-10-06,terça-feira,01:50:00,PE,110,"103,9",SERTANIA,Falta de Atenção à Condução,Capotamento,Com Vítimas Feridas,Plena Noite,Decrescente,Céu Claro,Simples,Curva,Não,2,0,0,1,1,0,1,1,"-8,39912263","-37,33957136",SPRF-PE,DEL03-PE,UOP02-DEL03-PE
312481.0,2020-10-06,terça-feira,01:30:00,PE,101,109,CABO DE SANTO AGOSTINHO,Velocidade Incompatível,Saída de leito carroçável,Com Vítimas Fatais,Plena Noite,Crescente,Nublado,Dupla,Declive;Curva                 ,Não,1,1,0,0,0,0,0,1,"-8,31012798","-35,09967817",SPRF-PE,DEL01-PE,UOP03-DEL01-PE
312928.0,2020-10-08,quinta-feira,12:30:00,PE,101,"68,7",RECIFE,Falta de Atenção à Condução,Colisão traseira,Com Vítimas Feridas,Pleno dia,Crescente,Sol,Simples,Reta,Sim,2,0,1,0,1,0,1,2,"-8,056597","-34,946521",SPRF-PE,DEL01-PE,UOP01-DEL01-PE
313944.0,2020-10-11,domingo,07:30:00,PE,408,105,JABOATAO DOS GUARARAPES,Falta de Atenção do Pedestre,Atropelamento de Pedestre,Com Vítimas Fatais,Pleno dia,Decrescente,Céu Claro,Dupla,Reta,Sim,2,1,0,0,0,1,0,2,"-8,079701","-34,99057",SPRF-PE,DEL01-PE,UOP01-DEL01-PE
313966.0,2020-10-11,domingo,07:00:00,PE,316,9,ARARIPINA,Ultrapassagem Indevida,Saída de leito carroçável,Com Vítimas Feridas,Pleno dia,Decrescente,Sol,Simples,Curva;Declive                 ,Não,1,0,1,0,0,0,1,1,"-7,49328223","-40,59803905",SPRF-PE,DEL05-PE,UOP02-DEL05-PE
314353.0,2020-10-12,segunda-feira,18:34:00,PE,407,129,PETROLINA,Falta de Atenção à Condução,Colisão lateral,Sem Vítimas,Anoitecer,Decrescente,Céu Claro,Simples,Ponte,Sim,2,0,0,0,2,0,0,2,"-9,39958299","-40,50459298",SPRF-PE,DEL06-PE,UOP01-DEL06-PE
314537.0,2020-10-13,terça-feira,12:25:00,PE,232,137,CARUARU,Falta de Atenção à Condução,Colisão traseira,Com Vítimas Feridas,Pleno dia,Crescente,Céu Claro,Dupla,Aclive,Não,3,0,0,1,2,0,1,2,"-8,31589863","-36,05040211",SPRF-PE,DEL02-PE,UOP03-DEL02-PE
314663.0,2020-10-14,quarta-feira,00:50:00,PE,101,2,GOIANA,Condutor Dormindo,Colisão traseira,Com Vítimas Feridas,Plena Noite,Decrescente,Céu Claro,Dupla,Reta;Aclive                   ,Não,2,0,1,0,1,0,1,2,"-7,51675334","-34,99198357",SPRF-PE,DEL01-PE,UOP02-DEL01-PE
314704.0,2020-10-14,quarta-feira,09:50:00,PE,232,"10,6",JABOATAO DOS GUARARAPES,Falta de Atenção à Condução,Colisão traseira,Sem Vítimas,Pleno dia,Decrescente,Chuva,Dupla,Declive,Sim,3,0,0,0,3,0,0,3,"-8,07917241","-34,98718609",SPRF-PE,DEL01-PE,UOP01-DEL01-PE
314713.0,2020-10-14,quarta-feira,11:30:00,PE,101,"42,2",IGARASSU,Não guardar distância de segurança,Colisão com objeto estático,Sem Vítimas,Pleno dia,Decrescente,Nublado,Múltipla,Reta;Declive                  ,Sim,1,0,0,0,1,0,0,1,"-7,83887431","-34,91196739",SPRF-PE,DEL01-PE,UOP02-DEL01-PE
314835.0,2020-10-15,quinta-feira,04:30:00,PE,101,207,XEXEU,Falta de Atenção à Condução,Capotamento,Com Vítimas Feridas,Amanhecer,Crescente,Nublado,Dupla,Curva;Declive                 ,Não,1,0,1,0,0,0,1,1,"-8,82545377","-35,64542552",SPRF-PE,DEL01-PE,UOP03-DEL01-PE
315018.0,2020-10-15,quinta-feira,23:35:00,PE,428,189,PETROLINA,Ingestão de Álcool,Danos eventuais,Sem Vítimas,Plena Noite,Decrescente,Céu Claro,Múltipla,Reta,Sim,2,0,0,0,2,0,0,2,"-9,3777502","-40,5020302",SPRF-PE,DEL06-PE,UOP01-DEL06-PE
315439.0,2020-10-17,sábado,22:50:00,PE,232,147,SAO CAITANO,Condutor Dormindo,Colisão com objeto estático,Com Vítimas Feridas,Anoitecer,Crescente,Céu Claro,Dupla,Aclive,Não,1,0,1,0,0,0,1,1,"-8,33373137","-36,13751116",SPRF-PE,DEL02-PE,UOP03-DEL02-PE
315573.0,2020-10-18,domingo,16:15:00,PE,316,"70,7",OURICURI,Falta de Atenção à Condução,Colisão frontal,Com Vítimas Feridas,Pleno dia,Decrescente,Céu Claro,Simples,Reta,Sim,3,0,1,0,2,0,1,3,"-7,80713076","-40,17990793",SPRF-PE,DEL05-PE,UOP02-DEL05-PE
315645.0,2020-10-18,domingo,22:50:00,PE,423,"43,8",CACHOEIRINHA,Desobediência às normas de trânsito pelo condutor,Colisão lateral,Com Vítimas Feridas,Plena Noite,Crescente,Céu Claro,Simples,Reta,Não,2,0,1,0,1,0,1,2,"-8,51683426","-36,25551854",SPRF-PE,DEL03-PE,UOP01-DEL03-PE
315778.0,2020-10-19,segunda-feira,17:20:00,PE,101,"50,2",ABREU E LIMA,Falta de Atenção à Condução,Colisão lateral,Com Vítimas Feridas,Anoitecer,Crescente,Céu Claro,Múltipla,Declive,Sim,3,0,0,1,1,1,1,3,"-7,90938602","-34,90123228",SPRF-PE,DEL01-PE,UOP02-DEL01-PE
315846.0,2020-10-20,terça-feira,02:45:00,PE,232,379,FLORES,Condutor Dormindo,Saída de leito carroçável,Com Vítimas Feridas,Plena Noite,Crescente,Céu Claro,Simples,Declive,Não,2,0,2,0,0,0,2,1,"-8,03878246","-38,04134108",SPRF-PE,DEL04-PE,UOP01-DEL04-PE
315989.0,2020-07-21,terça-feira,03:50:00,PE,104,"76,5",CARUARU,Condutor Dormindo,Tombamento,Com Vítimas Feridas,Plena Noite,Crescente,Garoa/Chuvisco,Simples,Curva,Não,1,0,1,0,0,0,1,1,"-8,367286","-35,985153",SPRF-PE,DEL02-PE,UOP01-DEL02-PE
316057.0,2020-10-21,quarta-feira,05:15:00,PE,101,21,GOIANA,Falta de Atenção à Condução,Colisão com objeto estático,Com Vítimas Feridas,Amanhecer,Crescente,Nublado,Dupla,Reta,Não,1,0,1,0,0,0,1,1,"-7,667766","-34,93266",SPRF-PE,DEL01-PE,UOP02-DEL01-PE
316146.0,2020-10-21,quarta-feira,14:00:00,PE,116,21,SALGUEIRO,Falta de Atenção à Condução,Colisão frontal,Com Vítimas Fatais,Pleno dia,Decrescente,Céu Claro,Simples,Aclive,Não,2,1,0,0,1,0,0,2,"-8,0268073","-39,1437",SPRF-PE,DEL05-PE,UOP01-DEL05-PE
316179.0,2020-10-15,quinta-feira,15:25:00,PE,232,"439,7",SERRA TALHADA,Desobediência às normas de trânsito pelo condutor,Engavetamento,Sem Vítimas,Pleno dia,Decrescente,Céu Claro,Simples,Reta,Não,3,0,0,0,3,0,0,3,"-8,01044513","-38,55081401",SPRF-PE,DEL04-PE,UOP01-DEL04-PE
316231.0,2020-10-21,quarta-feira,23:10:00,PE,110,104,SERTANIA,Defeito Mecânico no Veículo,Tombamento,Com Vítimas Feridas,Plena Noite,Decrescente,Vento,Simples,Reta,Não,1,0,1,0,0,0,1,1,"-8,3988809","-37,34819098",SPRF-PE,DEL03-PE,UOP02-DEL03-PE
316351.0,2020-09-18,sexta-feira,06:00:00,PE,116,62,CABROBO,Falta de Atenção à Condução,Colisão lateral,Com Vítimas Feridas,Pleno dia,Decrescente,Céu Claro,Simples,Reta,Não,2,0,1,0,1,0,1,2,"-8,377298","-39,152939",SPRF-PE,DEL05-PE,UOP03-DEL05-PE
316357.0,2020-10-22,quinta-feira,17:15:00,PE,316,"306,1",FLORESTA,Desobediência às normas de trânsito pelo condutor,Colisão frontal,Com Vítimas Fatais,Anoitecer,Crescente,Céu Claro,Simples,Curva,Não,2,1,0,1,0,0,1,2,"-8,70635325","-38,51373196",SPRF-PE,DEL04-PE,UOP03-DEL04-PE
316373.0,2020-10-22,quinta-feira,17:40:00,PE,104,62,CARUARU,Ingestão de Álcool,Colisão traseira,Sem Vítimas,Plena Noite,Crescente,Céu Claro,Múltipla,Reta,Sim,2,0,0,0,2,0,0,2,"-8,2618","-35,976",SPRF-PE,DEL02-PE,UOP01-DEL02-PE
316445.0,2020-10-23,sexta-feira,06:53:00,PE,101,"34,8",ITAPISSUMA,Defeito Mecânico no Veículo,Tombamento,Com Vítimas Feridas,Pleno dia,Crescente,Sol,Dupla,Reta,Não,1,0,1,0,0,0,1,1,"-7,77092801","-34,93524623",SPRF-PE,DEL01-PE,UOP02-DEL01-PE
316454.0,2020-10-23,sexta-feira,07:45:00,PE,316,16,ARARIPINA,Desobediência às normas de trânsito pelo condutor,Colisão lateral,Com Vítimas Fatais,Pleno dia,Crescente,Céu Claro,Simples,Reta,Sim,3,1,1,0,1,0,1,2,"-7,53197392","-40,55660391",SPRF-PE,DEL05-PE,UOP02-DEL05-PE
316545.0,2020-10-23,sexta-feira,16:00:00,PE,408,"52,8",NAZARE DA MATA,Falta de Atenção à Condução,Colisão lateral,Sem Vítimas,Pleno dia,Decrescente,Sol,Simples,Interseção de Vias,Sim,2,0,0,0,1,1,0,2,"-7,74599502","-35,2344547",SPRF-PE,DEL01-PE,UOP01-DEL01-PE
316630.0,2020-10-23,sexta-feira,23:40:00,PE,101,99,CABO DE SANTO AGOSTINHO,Falta de Atenção à Condução,Tombamento,Com Vítimas Feridas,Plena Noite,Decrescente,Céu Claro,Dupla,Curva,Sim,1,0,1,0,0,0,1,1,"-8,26025316","-35,04629883",SPRF-PE,DEL01-PE,UOP03-DEL01-PE
316745.0,2020-10-24,sábado,14:40:00,PE,407,"122,6",PETROLINA,Falta de Atenção à Condução,Colisão transversal,Com Vítimas Feridas,Pleno dia,Decrescente,Sol,Simples,Reta,Sim,4,0,1,0,3,0,1,2,"-9,35368726","-40,55051642",SPRF-PE,DEL06-PE,UOP01-DEL06-PE
316787.0,2020-10-24,sábado,16:30:00,PE,407,"103,2",PETROLINA,Defeito Mecânico no Veículo,Incêndio,Sem Vítimas,Anoitecer,Decrescente,Céu Claro,Simples,Aclive,Não,1,0,0,0,1,0,0,1,"-9,20401199","-40,63323677",SPRF-PE,DEL06-PE,UOP02-DEL06-PE
316901.0,2020-10-25,domingo,02:00:00,PE,104,"100,5",CUPIRA,Condutor Dormindo,Colisão frontal,Com Vítimas Feridas,Plena Noite,Crescente,Céu Claro,Simples,Declive,Não,2,0,1,0,0,1,1,2,"-8,563684","-35,947582",SPRF-PE,DEL02-PE,UOP01-DEL02-PE
317235.0,2020-10-26,segunda-feira,12:40:00,PE,101,"73,5",RECIFE,Falta de Atenção à Condução,Colisão transversal,Com Vítimas Feridas,Pleno dia,Decrescente,Sol,Dupla,Retorno Regulamentado,Sim,3,0,2,0,1,0,2,2,"-8,0991","-34,949867",SPRF-PE,DEL01-PE,UOP01-DEL01-PE
317255.0,2020-10-26,segunda-feira,13:45:00,PE,232,141,SAO CAITANO,Avarias e/ou desgaste excessivo no pneu,Tombamento,Com Vítimas Feridas,Pleno dia,Crescente,Sol,Dupla,Declive,Não,3,0,3,0,0,0,3,1,"-8,32224092","-36,09245192",SPRF-PE,DEL02-PE,UOP03-DEL02-PE
317448.0,2020-10-27,terça-feira,17:27:00,PE,101,46,IGARASSU,Não guardar distância de segurança,Colisão traseira,Sem Vítimas,Anoitecer,Crescente,Céu Claro,Múltipla,Reta,Sim,2,0,0,0,2,0,0,2,"-7,87441347","-34,90618229",SPRF-PE,DEL01-PE,UOP02-DEL01-PE
317546.0,2020-10-28,quarta-feira,01:40:00,PE,232,"172,9",BELO JARDIM,Falta de Atenção à Condução,Colisão com objeto estático,Sem Vítimas,Plena Noite,Crescente,Céu Claro,Simples,Reta,Não,1,0,0,0,1,0,0,1,"-8,33895954","-36,36571169",SPRF-PE,DEL02-PE,UOP03-DEL02-PE
317647.0,2020-10-28,quarta-feira,16:30:00,PE,232,"409,3",SERRA TALHADA,Não guardar distância de segurança,Colisão traseira,Com Vítimas Feridas,Pleno dia,Crescente,Céu Claro,Simples,Reta,Não,3,0,0,1,2,0,1,3,"-7,981944","-38,289467",SPRF-PE,DEL04-PE,UOP01-DEL04-PE
317780.0,2020-10-29,quinta-feira,12:20:00,PE,232,"136,5",CARUARU,Defeito Mecânico no Veículo,Saída de leito carroçável,Com Vítimas Feridas,Pleno dia,Decrescente,Sol,Dupla,Reta;Aclive                   ,Não,2,0,1,1,0,0,2,1,"-8,31339932","-36,04175591",SPRF-PE,DEL02-PE,UOP03-DEL02-PE
317970.0,2020-10-30,sexta-feira,10:45:00,PE,428,184,PETROLINA,Falta de Atenção à Condução,Colisão transversal,Com Vítimas Feridas,Pleno dia,Crescente,Céu Claro,Simples,Reta,Sim,2,0,1,0,1,0,1,2,"-9,33211208","-40,46621385",SPRF-PE,DEL06-PE,UOP01-DEL06-PE
318182.0,2020-10-31,sábado,06:30:00,PE,232,"182,2",BELO JARDIM,Carga excessiva e/ou mal acondicionada,Colisão transversal,Com Vítimas Feridas,Pleno dia,Crescente,Sol,Simples,Declive,Não,3,0,2,0,1,0,2,2,"-8,348555","-36,449079",SPRF-PE,DEL02-PE,UOP03-DEL02-PE
318266.0,2020-10-31,sábado,09:15:00,PE,424,64,CAETES,Velocidade Incompatível,Colisão traseira,Com Vítimas Fatais,Pleno dia,Decrescente,Céu Claro,Simples,Reta,Não,3,1,0,0,0,2,0,3,"-8,753403","-36,667581",SPRF-PE,DEL03-PE,UOP01-DEL03-PE
318718.0,2020-09-28,segunda-feira,23:00:00,PE,101,"59,5",RECIFE,Falta de Atenção do Pedestre,Atropelamento de Pedestre,Com Vítimas Fatais,Plena Noite,Decrescente,Céu Claro,Dupla,Curva,Sim,2,1,0,0,1,0,0,2,"-7,97708575","-34,92607318",SPRF-PE,DEL01-PE,UOP02-DEL01-PE
318793.0,2020-11-02,segunda-feira,18:20:00,PE,104,30,TORITAMA,Desobediência às normas de trânsito pelo condutor,Colisão frontal,Com Vítimas Fatais,Plena Noite,Crescente,Céu Claro,Simples,Reta,Sim,4,2,0,1,1,0,1,3,"-8,0137","-36,0565",SPRF-PE,DEL02-PE,UOP01-DEL02-PE
318960.0,2020-11-03,terça-feira,12:00:00,PE,428,185,PETROLINA,Desobediência às normas de trânsito pelo condutor,Colisão transversal,Com Vítimas Feridas,Pleno dia,Decrescente,Céu Claro,Simples,Reta,Sim,2,0,1,0,1,0,1,2,"-9,35936758","-40,48015594",SPRF-PE,DEL06-PE,UOP01-DEL06-PE
319003.0,2020-11-03,terça-feira,17:40:00,PE,428,176,PETROLINA,Restrição de Visibilidade,Atropelamento de Pedestre,Com Vítimas Feridas,Anoitecer,Decrescente,Ignorado,Simples,Reta,Não,2,0,0,1,1,0,1,2,"-9,26824308","-40,43343586",SPRF-PE,DEL06-PE,UOP01-DEL06-PE
319032.0,2020-11-03,terça-feira,19:15:00,PE,423,"63,9",LAJEDO,Ingestão de Álcool,Colisão frontal,Com Vítimas Feridas,Plena Noite,Crescente,Céu Claro,Simples,Reta,Não,4,0,1,1,1,1,2,3,"-8,66420578","-36,35605574",SPRF-PE,DEL03-PE,UOP01-DEL03-PE
319201.0,2020-11-04,quarta-feira,17:45:00,PE,232,"443,6",SERRA TALHADA,Falta de Atenção à Condução,Colisão frontal,Com Vítimas Fatais,Anoitecer,Crescente,Céu Claro,Simples,Reta,Não,2,1,0,0,1,0,0,2,"-8,01087223","-38,58501511",SPRF-PE,DEL04-PE,UOP01-DEL04-PE
319276.0,2020-11-05,quinta-feira,09:30:00,PE,101,41,IGARASSU,Falta de Atenção à Condução,Colisão lateral,Com Vítimas Feridas,Pleno dia,Decrescente,Sol,Múltipla,Declive,Sim,2,0,1,0,0,1,1,2,"-7,83038346","-34,91426785",SPRF-PE,DEL01-PE,UOP02-DEL01-PE
319301.0,2020-11-01,domingo,06:00:00,PE,101,"51,4",ABREU E LIMA,Velocidade Incompatível,Tombamento,Sem Vítimas,Amanhecer,Crescente,Céu Claro,Dupla,Curva,Sim,1,0,0,0,0,1,0,1,"-7,92066251","-34,89541054",SPRF-PE,DEL01-PE,UOP02-DEL01-PE
319679.0,2020-11-07,sábado,14:45:00,PE,101,4,GOIANA,Falta de Atenção à Condução,Colisão traseira,Com Vítimas Feridas,Pleno dia,Crescente,Céu Claro,Dupla,Reta,Não,4,0,0,1,1,2,1,3,"-7,53264499","-34,99145786",SPRF-PE,DEL01-PE,UOP02-DEL01-PE
319928.0,2020-08-12,quarta-feira,17:10:00,PE,101,"69,7",RECIFE,Falta de Atenção à Condução,Tombamento,Com Vítimas Feridas,Pleno dia,Crescente,Nublado,Dupla,Reta,Sim,2,0,1,0,0,1,1,2,"-8,06501728","-34,94418955",SPRF-PE,DEL01-PE,UOP01-DEL01-PE
320009.0,2020-11-08,domingo,14:00:00,PE,232,470,MIRANDIBA,Ingestão de Álcool,Colisão traseira,Com Vítimas Feridas,Pleno dia,Crescente,Céu Claro,Simples,Reta,Sim,4,0,2,0,2,0,2,2,"-8,01983329","-38,80194613",SPRF-PE,DEL05-PE,UOP01-DEL05-PE
320258.0,2020-11-09,segunda-feira,16:00:00,PE,101,"73,9",RECIFE,Falta de Atenção à Condução,Colisão lateral,Com Vítimas Feridas,Pleno dia,Crescente,Nublado,Dupla,Reta,Sim,2,0,1,0,1,0,1,2,"-8,093369","-34,947464",SPRF-PE,DEL01-PE,UOP01-DEL01-PE
320260.0,2020-11-09,segunda-feira,12:20:00,PE,232,"40,6",VITORIA DE SANTO ANTAO,Fenômenos da Natureza,Engavetamento,Sem Vítimas,Pleno dia,Crescente,Céu Claro,Dupla,Reta,Sim,3,0,0,0,3,0,0,3,"-8,1162429","-35,23508889",SPRF-PE,DEL02-PE,UOP02-DEL02PE
320264.0,2020-11-09,segunda-feira,16:30:00,PE,101,120,IPOJUCA,Mal Súbito,Saída de leito carroçável,Com Vítimas Fatais,Pleno dia,Crescente,Céu Claro,Dupla,Reta,Não,1,1,0,0,0,0,0,1,"-8,35341615","-35,17830299",SPRF-PE,DEL01-PE,UOP03-DEL01-PE
320296.0,2020-11-09,segunda-feira,18:15:00,PE,101,73,RECIFE,Defeito na Via,Tombamento,Com Vítimas Feridas,Anoitecer,Decrescente,Chuva,Dupla,Em Obras,Sim,2,0,1,0,0,1,1,2,"-8,093369","-34,947464",SPRF-PE,DEL01-PE,UOP01-DEL01-PE
320518.0,2020-11-10,terça-feira,20:45:00,PE,232,494,VERDEJANTE,Defeito Mecânico no Veículo,Incêndio,Sem Vítimas,Plena Noite,Decrescente,Céu Claro,Simples,Reta,Não,1,0,0,0,1,0,0,1,"-8,013075","-39,012792",SPRF-PE,DEL05-PE,UOP01-DEL05-PE
320670.0,2020-11-07,sábado,07:55:00,PE,408,105,JABOATAO DOS GUARARAPES,Falta de Atenção à Condução,Colisão lateral,Com Vítimas Feridas,Pleno dia,Crescente,Céu Claro,Dupla,Curva,Sim,2,0,1,0,1,0,1,2,"-8,081703","-34,99178",SPRF-PE,DEL01-PE,UOP01-DEL01-PE
320866.0,2020-11-12,quinta-feira,17:20:00,PE,423,25,SAO CAITANO,Ultrapassagem Indevida,Colisão lateral,Com Vítimas Feridas,Anoitecer,Crescente,Céu Claro,Simples,Reta,Não,6,0,4,0,1,1,4,2,"-8,379416","-36,172916",SPRF-PE,DEL02-PE,UOP03-DEL02-PE
320946.0,2020-11-13,sexta-feira,00:20:00,PE,101,"3,6",GOIANA,Condutor Dormindo,Colisão traseira,Sem Vítimas,Plena Noite,Decrescente,Céu Claro,Dupla,Reta;Aclive                   ,Não,2,0,0,0,2,0,0,2,"-7,52387351","-34,99333161",SPRF-PE,DEL01-PE,UOP02-DEL01-PE
320984.0,2020-11-05,quinta-feira,18:25:00,PE,232,409,SERRA TALHADA,Falta de Atenção à Condução,Colisão transversal,Sem Vítimas,Plena Noite,Decrescente,Céu Claro,Dupla,Reta,Sim,3,0,0,0,3,0,0,2,"-7,981944","-38,289467",SPRF-PE,DEL04-PE,UOP01-DEL04-PE
321167.0,2020-11-13,sexta-feira,20:35:00,PE,232,532,TERRA NOVA,Desobediência às normas de trânsito pelo condutor,Colisão frontal,Com Vítimas Feridas,Plena Noite,Crescente,Céu Claro,Simples,Reta,Não,3,0,2,0,0,1,2,2,"-8,07751073","-39,33189201",SPRF-PE,DEL05-PE,UOP01-DEL05-PE
321305.0,2020-11-14,sábado,09:40:00,PE,104,63,CARUARU,Mal Súbito,Colisão traseira,Com Vítimas Feridas,Pleno dia,Decrescente,Sol,Múltipla,Reta,Sim,2,0,1,0,1,0,1,2,"-8,26623728","-35,97785354",SPRF-PE,DEL02-PE,UOP01-DEL02-PE
321623.0,2020-11-15,domingo,16:40:00,PE,101,"89,9",JABOATAO DOS GUARARAPES,Falta de Atenção à Condução,Saída de leito carroçável,Com Vítimas Feridas,Pleno dia,Decrescente,Sol,Dupla,Reta,Não,2,0,0,1,1,0,1,2,"-8,20760697","-34,98372005",SPRF-PE,DEL01-PE,UOP03-DEL01-PE
321752.0,2020-11-16,segunda-feira,05:25:00,PE,232,"404,9",SERRA TALHADA,Falta de Atenção do Pedestre,Atropelamento de Pedestre,Com Vítimas Feridas,Pleno dia,Crescente,Céu Claro,Simples,Curva,Não,2,0,0,1,1,0,1,2,"-7,992986","-38,245927",SPRF-PE,DEL04-PE,UOP01-DEL04-PE
321796.0,2020-11-16,segunda-feira,10:50:00,PE,101,"206,5",XEXEU,Falta de Atenção à Condução,Saída de leito carroçável,Sem Vítimas,Pleno dia,Crescente,Céu Claro,Dupla,Curva,Não,1,0,0,0,1,0,0,1,"-8,81905901","-35,63955699",SPRF-PE,DEL01-PE,UOP03-DEL01-PE
321800.0,2020-11-16,segunda-feira,11:22:00,PE,423,58,LAJEDO,Falta de Atenção do Pedestre,Atropelamento de Pedestre,Com Vítimas Feridas,Pleno dia,Decrescente,Céu Claro,Simples,Reta,Não,2,0,0,1,1,0,1,2,"-8,6395899","-36,31006213",SPRF-PE,DEL03-PE,UOP01-DEL03-PE
321915.0,2020-11-16,segunda-feira,21:00:00,PE,232,412,SERRA TALHADA,Ingestão de Álcool,Colisão frontal,Com Vítimas Fatais,Plena Noite,Crescente,Céu Claro,Simples,Reta,Não,2,1,0,0,1,0,0,2,"-7,98377927","-38,3208774",SPRF-PE,DEL04-PE,UOP01-DEL04-PE
321962.0,2020-11-17,terça-feira,07:30:00,PE,101,61,RECIFE,Desobediência às normas de trânsito pelo condutor,Colisão lateral,Sem Vítimas,Pleno dia,Crescente,Céu Claro,Dupla,Reta,Sim,3,0,0,0,2,1,0,3,"-7,99097103","-34,93598295",SPRF-PE,DEL01-PE,UOP02-DEL01-PE
322016.0,2020-11-17,terça-feira,13:05:00,PE,101,"53,6",PAULISTA,Falta de Atenção à Condução,Colisão transversal,Com Vítimas Feridas,Pleno dia,Decrescente,Céu Claro,Dupla,Reta,Não,3,0,0,1,1,1,1,3,"-7,93676","-34,903121",SPRF-PE,DEL01-PE,UOP02-DEL01-PE
322017.0,2020-11-17,terça-feira,13:30:00,PE,407,"127,1",PETROLINA,Falta de Atenção à Condução,Colisão traseira,Sem Vítimas,Pleno dia,Decrescente,Céu Claro,Simples,Reta,Sim,3,0,0,0,3,0,0,3,"-9,3908678","-40,52038627",SPRF-PE,DEL06-PE,UOP01-DEL06-PE
322090.0,2020-11-17,terça-feira,21:20:00,PE,101,"43,9",IGARASSU,Velocidade Incompatível,Colisão traseira,Com Vítimas Feridas,Plena Noite,Crescente,Céu Claro,Múltipla,Declive;Reta                  ,Sim,2,0,1,0,1,0,1,2,"-7,855367","-34,908866",SPRF-PE,DEL01-PE,UOP02-DEL01-PE
322285.0,2020-11-18,quarta-feira,20:00:00,PE,232,261,ARCOVERDE,Falta de Atenção à Condução,Saída de leito carroçável,Sem Vítimas,Plena Noite,Decrescente,Céu Claro,Simples,Reta,Sim,1,0,0,0,1,0,0,1,"-8,40930624","-37,13788894",SPRF-PE,DEL03-PE,UOP02-DEL03-PE
322447.0,2020-11-19,quinta-feira,17:00:00,PE,316,135,PARNAMIRIM,Defeito Mecânico no Veículo,Saída de leito carroçável,Com Vítimas Feridas,Pleno dia,Crescente,Céu Claro,Simples,Reta,Não,1,0,1,0,0,0,1,1,"-8,06164668","-39,65779386",SPRF-PE,DEL05-PE,UOP02-DEL05-PE
322475.0,2020-11-19,quinta-feira,17:00:00,PE,101,87,CABO DE SANTO AGOSTINHO,Ingestão de Álcool,Colisão transversal,Sem Vítimas,Pleno dia,Decrescente,Céu Claro,Dupla,Reta,Não,2,0,0,0,1,1,0,2,"-8,19120206","-34,97449985",SPRF-PE,DEL01-PE,UOP03-DEL01-PE
322573.0,2020-11-20,sexta-feira,10:35:00,PE,232,497,VERDEJANTE,Falta de Atenção à Condução,Colisão lateral,Com Vítimas Feridas,Pleno dia,Decrescente,Céu Claro,Simples,Reta,Não,2,0,0,1,1,0,1,2,"-8,0186129","-39,03391502",SPRF-PE,DEL05-PE,UOP01-DEL05-PE
322753.0,2020-11-21,sábado,02:40:00,PE,101,17,GOIANA,Falta de Atenção à Condução,Colisão traseira,Com Vítimas Feridas,Plena Noite,Decrescente,Céu Claro,Dupla,Reta,Não,2,0,1,0,0,1,1,2,"-7,64064477","-34,95599769",SPRF-PE,DEL01-PE,UOP02-DEL01-PE
322773.0,2020-11-21,sábado,05:00:00,PE,101,128,ESCADA,Desobediência às normas de trânsito pelo condutor,Colisão traseira,Com Vítimas Fatais,Pleno dia,Decrescente,Sol,Dupla,Reta,Sim,2,1,0,0,0,1,0,2,"-8,37986492","-35,24406405",SPRF-PE,DEL01-PE,UOP03-DEL01-PE
322841.0,2020-11-21,sábado,12:20:00,PE,101,"72,8",RECIFE,Velocidade Incompatível,Colisão traseira,Com Vítimas Feridas,Pleno dia,Decrescente,Céu Claro,Dupla,Em Obras,Sim,2,0,0,1,1,0,1,2,"-8,08493106","-34,9450639",SPRF-PE,DEL01-PE,UOP01-DEL01-PE
322894.0,2020-11-21,sábado,18:30:00,PE,316,37,ARARIPINA,Falta de Atenção à Condução,Colisão frontal,Com Vítimas Fatais,Plena Noite,Decrescente,Céu Claro,Simples,Declive,Não,4,3,0,0,0,1,0,2,"-7,66182727","-40,40402412",SPRF-PE,DEL05-PE,UOP02-DEL05-PE