id,data_inversa,dia_semana,horario,uf,br,km,municipio,causa_acidente,tipo_acidente,classificacao_acidente,fase_dia,sentido_via,condicao_metereologica,tipo_pista,tracado_via,uso_solo,pessoas,mortos,feridos_leves,feridos_graves,ilesos,ignorados,feridos,veiculos,latitude,longitude,regional,delegacia,uop
323124.0,2020-11-22,domingo,18:00:00,PE,232,16,JABOATAO DOS GUARARAPES,Ingestão de Álcool,Saída de leito carroçável,Sem Vítimas,Plena Noite,Decrescente,Céu Claro,Dupla,Curva,Não,1,0,0,0,1,0,0,1,"-8,09414193","-35,03716601",SPRF-PE,DEL01-PE,UOP01-DEL01-PE
323173.0,2020-11-22,domingo,20:00:00,PE,232,"508,3",SALGUEIRO,Ingestão de Álcool,Colisão transversal,Com Vítimas Feridas,Plena Noite,Decrescente,Céu Claro,Simples,Interseção de Vias,Sim,2,0,1,0,1,0,1,2,"-8,06755788","-39,13467407",SPRF-PE,DEL05-PE,UOP01-DEL05-PE
323266.0,2020-11-23,segunda-feira,06:30:00,PE,116,14,SALGUEIRO,Carga excessiva e/ou mal acondicionada,Colisão traseira,Com Vítimas Feridas,Pleno dia,Crescente,Céu Claro,Simples,Reta,Não,3,0,1,0,2,0,1,3,"-7,972623","-39,135831",SPRF-PE,DEL05-PE,UOP01-DEL05-PE
323346.0,2020-11-23,segunda-feira,16:25:00,PE,101,"13,2",GOIANA,Falta de Atenção à Condução,Colisão traseira,Sem Vítimas,Pleno dia,Crescente,Céu Claro,Múltipla,Reta,Não,7,0,0,0,2,5,0,3,"-7,61043695","-34,97530291",SPRF-PE,DEL01-PE,UOP02-DEL01-PE
323526.0,2020-11-10,terça-feira,13:00:00,PE,101,"59,7",RECIFE,Falta de Atenção à Condução,Colisão lateral,Com Vítimas Feridas,Pleno dia,Crescente,Nublado,Múltipla,Reta,Não,5,0,1,0,4,0,1,3,"-7,97708575","-34,92607318",SPRF-PE,DEL01-PE,UOP02-DEL01-PE
323743.0,2020-11-25,quarta-feira,18:25:00,PE,316,25,ARARIPINA,Falta de Atenção à Condução,Colisão transversal,Com Vítimas Feridas,Plena Noite,Decrescente,Céu Claro,Simples,Reta,Não,3,0,2,0,1,0,2,2,"-7,59595686","-40,49329368",SPRF-PE,DEL05-PE,UOP02-DEL05-PE
323815.0,2020-11-25,quarta-feira,23:35:00,PE,116,44,SALGUEIRO,Animais na Pista,Tombamento,Com Vítimas Feridas,Plena Noite,Crescente,Céu Claro,Simples,Declive,Não,2,0,2,0,0,0,2,1,"-8,223163","-39,105778",SPRF-PE,DEL05-PE,UOP01-DEL05-PE
323875.0,2020-11-26,quinta-feira,12:35:00,PE,101,"50,9",ABREU E LIMA,Desobediência às normas de trânsito pelo condutor,Colisão transversal,Sem Vítimas,Pleno dia,Decrescente,Sol,Múltipla,Reta,Sim,2,0,0,0,2,0,0,2,"-7,9169968","-34,89689272",SPRF-PE,DEL01-PE,UOP02-DEL01-PE
323880.0,2020-11-26,quinta-feira,13:15:00,PE,101,69,RECIFE,Falta de Atenção à Condução,Colisão transversal,Com Vítimas Feridas,Pleno dia,Decrescente,Céu Claro,Múltipla,Reta,Sim,4,0,1,0,3,0,1,3,"-8,05951606","-34,94581024",SPRF-PE,DEL01-PE,UOP01-DEL01-PE
323957.0,2020-11-04,quarta-feira,08:15:00,PE,232,"29,8",MORENO,Falta de Atenção à Condução,Engavetamento,Sem Vítimas,Pleno dia,Crescente,Sol,Simples,Reta,Não,7,0,0,0,5,2,0,7,"-8,111269","-35,143135",SPRF-PE,DEL02-PE,UOP02-DEL02PE
324000.0,2020-11-27,sexta-feira,05:00:00,PE,101,"197,4",XEXEU,Falta de Atenção à Condução,Saída de leito carroçável,Com Vítimas Feridas,Pleno dia,Crescente,Sol,Dupla,Curva,Não,2,0,2,0,0,0,2,1,"-8,75523097","-35,60154384",SPRF-PE,DEL01-PE,UOP03-DEL01-PE
324080.0,2020-11-27,sexta-feira,14:00:00,PE,101,92,CABO DE SANTO AGOSTINHO,Carga excessiva e/ou mal acondicionada,Tombamento,Com Vítimas Feridas,Pleno dia,Crescente,Céu Claro,Dupla,Reta,Não,1,0,1,0,0,0,1,1,"-8,23201792","-34,99778611",SPRF-PE,DEL01-PE,UOP03-DEL01-PE
324104.0,2020-11-27,sexta-feira,15:10:00,PE,101,"47,2",ABREU E LIMA,Falta de Atenção à Condução,Colisão traseira,Com Vítimas Feridas,Pleno dia,Crescente,Céu Claro,Múltipla,Reta,Sim,3,0,0,1,1,1,1,3,"-7,88290701","-34,90461208",SPRF-PE,DEL01-PE,UOP02-DEL01-PE
324119.0,2020-11-27,sexta-feira,17:00:00,PE,232,"118,6",CARUARU,Desobediência às normas de trânsito pelo condutor,Colisão transversal,Com Vítimas Feridas,Anoitecer,Decrescente,Céu Claro,Dupla,Retorno Regulamentado,Não,2,0,1,0,1,0,1,2,"-8,29431633","-35,88437194",SPRF-PE,DEL02-PE,UOP03-DEL02-PE
324183.0,2020-11-27,sexta-feira,19:10:00,PE,101,94,CABO DE SANTO AGOSTINHO,Carga excessiva e/ou mal acondicionada,Derramamento de carga,Sem Vítimas,Pleno dia,Decrescente,Céu Claro,Dupla,Rotatória,Sim,1,0,0,0,1,0,0,1,"-8,24829064","-35,00697936",SPRF-PE,DEL01-PE,UOP03-DEL01-PE
324233.0,2020-11-28,sábado,00:05:00,PE,232,111,BEZERROS,Agressão Externa,Colisão lateral,Com Vítimas Feridas,Plena Noite,Crescente,Céu Claro,Dupla,Reta,Não,3,0,0,1,1,1,1,2,"-8,2922971","-35,82419791",SPRF-PE,DEL02-PE,UOP03-DEL02-PE
324362.0,2020-11-28,sábado,10:00:00,PE,408,"74,7",PAUDALHO,Falta de Atenção à Condução,Colisão lateral,Sem Vítimas,Pleno dia,Decrescente,Sol,Simples,Interseção de Vias,Sim,2,0,0,0,0,2,0,2,"-7,904075","-35,173515",SPRF-PE,DEL01-PE,UOP01-DEL01-PE
324990.0,2020-12-01,terça-feira,14:00:00,PE,424,"0,3",ARCOVERDE,Desobediência às normas de trânsito pelo condutor,Colisão lateral,Com Vítimas Feridas,Pleno dia,Decrescente,Céu Claro,Simples,Reta,Sim,2,0,1,0,1,0,1,2,"-8,430991","-37,062363",SPRF-PE,DEL03-PE,UOP02-DEL03-PE
325002.0,2020-12-01,terça-feira,14:30:00,PE,116,52,SALGUEIRO,Falta de Atenção à Condução,Colisão frontal,Com Vítimas Fatais,Pleno dia,Crescente,Céu Claro,Simples,Reta,Não,2,1,0,0,1,0,0,2,"-8,293407","-39,120644",SPRF-PE,DEL05-PE,UOP01-DEL05-PE
325017.0,2020-12-01,terça-feira,16:20:00,PE,101,112,IPOJUCA,Carga excessiva e/ou mal acondicionada,Derramamento de carga,Sem Vítimas,Pleno dia,Decrescente,Céu Claro,Dupla,Curva,Não,1,0,0,0,1,0,0,1,"-8,3278918","-35,119238",SPRF-PE,DEL01-PE,UOP03-DEL01-PE
325032.0,2020-12-01,terça-feira,18:30:00,PE,232,145,SAO CAITANO,Desobediência às normas de trânsito pelo condutor,Colisão lateral,Sem Vítimas,Plena Noite,Decrescente,Céu Claro,Dupla,Reta,Não,2,0,0,0,2,0,0,2,"-8,32868","-36,120811",SPRF-PE,DEL02-PE,UOP03-DEL02-PE
325314.0,2020-12-02,quarta-feira,20:00:00,PE,407,"47,5",PETROLINA,Animais na Pista,Tombamento,Com Vítimas Feridas,Plena Noite,Decrescente,Céu Claro,Simples,Reta,Não,1,0,1,0,0,0,1,1,"-8,79178343","-40,87357537",SPRF-PE,DEL06-PE,UOP02-DEL06-PE
325316.0,2020-12-03,quinta-feira,10:55:00,PE,232,"169,1",BELO JARDIM,Velocidade Incompatível,Engavetamento,Com Vítimas Feridas,Pleno dia,Crescente,Nublado,Simples,Aclive,Não,8,0,3,0,5,0,3,6,"-8,3399573","-36,334402",SPRF-PE,DEL02-PE,UOP03-DEL02-PE
325319.0,2020-12-03,quinta-feira,11:30:00,PE,101,"77,7",RECIFE,Desobediência às normas de trânsito pelo condutor,Colisão transversal,Com Vítimas Feridas,Pleno dia,Crescente,Céu Claro,Dupla,Aclive;Reta                   ,Sim,3,0,2,0,1,0,2,3,"-8,131494","-34,945589",SPRF-PE,DEL01-PE,UOP01-DEL01-PE
325623.0,2020-12-04,sexta-feira,21:20:00,PE,408,"63,6",CARPINA,Desobediência às normas de trânsito pelo condutor,Colisão lateral,Com Vítimas Feridas,Plena Noite,Decrescente,Céu Claro,Simples,Reta,Sim,3,0,2,0,0,1,2,2,"-7,83982046","-35,24072239",SPRF-PE,DEL01-PE,UOP01-DEL01-PE
325652.0,2020-12-04,sexta-feira,22:30:00,PE,110,103,SERTANIA,Carga excessiva e/ou mal acondicionada,Saída de leito carroçável,Com Vítimas Feridas,Plena Noite,Decrescente,Céu Claro,Simples,Curva,Não,2,0,2,0,0,0,2,1,"-8,39912263","-37,33957136",SPRF-PE,DEL03-PE,UOP02-DEL03-PE
325828.0,2020-12-05,sábado,16:10:00,PE,116,64,CABROBO,Não guardar distância de segurança,Colisão traseira,Com Vítimas Feridas,Pleno dia,Decrescente,Céu Claro,Simples,Declive,Não,5,0,1,0,4,0,1,2,"-8,393531","-39,160793",SPRF-PE,DEL05-PE,UOP03-DEL05-PE
326212.0,2020-12-06,domingo,19:00:00,PE,232,361,FLORES,Defeito Mecânico no Veículo,Incêndio,Sem Vítimas,Plena Noite,Crescente,Céu Claro,Simples,Declive,Não,1,0,0,0,1,0,0,1,"-8,04452581","-37,88565299",SPRF-PE,DEL04-PE,UOP01-DEL04-PE
326218.0,2020-12-07,segunda-feira,01:00:00,PE,407,128,PETROLINA,Ingestão de Álcool,Colisão lateral,Com Vítimas Feridas,Plena Noite,Crescente,Céu Claro,Simples,Interseção de Vias,Sim,2,0,1,0,1,0,1,2,"-9,39139937","-40,51908016",SPRF-PE,DEL06-PE,UOP01-DEL06-PE
326269.0,2020-12-07,segunda-feira,08:45:00,PE,101,58,RECIFE,Não guardar distância de segurança,Colisão traseira,Com Vítimas Feridas,Pleno dia,Crescente,Céu Claro,Dupla,Ponte,Sim,3,0,2,0,1,0,2,2,"-8,0636484","-34,9441836",SPRF-PE,DEL01-PE,UOP02-DEL01-PE
326441.0,2020-12-08,terça-feira,04:15:00,PE,428,24,CABROBO,Condutor Dormindo,Colisão frontal,Com Vítimas Feridas,Plena Noite,Crescente,Céu Claro,Simples,Reta,Não,2,0,0,1,1,0,1,2,"-8,48458005","-39,43306197",SPRF-PE,DEL05-PE,UOP03-DEL05-PE
326648.0,2020-12-09,quarta-feira,02:20:00,PE,104,21,TAQUARITINGA DO NORTE,Ingestão de Álcool,Colisão frontal,Com Vítimas Fatais,Plena Noite,Decrescente,Céu Claro,Simples,Curva,Não,2,1,1,0,0,0,1,2,"-7,964189","-36,124378",SPRF-PE,DEL02-PE,UOP01-DEL02-PE
326650.0,2020-12-08,terça-feira,23:50:00,PE,232,"374,9",FLORES,Falta de Atenção à Condução,Capotamento,Com Vítimas Feridas,Plena Noite,Crescente,Céu Claro,Simples,Curva,Não,1,0,0,1,0,0,1,1,"-8,02387516","-38,00823212",SPRF-PE,DEL04-PE,UOP01-DEL04-PE
326682.0,2020-12-09,quarta-feira,09:00:00,PE,101,"75,6",RECIFE,Falta de Atenção à Condução,Saída de leito carroçável,Sem Vítimas,Pleno dia,Decrescente,Chuva,Dupla,Reta,Sim,1,0,0,0,1,0,0,1,"-8,10973523","-34,94660151",SPRF-PE,DEL01-PE,UOP01-DEL01-PE
326796.0,2020-12-09,quarta-feira,19:10:00,PE,232,"68,3",GRAVATA,Falta de Atenção à Condução,Colisão lateral,Com Vítimas Feridas,Plena Noite,Crescente,Céu Claro,Dupla,Curva;Aclive                  ,Não,3,0,1,0,1,1,1,3,"-8,16728938","-35,47308397",SPRF-PE,DEL02-PE,UOP02-DEL02PE
326840.0,2020-12-10,quinta-feira,05:35:00,PE,232,62,POMBOS,Defeito Mecânico no Veículo,Saída de leito carroçável,Sem Vítimas,Amanhecer,Decrescente,Céu Claro,Dupla,Curva;Declive                 ,Não,1,0,0,0,1,0,0,1,"-8,15598579","-35,42308007",SPRF-PE,DEL02-PE,UOP02-DEL02PE
326859.0,2020-12-10,quinta-feira,08:14:00,PE,101,72,RECIFE,Falta de Atenção à Condução,Colisão lateral,Com Vítimas Feridas,Pleno dia,Crescente,Céu Claro,Dupla,Curva;Declive                 ,Sim,4,0,2,0,2,0,2,2,"-8,0913896","-34,94693225",SPRF-PE,DEL01-PE,UOP01-DEL01-PE
327114.0,2020-12-11,sexta-feira,12:30:00,PE,232,"12,2",JABOATAO DOS GUARARAPES,Falta de Atenção à Condução,Colisão transversal,Com Vítimas Fatais,Pleno dia,Crescente,Céu Claro,Dupla,Reta;Retorno Regulamentado    ,Não,3,1,0,0,2,0,0,2,"-8,086498","-35,0005686",SPRF-PE,DEL01-PE,UOP01-DEL01-PE
327150.0,2020-12-11,sexta-feira,12:15:00,PE,101,"75,9",RECIFE,Não guardar distância de segurança,Colisão lateral,Com Vítimas Feridas,Pleno dia,Crescente,Céu Claro,Dupla,Viaduto,Sim,4,0,1,2,0,1,3,2,"-8,10973523","-34,94660151",SPRF-PE,DEL01-PE,UOP01-DEL01-PE
327151.0,2020-12-11,sexta-feira,15:00:00,PE,101,112,CABO DE SANTO AGOSTINHO,Velocidade Incompatível,Saída de leito carroçável,Com Vítimas Feridas,Pleno dia,Crescente,Céu Claro,Dupla,Curva,Não,1,0,1,0,0,0,1,1,"-8,33107097","-35,12666499",SPRF-PE,DEL01-PE,UOP03-DEL01-PE
327240.0,2020-12-11,sexta-feira,20:00:00,PE,101,211,XEXEU,Falta de Atenção à Condução,Colisão com objeto estático,Sem Vítimas,Plena Noite,Decrescente,Vento,Múltipla,Reta,Não,1,0,0,0,1,0,0,1,"-8,85376199","-35,63270728",SPRF-PE,DEL01-PE,UOP03-DEL01-PE
327292.0,2020-12-12,sábado,03:20:00,PE,232,361,FLORES,Falta de Atenção à Condução,Colisão frontal,Com Vítimas Feridas,Plena Noite,Decrescente,Céu Claro,Simples,Aclive,Não,2,0,1,0,0,1,1,2,"-8,04452581","-37,88565299",SPRF-PE,DEL04-PE,UOP01-DEL04-PE
327354.0,2020-12-12,sábado,13:30:00,PE,101,78,JABOATAO DOS GUARARAPES,Falta de Atenção à Condução,Colisão traseira,Com Vítimas Feridas,Pleno dia,Decrescente,Céu Claro,Dupla,Reta,Sim,3,0,1,0,2,0,1,2,"-8,13496499","-34,94738614",SPRF-PE,DEL01-PE,UOP01-DEL01-PE
327509.0,2020-12-13,domingo,01:20:00,PE,104,79,AGRESTINA,Velocidade Incompatível,Tombamento,Com Vítimas Feridas,Plena Noite,Crescente,Chuva,Simples,Curva,Não,1,0,0,1,0,0,1,1,"-8,389074","-35,974712",SPRF-PE,DEL02-PE,UOP01-DEL02-PE
327876.0,2020-12-14,segunda-feira,12:40:00,PE,101,153,RIBEIRAO,Falta de Atenção do Pedestre,Atropelamento de Pedestre,Com Vítimas Fatais,Pleno dia,Crescente,Céu Claro,Dupla,Reta,Não,3,1,0,0,1,1,0,2,"-8,51981582","-35,39113909",SPRF-PE,DEL01-PE,UOP03-DEL01-PE
327885.0,2020-10-11,domingo,19:40:00,PE,104,119,PANELAS,Defeito Mecânico no Veículo,Colisão frontal,Com Vítimas Fatais,Plena Noite,Crescente,Céu Claro,Simples,Reta,Não,3,1,1,1,0,0,2,2,"-8,69214","-36,023621",SPRF-PE,DEL02-PE,UOP01-DEL02-PE
328012.0,2020-11-25,quarta-feira,12:20:00,PE,101,"49,2",ABREU E LIMA,Falta de Atenção à Condução,Colisão lateral,Sem Vítimas,Pleno dia,Crescente,Céu Claro,Múltipla,Reta,Sim,3,0,0,0,0,3,0,3,"-7,9030818","-34,9018434",SPRF-PE,DEL01-PE,UOP02-DEL01-PE
328095.0,2020-12-15,terça-feira,16:45:00,PE,232,"207,9",PESQUEIRA,Desobediência às normas de trânsito pelo condutor,Colisão transversal,Com Vítimas Fatais,Anoitecer,Decrescente,Céu Claro,Simples,Reta,Sim,2,1,1,0,0,0,1,2,"-8,369249","-36,670749",SPRF-PE,DEL02-PE,UOP03-DEL02-PE
328373.0,2020-12-16,quarta-feira,21:00:00,PE,101,"44,1",IGARASSU,Restrição de Visibilidade,Colisão lateral,Com Vítimas Feridas,Plena Noite,Decrescente,Céu Claro,Múltipla,Declive;Reta                  ,Sim,3,0,1,0,1,1,1,3,"-7,85637001","-34,90842109",SPRF-PE,DEL01-PE,UOP02-DEL01-PE
328487.0,2020-12-17,quinta-feira,14:30:00,PE,232,"187,1",SANHARO,Desobediência às normas de trânsito pelo condutor,Engavetamento,Sem Vítimas,Pleno dia,Crescente,Céu Claro,Simples,Reta,Não,4,0,0,0,4,0,0,4,"-8,35374275","-36,49159602",SPRF-PE,DEL02-PE,UOP03-DEL02-PE
328950.0,2020-12-19,sábado,17:10:00,PE,423,"119,8",PARANATAMA,Ultrapassagem Indevida,Colisão lateral,Com Vítimas Fatais,Pleno dia,Crescente,Céu Claro,Simples,Reta,Não,3,1,0,0,2,0,0,2,"-8,9104792","-36,684165",SPRF-PE,DEL03-PE,UOP01-DEL03-PE
329353.0,2020-12-20,domingo,22:00:00,PE,101,"31,7",IGARASSU,Falta de Atenção à Condução,Colisão traseira,Com Vítimas Feridas,Plena Noite,Crescente,Chuva,Dupla,Reta,Sim,2,0,0,1,0,1,1,2,"-7,74443874","-34,93872764",SPRF-PE,DEL01-PE,UOP02-DEL01-PE
329459.0,2020-12-14,segunda-feira,07:50:00,PE,101,87,CABO DE SANTO AGOSTINHO,Defeito Mecânico no Veículo,Colisão traseira,Com Vítimas Feridas,Pleno dia,Crescente,Sol,Simples,Reta,Sim,2,0,1,0,1,0,1,2,"-8,19120206","-34,97449985",SPRF-PE,DEL01-PE,UOP03-DEL01-PE
329467.0,2020-12-21,segunda-feira,11:30:00,PE,101,69,RECIFE,Falta de Atenção à Condução,Colisão lateral,Sem Vítimas,Pleno dia,Decrescente,Céu Claro,Dupla,Reta,Sim,2,0,0,0,2,0,0,2,"-8,05951606","-34,94581024",SPRF-PE,DEL01-PE,UOP01-DEL01-PE
329484.0,2020-12-21,segunda-feira,13:00:00,PE,101,"48,8",ABREU E LIMA,Desobediência às normas de trânsito pelo condutor,Colisão lateral,Com Vítimas Feridas,Pleno dia,Crescente,Céu Claro,Dupla,Reta,Sim,3,0,0,1,1,1,1,3,"-7,89174705","-34,9033493",SPRF-PE,DEL01-PE,UOP02-DEL01-PE
329534.0,2020-12-21,segunda-feira,16:40:00,PE,101,"90,7",CABO DE SANTO AGOSTINHO,Defeito Mecânico no Veículo,Saída de leito carroçável,Com Vítimas Feridas,Pleno dia,Decrescente,Céu Claro,Simples,Reta,Sim,1,0,1,0,0,0,1,1,"-8,21612792","-34,98772817",SPRF-PE,DEL01-PE,UOP03-DEL01-PE
329712.0,2020-12-22,terça-feira,14:25:00,PE,101,82,JABOATAO DOS GUARARAPES,Falta de Atenção à Condução,Colisão traseira,Sem Vítimas,Pleno dia,Decrescente,Céu Claro,Dupla,Reta;Declive                  ,Sim,2,0,0,0,2,0,0,2,"-8,168383","-34,9376",SPRF-PE,DEL01-PE,UOP03-DEL01-PE
329736.0,2020-12-22,terça-feira,13:50:00,PE,423,"55,8",LAJEDO,Defeito Mecânico no Veículo,Colisão com objeto em movimento,Com Vítimas Feridas,Pleno dia,Crescente,Céu Claro,Simples,Reta,Não,6,0,2,1,2,1,3,3,"-8,61537298","-36,29867707",SPRF-PE,DEL03-PE,UOP01-DEL03-PE
329807.0,2020-12-22,terça-feira,19:40:00,PE,101,109,CABO DE SANTO AGOSTINHO,Falta de Atenção do Pedestre,Atropelamento de Pedestre,Com Vítimas Fatais,Plena Noite,Crescente,Nublado,Dupla,Curva,Não,2,1,0,0,0,1,0,2,"-8,31012798","-35,09967817",SPRF-PE,DEL01-PE,UOP03-DEL01-PE
329819.0,2020-12-22,terça-feira,22:00:00,PE,232,"15,8",JABOATAO DOS GUARARAPES,Velocidade Incompatível,Derramamento de carga,Sem Vítimas,Plena Noite,Crescente,Céu Claro,Dupla,Reta,Não,6,0,0,0,6,0,0,2,"-8,093782","-35,032945",SPRF-PE,DEL01-PE,UOP01-DEL01-PE
329859.0,2020-12-23,quarta-feira,05:00:00,PE,101,70,RECIFE,Defeito na Via,Saída de leito carroçável,Sem Vítimas,Amanhecer,Crescente,Céu Claro,Simples,Curva,Sim,1,0,0,0,1,0,0,1,"-8,06776119","-34,94265074",SPRF-PE,DEL01-PE,UOP01-DEL01-PE
329874.0,2020-12-23,quarta-feira,05:20:00,PE,101,"116,7",IPOJUCA,Agressão Externa,Tombamento,Sem Vítimas,Amanhecer,Crescente,Céu Claro,Dupla,Reta,Não,3,0,0,0,2,1,0,2,"-8,34532196","-35,14676704",SPRF-PE,DEL01-PE,UOP03-DEL01-PE
329907.0,2020-12-23,quarta-feira,09:20:00,PE,101,94,CABO DE SANTO AGOSTINHO,Restrição de Visibilidade,Colisão lateral,Sem Vítimas,Pleno dia,Decrescente,Céu Claro,Dupla,Reta;Retorno Regulamentado    ,Não,2,0,0,0,2,0,0,2,"-8,24829064","-35,00697936",SPRF-PE,DEL01-PE,UOP03-DEL01-PE
329932.0,2020-12-23,quarta-feira,12:20:00,PE,101,"84,9",JABOATAO DOS GUARARAPES,Restrição de Visibilidade,Colisão lateral,Sem Vítimas,Pleno dia,Decrescente,Céu Claro,Múltipla,Reta,Sim,2,0,0,0,2,0,0,2,"-8,17778559","-34,95087297",SPRF-PE,DEL01-PE,UOP03-DEL01-PE
330100.0,2020-12-24,quinta-feira,03:00:00,PE,101,"51,5",ABREU E LIMA,Falta de Atenção à Condução,Saída de leito carroçável,Com Vítimas Feridas,Amanhecer,Decrescente,Nublado,Dupla,Curva,Sim,1,0,1,0,0,0,1,1,"-7,9169968","-34,89689272",SPRF-PE,DEL01-PE,UOP02-DEL01-PE
330181.0,2020-12-24,quinta-feira,11:05:00,PE,423,"93,2",GARANHUNS,Falta de Atenção à Condução,Colisão transversal,Com Vítimas Feridas,Pleno dia,Crescente,Céu Claro,Simples,Reta,Sim,4,0,0,3,1,0,3,2,"-8,86972012","-36,46323792",SPRF-PE,DEL03-PE,UOP01-DEL03-PE
330729.0,2020-12-26,sábado,22:40:00,PE,101,"10,8",GOIANA,Ingestão de Álcool,Colisão traseira,Com Vítimas Feridas,Plena Noite,Crescente,Nublado,Dupla,Reta;Aclive                   ,Não,2,0,0,1,0,1,1,2,"-7,58679204","-34,98736241",SPRF-PE,DEL01-PE,UOP02-DEL01-PE
330800.0,2020-12-27,domingo,10:00:00,PE,116,"33,6",SALGUEIRO,Ultrapassagem Indevida,Colisão frontal,Com Vítimas Feridas,Pleno dia,Crescente,Céu Claro,Simples,Declive,Não,2,0,0,1,0,1,1,2,"-8,127007","-39,115208",SPRF-PE,DEL05-PE,UOP01-DEL05-PE
330921.0,2020-12-27,domingo,17:00:00,PE,116,"74,2",CABROBO,Avarias e/ou desgaste excessivo no pneu,Colisão frontal,Com Vítimas Fatais,Pleno dia,Decrescente,Céu Claro,Simples,Reta,Não,6,2,0,1,3,0,1,2,"-8,47402","-39,201294",SPRF-PE,DEL05-PE,UOP03-DEL05-PE
330952.0,2020-12-28,segunda-feira,02:00:00,PE,232,"30,1",MORENO,Animais na Pista,Atropelamento de Animal,Sem Vítimas,Plena Noite,Decrescente,Chuva,Dupla,Curva,Não,1,0,0,0,1,0,0,1,"-8,11063325","-35,15197001",SPRF-PE,DEL02-PE,UOP02-DEL02PE
331073.0,2020-12-28,segunda-feira,18:00:00,PE,101,"70,7",RECIFE,Velocidade Incompatível,Saída de leito carroçável,Com Vítimas Fatais,Plena Noite,Crescente,Céu Claro,Dupla,Curva,Sim,1,1,0,0,0,0,0,1,"-8,06776119","-34,94265074",SPRF-PE,DEL01-PE,UOP01-DEL01-PE
331299.0,2020-12-29,terça-feira,22:30:00,PE,232,"59,7",POMBOS,Falta de Atenção do Pedestre,Atropelamento de Pedestre,Com Vítimas Fatais,Plena Noite,Decrescente,Céu Claro,Dupla,Reta;Declive                  ,Sim,3,1,0,1,0,1,1,2,"-8,1471233","-35,39890998",SPRF-PE,DEL02-PE,UOP02-DEL02PE
331374.0,2020-12-30,quarta-feira,11:25:00,PE,428,"189,4",PETROLINA,Defeito Mecânico no Veículo,Colisão traseira,Com Vítimas Feridas,Pleno dia,Crescente,Sol,Dupla,Reta,Sim,3,0,1,0,2,0,1,2,"-9,37764358","-40,50361534",SPRF-PE,DEL06-PE,UOP01-DEL06-PE
331488.0,2020-12-30,quarta-feira,22:25:00,PE,101,"71,6",RECIFE,Falta de Atenção do Pedestre,Atropelamento de Pedestre,Sem Vítimas,Plena Noite,Decrescente,Ignorado,Dupla,Curva,Sim,2,0,0,0,1,1,0,2,"-8,083267","-34,943619",SPRF-PE,DEL01-PE,UOP01-DEL01-PE
331627.0,2020-12-31,quinta-feira,11:40:00,PE,101,"189,9",PALMARES,Falta de Atenção à Condução,Colisão com objeto,Sem Vítimas,Pleno dia,Decrescente,Chuva,Dupla,Curva,Não,1,0,0,0,1,0,0,1,"-8,695628","-35,610067",SPRF-PE,DEL01-PE,UOP03-DEL01-PE
331867.0,2020-12-17,quinta-feira,02:37:00,PE,408,75,PAUDALHO,Velocidade Incompatível,Tombamento,Com Vítimas Feridas,Plena Noite,Crescente,Céu Claro,Múltipla,Curva,Sim,10,0,5,5,0,0,10,2,"-7,9059185","-35,17337507",SPRF-PE,DEL01-PE,UOP01-DEL01-PE
361621.0,2020-07-21,terça-feira,18:30:00,PE,316,"366,3",PETROLANDIA,Velocidade Incompatível,Colisão frontal,Com Vítimas Feridas,Plena Noite,Crescente,Céu Claro,Simples,Reta,Sim,3,0,1,1,1,0,2,2,"-8,97062593","-38,21759485",SPRF-PE,DEL04-PE,UOP01-DEL04-PE
376404.0,2020-08-07,sexta-feira,15:15:00,PE,428,"140,5",PETROLINA,Falta de Atenção à Condução,Colisão frontal,Com Vítimas Feridas,Pleno dia,Crescente,Céu Claro,Simples,Reta,Sim,4,0,1,2,1,0,3,2,"-8,992364","-40,270164",SPRF-PE,DEL06-PE,UOP01-DEL06-PE
385496.0,2020-04-12,domingo,19:38:00,PE,428,"182,3",PETROLINA,Ultrapassagem Indevida,Colisão frontal,Com Vítimas Feridas,Plena Noite,Crescente,Céu Claro,Simples,Reta,Não,3,0,0,1,1,1,1,3,"-9,31614989","-40,45800722",SPRF-PE,DEL06-PE,UOP01-DEL06-PE
453619.0,2020-10-14,quarta-feira,12:50:00,PE,101,55,PAULISTA,Não guardar distância de segurança,Colisão com objeto estático,Com Vítimas Feridas,Pleno dia,Decrescente,Nublado,Dupla,Reta,Não,6,0,0,2,3,1,2,5,"-7,94806621","-34,9062148",SPRF-PE,DEL01-PE,UOP02-DEL01-PE
518160.0,2020-12-28,segunda-feira,16:45:00,PE,101,93,CABO DE SANTO AGOSTINHO,Reação tardia ou ineficiente do condutor,Colisão lateral,Com Vítimas Fatais,Pleno dia,Crescente,Céu Claro,Dupla,Reta,Sim,10,1,0,6,2,1,6,6,"-8,2396419","-35,00335418",SPRF-PE,DEL01-PE,UOP01-DEL01-PE
575452.0,2020-07-31,sexta-feira,23:00:00,PE,101,56,PAULISTA,Ingestão de álcool pelo condutor,Saída de leito carroçável,Com Vítimas Feridas,Plena Noite,Decrescente,Chuva,Dupla,Curva,Não,4,0,3,0,1,0,3,1,"-7,9554509","-34,91140727",SPRF-PE,DEL01-PE,UOP02-DEL01-PE
268875.0,2020-02-12,quarta-feira,19:00:00,PE,232,"7,8",RECIFE,Defeito Mecânico no Veículo,Saída de leito carroçável,Sem Vítimas,Plena Noite,Decrescente,Nublado,Dupla,Reta,Sim,1,0,0,0,0,1,0,1,"-8,07350652","-34,96115685",SPRF-PE,DEL01-PE,UOP01-DEL01-PE