id,data_inversa,dia_semana,horario,uf,br,km,municipio,causa_acidente,tipo_acidente,classificacao_acidente,fase_dia,sentido_via,condicao_metereologica,tipo_pista,tracado_via,uso_solo,pessoas,mortos,feridos_leves,feridos_graves,ilesos,ignorados,feridos,veiculos,latitude,longitude,regional,delegacia,uop
260050.0,2020-01-01,quarta-feira,03:40:00,PE,101,"49,5",ABREU E LIMA,Falta de Atenção à Condução,Colisão lateral,Com Vítimas Feridas,Plena Noite,Crescente,Céu Claro,Múltipla,Reta,Sim,4,0,0,2,1,1,2,2,"-7,9005152","-34,90180641",SPRF-PE,DEL01-PE,UOP02-DEL01-PE
260126.0,2020-01-01,quarta-feira,08:40:00,PE,104,"69,9",CARUARU,Ingestão de Álcool,Capotamento,Com Vítimas Feridas,Pleno dia,Decrescente,Chuva,Dupla,Curva,Não,1,0,1,0,0,0,1,1,"-8,31962","-35,991108",SPRF-PE,DEL02-PE,UOP01-DEL02-PE
260134.0,2020-01-01,quarta-feira,13:15:00,PE,232,"410,1",SERRA TALHADA,Desobediência às normas de trânsito pelo condutor,Colisão frontal,Com Vítimas Feridas,Pleno dia,Decrescente,Sol,Simples,Reta,Sim,2,0,0,1,1,0,1,2,"-7,98261841","-38,30039606",SPRF-PE,DEL04-PE,UOP01-DEL04-PE
260172.0,2020-01-01,quarta-feira,16:30:00,PE,408,"75,4",PAUDALHO,Não guardar distância de segurança,Colisão traseira,Com Vítimas Feridas,Anoitecer,Decrescente,Céu Claro,Dupla,Reta,Não,3,0,2,0,1,0,2,2,"-7,90594592","-35,1732636",SPRF-PE,DEL01-PE,UOP01-DEL01-PE
260180.0,2020-01-01,quarta-feira,17:30:00,PE,101,186,PALMARES,Desobediência às normas de trânsito pelo condutor,Colisão transversal,Com Vítimas Feridas,Anoitecer,Decrescente,Céu Claro,Dupla,Reta,Não,2,0,1,0,0,1,1,2,"-8,68263674","-35,57938824",SPRF-PE,DEL01-PE,UOP03-DEL01-PE
260269.0,2020-01-02,quinta-feira,06:30:00,PE,232,"27,5",MORENO,Desobediência às normas de trânsito pelo condutor,Colisão com objeto estático,Com Vítimas Feridas,Pleno dia,Decrescente,Céu Claro,Dupla,Reta,Não,2,0,1,0,0,1,1,2,"-8,11418416","-35,12568999",SPRF-PE,DEL01-PE,UOP02-DEL02PE
260378.0,2020-01-02,quinta-feira,14:45:00,PE,101,"82,3",JABOATAO DOS GUARARAPES,Falta de Atenção à Condução,Colisão lateral,Sem Vítimas,Pleno dia,Crescente,Céu Claro,Dupla,Reta,Sim,1,0,0,0,1,0,0,1,"-8,168383","-34,9376",SPRF-PE,DEL01-PE,UOP03-DEL01-PE
260420.0,2020-01-02,quinta-feira,18:00:00,PE,101,54,PAULISTA,Desobediência às normas de trânsito pelo condutor,Colisão traseira,Com Vítimas Feridas,Plena Noite,Decrescente,Céu Claro,Dupla,Reta,Não,2,0,1,0,1,0,1,2,"-7,948726","-34,907193",SPRF-PE,DEL01-PE,UOP02-DEL01-PE
260437.0,2020-01-02,quinta-feira,20:00:00,PE,101,"56,9",RECIFE,Falta de Atenção à Condução,Colisão transversal,Com Vítimas Feridas,Plena Noite,Crescente,Vento,Múltipla,Reta,Não,3,0,2,0,1,0,2,2,"-7,9554509","-34,91140727",SPRF-PE,DEL01-PE,UOP02-DEL01-PE
260547.0,2020-01-03,sexta-feira,11:00:00,PE,101,"86,6",JABOATAO DOS GUARARAPES,Velocidade Incompatível,Colisão lateral,Com Vítimas Feridas,Pleno dia,Decrescente,Céu Claro,Dupla,Reta,Sim,2,0,0,1,1,0,1,2,"-8,18470013","-34,96816895",SPRF-PE,DEL01-PE,UOP03-DEL01-PE
260589.0,2020-01-03,sexta-feira,14:00:00,PE,101,"46,8",IGARASSU,Ingestão de Álcool,Colisão traseira,Com Vítimas Feridas,Pleno dia,Decrescente,Céu Claro,Múltipla,Reta,Sim,3,0,1,0,2,0,1,2,"-7,87406004","-34,90588126",SPRF-PE,DEL01-PE,UOP02-DEL01-PE
260618.0,2020-01-03,sexta-feira,15:50:00,PE,428,"184,9",PETROLINA,Desobediência às normas de trânsito pelo condutor,Colisão transversal,Com Vítimas Feridas,Pleno dia,Decrescente,Céu Claro,Simples,Reta,Sim,3,0,2,0,1,0,2,2,"-9,33211208","-40,46621385",SPRF-PE,DEL06-PE,UOP01-DEL06-PE
260665.0,2020-01-03,sexta-feira,19:20:00,PE,101,"9,8",GOIANA,Falta de Atenção do Pedestre,Capotamento,Sem Vítimas,Plena Noite,Decrescente,Céu Claro,Dupla,Reta,Não,1,0,0,0,0,1,0,1,"-7,57788903","-34,98847822",SPRF-PE,DEL01-PE,UOP02-DEL01-PE
260702.0,2020-01-03,sexta-feira,19:00:00,PE,101,10,GOIANA,Falta de Atenção à Condução,Colisão transversal,Com Vítimas Feridas,Plena Noite,Decrescente,Céu Claro,Dupla,Reta,Não,2,0,0,1,1,0,1,2,"-7,58679204","-34,98736241",SPRF-PE,DEL01-PE,UOP02-DEL01-PE
260764.0,2020-01-04,sábado,10:10:00,PE,101,"50,9",ABREU E LIMA,Falta de Atenção à Condução,Colisão traseira,Com Vítimas Feridas,Pleno dia,Crescente,Sol,Múltipla,Reta,Sim,2,0,1,0,1,0,1,2,"-7,90938602","-34,90123228",SPRF-PE,DEL01-PE,UOP02-DEL01-PE
260791.0,2020-01-04,sábado,12:20:00,PE,101,45,ABREU E LIMA,Desobediência às normas de trânsito pelo condutor,Colisão lateral,Com Vítimas Feridas,Pleno dia,Decrescente,Sol,Múltipla,Reta,Sim,2,0,1,0,1,0,1,2,"-7,86521297","-34,90715176",SPRF-PE,DEL01-PE,UOP02-DEL01-PE
260801.0,2020-01-04,sábado,08:30:00,PE,101,"83,3",JABOATAO DOS GUARARAPES,Mal Súbito,Saída de leito carroçável,Com Vítimas Feridas,Pleno dia,Decrescente,Céu Claro,Dupla,Aclive,Sim,2,0,2,0,0,0,2,1,"-8,175172","-34,942642",SPRF-PE,DEL01-PE,UOP03-DEL01-PE
260858.0,2020-01-04,sábado,18:00:00,PE,232,"100,8",BEZERROS,Deficiência ou não Acionamento do Sistema de Iluminação/Sinalização do Veículo,Colisão transversal,Sem Vítimas,Plena Noite,Crescente,Céu Claro,Simples,Interseção de Vias,Sim,2,0,0,0,1,1,0,2,"-8,23791176","-35,74297705",SPRF-PE,DEL01-PE,UOP02-DEL02PE
260880.0,2020-01-04,sábado,20:40:00,PE,101,"65,5",RECIFE,Falta de Atenção à Condução,Colisão transversal,Com Vítimas Feridas,Plena Noite,Crescente,Céu Claro,Dupla,Reta,Sim,2,0,1,0,1,0,1,2,"-8,02478597","-34,94276635",SPRF-PE,DEL01-PE,UOP01-DEL01-PE
260938.0,2020-01-05,domingo,03:30:00,PE,101,"73,9",RECIFE,Velocidade Incompatível,Saída de leito carroçável,Sem Vítimas,Plena Noite,Crescente,Chuva,Dupla,Curva,Sim,1,0,0,0,0,1,0,1,"-8,093369","-34,947464",SPRF-PE,DEL01-PE,UOP01-DEL01-PE
260943.0,2020-01-05,domingo,06:00:00,PE,116,"63,6",CABROBO,Defeito Mecânico no Veículo,Capotamento,Com Vítimas Feridas,Pleno dia,Crescente,Céu Claro,Simples,Reta,Não,5,0,3,0,2,0,3,1,"-8,385413","-39,156868",SPRF-PE,DEL05-PE,UOP03-DEL05-PE
260945.0,2020-01-05,domingo,07:40:00,PE,101,102,CABO DE SANTO AGOSTINHO,Velocidade Incompatível,Colisão traseira,Com Vítimas Feridas,Pleno dia,Crescente,Céu Claro,Dupla,Curva,Sim,2,0,0,1,1,0,1,2,"-8,28368856","-35,05795866",SPRF-PE,DEL01-PE,UOP03-DEL01-PE
261001.0,2020-01-05,domingo,14:15:00,PE,423,"74,4",JUPI,Ultrapassagem Indevida,Colisão lateral,Com Vítimas Feridas,Pleno dia,Crescente,Céu Claro,Simples,Curva,Sim,2,0,2,0,0,0,2,2,"-8,71781039","-36,42290446",SPRF-PE,DEL03-PE,UOP01-DEL03-PE
261022.0,2020-01-05,domingo,16:25:00,PE,101,"77,7",RECIFE,Ingestão de Álcool,Colisão lateral,Com Vítimas Feridas,Pleno dia,Decrescente,Céu Claro,Dupla,Reta,Sim,3,0,3,0,0,0,3,2,"-8,126982","-34,94386",SPRF-PE,DEL01-PE,UOP01-DEL01-PE
261023.0,2020-01-05,domingo,17:00:00,PE,104,88,AGRESTINA,Falta de Atenção à Condução,Colisão traseira,Sem Vítimas,Pleno dia,Decrescente,Nublado,Simples,Reta,Sim,2,0,0,0,2,0,0,2,"-8,461552","-35,94022",SPRF-PE,DEL02-PE,UOP01-DEL02-PE
261036.0,2020-01-05,domingo,16:50:00,PE,232,39,VITORIA DE SANTO ANTAO,Falta de Atenção à Condução,Capotamento,Com Vítimas Feridas,Pleno dia,Crescente,Sol,Dupla,Reta,Sim,2,0,2,0,0,0,2,1,"-8,11725249","-35,2270359",SPRF-PE,DEL01-PE,UOP02-DEL02PE
261074.0,2020-01-05,domingo,19:20:00,PE,101,"51,4",PAULISTA,Falta de Atenção do Pedestre,Atropelamento de Pedestre,Com Vítimas Fatais,Plena Noite,Crescente,Céu Claro,Múltipla,Reta,Sim,2,1,0,0,1,0,0,2,"-7,9169968","-34,89689272",SPRF-PE,DEL01-PE,UOP02-DEL01-PE
261096.0,2020-01-05,domingo,21:40:00,PE,101,"51,8",PAULISTA,Objeto estático sobre o leito carroçável,Tombamento,Com Vítimas Feridas,Plena Noite,Decrescente,Vento,Múltipla,Curva,Sim,1,0,1,0,0,0,1,1,"-7,9169968","-34,89689272",SPRF-PE,DEL01-PE,UOP02-DEL01-PE
261122.0,2020-01-06,segunda-feira,06:20:00,PE,408,"94,4",SAO LOURENCO DA MATA,Velocidade Incompatível,Colisão traseira,Com Vítimas Feridas,Pleno dia,Crescente,Céu Claro,Dupla,Curva,Sim,2,0,1,0,1,0,1,2,"-8,009474","-35,04284",SPRF-PE,DEL01-PE,UOP01-DEL01-PE
261142.0,2020-01-06,segunda-feira,08:45:00,PE,101,"15,2",GOIANA,Condutor Dormindo,Saída de leito carroçável,Com Vítimas Feridas,Pleno dia,Decrescente,Céu Claro,Múltipla,Reta,Não,2,0,2,0,0,0,2,1,"-7,62621106","-34,96669711",SPRF-PE,DEL01-PE,UOP02-DEL01-PE
261160.0,2020-01-06,segunda-feira,11:15:00,PE,101,"47,5",IGARASSU,Não guardar distância de segurança,Colisão traseira,Sem Vítimas,Pleno dia,Crescente,Sol,Múltipla,Reta,Sim,3,0,0,0,2,1,0,3,"-7,88290701","-34,90461208",SPRF-PE,DEL01-PE,UOP02-DEL01-PE
261234.0,2020-01-06,segunda-feira,18:30:00,PE,232,"10,8",JABOATAO DOS GUARARAPES,Não guardar distância de segurança,Colisão traseira,Com Vítimas Feridas,Plena Noite,Crescente,Céu Claro,Dupla,Reta,Sim,2,0,1,0,1,0,1,2,"-8,07917241","-34,98718609",SPRF-PE,DEL01-PE,UOP01-DEL01-PE
261250.0,2020-01-06,segunda-feira,19:50:00,PE,232,"107,4",BEZERROS,Objeto estático sobre o leito carroçável,Colisão com objeto estático,Com Vítimas Feridas,Plena Noite,Decrescente,Céu Claro,Dupla,Reta,Não,4,0,2,0,2,0,2,1,"-8,26839017","-35,79746685",SPRF-PE,DEL02-PE,UOP03-DEL02-PE
261260.0,2020-01-06,segunda-feira,21:00:00,PE,101,"67,8",RECIFE,Ingestão de Álcool,Colisão traseira,Sem Vítimas,Plena Noite,Decrescente,Céu Claro,Múltipla,Reta,Sim,2,0,0,0,2,0,0,2,"-8,042334","-34,943096",SPRF-PE,DEL01-PE,UOP01-DEL01-PE
261306.0,2020-01-07,terça-feira,07:40:00,PE,232,"8,8",RECIFE,Falta de Atenção à Condução,Colisão traseira,Sem Vítimas,Pleno dia,Decrescente,Céu Claro,Dupla,Reta,Não,2,0,0,0,2,0,0,2,"-8,07583727","-34,97015791",SPRF-PE,DEL01-PE,UOP01-DEL01-PE
261346.0,2020-01-07,terça-feira,13:20:00,PE,232,"14,8",JABOATAO DOS GUARARAPES,Falta de Atenção do Pedestre,Atropelamento de Pedestre,Com Vítimas Fatais,Pleno dia,Crescente,Céu Claro,Dupla,Reta,Sim,2,1,0,0,1,0,0,2,"-8,09025488","-35,02052302",SPRF-PE,DEL01-PE,UOP01-DEL01-PE
261350.0,2020-01-07,terça-feira,13:15:00,PE,101,91,CABO DE SANTO AGOSTINHO,Defeito Mecânico no Veículo,Colisão com objeto em movimento,Com Vítimas Feridas,Pleno dia,Crescente,Sol,Dupla,Reta,Não,2,0,0,1,1,0,1,2,"-8,22399812","-34,99290474",SPRF-PE,DEL01-PE,UOP03-DEL01-PE
261357.0,2020-01-07,terça-feira,08:49:00,PE,232,"32,1",MORENO,Pista Escorregadia,Capotamento,Com Vítimas Feridas,Pleno dia,Decrescente,Sol,Dupla,Reta,Não,2,0,2,0,0,0,2,1,"-8,10541732","-35,1665671",SPRF-PE,DEL01-PE,UOP02-DEL02PE
261396.0,2020-01-07,terça-feira,18:40:00,PE,101,"42,7",IGARASSU,Agressão Externa,Saída de leito carroçável,Com Vítimas Feridas,Plena Noite,Decrescente,Céu Claro,Múltipla,Reta,Sim,4,0,4,0,0,0,4,1,"-7,83887431","-34,91196739",SPRF-PE,DEL01-PE,UOP02-DEL01-PE
261459.0,2020-01-08,quarta-feira,08:00:00,PE,104,"66,8",CARUARU,Não guardar distância de segurança,Colisão traseira,Com Vítimas Feridas,Pleno dia,Crescente,Céu Claro,Dupla,Reta,Sim,2,0,1,0,1,0,1,2,"-8,29384148","-35,98637223",SPRF-PE,DEL02-PE,UOP01-DEL02-PE
261561.0,2020-01-08,quarta-feira,18:30:00,PE,101,"85,9",JABOATAO DOS GUARARAPES,Animais na Pista,Atropelamento de Animal,Com Vítimas Feridas,Plena Noite,Crescente,Céu Claro,Dupla,Reta,Não,1,0,1,0,0,0,1,1,"-8,18065563","-34,95965322",SPRF-PE,DEL01-PE,UOP03-DEL01-PE
261592.0,2020-01-08,quarta-feira,21:30:00,PE,101,"64,1",RECIFE,Mal Súbito,Colisão com objeto estático,Com Vítimas Feridas,Plena Noite,Decrescente,Céu Claro,Dupla,Reta,Não,1,0,1,0,0,0,1,1,"-8,0162921","-34,94045886",SPRF-PE,DEL01-PE,UOP01-DEL01-PE
261595.0,2020-01-08,quarta-feira,22:00:00,PE,101,"74,2",RECIFE,Mal Súbito,Saída de leito carroçável,Com Vítimas Feridas,Plena Noite,Decrescente,Céu Claro,Dupla,Curva,Sim,1,0,1,0,0,0,1,1,"-8,10146485","-34,94901577",SPRF-PE,DEL01-PE,UOP01-DEL01-PE
261650.0,2020-01-09,quinta-feira,09:20:00,PE,101,"83,8",JABOATAO DOS GUARARAPES,Falta de Atenção à Condução,Colisão lateral,Com Vítimas Feridas,Pleno dia,Decrescente,Céu Claro,Simples,Reta,Sim,2,0,1,0,1,0,1,2,"-8,175172","-34,942642",SPRF-PE,DEL01-PE,UOP03-DEL01-PE
261682.0,2020-01-09,quinta-feira,12:39:00,PE,232,84,GRAVATA,Falta de Atenção à Condução,Saída de leito carroçável,Sem Vítimas,Pleno dia,Decrescente,Sol,Dupla,Reta,Não,6,0,0,0,5,1,0,2,"-8,20652068","-35,60312748",SPRF-PE,DEL01-PE,UOP02-DEL02PE
261701.0,2020-01-09,quinta-feira,14:00:00,PE,428,187,PETROLINA,Desobediência às normas de trânsito pelo condutor,Colisão transversal,Sem Vítimas,Pleno dia,Crescente,Nublado,Simples,Reta,Sim,3,0,0,0,1,2,0,2,"-9,37092731","-40,48620701",SPRF-PE,DEL06-PE,UOP01-DEL06-PE
261703.0,2020-01-09,quinta-feira,15:00:00,PE,232,"7,7",RECIFE,Falta de Atenção à Condução,Engavetamento,Sem Vítimas,Pleno dia,Crescente,Sol,Dupla,Reta,Sim,3,0,0,0,3,0,0,3,"-8,07333497","-34,96184301",SPRF-PE,DEL01-PE,UOP01-DEL01-PE
261740.0,2020-01-09,quinta-feira,18:30:00,PE,101,"71,7",RECIFE,Ingestão de Álcool,Atropelamento de Pedestre,Com Vítimas Feridas,Plena Noite,Decrescente,Nublado,Dupla,Reta,Sim,3,0,0,1,2,0,1,2,"-8,07663102","-34,94277871",SPRF-PE,DEL01-PE,UOP01-DEL01-PE
261748.0,2020-01-09,quinta-feira,17:40:00,PE,423,"39,5",CACHOEIRINHA,Desobediência às normas de trânsito pelo condutor,Colisão frontal,Com Vítimas Feridas,Anoitecer,Crescente,Céu Claro,Simples,Reta,Sim,5,0,1,1,3,0,2,2,"-8,4897115","-36,23275995",SPRF-PE,DEL03-PE,UOP01-DEL03-PE
261763.0,2020-01-09,quinta-feira,19:00:00,PE,232,"27,5",MORENO,Objeto estático sobre o leito carroçável,Colisão com objeto estático,Com Vítimas Feridas,Plena Noite,Crescente,Céu Claro,Dupla,Reta,Não,2,0,0,2,0,0,2,2,"-8,11418416","-35,12568999",SPRF-PE,DEL01-PE,UOP02-DEL02PE
261806.0,2020-01-10,sexta-feira,01:00:00,PE,101,"48,7",ABREU E LIMA,Animais na Pista,Atropelamento de Animal,Sem Vítimas,Plena Noite,Crescente,Céu Claro,Múltipla,Reta;Aclive                   ,Sim,2,0,0,0,2,0,0,1,"-7,89174705","-34,9033493",SPRF-PE,DEL01-PE,UOP02-DEL01-PE
261865.0,2020-01-10,sexta-feira,09:40:00,PE,104,"39,9",CARUARU,Desobediência às normas de trânsito pelo condutor,Saída de leito carroçável,Com Vítimas Feridas,Pleno dia,Crescente,Nublado,Dupla,Reta,Não,1,0,1,0,0,0,1,1,"-8,0861","-36,0377",SPRF-PE,DEL02-PE,UOP01-DEL02-PE
261880.0,2020-01-10,sexta-feira,10:40:00,PE,101,151,RIBEIRAO,Velocidade Incompatível,Capotamento,Com Vítimas Feridas,Pleno dia,Crescente,Céu Claro,Múltipla,Reta,Não,2,0,1,1,0,0,2,1,"-8,50224498","-35,38851271",SPRF-PE,DEL01-PE,UOP03-DEL01-PE
261921.0,2020-01-10,sexta-feira,16:00:00,PE,101,72,RECIFE,Mal Súbito,Tombamento,Com Vítimas Feridas,Pleno dia,Decrescente,Céu Claro,Dupla,Reta,Sim,1,0,0,1,0,0,1,1,"-8,08493106","-34,9450639",SPRF-PE,DEL01-PE,UOP01-DEL01-PE
261981.0,2020-01-10,sexta-feira,18:10:00,PE,424,"101,8",GARANHUNS,Falta de Atenção à Condução,Colisão traseira,Com Vítimas Feridas,Plena Noite,Crescente,Céu Claro,Simples,Reta;Interseção de Vias       ,Não,3,0,0,1,1,1,1,3,"-8,96537965","-36,51714353",SPRF-PE,DEL03-PE,UOP01-DEL03-PE
262046.0,2020-01-11,sábado,04:50:00,PE,104,"85,9",AGRESTINA,Ingestão de Álcool,Colisão lateral,Sem Vítimas,Amanhecer,Crescente,Céu Claro,Simples,Curva,Não,6,0,0,0,6,0,0,2,"-8,438719","-35,955177",SPRF-PE,DEL02-PE,UOP01-DEL02-PE
262073.0,2020-01-11,sábado,09:00:00,PE,101,5,GOIANA,Falta de Atenção à Condução,Capotamento,Com Vítimas Feridas,Pleno dia,Decrescente,Céu Claro,Simples,Reta,Não,1,0,1,0,0,0,1,1,"-7,541764","-34,991394",SPRF-PE,DEL01-PE,UOP02-DEL01-PE
262173.0,2020-01-11,sábado,15:30:00,PE,428,"61,5",SANTA MARIA DA BOA VISTA,Condutor Dormindo,Saída de leito carroçável,Com Vítimas Feridas,Pleno dia,Crescente,Céu Claro,Simples,Reta,Não,3,0,3,0,0,0,3,1,"-8,63437585","-39,71140213",SPRF-PE,DEL06-PE,UOP03-DEL06-PE
262298.0,2020-01-12,domingo,10:30:00,PE,232,"508,3",SALGUEIRO,Desobediência às normas de trânsito pelo condutor,Colisão transversal,Com Vítimas Feridas,Pleno dia,Crescente,Céu Claro,Simples,Reta,Sim,2,0,0,1,1,0,1,2,"-8,06275641","-39,12330151",SPRF-PE,DEL05-PE,UOP01-DEL05-PE
262313.0,2020-01-12,domingo,09:05:00,PE,423,"173,3",AGUAS BELAS,Falta de Atenção à Condução,Colisão traseira,Com Vítimas Feridas,Pleno dia,Decrescente,Céu Claro,Simples,Declive,Não,2,0,1,0,1,0,1,2,"-9,1288795","-37,07829703",SPRF-AL,DEL03-AL,UOP02-DEL03-AL
262315.0,2020-01-12,domingo,12:25:00,PE,232,"126,9",CARUARU,Falta de Atenção à Condução,Saída de leito carroçável,Com Vítimas Feridas,Pleno dia,Decrescente,Céu Claro,Dupla,Curva,Sim,2,0,1,0,1,0,1,2,"-8,30539219","-35,96744657",SPRF-PE,DEL02-PE,UOP03-DEL02-PE
262317.0,2020-01-12,domingo,13:20:00,PE,232,"468,6",MIRANDIBA,Desobediência às normas de trânsito pelo condutor,Colisão frontal,Com Vítimas Fatais,Pleno dia,Crescente,Céu Claro,Simples,Reta,Não,2,1,0,1,0,0,1,2,"-8,022357","-38,78991",SPRF-PE,DEL05-PE,UOP01-DEL05-PE
262354.0,2020-01-12,domingo,15:42:00,PE,428,"189,9",PETROLINA,Desobediência às normas de trânsito pelo condutor,Colisão traseira,Com Vítimas Feridas,Pleno dia,Crescente,Céu Claro,Dupla,Reta,Sim,3,0,1,1,1,0,2,2,"-9,37197508","-40,48679585",SPRF-PE,DEL06-PE,UOP01-DEL06-PE
262365.0,2020-01-12,domingo,17:10:00,PE,101,72,RECIFE,Falta de Atenção à Condução,Colisão com objeto estático,Com Vítimas Feridas,Anoitecer,Crescente,Céu Claro,Dupla,Reta,Sim,1,0,1,0,0,0,1,1,"-8,08493106","-34,9450639",SPRF-PE,DEL01-PE,UOP01-DEL01-PE
262371.0,2020-01-12,domingo,15:10:00,PE,408,"68,2",PAUDALHO,Falta de Atenção à Condução,Saída de leito carroçável,Com Vítimas Fatais,Pleno dia,Crescente,Ignorado,Dupla,Declive,Não,1,1,0,0,0,0,0,1,"-7,864082","-35,206954",SPRF-PE,DEL01-PE,UOP01-DEL01-PE
262402.0,2020-01-12,domingo,18:00:00,PE,423,"88,4",SAO JOAO,Falta de Atenção à Condução,Capotamento,Sem Vítimas,Anoitecer,Decrescente,Céu Claro,Simples,Declive,Não,1,0,0,0,0,1,0,1,"-8,82983618","-36,45245561",SPRF-PE,DEL03-PE,UOP01-DEL03-PE
262488.0,2020-01-13,segunda-feira,06:30:00,PE,101,63,RECIFE,Falta de Atenção à Condução,Colisão lateral,Com Vítimas Feridas,Pleno dia,Crescente,Sol,Dupla,Reta,Sim,3,0,2,0,1,0,2,2,"-8,00800604","-34,93756535",SPRF-PE,DEL01-PE,UOP01-DEL01-PE
262532.0,2020-01-13,segunda-feira,08:35:00,PE,101,49,ABREU E LIMA,Falta de Atenção à Condução,Colisão traseira,Com Vítimas Feridas,Pleno dia,Decrescente,Sol,Múltipla,Reta,Sim,2,0,1,0,1,0,1,2,"-7,9005152","-34,90180641",SPRF-PE,DEL01-PE,UOP02-DEL01-PE
262558.0,2020-01-13,segunda-feira,10:32:00,PE,232,"234,7",PESQUEIRA,Falta de Atenção à Condução,Capotamento,Sem Vítimas,Pleno dia,Crescente,Céu Claro,Simples,Reta,Não,3,0,0,0,2,1,0,3,"-8,40708897","-36,910579",SPRF-PE,DEL03-PE,UOP02-DEL03-PE
262564.0,2020-01-13,segunda-feira,10:00:00,PE,423,"95,1",GARANHUNS,Desobediência às normas de trânsito pelo condutor,Colisão lateral,Com Vítimas Feridas,Pleno dia,Decrescente,Céu Claro,Simples,Reta,Sim,3,0,2,0,1,0,2,2,"-8,87891989","-36,47796305",SPRF-PE,DEL03-PE,UOP01-DEL03-PE
262565.0,2020-01-13,segunda-feira,11:05:00,PE,101,"69,9",RECIFE,Falta de Atenção à Condução,Colisão lateral,Com Vítimas Feridas,Pleno dia,Crescente,Sol,Múltipla,Reta,Não,2,0,1,0,0,1,1,2,"-8,05074296","-34,94580619",SPRF-PE,DEL01-PE,UOP01-DEL01-PE
262592.0,2020-01-13,segunda-feira,11:15:00,PE,232,"21,6",MORENO,Defeito Mecânico no Veículo,Capotamento,Com Vítimas Feridas,Pleno dia,Crescente,Sol,Dupla,Curva,Não,2,0,2,0,0,0,2,1,"-8,09580234","-35,08012588",SPRF-PE,DEL01-PE,UOP02-DEL02PE
262594.0,2020-01-13,segunda-feira,14:00:00,PE,408,"96,5",SAO LOURENCO DA MATA,Velocidade Incompatível,Saída de leito carroçável,Com Vítimas Fatais,Pleno dia,Decrescente,Céu Claro,Simples,Reta,Não,2,1,0,1,0,0,1,1,"-8,02062","-35,041045",SPRF-PE,DEL01-PE,UOP01-DEL01-PE
262638.0,2020-01-13,segunda-feira,17:30:00,PE,101,100,CABO DE SANTO AGOSTINHO,Sinalização da via insuficiente ou inadequada,Colisão traseira,Com Vítimas Feridas,Plena Noite,Crescente,Ignorado,Simples,Reta,Não,3,0,3,0,0,0,3,1,"-8,26699309","-35,05234386",SPRF-PE,DEL01-PE,UOP03-DEL01-PE
262658.0,2020-01-13,segunda-feira,18:50:00,PE,428,121,SANTA MARIA DA BOA VISTA,Animais na Pista,Atropelamento de Animal,Com Vítimas Feridas,Plena Noite,Crescente,Céu Claro,Simples,Reta,Não,2,0,1,0,1,0,1,1,"-8,93005884","-40,11502506",SPRF-PE,DEL06-PE,UOP03-DEL06-PE
262771.0,2020-01-14,terça-feira,10:00:00,PE,101,51,PAULISTA,Falta de Atenção à Condução,Colisão transversal,Com Vítimas Feridas,Pleno dia,Decrescente,Sol,Múltipla,Reta,Sim,4,0,2,0,2,0,2,2,"-7,9169968","-34,89689272",SPRF-PE,DEL01-PE,UOP02-DEL01-PE
262772.0,2020-01-14,terça-feira,10:50:00,PE,232,"20,1",MORENO,Falta de Atenção à Condução,Saída de leito carroçável,Com Vítimas Feridas,Pleno dia,Crescente,Sol,Dupla,Reta;Declive                  ,Não,3,0,1,1,1,0,2,1,"-8,095462","-35,07223",SPRF-PE,DEL01-PE,UOP01-DEL01-PE
262779.0,2020-01-14,terça-feira,12:40:00,PE,232,"7,1",RECIFE,Não guardar distância de segurança,Colisão traseira,Com Vítimas Feridas,Pleno dia,Decrescente,Sol,Dupla,Reta,Sim,7,0,1,0,6,0,1,3,"-8,07333497","-34,96184301",SPRF-PE,DEL01-PE,UOP01-DEL01-PE
262804.0,2020-01-14,terça-feira,16:00:00,PE,407,"126,2",PETROLINA,Desobediência às normas de trânsito pelo condutor,Colisão transversal,Com Vítimas Feridas,Pleno dia,Decrescente,Céu Claro,Dupla,Interseção de Vias,Sim,2,0,1,0,1,0,1,2,"-9,38741938","-40,52598953",SPRF-PE,DEL06-PE,UOP01-DEL06-PE
262809.0,2020-01-14,terça-feira,17:20:00,PE,101,"90,7",CABO DE SANTO AGOSTINHO,Falta de Atenção à Condução,Colisão traseira,Com Vítimas Feridas,Anoitecer,Decrescente,Céu Claro,Dupla,Reta,Não,2,0,1,0,1,0,1,2,"-8,21612792","-34,98772817",SPRF-PE,DEL01-PE,UOP03-DEL01-PE
262875.0,2020-01-14,terça-feira,18:30:00,PE,423,106,GARANHUNS,Falta de Atenção à Condução,Colisão lateral,Com Vítimas Feridas,Plena Noite,Decrescente,Céu Claro,Simples,Reta,Não,3,0,1,0,2,0,1,2,"-8,88171776","-36,57279606",SPRF-PE,DEL03-PE,UOP01-DEL03-PE
262910.0,2020-01-15,quarta-feira,08:30:00,PE,101,107,CABO DE SANTO AGOSTINHO,Condutor Dormindo,Saída de leito carroçável,Com Vítimas Feridas,Pleno dia,Decrescente,Céu Claro,Dupla,Curva,Não,1,0,1,0,0,0,1,1,"-8,30976839","-35,08440011",SPRF-PE,DEL01-PE,UOP03-DEL01-PE
262925.0,2020-01-15,quarta-feira,10:00:00,PE,101,"70,8",RECIFE,Mal Súbito,Capotamento,Com Vítimas Feridas,Pleno dia,Decrescente,Céu Claro,Dupla,Reta,Sim,2,0,2,0,0,0,2,1,"-8,06776119","-34,94265074",SPRF-PE,DEL01-PE,UOP01-DEL01-PE
262974.0,2020-01-15,quarta-feira,15:15:00,PE,101,41,IGARASSU,Falta de Atenção do Pedestre,Saída de leito carroçável,Com Vítimas Feridas,Pleno dia,Decrescente,Céu Claro,Simples,Reta,Sim,2,0,1,0,1,0,1,1,"-7,83038346","-34,91426785",SPRF-PE,DEL01-PE,UOP02-DEL01-PE