id,data_inversa,dia_semana,horario,uf,br,km,municipio,causa_acidente,tipo_acidente,classificacao_acidente,fase_dia,sentido_via,condicao_metereologica,tipo_pista,tracado_via,uso_solo,pessoas,mortos,feridos_leves,feridos_graves,ilesos,ignorados,feridos,veiculos,latitude,longitude,regional,delegacia,uop
263011.0,2020-01-15,quarta-feira,16:30:00,PE,232,120,CARUARU,Velocidade Incompatível,Capotamento,Com Vítimas Feridas,Pleno dia,Crescente,Céu Claro,Dupla,Declive,Não,1,0,1,0,0,0,1,1,"-8,29826697","-35,90192301",SPRF-PE,DEL02-PE,UOP03-DEL02-PE
263025.0,2020-01-15,quarta-feira,18:20:00,PE,232,"100,3",BEZERROS,Falta de Atenção do Pedestre,Atropelamento de Pedestre,Com Vítimas Fatais,Plena Noite,Decrescente,Céu Claro,Dupla,Reta,Sim,3,1,0,0,0,2,0,2,"-8,23791176","-35,74297705",SPRF-PE,DEL01-PE,UOP02-DEL02PE
263165.0,2020-01-16,quinta-feira,15:30:00,PE,101,40,IGARASSU,Falta de Atenção à Condução,Colisão lateral,Com Vítimas Feridas,Pleno dia,Crescente,Sol,Dupla,Reta,Sim,2,0,1,0,1,0,1,2,"-7,821475","-34,916545",SPRF-PE,DEL01-PE,UOP02-DEL01-PE
263170.0,2020-01-16,quinta-feira,16:02:00,PE,424,77,GARANHUNS,Desobediência às normas de trânsito pelo condutor,Colisão lateral,Com Vítimas Feridas,Pleno dia,Crescente,Céu Claro,Simples,Reta,Não,2,0,0,1,1,0,1,2,"-8,8151088","-36,56890186",SPRF-PE,DEL03-PE,UOP01-DEL03-PE
263231.0,2020-01-16,quinta-feira,22:30:00,PE,101,84,JABOATAO DOS GUARARAPES,Não guardar distância de segurança,Colisão traseira,Sem Vítimas,Plena Noite,Decrescente,Céu Claro,Simples,Reta,Sim,2,0,0,0,2,0,0,2,"-8,17778559","-34,95087297",SPRF-PE,DEL01-PE,UOP03-DEL01-PE
263236.0,2020-01-16,quinta-feira,22:50:00,PE,101,103,CABO DE SANTO AGOSTINHO,Desobediência às normas de trânsito pelo condutor,Colisão frontal,Com Vítimas Feridas,Plena Noite,Decrescente,Céu Claro,Simples,Curva,Sim,2,0,2,0,0,0,2,2,"-8,29241321","-35,05598304",SPRF-PE,DEL01-PE,UOP03-DEL01-PE
263273.0,2020-01-17,sexta-feira,07:15:00,PE,101,"81,8",JABOATAO DOS GUARARAPES,Desobediência às normas de trânsito pelo condutor,Colisão lateral,Com Vítimas Feridas,Pleno dia,Crescente,Sol,Dupla,Reta,Sim,2,0,2,0,0,0,2,2,"-8,1597489","-34,94024569",SPRF-PE,DEL01-PE,UOP03-DEL01-PE
263306.0,2020-01-17,sexta-feira,09:20:00,PE,232,"7,2",RECIFE,Falta de Atenção à Condução,Colisão traseira,Com Vítimas Feridas,Pleno dia,Decrescente,Céu Claro,Dupla,Reta,Sim,2,0,1,0,1,0,1,2,"-8,09492091","-34,93824005",SPRF-PE,DEL01-PE,UOP01-DEL01-PE
263345.0,2020-01-17,sexta-feira,12:20:00,PE,424,"25,2",PEDRA,Desobediência às normas de trânsito pelo condutor,Colisão frontal,Com Vítimas Fatais,Pleno dia,Crescente,Céu Claro,Simples,Reta,Não,4,1,0,3,0,0,3,2,"-8,54767496","-36,90487195",SPRF-PE,DEL03-PE,UOP02-DEL03-PE
263369.0,2020-01-17,sexta-feira,15:00:00,PE,101,53,ABREU E LIMA,Defeito Mecânico no Veículo,Colisão transversal,Com Vítimas Feridas,Pleno dia,Decrescente,Sol,Múltipla,Reta,Sim,3,0,1,2,0,0,3,2,"-7,93124094","-34,90068606",SPRF-PE,DEL01-PE,UOP02-DEL01-PE
263382.0,2020-01-17,sexta-feira,16:00:00,PE,232,"178,2",BELO JARDIM,Falta de Atenção do Pedestre,Atropelamento de Pedestre,Com Vítimas Feridas,Pleno dia,Decrescente,Céu Claro,Simples,Reta,Sim,3,0,0,1,2,0,1,2,"-8,347448","-36,411818",SPRF-PE,DEL02-PE,UOP03-DEL02-PE
263388.0,2020-01-17,sexta-feira,16:40:00,PE,104,"64,9",CARUARU,Falta de Atenção à Condução,Colisão traseira,Sem Vítimas,Pleno dia,Crescente,Céu Claro,Simples,Interseção de Vias,Sim,2,0,0,0,2,0,0,2,"-8,2783","-35,9815",SPRF-PE,DEL02-PE,UOP01-DEL02-PE
263455.0,2020-01-17,sexta-feira,20:00:00,PE,101,42,IGARASSU,Falta de Atenção à Condução,Colisão traseira,Com Vítimas Feridas,Plena Noite,Crescente,Vento,Múltipla,Reta,Não,2,0,1,0,1,0,1,2,"-7,83887431","-34,91196739",SPRF-PE,DEL01-PE,UOP02-DEL01-PE
263530.0,2020-01-18,sábado,08:15:00,PE,428,"150,9",PETROLINA,Ingestão de Álcool,Colisão lateral,Com Vítimas Feridas,Pleno dia,Decrescente,Céu Claro,Simples,Reta,Não,3,0,1,0,2,0,1,2,"-9,06996896","-40,31132806",SPRF-PE,DEL06-PE,UOP01-DEL06-PE
263564.0,2020-01-18,sábado,11:50:00,PE,407,"125,5",PETROLINA,Falta de Atenção à Condução,Colisão traseira,Com Vítimas Feridas,Pleno dia,Decrescente,Céu Claro,Dupla,Reta,Sim,2,0,0,1,1,0,1,2,"-9,38410621","-40,52875942",SPRF-PE,DEL06-PE,UOP01-DEL06-PE
263565.0,2020-01-18,sábado,12:00:00,PE,232,"410,7",SERRA TALHADA,Falta de Atenção à Condução,Colisão transversal,Com Vítimas Feridas,Pleno dia,Crescente,Sol,Simples,Reta,Sim,2,0,0,1,1,0,1,2,"-7,98261841","-38,30039606",SPRF-PE,DEL04-PE,UOP01-DEL04-PE
263566.0,2020-01-18,sábado,12:10:00,PE,408,"96,5",SAO LOURENCO DA MATA,Falta de Atenção à Condução,Colisão traseira,Com Vítimas Feridas,Pleno dia,Crescente,Céu Claro,Dupla,Aclive;Reta                   ,Não,2,0,1,0,0,1,1,2,"-8,02062","-35,041045",SPRF-PE,DEL01-PE,UOP01-DEL01-PE
263577.0,2020-01-18,sábado,13:15:00,PE,232,"107,1",BEZERROS,Defeito Mecânico no Veículo,Colisão com objeto estático,Com Vítimas Feridas,Pleno dia,Decrescente,Sol,Dupla,Reta,Não,4,0,3,0,1,0,3,1,"-8,26839017","-35,79746685",SPRF-PE,DEL02-PE,UOP03-DEL02-PE
263608.0,2020-01-18,sábado,16:15:00,PE,232,"410,7",SERRA TALHADA,Restrição de Visibilidade,Colisão transversal,Com Vítimas Feridas,Pleno dia,Crescente,Nublado,Simples,Curva,Sim,2,0,2,0,0,0,2,2,"-7,98273772","-38,30123663",SPRF-PE,DEL04-PE,UOP01-DEL04-PE
263615.0,2020-01-18,sábado,17:25:00,PE,407,129,PETROLINA,Falta de Atenção à Condução,Colisão lateral,Com Vítimas Feridas,Pleno dia,Crescente,Céu Claro,Dupla,Curva,Sim,3,0,2,0,1,0,2,2,"-9,39958299","-40,50459298",SPRF-PE,DEL06-PE,UOP01-DEL06-PE
263622.0,2020-01-18,sábado,17:55:00,PE,232,"186,2",BELO JARDIM,Desobediência às normas de trânsito pelo condutor,Colisão transversal,Com Vítimas Feridas,Plena Noite,Decrescente,Céu Claro,Simples,Reta,Não,4,0,1,0,2,1,1,2,"-8,35289635","-36,48256297",SPRF-PE,DEL02-PE,UOP03-DEL02-PE
263626.0,2020-01-18,sábado,18:00:00,PE,232,133,CARUARU,Ingestão de Álcool,Saída de leito carroçável,Com Vítimas Feridas,Anoitecer,Crescente,Céu Claro,Dupla,Reta,Sim,1,0,1,0,0,0,1,1,"-8,30607988","-36,01576003",SPRF-PE,DEL02-PE,UOP03-DEL02-PE
263690.0,2020-01-19,domingo,00:25:00,PE,101,"61,2",RECIFE,Ingestão de Álcool,Atropelamento de Pedestre,Com Vítimas Fatais,Plena Noite,Crescente,Nublado,Dupla,Reta,Sim,2,1,0,0,1,0,0,2,"-7,99097103","-34,93598295",SPRF-PE,DEL01-PE,UOP02-DEL01-PE
263706.0,2020-01-19,domingo,00:10:00,PE,232,"251,5",ARCOVERDE,Ingestão de Álcool,Colisão lateral,Sem Vítimas,Plena Noite,Decrescente,Vento,Simples,Reta,Sim,2,0,0,0,2,0,0,2,"-8,429241","-37,060127",SPRF-PE,DEL03-PE,UOP02-DEL03-PE
263724.0,2020-01-19,domingo,03:00:00,PE,423,"111,5",PARANATAMA,Ingestão de Álcool,Colisão transversal,Com Vítimas Feridas,Plena Noite,Crescente,Céu Claro,Simples,Aclive,Não,2,0,1,0,1,0,1,2,"-8,89303549","-36,61653287",SPRF-PE,DEL03-PE,UOP01-DEL03-PE
263784.0,2020-01-19,domingo,11:50:00,PE,424,"97,3",GARANHUNS,Defeito Mecânico no Veículo,Incêndio,Sem Vítimas,Pleno dia,Decrescente,Céu Claro,Simples,Reta,Não,1,0,0,0,1,0,0,1,"-8,93478014","-36,50438092",SPRF-PE,DEL03-PE,UOP01-DEL03-PE
263822.0,2020-01-19,domingo,16:05:00,PE,423,64,LAJEDO,Falta de Atenção à Condução,Queda de ocupante de veículo,Com Vítimas Feridas,Pleno dia,Crescente,Céu Claro,Simples,Reta,Sim,1,0,0,1,0,0,1,1,"-8,66427961","-36,35636509",SPRF-PE,DEL03-PE,UOP01-DEL03-PE
263838.0,2020-01-19,domingo,16:30:00,PE,232,"80,8",GRAVATA,Falta de Atenção à Condução,Colisão traseira,Com Vítimas Feridas,Pleno dia,Decrescente,Céu Claro,Simples,Declive,Sim,3,0,2,0,0,1,2,2,"-8,19579864","-35,56962305",SPRF-PE,DEL01-PE,UOP02-DEL02PE
263849.0,2020-01-19,domingo,18:45:00,PE,101,"44,9",IGARASSU,Falta de Atenção do Pedestre,Atropelamento de Pedestre,Com Vítimas Fatais,Plena Noite,Decrescente,Céu Claro,Múltipla,Reta,Sim,3,1,1,1,0,0,2,2,"-7,85637001","-34,90842109",SPRF-PE,DEL01-PE,UOP02-DEL01-PE
263866.0,2020-01-19,domingo,19:00:00,PE,101,"51,1",ABREU E LIMA,Velocidade Incompatível,Colisão transversal,Com Vítimas Feridas,Plena Noite,Decrescente,Céu Claro,Múltipla,Reta,Sim,2,0,1,0,1,0,1,2,"-7,9169968","-34,89689272",SPRF-PE,DEL01-PE,UOP02-DEL01-PE
263868.0,2020-01-19,domingo,19:50:00,PE,101,41,IGARASSU,Falta de Atenção do Pedestre,Atropelamento de Pedestre,Sem Vítimas,Plena Noite,Decrescente,Céu Claro,Simples,Reta,Sim,2,0,0,0,1,1,0,2,"-7,83038346","-34,91426785",SPRF-PE,DEL01-PE,UOP02-DEL01-PE
263881.0,2020-01-19,domingo,20:00:00,PE,101,"60,3",RECIFE,Falta de Atenção à Condução,Colisão traseira,Com Vítimas Feridas,Plena Noite,Crescente,Céu Claro,Dupla,Reta,Sim,3,0,1,0,2,0,1,2,"-7,98664284","-34,93298477",SPRF-PE,DEL01-PE,UOP02-DEL01-PE
263897.0,2020-01-19,domingo,21:40:00,PE,101,75,RECIFE,Falta de Atenção do Pedestre,Atropelamento de Pedestre,Com Vítimas Fatais,Plena Noite,Decrescente,Céu Claro,Dupla,Reta,Sim,2,1,0,0,0,1,0,2,"-8,10973523","-34,94660151",SPRF-PE,DEL01-PE,UOP01-DEL01-PE
263945.0,2020-01-20,segunda-feira,00:30:00,PE,110,"222,6",PETROLANDIA,Ingestão de Álcool,Colisão frontal,Com Vítimas Feridas,Plena Noite,Crescente,Nublado,Simples,Reta,Não,3,0,2,1,0,0,3,2,"-9,01531065","-38,2309433",SPRF-BA,DEL07-BA,UOP01-DEL07-BA
263970.0,2020-01-20,segunda-feira,08:00:00,PE,101,"112,8",IPOJUCA,Velocidade Incompatível,Capotamento,Com Vítimas Feridas,Pleno dia,Decrescente,Céu Claro,Dupla,Curva,Não,1,0,0,1,0,0,1,1,"-8,3278918","-35,119238",SPRF-PE,DEL01-PE,UOP03-DEL01-PE
263978.0,2020-01-20,segunda-feira,07:10:00,PE,101,75,RECIFE,Agressão Externa,Incêndio,Sem Vítimas,Pleno dia,Crescente,Nublado,Dupla,Reta,Sim,1,0,0,0,1,0,0,1,"-8,10973523","-34,94660151",SPRF-PE,DEL01-PE,UOP01-DEL01-PE
264009.0,2020-01-20,segunda-feira,03:30:00,PE,232,8,RECIFE,Velocidade Incompatível,Colisão com objeto estático,Sem Vítimas,Plena Noite,Decrescente,Nublado,Múltipla,Reta,Não,1,0,0,0,0,1,0,1,"-8,07583727","-34,97015791",SPRF-PE,DEL01-PE,UOP01-DEL01-PE
264039.0,2020-01-20,segunda-feira,14:00:00,PE,428,"191,8",PETROLINA,Falta de Atenção à Condução,Colisão transversal,Com Vítimas Feridas,Pleno dia,Decrescente,Sol,Dupla,Retorno Regulamentado,Sim,3,0,1,0,2,0,1,2,"-9,37766429","-40,50269795",SPRF-PE,DEL06-PE,UOP01-DEL06-PE
264102.0,2020-01-20,segunda-feira,16:25:00,PE,232,378,FLORES,Falta de Atenção à Condução,Saída de leito carroçável,Com Vítimas Feridas,Pleno dia,Crescente,Céu Claro,Simples,Curva,Não,3,0,3,0,0,0,3,1,"-8,03904566","-38,03273678",SPRF-PE,DEL04-PE,UOP01-DEL04-PE
264137.0,2020-01-21,terça-feira,01:30:00,PE,101,70,RECIFE,Sinalização da via insuficiente ou inadequada,Colisão com objeto estático,Com Vítimas Feridas,Plena Noite,Crescente,Céu Claro,Dupla,Interseção de Vias,Sim,2,0,1,1,0,0,2,1,"-8,06776119","-34,94265074",SPRF-PE,DEL01-PE,UOP01-DEL01-PE
264169.0,2020-01-21,terça-feira,07:20:00,PE,232,"132,5",CARUARU,Falta de Atenção à Condução,Colisão traseira,Com Vítimas Feridas,Pleno dia,Decrescente,Céu Claro,Dupla,Reta,Sim,2,0,1,0,1,0,1,2,"-8,3036244","-36,00710089",SPRF-PE,DEL02-PE,UOP03-DEL02-PE
264195.0,2020-01-19,domingo,19:15:00,PE,423,"145,9",IATI,Ultrapassagem Indevida,Colisão frontal,Com Vítimas Feridas,Plena Noite,Crescente,Céu Claro,Simples,Reta,Não,2,0,0,1,1,0,1,2,"-9,00914428","-36,8678548",SPRF-PE,DEL03-PE,UOP01-DEL03-PE
264214.0,2020-01-21,terça-feira,11:30:00,PE,232,"45,4",VITORIA DE SANTO ANTAO,Falta de Atenção à Condução,Colisão traseira,Com Vítimas Feridas,Pleno dia,Decrescente,Céu Claro,Dupla,Reta,Não,1,0,1,0,0,0,1,1,"-8,130371","-35,284375",SPRF-PE,DEL01-PE,UOP02-DEL02PE
264239.0,2020-01-21,terça-feira,15:20:00,PE,101,61,RECIFE,Falta de Atenção à Condução,Colisão transversal,Com Vítimas Feridas,Pleno dia,Decrescente,Céu Claro,Dupla,Reta;Retorno Regulamentado    ,Sim,2,0,1,0,1,0,1,2,"-7,99097103","-34,93598295",SPRF-PE,DEL01-PE,UOP02-DEL01-PE
264257.0,2020-01-21,terça-feira,16:15:00,PE,232,"129,9",CARUARU,Falta de Atenção à Condução,Capotamento,Sem Vítimas,Pleno dia,Crescente,Chuva,Dupla,Reta;Interseção de Vias       ,Sim,1,0,0,0,1,0,0,1,"-8,30193507","-35,98092002",SPRF-PE,DEL02-PE,UOP03-DEL02-PE
264258.0,2020-01-21,terça-feira,17:20:00,PE,407,"123,6",PETROLINA,Falta de Atenção à Condução,Colisão transversal,Com Vítimas Feridas,Pleno dia,Crescente,Sol,Simples,Interseção de Vias,Sim,3,0,2,0,1,0,2,2,"-9,36149178","-40,54594462",SPRF-PE,DEL06-PE,UOP01-DEL06-PE
264268.0,2020-01-21,terça-feira,18:20:00,PE,101,"42,7",IGARASSU,Falta de Atenção à Condução,Colisão transversal,Com Vítimas Feridas,Plena Noite,Decrescente,Céu Claro,Múltipla,Reta;Declive                  ,Sim,2,0,1,0,1,0,1,2,"-7,83887431","-34,91196739",SPRF-PE,DEL01-PE,UOP02-DEL01-PE
264270.0,2020-01-01,quarta-feira,08:00:00,PE,101,"138,7",ESCADA,Falta de Atenção à Condução,Tombamento,Com Vítimas Feridas,Pleno dia,Decrescente,Céu Claro,Simples,Reta,Não,1,0,0,1,0,0,1,1,"-8,42065517","-35,31808569",SPRF-PE,DEL01-PE,UOP03-DEL01-PE
264291.0,2020-01-21,terça-feira,19:30:00,PE,101,"42,9",IGARASSU,Falta de Atenção à Condução,Colisão com objeto estático,Com Vítimas Feridas,Plena Noite,Decrescente,Céu Claro,Múltipla,Declive;Reta                  ,Sim,4,0,3,1,0,0,4,1,"-7,83887431","-34,91196739",SPRF-PE,DEL01-PE,UOP02-DEL01-PE
264307.0,2020-01-21,terça-feira,19:30:00,PE,101,"48,8",ABREU E LIMA,Falta de Atenção do Pedestre,Atropelamento de Pedestre,Sem Vítimas,Plena Noite,Decrescente,Céu Claro,Múltipla,Curva,Sim,2,0,0,0,1,1,0,2,"-7,89174705","-34,9033493",SPRF-PE,DEL01-PE,UOP02-DEL01-PE
264352.0,2020-01-22,quarta-feira,07:45:00,PE,101,70,RECIFE,Falta de Atenção à Condução,Colisão traseira,Sem Vítimas,Pleno dia,Crescente,Chuva,Dupla,Reta,Sim,3,0,0,0,3,0,0,3,"-8,076599","-34,935614",SPRF-PE,DEL01-PE,UOP01-DEL01-PE
264423.0,2020-01-22,quarta-feira,15:10:00,PE,232,"10,9",JABOATAO DOS GUARARAPES,Não guardar distância de segurança,Colisão traseira,Com Vítimas Feridas,Pleno dia,Crescente,Sol,Dupla,Curva,Sim,2,0,1,0,1,0,1,2,"-8,07917241","-34,98718609",SPRF-PE,DEL01-PE,UOP01-DEL01-PE
264446.0,2020-01-22,quarta-feira,16:30:00,PE,101,"70,1",RECIFE,Velocidade Incompatível,Atropelamento de Pedestre,Com Vítimas Feridas,Pleno dia,Decrescente,Céu Claro,Simples,Curva,Sim,2,0,1,1,0,0,2,2,"-8,06776119","-34,94265074",SPRF-PE,DEL01-PE,UOP01-DEL01-PE
264548.0,2020-01-23,quinta-feira,05:40:00,PE,101,"89,1",CABO DE SANTO AGOSTINHO,Agressão Externa,Capotamento,Com Vítimas Feridas,Pleno dia,Decrescente,Nublado,Dupla,Reta,Não,1,0,1,0,0,0,1,1,"-8,20760697","-34,98372005",SPRF-PE,DEL01-PE,UOP03-DEL01-PE
264643.0,2020-01-23,quinta-feira,16:28:00,PE,232,269,SERTANIA,Pista Escorregadia,Saída de leito carroçável,Sem Vítimas,Pleno dia,Decrescente,Chuva,Simples,Curva,Não,1,0,0,0,1,0,0,1,"-8,40520693","-37,20955497",SPRF-PE,DEL03-PE,UOP02-DEL03-PE
264661.0,2020-01-23,quinta-feira,17:05:00,PE,232,"9,1",RECIFE,Falta de Atenção à Condução,Engavetamento,Sem Vítimas,Anoitecer,Decrescente,Céu Claro,Dupla,Reta,Não,6,0,0,0,6,0,0,6,"-8,07764447","-34,97863609",SPRF-PE,DEL01-PE,UOP01-DEL01-PE
264665.0,2020-01-23,quinta-feira,17:50:00,PE,104,"76,5",CARUARU,Falta de Atenção à Condução,Colisão lateral,Com Vítimas Feridas,Anoitecer,Crescente,Nublado,Simples,Curva,Não,2,0,1,0,1,0,1,2,"-8,367286","-35,985153",SPRF-PE,DEL02-PE,UOP01-DEL02-PE
264693.0,2020-01-23,quinta-feira,18:30:00,PE,101,"80,7",JABOATAO DOS GUARARAPES,Falta de Atenção à Condução,Atropelamento de Pedestre,Com Vítimas Feridas,Plena Noite,Crescente,Nublado,Dupla,Reta,Sim,1,0,0,1,0,0,1,1,"-8,15112589","-34,9428866",SPRF-PE,DEL01-PE,UOP03-DEL01-PE
264702.0,2020-01-23,quinta-feira,20:25:00,PE,101,"41,9",IGARASSU,Ingestão de Álcool,Colisão transversal,Com Vítimas Feridas,Plena Noite,Crescente,Céu Claro,Múltipla,Aclive,Não,3,0,2,0,0,1,2,3,"-7,83038346","-34,91426785",SPRF-PE,DEL01-PE,UOP02-DEL01-PE
264714.0,2020-01-23,quinta-feira,22:20:00,PE,101,70,RECIFE,Falta de Atenção à Condução,Tombamento,Com Vítimas Feridas,Plena Noite,Decrescente,Céu Claro,Dupla,Reta,Não,1,0,1,0,0,0,1,1,"-8,06776119","-34,94265074",SPRF-PE,DEL01-PE,UOP01-DEL01-PE
264770.0,2020-01-24,sexta-feira,08:30:00,PE,101,"69,8",RECIFE,Falta de Atenção à Condução,Queda de ocupante de veículo,Com Vítimas Feridas,Pleno dia,Crescente,Nublado,Dupla,Reta,Sim,2,0,1,0,1,0,1,2,"-8,05951606","-34,94581024",SPRF-PE,DEL01-PE,UOP01-DEL01-PE
264818.0,2020-01-24,sexta-feira,14:15:00,PE,407,125,PETROLINA,Velocidade Incompatível,Queda de ocupante de veículo,Com Vítimas Feridas,Pleno dia,Decrescente,Nublado,Dupla,Reta,Sim,2,0,2,0,0,0,2,1,"-9,380838","-40,532315",SPRF-PE,DEL06-PE,UOP01-DEL06-PE
264913.0,2020-01-25,sábado,00:55:00,PE,232,"111,2",BEZERROS,Falta de Atenção à Condução,Saída de leito carroçável,Com Vítimas Feridas,Plena Noite,Decrescente,Céu Claro,Dupla,Reta,Não,1,0,1,0,0,0,1,1,"-8,2922971","-35,82419791",SPRF-PE,DEL02-PE,UOP03-DEL02-PE
264988.0,2020-01-25,sábado,10:10:00,PE,101,"67,2",RECIFE,Falta de Atenção à Condução,Colisão traseira,Com Vítimas Feridas,Pleno dia,Crescente,Céu Claro,Múltipla,Reta,Sim,2,0,1,0,1,0,1,2,"-8,044054","-34,943971",SPRF-PE,DEL01-PE,UOP01-DEL01-PE
265016.0,2020-01-25,sábado,12:20:00,PE,101,68,RECIFE,Falta de Atenção à Condução,Colisão lateral,Com Vítimas Feridas,Pleno dia,Decrescente,Sol,Dupla,Rotatória,Sim,3,0,2,0,0,1,2,2,"-8,05074296","-34,94580619",SPRF-PE,DEL01-PE,UOP01-DEL01-PE
265028.0,2020-01-25,sábado,14:20:00,PE,424,"20,4",PEDRA,Ingestão de Álcool,Colisão traseira,Com Vítimas Feridas,Pleno dia,Decrescente,Céu Claro,Simples,Reta,Não,3,0,2,0,1,0,2,2,"-8,51024896","-36,92901694",SPRF-PE,DEL03-PE,UOP02-DEL03-PE
265111.0,2020-01-25,sábado,22:10:00,PE,232,129,CARUARU,Ingestão de Álcool,Colisão traseira,Sem Vítimas,Plena Noite,Crescente,Céu Claro,Dupla,Reta,Sim,2,0,0,0,2,0,0,2,"-8,30193507","-35,98092002",SPRF-PE,DEL02-PE,UOP03-DEL02-PE
265122.0,2020-01-25,sábado,21:10:00,PE,232,"211,8",PESQUEIRA,Desobediência às normas de trânsito pelo condutor,Colisão frontal,Com Vítimas Feridas,Plena Noite,Decrescente,Vento,Simples,Reta,Sim,3,0,0,2,0,1,2,2,"-8,36899532","-36,70578682",SPRF-PE,DEL02-PE,UOP03-DEL02-PE
265124.0,2020-01-25,sábado,21:50:00,PE,101,"67,3",RECIFE,Falta de Atenção à Condução,Colisão com objeto estático,Sem Vítimas,Plena Noite,Crescente,Nublado,Dupla,Reta,Sim,1,0,0,0,0,1,0,1,"-8,04469727","-34,9443233",SPRF-PE,DEL01-PE,UOP01-DEL01-PE
265149.0,2020-01-26,domingo,02:10:00,PE,232,"51,9",POMBOS,Desobediência às normas de trânsito pelo condutor,Colisão frontal,Com Vítimas Fatais,Plena Noite,Decrescente,Céu Claro,Dupla,Declive;Reta                  ,Sim,5,1,2,0,1,1,2,3,"-8,134659","-35,339714",SPRF-PE,DEL01-PE,UOP02-DEL02PE
265203.0,2020-01-26,domingo,10:50:00,PE,104,"42,8",CARUARU,Desobediência às normas de trânsito pelo condutor,Colisão frontal,Com Vítimas Fatais,Pleno dia,Crescente,Céu Claro,Dupla,Declive,Não,2,1,0,0,1,0,0,2,"-8,1065","-36,0218",SPRF-PE,DEL02-PE,UOP01-DEL02-PE
265207.0,2020-01-26,domingo,11:40:00,PE,101,"90,1",CABO DE SANTO AGOSTINHO,Desobediência às normas de trânsito pelo condutor,Colisão lateral,Com Vítimas Feridas,Pleno dia,Crescente,Céu Claro,Dupla,Reta,Sim,2,0,0,1,0,1,1,2,"-8,21612792","-34,98772817",SPRF-PE,DEL01-PE,UOP03-DEL01-PE
265224.0,2020-01-26,domingo,13:00:00,PE,101,76,RECIFE,Falta de Atenção à Condução,Colisão lateral,Com Vítimas Feridas,Pleno dia,Crescente,Sol,Dupla,Reta,Sim,2,0,1,0,1,0,1,2,"-8,11813811","-34,94329214",SPRF-PE,DEL01-PE,UOP01-DEL01-PE
265329.0,2020-01-26,domingo,21:00:00,PE,232,510,SALGUEIRO,Ingestão de Álcool,Saída de leito carroçável,Com Vítimas Feridas,Plena Noite,Decrescente,Céu Claro,Simples,Reta,Sim,1,0,1,0,0,0,1,1,"-8,067472","-39,13817",SPRF-PE,DEL05-PE,UOP01-DEL05-PE
265331.0,2020-01-26,domingo,20:30:00,PE,101,"44,8",IGARASSU,Falta de Atenção do Pedestre,Atropelamento de Pedestre,Com Vítimas Feridas,Plena Noite,Crescente,Céu Claro,Múltipla,Reta,Sim,2,0,0,2,0,0,2,2,"-7,85637001","-34,90842109",SPRF-PE,DEL01-PE,UOP02-DEL01-PE
265404.0,2020-01-27,segunda-feira,03:30:00,PE,423,61,LAJEDO,Ingestão de Álcool,Colisão traseira,Com Vítimas Feridas,Plena Noite,Crescente,Céu Claro,Simples,Reta,Sim,12,0,6,0,6,0,6,2,"-8,65805731","-36,32866993",SPRF-PE,DEL03-PE,UOP01-DEL03-PE
265408.0,2020-01-27,segunda-feira,08:00:00,PE,408,"52,8",NAZARE DA MATA,Falta de Atenção à Condução,Colisão transversal,Com Vítimas Feridas,Pleno dia,Crescente,Céu Claro,Simples,Interseção de Vias,Sim,2,0,1,0,1,0,1,2,"-7,74599502","-35,2344547",SPRF-PE,DEL01-PE,UOP01-DEL01-PE
265430.0,2020-01-27,segunda-feira,08:05:00,PE,101,96,CABO DE SANTO AGOSTINHO,Falta de Atenção à Condução,Colisão traseira,Sem Vítimas,Pleno dia,Crescente,Céu Claro,Simples,Declive;Reta                  ,Não,1,0,0,0,1,0,0,1,"-8,25146993","-35,021805",SPRF-PE,DEL01-PE,UOP03-DEL01-PE
265468.0,2020-01-27,segunda-feira,13:30:00,PE,232,133,CARUARU,Pista Escorregadia,Queda de ocupante de veículo,Com Vítimas Feridas,Pleno dia,Decrescente,Céu Claro,Dupla,Reta,Não,2,0,1,0,0,1,1,1,"-8,30607988","-36,01576003",SPRF-PE,DEL02-PE,UOP03-DEL02-PE
265498.0,2020-01-27,segunda-feira,16:30:00,PE,101,80,JABOATAO DOS GUARARAPES,Agressão Externa,Queda de ocupante de veículo,Com Vítimas Feridas,Pleno dia,Crescente,Sol,Dupla,Reta,Sim,1,0,0,1,0,0,1,1,"-8,15112589","-34,9428866",SPRF-PE,DEL01-PE,UOP03-DEL01-PE
265539.0,2020-01-27,segunda-feira,18:30:00,PE,101,84,JABOATAO DOS GUARARAPES,Velocidade Incompatível,Colisão com objeto estático,Com Vítimas Fatais,Plena Noite,Crescente,Nublado,Dupla,Reta,Sim,1,1,0,0,0,0,0,1,"-8,17778559","-34,95087297",SPRF-PE,DEL01-PE,UOP03-DEL01-PE
265636.0,2020-01-28,terça-feira,11:25:00,PE,232,"410,5",SERRA TALHADA,Falta de Atenção à Condução,Colisão transversal,Com Vítimas Feridas,Pleno dia,Decrescente,Céu Claro,Simples,Curva,Sim,3,0,3,0,0,0,3,2,"-7,98261841","-38,30039606",SPRF-PE,DEL04-PE,UOP01-DEL04-PE
265715.0,2020-01-28,terça-feira,19:00:00,PE,232,"7,8",RECIFE,Falta de Atenção à Condução,Colisão com objeto estático,Com Vítimas Feridas,Plena Noite,Decrescente,Céu Claro,Dupla,Reta,Sim,2,0,2,0,0,0,2,1,"-8,07333497","-34,96184301",SPRF-PE,DEL01-PE,UOP01-DEL01-PE
265723.0,2020-01-28,terça-feira,20:50:00,PE,408,"82,1",PAUDALHO,Falta de Atenção do Pedestre,Atropelamento de Pedestre,Com Vítimas Feridas,Plena Noite,Decrescente,Céu Claro,Dupla,Reta,Sim,2,0,0,1,1,0,1,2,"-7,94114095","-35,12370495",SPRF-PE,DEL01-PE,UOP01-DEL01-PE