id,data_inversa,dia_semana,horario,uf,br,km,municipio,causa_acidente,tipo_acidente,classificacao_acidente,fase_dia,sentido_via,condicao_metereologica,tipo_pista,tracado_via,uso_solo,pessoas,mortos,feridos_leves,feridos_graves,ilesos,ignorados,feridos,veiculos,latitude,longitude,regional,delegacia,uop
269335.0,2020-02-15,sábado,06:40:00,PE,232,44,VITORIA DE SANTO ANTAO,Defeito na Via,Queda de ocupante de veículo,Com Vítimas Feridas,Pleno dia,Crescente,Sol,Dupla,Reta,Não,1,0,1,0,0,0,1,1,"-8,13679239","-35,33542894",SPRF-PE,DEL02-PE,UOP02-DEL02PE
269387.0,2020-02-15,sábado,11:30:00,PE,428,"191,8",PETROLINA,Ultrapassagem Indevida,Colisão lateral,Com Vítimas Feridas,Pleno dia,Decrescente,Céu Claro,Simples,Reta,Sim,2,0,1,0,1,0,1,2,"-9,37766429","-40,50269795",SPRF-PE,DEL06-PE,UOP01-DEL06-PE
269404.0,2020-02-15,sábado,13:50:00,PE,101,"35,4",IGARASSU,Falta de Atenção à Condução,Saída de leito carroçável,Com Vítimas Feridas,Pleno dia,Crescente,Céu Claro,Dupla,Reta,Não,5,0,5,0,0,0,5,1,"-7,77952193","-34,93231384",SPRF-PE,DEL01-PE,UOP02-DEL01-PE
269413.0,2020-02-15,sábado,15:03:00,PE,101,"35,4",IGARASSU,Falta de Atenção à Condução,Colisão traseira,Com Vítimas Feridas,Pleno dia,Crescente,Céu Claro,Dupla,Reta,Não,3,0,1,0,2,0,1,2,"-7,77952193","-34,93231384",SPRF-PE,DEL01-PE,UOP02-DEL01-PE
269435.0,2020-02-15,sábado,17:10:00,PE,101,"69,9",RECIFE,Desobediência às normas de trânsito pelo condutor,Colisão lateral,Sem Vítimas,Pleno dia,Decrescente,Céu Claro,Múltipla,Curva,Sim,2,0,0,0,2,0,0,2,"-8,059832","-34,945646",SPRF-PE,DEL01-PE,UOP01-DEL01-PE
269458.0,2020-02-15,sábado,18:40:00,PE,101,101,CABO DE SANTO AGOSTINHO,Desobediência às normas de trânsito pelo condutor,Colisão traseira,Sem Vítimas,Plena Noite,Crescente,Nublado,Simples,Reta,Sim,3,0,0,0,2,1,0,2,"-8,2757433","-35,05378122",SPRF-PE,DEL01-PE,UOP03-DEL01-PE
269483.0,2020-02-15,sábado,21:00:00,PE,423,"62,3",LAJEDO,Ingestão de Álcool,Colisão frontal,Com Vítimas Fatais,Plena Noite,Crescente,Céu Claro,Simples,Declive,Não,6,1,0,1,4,0,1,2,"-8,66219547","-36,34708912",SPRF-PE,DEL03-PE,UOP01-DEL03-PE
269485.0,2020-02-15,sábado,22:10:00,PE,104,"111,2",PANELAS,Falta de Atenção à Condução,Colisão com objeto estático,Com Vítimas Fatais,Plena Noite,Decrescente,Céu Claro,Simples,Ponte,Não,1,1,0,0,0,0,0,1,"-8,628445","-36,008938",SPRF-PE,DEL02-PE,UOP01-DEL02-PE
269510.0,2020-02-15,sábado,21:05:00,PE,316,"54,5",TRINDADE,Desobediência às normas de trânsito pelo condutor,Colisão frontal,Com Vítimas Fatais,Plena Noite,Decrescente,Ignorado,Simples,Reta,Não,2,1,0,0,0,1,0,2,"-7,73669808","-40,29450303",SPRF-PE,DEL05-PE,UOP02-DEL05-PE
269519.0,2020-02-16,domingo,00:05:00,PE,232,"415,7",SERRA TALHADA,Ingestão de Álcool,Atropelamento de Pedestre,Com Vítimas Feridas,Plena Noite,Crescente,Céu Claro,Simples,Reta,Não,2,0,0,1,0,1,1,2,"-7,99605739","-38,34533981",SPRF-PE,DEL04-PE,UOP01-DEL04-PE
269535.0,2020-02-16,domingo,02:25:00,PE,101,"73,7",RECIFE,Animais na Pista,Tombamento,Com Vítimas Fatais,Plena Noite,Decrescente,Céu Claro,Dupla,Reta,Sim,1,1,0,0,0,0,0,1,"-8,093369","-34,947464",SPRF-PE,DEL01-PE,UOP01-DEL01-PE
269552.0,2020-02-16,domingo,02:00:00,PE,101,84,JABOATAO DOS GUARARAPES,Desobediência às normas de trânsito pelo condutor,Capotamento,Sem Vítimas,Plena Noite,Decrescente,Nublado,Dupla,Reta,Não,1,0,0,0,0,1,0,1,"-8,17778559","-34,95087297",SPRF-PE,DEL01-PE,UOP03-DEL01-PE
269597.0,2020-02-16,domingo,10:00:00,PE,101,46,IGARASSU,Falta de Atenção à Condução,Colisão lateral,Sem Vítimas,Pleno dia,Crescente,Céu Claro,Dupla,Retorno Regulamentado,Sim,2,0,0,0,2,0,0,2,"-7,87406004","-34,90588126",SPRF-PE,DEL01-PE,UOP02-DEL01-PE
269608.0,2020-02-16,domingo,12:00:00,PE,101,"50,3",ABREU E LIMA,Desobediência às normas de trânsito pelo condutor,Colisão traseira,Sem Vítimas,Pleno dia,Decrescente,Céu Claro,Múltipla,Reta,Sim,2,0,0,0,2,0,0,2,"-7,90938602","-34,90123228",SPRF-PE,DEL01-PE,UOP02-DEL01-PE
269731.0,2020-02-16,domingo,22:30:00,PE,232,"16,9",JABOATAO DOS GUARARAPES,Não guardar distância de segurança,Colisão traseira,Sem Vítimas,Plena Noite,Decrescente,Céu Claro,Dupla,Reta,Não,5,0,0,0,5,0,0,2,"-8,09414193","-35,03716601",SPRF-PE,DEL01-PE,UOP01-DEL01-PE
269760.0,2020-02-17,segunda-feira,02:30:00,PE,101,107,CABO DE SANTO AGOSTINHO,Falta de Atenção à Condução,Colisão com objeto estático,Com Vítimas Feridas,Plena Noite,Decrescente,Céu Claro,Dupla,Curva,Não,1,0,0,1,0,0,1,1,"-8,30976839","-35,08440011",SPRF-PE,DEL01-PE,UOP03-DEL01-PE
269833.0,2020-02-17,segunda-feira,09:30:00,PE,101,70,RECIFE,Falta de Atenção à Condução,Colisão transversal,Com Vítimas Feridas,Pleno dia,Decrescente,Nublado,Dupla,Curva,Sim,2,0,1,0,1,0,1,2,"-8,06776119","-34,94265074",SPRF-PE,DEL01-PE,UOP01-DEL01-PE
269842.0,2020-02-17,segunda-feira,10:15:00,PE,407,"126,4",PETROLINA,Desobediência às normas de trânsito pelo condutor,Colisão transversal,Com Vítimas Feridas,Pleno dia,Decrescente,Céu Claro,Simples,Reta,Sim,3,0,1,1,1,0,2,2,"-9,38491309","-40,52809509",SPRF-PE,DEL06-PE,UOP01-DEL06-PE
269847.0,2020-02-17,segunda-feira,11:00:00,PE,101,90,CABO DE SANTO AGOSTINHO,Falta de Atenção à Condução,Colisão traseira,Sem Vítimas,Pleno dia,Decrescente,Céu Claro,Simples,Reta,Sim,2,0,0,0,2,0,0,2,"-8,22712095","-34,96982574",SPRF-PE,DEL01-PE,UOP03-DEL01-PE
269908.0,2020-02-17,segunda-feira,16:30:00,PE,407,"63,1",PETROLINA,Defeito Mecânico no Veículo,Capotamento,Com Vítimas Fatais,Pleno dia,Decrescente,Céu Claro,Simples,Ponte,Não,2,1,1,0,0,0,1,2,"-8,8737","-40,762181",SPRF-PE,DEL06-PE,UOP02-DEL06-PE
269956.0,2020-02-02,domingo,20:40:00,PE,232,"101,2",BEZERROS,Falta de Atenção do Pedestre,Atropelamento de Pedestre,Com Vítimas Feridas,Plena Noite,Decrescente,Céu Claro,Dupla,Reta,Sim,2,0,0,1,0,1,1,2,"-8,24194679","-35,75097313",SPRF-PE,DEL01-PE,UOP02-DEL02PE
269961.0,2020-02-17,segunda-feira,20:45:00,PE,232,"70,5",GRAVATA,Desobediência às normas de trânsito pelo condutor,Atropelamento de Pedestre,Com Vítimas Feridas,Plena Noite,Decrescente,Céu Claro,Dupla,Reta,Sim,3,0,2,0,0,1,2,2,"-8,182808","-35,491051",SPRF-PE,DEL02-PE,UOP02-DEL02PE
269966.0,2020-02-17,segunda-feira,22:05:00,PE,101,"42,9",IGARASSU,Falta de Atenção à Condução,Colisão traseira,Com Vítimas Feridas,Plena Noite,Crescente,Nublado,Múltipla,Reta,Sim,2,0,1,0,1,0,1,2,"-7,83887431","-34,91196739",SPRF-PE,DEL01-PE,UOP02-DEL01-PE
270031.0,2020-02-18,terça-feira,08:00:00,PE,423,"97,3",GARANHUNS,Desobediência às normas de trânsito pelo condutor,Colisão transversal,Com Vítimas Feridas,Pleno dia,Decrescente,Céu Claro,Simples,Reta,Sim,2,0,1,0,1,0,1,2,"-8,878521","-36,49728",SPRF-PE,DEL03-PE,UOP01-DEL03-PE
270033.0,2020-02-18,terça-feira,09:30:00,PE,232,"153,8",SAO CAITANO,Condutor Dormindo,Colisão frontal,Com Vítimas Feridas,Pleno dia,Decrescente,Céu Claro,Simples,Reta,Não,2,0,2,0,0,0,2,2,"-8,32760396","-36,190063",SPRF-PE,DEL02-PE,UOP03-DEL02-PE
270069.0,2020-02-18,terça-feira,13:00:00,PE,101,49,ABREU E LIMA,Falta de Atenção à Condução,Colisão lateral,Com Vítimas Feridas,Pleno dia,Crescente,Sol,Múltipla,Reta,Sim,2,0,1,0,1,0,1,2,"-7,9005152","-34,90180641",SPRF-PE,DEL01-PE,UOP02-DEL01-PE
270089.0,2020-02-18,terça-feira,14:20:00,PE,232,409,SERRA TALHADA,Falta de Atenção à Condução,Tombamento,Com Vítimas Feridas,Pleno dia,Decrescente,Sol,Simples,Reta,Sim,1,0,0,1,0,0,1,1,"-7,981944","-38,289467",SPRF-PE,DEL04-PE,UOP01-DEL04-PE
270091.0,2020-02-18,terça-feira,13:20:00,PE,232,"127,5",CARUARU,Falta de Atenção à Condução,Colisão traseira,Com Vítimas Feridas,Pleno dia,Crescente,Sol,Dupla,Reta,Não,2,0,2,0,0,0,2,2,"-8,30610303","-35,96342301",SPRF-PE,DEL02-PE,UOP03-DEL02-PE
270238.0,2020-01-06,segunda-feira,18:30:00,PE,424,91,GARANHUNS,Deficiência ou não Acionamento do Sistema de Iluminação/Sinalização do Veículo,Colisão transversal,Com Vítimas Feridas,Plena Noite,Crescente,Céu Claro,Simples,Reta,Sim,2,0,0,1,0,1,1,2,"-8,90409633","-36,49974647",SPRF-PE,DEL03-PE,UOP01-DEL03-PE
270248.0,2020-02-19,quarta-feira,15:40:00,PE,101,"50,5",ABREU E LIMA,Desobediência às normas de trânsito pelo condutor,Colisão lateral,Com Vítimas Feridas,Pleno dia,Decrescente,Nublado,Múltipla,Em Obras;Reta;Retorno Regulame,Não,2,0,1,0,1,0,1,2,"-7,90938602","-34,90123228",SPRF-PE,DEL01-PE,UOP02-DEL01-PE
270249.0,2020-01-26,domingo,17:50:00,PE,232,79,GRAVATA,Velocidade Incompatível,Colisão lateral,Com Vítimas Feridas,Anoitecer,Decrescente,Céu Claro,Dupla,Reta,Sim,2,0,0,1,1,0,1,2,"-8,19460572","-35,56074803",SPRF-PE,DEL01-PE,UOP02-DEL02PE
270272.0,2020-02-19,quarta-feira,17:45:00,PE,101,"50,9",ABREU E LIMA,Desobediência às normas de trânsito pelo condutor,Colisão lateral,Com Vítimas Feridas,Plena Noite,Crescente,Céu Claro,Simples,Reta,Sim,2,0,0,1,1,0,1,2,"-7,90938602","-34,90123228",SPRF-PE,DEL01-PE,UOP02-DEL01-PE
270334.0,2020-02-19,quarta-feira,21:30:00,PE,428,124,LAGOA GRANDE,Falta de Atenção do Pedestre,Atropelamento de Pedestre,Com Vítimas Fatais,Plena Noite,Crescente,Céu Claro,Simples,Reta,Não,2,1,0,0,0,1,0,2,"-8,93872072","-40,1400681",SPRF-PE,DEL06-PE,UOP03-DEL06-PE
270373.0,2020-02-20,quinta-feira,06:27:00,PE,408,78,PAUDALHO,Desobediência às normas de trânsito pelo condutor,Colisão frontal,Sem Vítimas,Pleno dia,Crescente,Sol,Dupla,Reta,Não,2,0,0,0,0,2,0,2,"-7,92365927","-35,15513418",SPRF-PE,DEL01-PE,UOP01-DEL01-PE
270429.0,2020-02-20,quinta-feira,11:13:00,PE,428,"183,9",PETROLINA,Desobediência às normas de trânsito pelo condutor,Colisão traseira,Com Vítimas Feridas,Pleno dia,Decrescente,Sol,Simples,Reta,Sim,2,0,1,0,1,0,1,2,"-9,34429277","-40,47240973",SPRF-PE,DEL06-PE,UOP01-DEL06-PE
270438.0,2020-02-20,quinta-feira,10:50:00,PE,101,"74,1",RECIFE,Desobediência às normas de trânsito pelo condutor,Colisão lateral,Com Vítimas Feridas,Pleno dia,Crescente,Sol,Dupla,Reta,Sim,3,0,2,0,0,1,2,3,"-8,10146485","-34,94901577",SPRF-PE,DEL01-PE,UOP01-DEL01-PE
270530.0,2020-02-20,quinta-feira,19:20:00,PE,101,"58,2",PAULISTA,Falta de Atenção à Condução,Colisão com objeto estático,Com Vítimas Feridas,Plena Noite,Crescente,Chuva,Dupla,Reta,Não,1,0,1,0,0,0,1,1,"-7,93961103","-34,90356584",SPRF-PE,DEL01-PE,UOP02-DEL01-PE
270645.0,2020-02-21,sexta-feira,09:30:00,PE,232,"35,6",MORENO,Ingestão de Álcool,Colisão lateral,Sem Vítimas,Pleno dia,Decrescente,Céu Claro,Dupla,Reta,Sim,5,0,0,0,4,1,0,2,"-8,10907341","-35,19256991",SPRF-PE,DEL02-PE,UOP02-DEL02PE
270646.0,2020-02-21,sexta-feira,07:30:00,PE,232,"495,6",VERDEJANTE,Ingestão de Álcool,Saída de leito carroçável,Com Vítimas Feridas,Pleno dia,Crescente,Nublado,Simples,Declive,Não,2,0,2,0,0,0,2,1,"-8,01339923","-39,01636695",SPRF-PE,DEL05-PE,UOP01-DEL05-PE
270676.0,2020-02-21,sexta-feira,12:50:00,PE,232,"5,3",RECIFE,Falta de Atenção à Condução,Colisão lateral,Sem Vítimas,Pleno dia,Decrescente,Nublado,Dupla,Reta,Sim,2,0,0,0,2,0,0,2,"-8,06795766","-34,94535414",SPRF-PE,DEL01-PE,UOP01-DEL01-PE
270694.0,2020-02-21,sexta-feira,14:10:00,PE,101,"73,9",RECIFE,Falta de Atenção à Condução,Queda de ocupante de veículo,Com Vítimas Feridas,Pleno dia,Decrescente,Nublado,Dupla,Curva,Não,2,0,1,1,0,0,2,1,"-8,093369","-34,947464",SPRF-PE,DEL01-PE,UOP01-DEL01-PE
270709.0,2020-02-21,sexta-feira,14:00:00,PE,101,"62,9",RECIFE,Falta de Atenção do Pedestre,Atropelamento de Pedestre,Com Vítimas Feridas,Pleno dia,Decrescente,Nublado,Dupla,Reta,Sim,2,0,0,1,1,0,1,2,"-7,99905898","-34,93899295",SPRF-PE,DEL01-PE,UOP02-DEL01-PE
270836.0,2020-02-22,sábado,00:29:00,PE,101,"76,5",RECIFE,Agressão Externa,Colisão com objeto estático,Com Vítimas Feridas,Plena Noite,Crescente,Céu Claro,Dupla,Reta,Sim,1,0,1,0,0,0,1,1,"-8,11813811","-34,94329214",SPRF-PE,DEL01-PE,UOP01-DEL01-PE
270840.0,2020-02-22,sábado,01:20:00,PE,104,"66,5",CARUARU,Ingestão de Álcool,Colisão lateral,Sem Vítimas,Plena Noite,Decrescente,Chuva,Simples,Reta,Sim,2,0,0,0,2,0,0,2,"-8,2937","-35,9864",SPRF-PE,DEL02-PE,UOP01-DEL02-PE
270944.0,2020-02-22,sábado,09:00:00,PE,101,74,RECIFE,Falta de Atenção à Condução,Capotamento,Com Vítimas Feridas,Pleno dia,Crescente,Nublado,Dupla,Aclive,Sim,3,0,3,0,0,0,3,1,"-8,10371578","-34,94858265",SPRF-PE,DEL01-PE,UOP01-DEL01-PE
270965.0,2020-02-22,sábado,12:10:00,PE,232,79,GRAVATA,Falta de Atenção à Condução,Colisão traseira,Sem Vítimas,Pleno dia,Decrescente,Céu Claro,Simples,Declive,Sim,2,0,0,0,2,0,0,2,"-8,19460572","-35,56074803",SPRF-PE,DEL02-PE,UOP02-DEL02PE
270979.0,2020-02-22,sábado,02:05:00,PE,423,"93,6",GARANHUNS,Ingestão de Álcool,Queda de ocupante de veículo,Com Vítimas Feridas,Plena Noite,Decrescente,Nublado,Simples,Declive;Reta                  ,Sim,1,0,1,0,0,0,1,1,"-8,87201742","-36,4666754",SPRF-PE,DEL03-PE,UOP01-DEL03-PE
271042.0,2020-02-22,sábado,19:00:00,PE,232,"9,6",RECIFE,Falta de Atenção do Pedestre,Atropelamento de Pedestre,Com Vítimas Feridas,Plena Noite,Decrescente,Céu Claro,Dupla,Reta,Sim,3,0,1,1,0,1,2,2,"-8,07764447","-34,97863609",SPRF-PE,DEL01-PE,UOP01-DEL01-PE
271099.0,2020-02-22,sábado,21:05:00,PE,428,103,SANTA MARIA DA BOA VISTA,Animais na Pista,Capotamento,Com Vítimas Feridas,Plena Noite,Crescente,Céu Claro,Simples,Reta,Não,2,0,1,0,0,1,1,1,"-8,85088185","-39,98045209",SPRF-PE,DEL06-PE,UOP03-DEL06-PE
271105.0,2020-02-22,sábado,21:00:00,PE,101,"69,9",RECIFE,Falta de Atenção do Pedestre,Atropelamento de Pedestre,Com Vítimas Feridas,Plena Noite,Decrescente,Nublado,Dupla,Reta,Não,2,0,1,0,1,0,1,2,"-8,05951606","-34,94581024",SPRF-PE,DEL01-PE,UOP01-DEL01-PE
271109.0,2020-02-22,sábado,22:10:00,PE,423,"95,5",GARANHUNS,Desobediência às normas de trânsito pelo condutor,Colisão frontal,Com Vítimas Feridas,Plena Noite,Decrescente,Céu Claro,Simples,Curva,Sim,6,0,5,0,1,0,5,2,"-8,87891989","-36,47796305",SPRF-PE,DEL03-PE,UOP01-DEL03-PE
271132.0,2020-02-23,domingo,01:13:00,PE,232,"86,4",GRAVATA,Ingestão de Álcool,Saída de leito carroçável,Com Vítimas Feridas,Plena Noite,Crescente,Céu Claro,Dupla,Curva,Não,1,0,1,0,0,0,1,1,"-8,21286855","-35,62011813",SPRF-PE,DEL02-PE,UOP02-DEL02PE
271133.0,2020-02-23,domingo,02:07:00,PE,428,"126,2",LAGOA GRANDE,Animais na Pista,Atropelamento de Animal,Sem Vítimas,Plena Noite,Crescente,Céu Claro,Simples,Reta,Não,2,0,0,0,2,0,0,1,"-8,94448289","-40,15676804",SPRF-PE,DEL06-PE,UOP03-DEL06-PE
271153.0,2020-02-23,domingo,04:30:00,PE,408,"75,2",PAUDALHO,Ingestão de Álcool,Colisão traseira,Sem Vítimas,Amanhecer,Decrescente,Céu Claro,Dupla,Curva,Sim,2,0,0,0,2,0,0,2,"-7,90594592","-35,1732636",SPRF-PE,DEL01-PE,UOP01-DEL01-PE
271219.0,2020-02-23,domingo,13:20:00,PE,408,89,SAO LOURENCO DA MATA,Velocidade Incompatível,Colisão traseira,Com Vítimas Feridas,Pleno dia,Decrescente,Sol,Múltipla,Declive;Reta                  ,Não,5,0,1,1,3,0,2,2,"-7,98149086","-35,08112279",SPRF-PE,DEL01-PE,UOP01-DEL01-PE
271262.0,2020-02-23,domingo,17:03:00,PE,101,"60,2",RECIFE,Ingestão de Álcool,Tombamento,Com Vítimas Feridas,Pleno dia,Crescente,Céu Claro,Dupla,Curva,Sim,1,0,1,0,0,0,1,1,"-7,985269","-34,932005",SPRF-PE,DEL01-PE,UOP02-DEL01-PE
271268.0,2020-02-23,domingo,16:50:00,PE,424,"81,4",GARANHUNS,Velocidade Incompatível,Saída de leito carroçável,Com Vítimas Feridas,Anoitecer,Decrescente,Céu Claro,Simples,Reta,Não,2,0,1,1,0,0,2,1,"-8,83787","-36,53617",SPRF-PE,DEL03-PE,UOP01-DEL03-PE
271274.0,2020-02-23,domingo,18:20:00,PE,101,"51,5",ABREU E LIMA,Não guardar distância de segurança,Colisão traseira,Com Vítimas Feridas,Plena Noite,Crescente,Céu Claro,Dupla,Em Obras;Reta                 ,Sim,4,0,1,0,3,0,1,2,"-7,9169968","-34,89689272",SPRF-PE,DEL01-PE,UOP02-DEL01-PE
271287.0,2020-02-23,domingo,18:40:00,PE,232,"509,3",SALGUEIRO,Não guardar distância de segurança,Colisão traseira,Com Vítimas Feridas,Anoitecer,Decrescente,Céu Claro,Simples,Reta,Sim,4,0,3,0,1,0,3,2,"-8,06449154","-39,1298447",SPRF-PE,DEL05-PE,UOP01-DEL05-PE
271303.0,2020-02-23,domingo,20:05:00,PE,101,"69,2",RECIFE,Velocidade Incompatível,Atropelamento de Pedestre,Com Vítimas Feridas,Plena Noite,Decrescente,Nublado,Dupla,Curva,Sim,2,0,0,1,0,1,1,2,"-8,05951606","-34,94581024",SPRF-PE,DEL01-PE,UOP01-DEL01-PE
271317.0,2020-02-23,domingo,21:30:00,PE,101,"85,5",JABOATAO DOS GUARARAPES,Ingestão de Álcool,Atropelamento de Pedestre,Com Vítimas Feridas,Plena Noite,Crescente,Nublado,Simples,Reta,Sim,3,0,0,1,2,0,1,2,"-8,18065563","-34,95965322",SPRF-PE,DEL01-PE,UOP03-DEL01-PE
271345.0,2020-02-24,segunda-feira,00:20:00,PE,101,"81,7",JABOATAO DOS GUARARAPES,Animais na Pista,Atropelamento de Animal,Com Vítimas Fatais,Plena Noite,Crescente,Céu Claro,Dupla,Reta,Não,1,1,0,0,0,0,0,1,"-8,1597489","-34,94024569",SPRF-PE,DEL01-PE,UOP03-DEL01-PE
271396.0,2020-02-24,segunda-feira,09:40:00,PE,101,"78,3",RECIFE,Falta de Atenção do Pedestre,Atropelamento de Pedestre,Com Vítimas Feridas,Pleno dia,Crescente,Céu Claro,Dupla,Reta,Sim,3,0,0,1,1,1,1,2,"-8,13496499","-34,94738614",SPRF-PE,DEL01-PE,UOP01-DEL01-PE
271440.0,2020-02-24,segunda-feira,15:20:00,PE,101,"41,3",IGARASSU,Não guardar distância de segurança,Queda de ocupante de veículo,Com Vítimas Feridas,Pleno dia,Decrescente,Céu Claro,Dupla,Curva,Sim,2,0,1,0,0,1,1,2,"-7,83038346","-34,91426785",SPRF-PE,DEL01-PE,UOP02-DEL01-PE
271471.0,2020-02-24,segunda-feira,15:55:00,PE,423,77,JUCATI,Desobediência às normas de trânsito pelo condutor,Colisão frontal,Com Vítimas Feridas,Pleno dia,Decrescente,Céu Claro,Simples,Reta,Não,2,0,0,1,0,1,1,2,"-8,740482","-36,43069893",SPRF-PE,DEL03-PE,UOP01-DEL03-PE
271572.0,2020-02-25,terça-feira,10:00:00,PE,232,81,GRAVATA,Falta de Atenção à Condução,Colisão traseira,Com Vítimas Feridas,Pleno dia,Decrescente,Céu Claro,Dupla,Reta,Sim,2,0,0,1,1,0,1,2,"-8,19697746","-35,57850408",SPRF-PE,DEL02-PE,UOP02-DEL02PE
271625.0,2020-02-25,terça-feira,15:30:00,PE,101,"51,2",ABREU E LIMA,Falta de Atenção à Condução,Colisão transversal,Sem Vítimas,Pleno dia,Decrescente,Nublado,Múltipla,Retorno Regulamentado,Sim,3,0,0,0,2,1,0,2,"-7,9169968","-34,89689272",SPRF-PE,DEL01-PE,UOP02-DEL01-PE
271675.0,2020-02-25,terça-feira,19:30:00,PE,232,462,SAO JOSE DO BELMONTE,Animais na Pista,Atropelamento de Animal,Com Vítimas Feridas,Plena Noite,Crescente,Céu Claro,Simples,Reta,Não,2,0,1,0,1,0,1,1,"-8,02830183","-38,73139096",SPRF-PE,DEL05-PE,UOP01-DEL05-PE
271684.0,2020-02-25,terça-feira,19:10:00,PE,407,"126,5",PETROLINA,Falta de Atenção à Condução,Colisão transversal,Com Vítimas Feridas,Plena Noite,Crescente,Céu Claro,Simples,Reta,Sim,3,0,1,0,2,0,1,2,"-9,38930932","-40,52373832",SPRF-PE,DEL06-PE,UOP01-DEL06-PE
271698.0,2020-02-25,terça-feira,21:20:00,PE,101,2,GOIANA,Falta de Atenção à Condução,Capotamento,Com Vítimas Feridas,Plena Noite,Crescente,Nublado,Dupla,Declive;Curva                 ,Não,1,0,1,0,0,0,1,1,"-7,51675334","-34,99198357",SPRF-PE,DEL01-PE,UOP02-DEL01-PE
271704.0,2020-02-24,segunda-feira,12:00:00,PE,116,26,SALGUEIRO,Objeto estático sobre o leito carroçável,Colisão com objeto estático,Sem Vítimas,Pleno dia,Decrescente,Nublado,Simples,Reta,Sim,1,0,0,0,1,0,0,1,"-8,069921","-39,13364",SPRF-PE,DEL05-PE,UOP01-DEL05-PE
271795.0,2020-02-26,quarta-feira,11:15:00,PE,232,"34,2",MORENO,Objeto estático sobre o leito carroçável,Engavetamento,Sem Vítimas,Pleno dia,Decrescente,Sol,Dupla,Reta,Não,5,0,0,0,5,0,0,5,"-8,10702537","-35,18394691",SPRF-PE,DEL02-PE,UOP02-DEL02PE
271909.0,2020-02-26,quarta-feira,19:40:00,PE,428,"31,7",CABROBO,Animais na Pista,Atropelamento de Animal,Com Vítimas Fatais,Plena Noite,Crescente,Céu Claro,Simples,Reta,Não,1,1,0,0,0,0,0,1,"-8,521667","-39,493041",SPRF-PE,DEL05-PE,UOP03-DEL05-PE
271924.0,2020-02-26,quarta-feira,21:00:00,PE,101,"70,5",RECIFE,Animais na Pista,Atropelamento de Animal,Com Vítimas Feridas,Plena Noite,Crescente,Céu Claro,Dupla,Reta,Sim,4,0,2,0,2,0,2,1,"-8,06776119","-34,94265074",SPRF-PE,DEL01-PE,UOP01-DEL01-PE
271956.0,2020-02-27,quinta-feira,00:00:00,PE,232,"4,4",RECIFE,Falta de Atenção à Condução,Colisão com objeto estático,Sem Vítimas,Plena Noite,Crescente,Céu Claro,Dupla,Aclive,Não,1,0,0,0,1,0,0,1,"-8,0660707","-34,94098663",SPRF-PE,DEL01-PE,UOP01-DEL01-PE
271957.0,2020-01-29,quarta-feira,12:00:00,PE,407,"123,6",PETROLINA,Falta de Atenção à Condução,Colisão traseira,Com Vítimas Feridas,Pleno dia,Crescente,Céu Claro,Simples,Reta,Sim,3,0,1,0,1,1,1,3,"-9,370504","-40,540758",SPRF-PE,DEL06-PE,UOP01-DEL06-PE
271968.0,2020-02-27,quinta-feira,08:02:00,PE,101,83,JABOATAO DOS GUARARAPES,Não guardar distância de segurança,Engavetamento,Sem Vítimas,Pleno dia,Decrescente,Sol,Dupla,Declive,Sim,3,0,0,0,3,0,0,3,"-8,175172","-34,942642",SPRF-PE,DEL01-PE,UOP03-DEL01-PE
272031.0,2020-02-27,quinta-feira,15:25:00,PE,101,67,RECIFE,Falta de Atenção à Condução,Colisão traseira,Com Vítimas Feridas,Pleno dia,Crescente,Céu Claro,Múltipla,Reta,Sim,2,0,2,0,0,0,2,2,"-8,042334","-34,943096",SPRF-PE,DEL01-PE,UOP01-DEL01-PE
272190.0,2020-02-28,sexta-feira,14:00:00,PE,116,"26,1",SALGUEIRO,Desobediência às normas de trânsito pelo condutor,Colisão transversal,Com Vítimas Feridas,Pleno dia,Crescente,Céu Claro,Dupla,Reta,Sim,2,0,1,0,1,0,1,2,"-8,07118805","-39,1338237",SPRF-PE,DEL05-PE,UOP01-DEL05-PE
272217.0,2020-01-31,sexta-feira,22:40:00,PE,101,84,JABOATAO DOS GUARARAPES,Falta de Atenção à Condução,Colisão transversal,Com Vítimas Feridas,Plena Noite,Crescente,Céu Claro,Simples,Reta,Não,2,0,1,0,1,0,1,2,"-8,17778559","-34,95087297",SPRF-PE,DEL01-PE,UOP03-DEL01-PE
272259.0,2020-02-28,sexta-feira,21:15:00,PE,101,43,IGARASSU,Ingestão de Álcool,Atropelamento de Pedestre,Com Vítimas Feridas,Plena Noite,Crescente,Céu Claro,Dupla,Reta,Sim,8,0,5,0,3,0,5,4,"-7,90124177","-34,86690402",SPRF-PE,DEL01-PE,UOP02-DEL01-PE
272278.0,2020-02-28,sexta-feira,23:30:00,PE,101,"80,3",JABOATAO DOS GUARARAPES,Condutor Dormindo,Saída de leito carroçável,Com Vítimas Feridas,Plena Noite,Crescente,Céu Claro,Múltipla,Reta,Sim,3,0,0,1,2,0,1,1,"-8,15112589","-34,9428866",SPRF-PE,DEL01-PE,UOP03-DEL01-PE
272325.0,2020-02-29,sábado,08:25:00,PE,423,"20,4",SAO CAITANO,Agressão Externa,Colisão transversal,Com Vítimas Feridas,Pleno dia,Decrescente,Sol,Simples,Reta,Não,3,0,1,1,1,0,2,2,"-8,33932508","-36,15909991",SPRF-PE,DEL02-PE,UOP03-DEL02-PE
272385.0,2020-02-29,sábado,14:40:00,PE,408,85,PAUDALHO,Condutor Dormindo,Saída de leito carroçável,Com Vítimas Feridas,Pleno dia,Decrescente,Céu Claro,Dupla,Reta,Não,1,0,1,0,0,0,1,1,"-7,95430093","-35,10252793",SPRF-PE,DEL01-PE,UOP01-DEL01-PE