id,data_inversa,dia_semana,horario,uf,br,km,municipio,causa_acidente,tipo_acidente,classificacao_acidente,fase_dia,sentido_via,condicao_metereologica,tipo_pista,tracado_via,uso_solo,pessoas,mortos,feridos_leves,feridos_graves,ilesos,ignorados,feridos,veiculos,latitude,longitude,regional,delegacia,uop
272492.0,2020-02-29,sábado,23:35:00,PE,428,183,PETROLINA,Falta de Atenção à Condução,Colisão traseira,Com Vítimas Feridas,Plena Noite,Decrescente,Céu Claro,Simples,Reta,Não,1,0,1,0,0,0,1,1,"-9,32412987","-40,46211325",SPRF-PE,DEL06-PE,UOP01-DEL06-PE
272502.0,2020-03-01,domingo,00:10:00,PE,232,377,FLORES,Ingestão de Álcool,Colisão traseira,Com Vítimas Feridas,Plena Noite,Crescente,Nublado,Simples,Reta,Não,4,0,1,0,2,1,1,2,"-8,02757621","-37,98850581",SPRF-PE,DEL04-PE,UOP01-DEL04-PE
272513.0,2020-03-01,domingo,05:15:00,PE,428,192,PETROLINA,Falta de Atenção à Condução,Colisão traseira,Com Vítimas Feridas,Amanhecer,Crescente,Céu Claro,Simples,Curva,Sim,2,0,1,0,1,0,1,2,"-9,38067769","-40,51113714",SPRF-PE,DEL06-PE,UOP01-DEL06-PE
272515.0,2020-03-01,domingo,05:20:00,PE,232,126,CARUARU,Condutor Dormindo,Saída de leito carroçável,Com Vítimas Fatais,Pleno dia,Crescente,Nublado,Dupla,Curva,Sim,1,1,0,0,0,0,0,1,"-8,30825859","-35,95443785",SPRF-PE,DEL02-PE,UOP03-DEL02-PE
272524.0,2020-03-01,domingo,06:20:00,PE,101,"65,5",RECIFE,Falta de Atenção à Condução,Colisão traseira,Com Vítimas Feridas,Pleno dia,Decrescente,Nublado,Dupla,Curva,Sim,2,0,1,0,1,0,1,2,"-8,02478597","-34,94276635",SPRF-PE,DEL01-PE,UOP01-DEL01-PE
272525.0,2020-03-01,domingo,06:30:00,PE,101,30,IGARASSU,Falta de Atenção à Condução,Queda de ocupante de veículo,Com Vítimas Feridas,Pleno dia,Decrescente,Céu Claro,Dupla,Reta,Sim,2,0,2,0,0,0,2,1,"-7,73816195","-34,94265811",SPRF-PE,DEL01-PE,UOP02-DEL01-PE
272570.0,2020-03-01,domingo,12:30:00,PE,101,50,ABREU E LIMA,Falta de Atenção à Condução,Colisão transversal,Com Vítimas Feridas,Pleno dia,Decrescente,Sol,Dupla,Reta,Sim,2,0,1,0,1,0,1,2,"-7,90938602","-34,90123228",SPRF-PE,DEL01-PE,UOP02-DEL01-PE
272648.0,2020-03-01,domingo,18:30:00,PE,408,"74,1",PAUDALHO,Falta de Atenção do Pedestre,Atropelamento de Pedestre,Com Vítimas Fatais,Plena Noite,Decrescente,Céu Claro,Múltipla,Declive,Sim,2,1,0,1,0,0,1,2,"-7,89701706","-35,17300548",SPRF-PE,DEL01-PE,UOP01-DEL01-PE
272652.0,2020-03-01,domingo,18:50:00,PE,101,40,IGARASSU,Ingestão de Álcool,Colisão traseira,Sem Vítimas,Plena Noite,Crescente,Céu Claro,Dupla,Reta,Sim,3,0,0,0,2,1,0,3,"-7,821475","-34,916545",SPRF-PE,DEL01-PE,UOP02-DEL01-PE
272656.0,2020-03-01,domingo,19:00:00,PE,408,"88,7",SAO LOURENCO DA MATA,Falta de Atenção do Pedestre,Saída de leito carroçável,Com Vítimas Feridas,Plena Noite,Decrescente,Nublado,Dupla,Reta,Não,4,0,3,0,1,0,3,2,"-7,97432974","-35,08598372",SPRF-PE,DEL01-PE,UOP01-DEL01-PE
272659.0,2020-03-01,domingo,19:15:00,PE,101,57,PAULISTA,Falta de Atenção à Condução,Colisão transversal,Com Vítimas Feridas,Plena Noite,Decrescente,Vento,Múltipla,Reta,Sim,2,0,2,0,0,0,2,2,"-7,96346213","-34,91513486",SPRF-PE,DEL01-PE,UOP02-DEL01-PE
272694.0,2020-03-01,domingo,19:43:00,PE,407,"125,5",PETROLINA,Não guardar distância de segurança,Colisão traseira,Sem Vítimas,Plena Noite,Crescente,Céu Claro,Dupla,Reta,Não,3,0,0,0,3,0,0,3,"-9,381404","-40,53194",SPRF-PE,DEL06-PE,UOP01-DEL06-PE
272710.0,2020-03-01,domingo,19:20:00,PE,428,184,PETROLINA,Deficiência ou não Acionamento do Sistema de Iluminação/Sinalização do Veículo,Colisão lateral,Sem Vítimas,Plena Noite,Decrescente,Céu Claro,Simples,Reta,Sim,2,0,0,0,1,1,0,2,"-9,34208598","-40,47129929",SPRF-PE,DEL06-PE,UOP01-DEL06-PE
272762.0,2020-03-02,segunda-feira,05:30:00,PE,424,"98,6",GARANHUNS,Agressão Externa,Saída de leito carroçável,Com Vítimas Feridas,Amanhecer,Decrescente,Céu Claro,Simples,Curva,Não,1,0,1,0,0,0,1,1,"-8,94248907","-36,50883182",SPRF-PE,DEL03-PE,UOP01-DEL03-PE
272806.0,2020-03-02,segunda-feira,08:25:00,PE,407,"125,6",PETROLINA,Ingestão de Álcool,Colisão lateral,Com Vítimas Feridas,Pleno dia,Crescente,Céu Claro,Dupla,Retorno Regulamentado,Sim,2,0,1,0,1,0,1,2,"-9,37739336","-40,53595733",SPRF-PE,DEL06-PE,UOP01-DEL06-PE
272810.0,2020-01-15,quarta-feira,12:50:00,PE,101,"60,2",RECIFE,Condutor Dormindo,Colisão com objeto estático,Sem Vítimas,Pleno dia,Crescente,Céu Claro,Dupla,Reta,Sim,1,0,0,0,0,1,0,1,"-7,98344307","-34,93176727",SPRF-PE,DEL01-PE,UOP02-DEL01-PE
272830.0,2020-03-02,segunda-feira,12:50:00,PE,101,44,IGARASSU,Falta de Atenção do Pedestre,Atropelamento de Pedestre,Com Vítimas Feridas,Pleno dia,Crescente,Sol,Múltipla,Reta,Sim,2,0,1,0,1,0,1,2,"-7,85637001","-34,90842109",SPRF-PE,DEL01-PE,UOP02-DEL01-PE
272858.0,2020-03-02,segunda-feira,10:50:00,PE,101,85,JABOATAO DOS GUARARAPES,Falta de Atenção à Condução,Colisão traseira,Com Vítimas Feridas,Pleno dia,Crescente,Sol,Simples,Reta,Sim,3,0,1,0,0,2,1,3,"-8,18065563","-34,95965322",SPRF-PE,DEL01-PE,UOP03-DEL01-PE
272880.0,2020-03-02,segunda-feira,16:30:00,PE,101,81,JABOATAO DOS GUARARAPES,Desobediência às normas de trânsito pelo condutor,Colisão traseira,Com Vítimas Feridas,Pleno dia,Crescente,Sol,Dupla,Reta,Sim,2,0,1,0,1,0,1,2,"-8,1597489","-34,94024569",SPRF-PE,DEL01-PE,UOP03-DEL01-PE
272954.0,2020-03-03,terça-feira,02:10:00,PE,232,"10,4",JABOATAO DOS GUARARAPES,Defeito Mecânico no Veículo,Incêndio,Sem Vítimas,Plena Noite,Decrescente,Céu Claro,Dupla,Reta;Aclive                   ,Não,1,0,0,0,1,0,0,1,"-8,07917241","-34,98718609",SPRF-PE,DEL01-PE,UOP01-DEL01-PE
272978.0,2020-03-03,terça-feira,08:00:00,PE,101,51,ABREU E LIMA,Não guardar distância de segurança,Colisão traseira,Com Vítimas Feridas,Pleno dia,Crescente,Céu Claro,Simples,Reta,Sim,3,0,1,1,1,0,2,2,"-7,9169968","-34,89689272",SPRF-PE,DEL01-PE,UOP02-DEL01-PE
272979.0,2020-03-03,terça-feira,08:00:00,PE,101,43,IGARASSU,Falta de Atenção à Condução,Colisão traseira,Com Vítimas Feridas,Pleno dia,Decrescente,Céu Claro,Dupla,Reta,Sim,2,0,1,0,1,0,1,2,"-7,84753808","-34,90977038",SPRF-PE,DEL01-PE,UOP02-DEL01-PE
272990.0,2020-03-03,terça-feira,08:40:00,PE,101,"50,7",ABREU E LIMA,Desobediência às normas de trânsito pelo condutor,Colisão transversal,Sem Vítimas,Pleno dia,Decrescente,Sol,Múltipla,Retorno Regulamentado,Sim,2,0,0,0,1,1,0,2,"-7,90938602","-34,90123228",SPRF-PE,DEL01-PE,UOP02-DEL01-PE
273084.0,2020-03-03,terça-feira,18:20:00,PE,232,"4,3",RECIFE,Desobediência às normas de trânsito pelo condutor,Colisão traseira,Com Vítimas Feridas,Plena Noite,Decrescente,Céu Claro,Múltipla,Reta,Sim,3,0,2,0,1,0,2,2,"-8,064473","-34,936928",SPRF-PE,DEL01-PE,UOP01-DEL01-PE
273096.0,2020-03-03,terça-feira,19:10:00,PE,101,"65,6",RECIFE,Falta de Atenção à Condução,Colisão traseira,Com Vítimas Feridas,Plena Noite,Decrescente,Nublado,Dupla,Reta,Sim,3,0,0,1,2,0,1,3,"-8,030293","-34,942836",SPRF-PE,DEL01-PE,UOP01-DEL01-PE
273111.0,2020-01-29,quarta-feira,13:30:00,PE,232,"409,8",SERRA TALHADA,Desobediência às normas de trânsito pelo condutor,Colisão transversal,Com Vítimas Feridas,Pleno dia,Crescente,Céu Claro,Simples,Reta,Sim,3,0,1,1,1,0,2,2,"-7,981944","-38,289467",SPRF-PE,DEL04-PE,UOP01-DEL04-PE
273122.0,2020-03-03,terça-feira,21:00:00,PE,101,"183,9",PALMARES,Desobediência às normas de trânsito pelo condutor,Tombamento,Com Vítimas Feridas,Plena Noite,Crescente,Céu Claro,Múltipla,Reta,Sim,1,0,1,0,0,0,1,1,"-8,6649058","-35,57250738",SPRF-PE,DEL01-PE,UOP03-DEL01-PE
273216.0,2020-03-04,quarta-feira,14:20:00,PE,101,"56,1",PAULISTA,Mal Súbito,Colisão frontal,Com Vítimas Feridas,Pleno dia,Crescente,Sol,Simples,Reta,Sim,2,0,2,0,0,0,2,2,"-7,9554509","-34,91140727",SPRF-PE,DEL01-PE,UOP02-DEL01-PE
273235.0,2020-03-04,quarta-feira,15:30:00,PE,232,"19,8",MORENO,Falta de Atenção à Condução,Saída de leito carroçável,Com Vítimas Feridas,Pleno dia,Crescente,Céu Claro,Dupla,Reta,Não,2,0,2,0,0,0,2,1,"-8,09822484","-35,06316202",SPRF-PE,DEL01-PE,UOP01-DEL01-PE
273251.0,2020-03-04,quarta-feira,18:00:00,PE,316,"56,5",TRINDADE,Falta de Atenção à Condução,Colisão traseira,Com Vítimas Feridas,Anoitecer,Decrescente,Nublado,Simples,Reta,Sim,3,0,1,1,1,0,2,2,"-7,74380917","-40,27876107",SPRF-PE,DEL05-PE,UOP02-DEL05-PE
273279.0,2020-03-04,quarta-feira,20:30:00,PE,101,"77,4",RECIFE,Falta de Atenção à Condução,Colisão transversal,Sem Vítimas,Plena Noite,Crescente,Céu Claro,Dupla,Curva,Sim,2,0,0,0,2,0,0,2,"-8,131768","-34,945553",SPRF-PE,DEL01-PE,UOP01-DEL01-PE
273291.0,2020-03-04,quarta-feira,23:20:00,PE,101,60,RECIFE,Falta de Atenção à Condução,Capotamento,Com Vítimas Feridas,Plena Noite,Crescente,Céu Claro,Dupla,Curva,Não,1,0,1,0,0,0,1,1,"-7,98344307","-34,93176727",SPRF-PE,DEL01-PE,UOP02-DEL01-PE
273312.0,2020-03-05,quinta-feira,04:00:00,PE,101,69,RECIFE,Ingestão de Álcool,Capotamento,Sem Vítimas,Plena Noite,Decrescente,Nublado,Dupla,Reta,Sim,2,0,0,0,0,2,0,1,"-8,05951606","-34,94581024",SPRF-PE,DEL01-PE,UOP01-DEL01-PE
273324.0,2020-03-05,quinta-feira,05:40:00,PE,423,"96,5",GARANHUNS,Desobediência às normas de trânsito pelo condutor,Colisão transversal,Com Vítimas Feridas,Amanhecer,Decrescente,Céu Claro,Simples,Reta,Sim,2,0,0,1,1,0,1,2,"-8,88167962","-36,49023056",SPRF-PE,DEL03-PE,UOP01-DEL03-PE
273357.0,2020-03-05,quinta-feira,08:05:00,PE,408,"90,6",SAO LOURENCO DA MATA,Falta de Atenção à Condução,Saída de leito carroçável,Com Vítimas Feridas,Pleno dia,Decrescente,Sol,Dupla,Reta,Sim,1,0,1,0,0,0,1,1,"-7,9886528","-35,07625976",SPRF-PE,DEL01-PE,UOP01-DEL01-PE
273595.0,2020-03-06,sexta-feira,15:45:00,PE,232,"142,5",SAO CAITANO,Falta de Atenção à Condução,Colisão traseira,Com Vítimas Feridas,Pleno dia,Crescente,Céu Claro,Dupla,Reta,Não,2,0,0,1,0,1,1,2,"-8,32242118","-36,09480698",SPRF-PE,DEL02-PE,UOP03-DEL02-PE
273751.0,2020-03-07,sábado,06:00:00,PE,232,"29,2",MORENO,Pista Escorregadia,Saída de leito carroçável,Com Vítimas Feridas,Pleno dia,Decrescente,Céu Claro,Dupla,Reta,Sim,2,0,0,1,1,0,1,1,"-8,111269","-35,143135",SPRF-PE,DEL02-PE,UOP02-DEL02PE
273771.0,2020-03-07,sábado,09:15:00,PE,101,"11,4",GOIANA,Velocidade Incompatível,Saída de leito carroçável,Com Vítimas Feridas,Pleno dia,Decrescente,Chuva,Dupla,Reta,Não,3,0,2,0,1,0,2,1,"-7,59514001","-34,98460002",SPRF-PE,DEL01-PE,UOP02-DEL01-PE
273777.0,2020-03-07,sábado,09:50:00,PE,101,"78,5",JABOATAO DOS GUARARAPES,Velocidade Incompatível,Saída de leito carroçável,Com Vítimas Feridas,Pleno dia,Decrescente,Sol,Dupla,Curva,Não,1,0,1,0,0,0,1,1,"-8,13496499","-34,94738614",SPRF-PE,DEL01-PE,UOP01-DEL01-PE
273794.0,2020-03-07,sábado,10:45:00,PE,101,"43,8",IGARASSU,Falta de Atenção à Condução,Saída de leito carroçável,Com Vítimas Feridas,Pleno dia,Crescente,Céu Claro,Dupla,Reta,Sim,1,0,0,1,0,0,1,1,"-7,84753808","-34,90977038",SPRF-PE,DEL01-PE,UOP02-DEL01-PE
273826.0,2020-03-07,sábado,13:30:00,PE,104,66,CARUARU,Falta de Atenção à Condução,Colisão lateral,Sem Vítimas,Pleno dia,Decrescente,Céu Claro,Dupla,Curva,Sim,2,0,0,0,1,1,0,2,"-8,2937","-35,9864",SPRF-PE,DEL02-PE,UOP01-DEL02-PE
273837.0,2020-03-07,sábado,15:48:00,PE,428,"190,9",PETROLINA,Mal Súbito,Queda de ocupante de veículo,Com Vítimas Feridas,Pleno dia,Decrescente,Céu Claro,Múltipla,Reta,Sim,1,0,0,1,0,0,1,1,"-9,37605965","-40,49382106",SPRF-PE,DEL06-PE,UOP01-DEL06-PE
273917.0,2020-03-07,sábado,22:20:00,PE,116,"25,9",SALGUEIRO,Desobediência às normas de trânsito pelo condutor,Colisão lateral,Com Vítimas Feridas,Plena Noite,Decrescente,Céu Claro,Simples,Reta,Não,2,0,1,0,1,0,1,2,"-8,0694082","-39,13416646",SPRF-PE,DEL05-PE,UOP01-DEL05-PE
273927.0,2020-03-07,sábado,14:03:00,PE,104,66,CARUARU,Não guardar distância de segurança,Colisão traseira,Com Vítimas Feridas,Pleno dia,Decrescente,Céu Claro,Dupla,Reta,Sim,3,0,2,0,1,0,2,2,"-8,2937","-35,9864",SPRF-PE,DEL02-PE,UOP01-DEL02-PE
273928.0,2020-03-07,sábado,14:00:00,PE,104,"66,1",CARUARU,Não guardar distância de segurança,Colisão traseira,Com Vítimas Feridas,Pleno dia,Decrescente,Céu Claro,Dupla,Reta,Sim,2,0,1,0,0,1,1,2,"-8,2937","-35,9864",SPRF-PE,DEL02-PE,UOP01-DEL02-PE
273937.0,2020-03-08,domingo,01:10:00,PE,101,"71,2",RECIFE,Não guardar distância de segurança,Colisão traseira,Sem Vítimas,Plena Noite,Crescente,Nublado,Dupla,Reta,Sim,3,0,0,0,2,1,0,2,"-8,07663102","-34,94277871",SPRF-PE,DEL01-PE,UOP01-DEL01-PE
274011.0,2020-03-08,domingo,08:45:00,PE,101,"54,5",PAULISTA,Falta de Atenção à Condução,Colisão lateral,Com Vítimas Feridas,Pleno dia,Decrescente,Sol,Simples,Curva,Sim,2,0,1,0,1,0,1,2,"-7,93961103","-34,90356584",SPRF-PE,DEL01-PE,UOP02-DEL01-PE
274012.0,2020-03-08,domingo,08:40:00,PE,232,"508,3",SALGUEIRO,Falta de Atenção à Condução,Colisão com objeto estático,Sem Vítimas,Pleno dia,Crescente,Céu Claro,Simples,Interseção de Vias,Não,1,0,0,0,0,1,0,1,"-8,06223271","-39,12095006",SPRF-PE,DEL05-PE,UOP01-DEL05-PE
274044.0,2020-03-08,domingo,13:10:00,PE,408,"102,7",RECIFE,Defeito Mecânico no Veículo,Queda de ocupante de veículo,Com Vítimas Feridas,Pleno dia,Decrescente,Céu Claro,Dupla,Reta,Sim,1,0,1,0,0,0,1,1,"-8,05323195","-35,00247996",SPRF-PE,DEL01-PE,UOP01-DEL01-PE
274051.0,2020-03-08,domingo,14:00:00,PE,101,51,ABREU E LIMA,Falta de Atenção do Pedestre,Atropelamento de Pedestre,Com Vítimas Feridas,Pleno dia,Crescente,Nublado,Dupla,Reta,Sim,2,0,1,0,1,0,1,2,"-7,9169968","-34,89689272",SPRF-PE,DEL01-PE,UOP02-DEL01-PE
274064.0,2020-03-08,domingo,15:35:00,PE,407,126,PETROLINA,Desobediência às normas de trânsito pelo condutor,Colisão lateral,Com Vítimas Feridas,Pleno dia,Crescente,Céu Claro,Simples,Rotatória,Sim,2,0,1,0,1,0,1,2,"-9,38491309","-40,52809509",SPRF-PE,DEL06-PE,UOP01-DEL06-PE
274084.0,2020-03-08,domingo,15:30:00,PE,232,252,ARCOVERDE,Ultrapassagem Indevida,Colisão frontal,Com Vítimas Feridas,Pleno dia,Decrescente,Céu Claro,Simples,Curva,Sim,2,0,0,1,1,0,1,2,"-8,43086","-37,06536",SPRF-PE,DEL03-PE,UOP02-DEL03-PE
274086.0,2020-03-08,domingo,17:10:00,PE,408,"86,5",PAUDALHO,Velocidade Incompatível,Saída de leito carroçável,Com Vítimas Feridas,Anoitecer,Crescente,Céu Claro,Dupla,Interseção de Vias,Não,2,0,2,0,0,0,2,1,"-7,96010995","-35,09554697",SPRF-PE,DEL01-PE,UOP01-DEL01-PE
274103.0,2020-03-08,domingo,18:30:00,PE,110,"137,1",IBIMIRIM,Ingestão de Álcool,Colisão frontal,Com Vítimas Fatais,Plena Noite,Decrescente,Céu Claro,Simples,Reta,Não,2,1,1,0,0,0,1,2,"-8,50895","-37,6065",SPRF-PE,DEL03-PE,UOP02-DEL03-PE
274236.0,2020-03-09,segunda-feira,08:00:00,PE,101,94,CABO DE SANTO AGOSTINHO,Defeito Mecânico no Veículo,Colisão frontal,Com Vítimas Feridas,Pleno dia,Decrescente,Céu Claro,Simples,Reta,Sim,3,0,1,1,1,0,2,2,"-8,24829064","-35,00697936",SPRF-PE,DEL01-PE,UOP03-DEL01-PE
274239.0,2020-03-09,segunda-feira,08:15:00,PE,232,"5,8",RECIFE,Falta de Atenção à Condução,Colisão lateral,Com Vítimas Feridas,Pleno dia,Crescente,Sol,Dupla,Reta,Sim,2,0,1,0,1,0,1,2,"-8,06795766","-34,94535414",SPRF-PE,DEL01-PE,UOP01-DEL01-PE
274259.0,2020-03-09,segunda-feira,08:00:00,PE,232,"18,5",JABOATAO DOS GUARARAPES,Falta de Atenção à Condução,Saída de leito carroçável,Com Vítimas Feridas,Pleno dia,Decrescente,Sol,Dupla,Curva,Não,2,0,1,0,1,0,1,1,"-8,09565202","-35,04581599",SPRF-PE,DEL01-PE,UOP01-DEL01-PE
274278.0,2020-03-09,segunda-feira,11:00:00,PE,104,"65,6",CARUARU,Falta de Atenção à Condução,Colisão traseira,Com Vítimas Feridas,Pleno dia,Crescente,Sol,Dupla,Declive,Sim,2,0,1,0,1,0,1,2,"-8,2867","-35,9838",SPRF-PE,DEL02-PE,UOP01-DEL02-PE
274323.0,2020-03-09,segunda-feira,16:05:00,PE,423,"39,2",CACHOEIRINHA,Desobediência às normas de trânsito pelo condutor,Colisão transversal,Com Vítimas Feridas,Pleno dia,Crescente,Sol,Simples,Reta,Sim,2,0,0,1,1,0,1,2,"-8,48957335","-36,23249049",SPRF-PE,DEL03-PE,UOP01-DEL03-PE
274361.0,2020-03-09,segunda-feira,18:30:00,PE,101,"86,4",JABOATAO DOS GUARARAPES,Falta de Atenção à Condução,Saída de leito carroçável,Com Vítimas Fatais,Plena Noite,Crescente,Céu Claro,Dupla,Reta,Não,2,1,0,0,0,1,0,1,"-8,18470013","-34,96816895",SPRF-PE,DEL01-PE,UOP03-DEL01-PE
274421.0,2020-03-10,terça-feira,06:10:00,PE,232,"97,6",BEZERROS,Condutor Dormindo,Saída de leito carroçável,Com Vítimas Feridas,Amanhecer,Decrescente,Sol,Dupla,Reta,Não,2,0,1,0,1,0,1,1,"-8,23379718","-35,71628894",SPRF-PE,DEL02-PE,UOP02-DEL02PE
274444.0,2020-03-10,terça-feira,09:15:00,PE,101,"70,8",RECIFE,Desobediência às normas de trânsito pelo condutor,Colisão transversal,Com Vítimas Feridas,Pleno dia,Crescente,Céu Claro,Simples,Reta,Sim,2,0,1,0,1,0,1,2,"-8,074833","-34,945673",SPRF-PE,DEL01-PE,UOP01-DEL01-PE
274527.0,2020-03-10,terça-feira,12:10:00,PE,407,124,PETROLINA,Não guardar distância de segurança,Colisão transversal,Com Vítimas Feridas,Pleno dia,Decrescente,Céu Claro,Simples,Rotatória,Sim,2,0,1,0,1,0,1,2,"-9,36929881","-40,54137139",SPRF-PE,DEL06-PE,UOP01-DEL06-PE
274627.0,2020-03-11,quarta-feira,03:40:00,PE,101,"46,7",IGARASSU,Falta de Atenção do Pedestre,Atropelamento de Pedestre,Sem Vítimas,Plena Noite,Decrescente,Céu Claro,Múltipla,Reta,Sim,3,0,0,0,1,2,0,2,"-7,877291","-34,905495",SPRF-PE,DEL01-PE,UOP02-DEL01-PE
274696.0,2020-03-11,quarta-feira,12:00:00,PE,232,"410,4",SERRA TALHADA,Falta de Atenção à Condução,Colisão transversal,Com Vítimas Feridas,Pleno dia,Crescente,Sol,Simples,Reta,Sim,4,0,0,2,2,0,2,2,"-7,98261841","-38,30039606",SPRF-PE,DEL04-PE,UOP01-DEL04-PE
274717.0,2020-03-11,quarta-feira,13:35:00,PE,101,52,PAULISTA,Falta de Atenção à Condução,Colisão traseira,Com Vítimas Feridas,Pleno dia,Crescente,Céu Claro,Dupla,Reta,Sim,3,0,2,0,0,1,2,2,"-7,92358799","-34,89607201",SPRF-PE,DEL01-PE,UOP02-DEL01-PE
274720.0,2020-03-11,quarta-feira,14:45:00,PE,424,1,ARCOVERDE,Falta de Atenção à Condução,Colisão lateral,Com Vítimas Feridas,Pleno dia,Decrescente,Sol,Simples,Reta,Sim,2,0,1,0,1,0,1,2,"-8,43892793","-37,05827086",SPRF-PE,DEL03-PE,UOP02-DEL03-PE
274777.0,2020-03-11,quarta-feira,20:40:00,PE,408,99,SAO LOURENCO DA MATA,Desobediência às normas de trânsito pelo condutor,Colisão lateral,Sem Vítimas,Plena Noite,Decrescente,Nublado,Dupla,Reta,Não,1,0,0,0,0,1,0,1,"-8,04133634","-35,02531212",SPRF-PE,DEL01-PE,UOP01-DEL01-PE
274779.0,2020-03-11,quarta-feira,18:38:00,PE,232,"408,3",SERRA TALHADA,Falta de Atenção à Condução,Atropelamento de Pedestre,Com Vítimas Feridas,Plena Noite,Decrescente,Céu Claro,Simples,Declive,Sim,3,0,1,1,1,0,2,2,"-7,98343897","-38,28314781",SPRF-PE,DEL04-PE,UOP01-DEL04-PE
274784.0,2020-03-11,quarta-feira,22:00:00,PE,408,"85,8",SAO LOURENCO DA MATA,Falta de Atenção à Condução,Atropelamento de Animal,Sem Vítimas,Plena Noite,Crescente,Céu Claro,Dupla,Reta,Não,4,0,0,0,0,4,0,1,"-7,95430093","-35,10252793",SPRF-PE,DEL01-PE,UOP01-DEL01-PE
274808.0,2020-03-12,quinta-feira,01:10:00,PE,101,"41,6",IGARASSU,Pista Escorregadia,Colisão com objeto estático,Com Vítimas Feridas,Plena Noite,Decrescente,Chuva,Simples,Viaduto;Curva                 ,Sim,1,0,1,0,0,0,1,1,"-7,83038346","-34,91426785",SPRF-PE,DEL01-PE,UOP02-DEL01-PE
274832.0,2020-03-12,quinta-feira,06:30:00,PE,101,"135,8",ESCADA,Fenômenos da Natureza,Colisão com objeto estático,Com Vítimas Feridas,Pleno dia,Decrescente,Chuva,Dupla,Curva,Não,1,0,1,0,0,0,1,1,"-8,41147616","-35,29599797",SPRF-PE,DEL01-PE,UOP03-DEL01-PE
274847.0,2020-03-12,quinta-feira,08:30:00,PE,101,"5,8",GOIANA,Defeito na Via,Colisão com objeto estático,Com Vítimas Feridas,Pleno dia,Crescente,Nublado,Dupla,Reta,Não,1,0,1,0,0,0,1,1,"-7,541764","-34,991394",SPRF-PE,DEL01-PE,UOP02-DEL01-PE
274869.0,2020-03-12,quinta-feira,10:30:00,PE,232,"29,7",MORENO,Defeito Mecânico no Veículo,Saída de leito carroçável,Sem Vítimas,Pleno dia,Decrescente,Chuva,Dupla,Curva,Não,1,0,0,0,1,0,0,1,"-8,1119427","-35,14148176",SPRF-PE,DEL02-PE,UOP02-DEL02PE
274875.0,2020-03-12,quinta-feira,11:45:00,PE,101,"34,9",IGARASSU,Defeito Mecânico no Veículo,Capotamento,Sem Vítimas,Pleno dia,Decrescente,Sol,Dupla,Reta,Não,2,0,0,0,1,1,0,1,"-7,77092801","-34,93524623",SPRF-PE,DEL01-PE,UOP02-DEL01-PE
274879.0,2020-03-12,quinta-feira,13:00:00,PE,232,"50,8",VITORIA DE SANTO ANTAO,Defeito na Via,Colisão com objeto estático,Com Vítimas Feridas,Pleno dia,Decrescente,Chuva,Dupla,Reta,Não,3,0,1,0,2,0,1,1,"-8,14106223","-35,32322707",SPRF-PE,DEL02-PE,UOP02-DEL02PE
274888.0,2020-03-12,quinta-feira,13:30:00,PE,101,"86,6",JABOATAO DOS GUARARAPES,Falta de Atenção à Condução,Colisão lateral,Com Vítimas Feridas,Pleno dia,Crescente,Céu Claro,Simples,Reta,Sim,3,0,1,0,2,0,1,3,"-8,18470013","-34,96816895",SPRF-PE,DEL01-PE,UOP03-DEL01-PE
274916.0,2020-03-12,quinta-feira,16:30:00,PE,101,"70,1",RECIFE,Falta de Atenção do Pedestre,Atropelamento de Pedestre,Com Vítimas Feridas,Pleno dia,Decrescente,Céu Claro,Dupla,Reta,Sim,2,0,0,1,1,0,1,2,"-8,068526","-34,942507",SPRF-PE,DEL01-PE,UOP01-DEL01-PE
275012.0,2020-03-12,quinta-feira,17:30:00,PE,101,51,PAULISTA,Falta de Atenção à Condução,Saída de leito carroçável,Sem Vítimas,Plena Noite,Decrescente,Céu Claro,Simples,Curva,Sim,1,0,0,0,0,1,0,1,"-7,9169968","-34,89689272",SPRF-PE,DEL01-PE,UOP02-DEL01-PE
275040.0,2020-03-13,sexta-feira,07:40:00,PE,428,186,PETROLINA,Não guardar distância de segurança,Colisão traseira,Com Vítimas Feridas,Pleno dia,Crescente,Céu Claro,Simples,Reta,Sim,2,0,1,0,1,0,1,2,"-9,34807826","-40,47441248",SPRF-PE,DEL06-PE,UOP01-DEL06-PE
275042.0,2020-03-13,sexta-feira,08:50:00,PE,101,69,RECIFE,Não guardar distância de segurança,Colisão traseira,Com Vítimas Feridas,Pleno dia,Crescente,Céu Claro,Múltipla,Reta,Não,3,0,2,0,1,0,2,2,"-8,05951606","-34,94581024",SPRF-PE,DEL01-PE,UOP01-DEL01-PE
275084.0,2020-03-13,sexta-feira,08:50:00,PE,232,"78,8",GRAVATA,Falta de Atenção à Condução,Colisão lateral,Com Vítimas Feridas,Pleno dia,Crescente,Sol,Simples,Reta,Sim,2,0,1,0,1,0,1,2,"-8,19343658","-35,55186505",SPRF-PE,DEL02-PE,UOP02-DEL02PE
275097.0,2020-03-13,sexta-feira,14:05:00,PE,423,"96,4",GARANHUNS,Desobediência às normas de trânsito pelo condutor,Colisão frontal,Com Vítimas Feridas,Pleno dia,Decrescente,Céu Claro,Simples,Curva,Sim,2,0,1,1,0,0,2,2,"-8,88021822","-36,48651678",SPRF-PE,DEL03-PE,UOP01-DEL03-PE
275111.0,2020-03-13,sexta-feira,16:12:00,PE,101,"43,8",IGARASSU,Falta de Atenção à Condução,Capotamento,Com Vítimas Feridas,Pleno dia,Crescente,Chuva,Dupla,Interseção de Vias,Sim,1,0,1,0,0,0,1,1,"-7,84753808","-34,90977038",SPRF-PE,DEL01-PE,UOP02-DEL01-PE