id,data_inversa,dia_semana,horario,uf,br,km,municipio,causa_acidente,tipo_acidente,classificacao_acidente,fase_dia,sentido_via,condicao_metereologica,tipo_pista,tracado_via,uso_solo,pessoas,mortos,feridos_leves,feridos_graves,ilesos,ignorados,feridos,veiculos,latitude,longitude,regional,delegacia,uop
275120.0,2020-03-13,sexta-feira,14:50:00,PE,101,"43,5",IGARASSU,Falta de Atenção à Condução,Colisão lateral,Com Vítimas Feridas,Pleno dia,Decrescente,Nublado,Múltipla,Reta,Sim,2,0,1,0,1,0,1,2,"-7,84753808","-34,90977038",SPRF-PE,DEL01-PE,UOP02-DEL01-PE
275173.0,2020-03-13,sexta-feira,18:15:00,PE,101,"173,8",JOAQUIM NABUCO,Velocidade Incompatível,Colisão com objeto estático,Sem Vítimas,Plena Noite,Decrescente,Céu Claro,Dupla,Reta,Não,1,0,0,0,0,1,0,1,"-8,59267042","-35,52108286",SPRF-PE,DEL01-PE,UOP03-DEL01-PE
275187.0,2020-03-13,sexta-feira,20:00:00,PE,101,97,CABO DE SANTO AGOSTINHO,Falta de Atenção do Pedestre,Atropelamento de Pedestre,Com Vítimas Fatais,Plena Noite,Crescente,Ignorado,Dupla,Reta,Sim,2,1,0,0,0,1,0,2,"-8,25331064","-35,0296397",SPRF-PE,DEL01-PE,UOP03-DEL01-PE
275305.0,2020-03-14,sábado,11:25:00,PE,101,"68,6",RECIFE,Agressão Externa,Danos eventuais,Sem Vítimas,Pleno dia,Crescente,Nublado,Múltipla,Reta,Sim,2,0,0,0,1,1,0,2,"-8,05074296","-34,94580619",SPRF-PE,DEL01-PE,UOP01-DEL01-PE
275325.0,2020-03-14,sábado,09:40:00,PE,424,"55,2",CAETES,Falta de Atenção à Condução,Colisão transversal,Com Vítimas Feridas,Pleno dia,Crescente,Céu Claro,Simples,Reta,Não,6,0,2,0,4,0,2,2,"-8,73184393","-36,74553398",SPRF-PE,DEL03-PE,UOP01-DEL03-PE
275351.0,2020-03-14,sábado,14:30:00,PE,232,"132,8",CARUARU,Falta de Atenção à Condução,Colisão com objeto estático,Com Vítimas Feridas,Pleno dia,Decrescente,Céu Claro,Múltipla,Reta,Sim,1,0,1,0,0,0,1,1,"-8,3036244","-36,00710089",SPRF-PE,DEL02-PE,UOP03-DEL02-PE
275375.0,2020-03-14,sábado,16:40:00,PE,101,70,RECIFE,Defeito na Via,Tombamento,Com Vítimas Feridas,Pleno dia,Decrescente,Céu Claro,Dupla,Retorno Regulamentado,Sim,2,0,1,1,0,0,2,1,"-8,06776119","-34,94265074",SPRF-PE,DEL01-PE,UOP01-DEL01-PE
275402.0,2020-03-14,sábado,18:30:00,PE,407,"126,2",PETROLINA,Falta de Atenção do Pedestre,Atropelamento de Pedestre,Com Vítimas Feridas,Plena Noite,Crescente,Nublado,Simples,Reta,Sim,3,0,1,0,1,1,1,3,"-9,38847354","-40,52470203",SPRF-PE,DEL06-PE,UOP01-DEL06-PE
275448.0,2020-03-14,sábado,22:10:00,PE,423,"61,7",LAJEDO,Ingestão de Álcool,Colisão traseira,Com Vítimas Feridas,Plena Noite,Crescente,Céu Claro,Simples,Reta,Sim,2,0,1,0,1,0,1,2,"-8,65805731","-36,32866993",SPRF-PE,DEL03-PE,UOP01-DEL03-PE
275486.0,2020-03-15,domingo,05:10:00,PE,428,184,PETROLINA,Velocidade Incompatível,Colisão transversal,Com Vítimas Feridas,Amanhecer,Crescente,Céu Claro,Simples,Interseção de Vias,Sim,3,0,0,2,0,1,2,2,"-9,34009199","-40,47032001",SPRF-PE,DEL06-PE,UOP01-DEL06-PE
275515.0,2020-03-15,domingo,13:00:00,PE,101,"178,9",JOAQUIM NABUCO,Animais na Pista,Saída de leito carroçável,Com Vítimas Feridas,Pleno dia,Crescente,Chuva,Dupla,Curva,Não,1,0,1,0,0,0,1,1,"-8,626228","-35,557475",SPRF-PE,DEL01-PE,UOP03-DEL01-PE
275516.0,2020-03-15,domingo,11:45:00,PE,101,"69,7",RECIFE,Falta de Atenção do Pedestre,Atropelamento de Pedestre,Com Vítimas Feridas,Pleno dia,Crescente,Céu Claro,Dupla,Reta,Não,3,0,1,0,1,1,1,2,"-8,05951606","-34,94581024",SPRF-PE,DEL01-PE,UOP01-DEL01-PE
275528.0,2020-03-15,domingo,15:00:00,PE,104,"67,8",CARUARU,Falta de Atenção à Condução,Colisão traseira,Com Vítimas Feridas,Pleno dia,Decrescente,Nublado,Dupla,Reta,Sim,2,0,1,0,1,0,1,2,"-8,29515793","-35,98731637",SPRF-PE,DEL02-PE,UOP01-DEL02-PE
275529.0,2020-03-15,domingo,12:00:00,PE,232,"21,5",MORENO,Mal Súbito,Saída de leito carroçável,Com Vítimas Feridas,Pleno dia,Crescente,Céu Claro,Dupla,Curva,Não,1,0,1,0,0,0,1,1,"-8,09580234","-35,08012588",SPRF-PE,DEL02-PE,UOP02-DEL02PE
275551.0,2020-01-28,terça-feira,13:50:00,PE,101,73,RECIFE,Falta de Atenção à Condução,Colisão lateral,Com Vítimas Feridas,Pleno dia,Crescente,Ignorado,Dupla,Curva,Sim,3,0,1,0,0,2,1,2,"-8,099072","-34,950009",SPRF-PE,DEL01-PE,UOP01-DEL01-PE
275561.0,2020-03-15,domingo,15:50:00,PE,424,18,PEDRA,Ingestão de Álcool,Saída de leito carroçável,Com Vítimas Feridas,Pleno dia,Decrescente,Céu Claro,Simples,Aclive,Sim,1,0,1,0,0,0,1,1,"-8,49676628","-36,93934222",SPRF-PE,DEL03-PE,UOP02-DEL03-PE
275585.0,2020-03-15,domingo,17:30:00,PE,232,"235,9",PESQUEIRA,Pista Escorregadia,Saída de leito carroçável,Com Vítimas Feridas,Anoitecer,Decrescente,Chuva,Simples,Reta,Não,2,0,1,1,0,0,2,1,"-8,40846848","-36,91974495",SPRF-PE,DEL03-PE,UOP02-DEL03-PE
275603.0,2020-03-15,domingo,19:20:00,PE,101,"85,1",JABOATAO DOS GUARARAPES,Fenômenos da Natureza,Capotamento,Sem Vítimas,Plena Noite,Decrescente,Chuva,Dupla,Reta,Não,2,0,0,0,1,1,0,1,"-8,18065563","-34,95965322",SPRF-PE,DEL01-PE,UOP03-DEL01-PE
275618.0,2020-03-15,domingo,20:45:00,PE,101,"49,9",ABREU E LIMA,Falta de Atenção à Condução,Colisão transversal,Com Vítimas Feridas,Plena Noite,Decrescente,Céu Claro,Dupla,Reta,Sim,3,0,1,0,2,0,1,2,"-7,9005152","-34,90180641",SPRF-PE,DEL01-PE,UOP02-DEL01-PE
275663.0,2020-03-15,domingo,23:45:00,PE,101,97,CABO DE SANTO AGOSTINHO,Falta de Atenção à Condução,Saída de leito carroçável,Sem Vítimas,Plena Noite,Crescente,Chuva,Dupla,Reta,Sim,1,0,0,0,0,1,0,1,"-8,264895","-35,01806",SPRF-PE,DEL01-PE,UOP03-DEL01-PE
275666.0,2020-03-16,segunda-feira,01:50:00,PE,232,100,BEZERROS,Ingestão de Álcool,Atropelamento de Pedestre,Com Vítimas Fatais,Plena Noite,Crescente,Chuva,Múltipla,Reta,Sim,3,1,0,0,1,1,0,2,"-8,23791176","-35,74297705",SPRF-PE,DEL02-PE,UOP02-DEL02PE
275749.0,2020-03-16,segunda-feira,10:15:00,PE,101,"94,5",CABO DE SANTO AGOSTINHO,Falta de Atenção à Condução,Atropelamento de Pedestre,Com Vítimas Feridas,Pleno dia,Decrescente,Céu Claro,Dupla,Interseção de Vias,Sim,2,0,0,1,0,1,1,2,"-8,24829064","-35,00697936",SPRF-PE,DEL01-PE,UOP03-DEL01-PE
275761.0,2020-03-16,segunda-feira,12:50:00,PE,101,"68,1",RECIFE,Falta de Atenção à Condução,Saída de leito carroçável,Com Vítimas Feridas,Pleno dia,Decrescente,Céu Claro,Dupla,Rotatória,Sim,1,0,1,0,0,0,1,1,"-8,051818","-34,945896",SPRF-PE,DEL01-PE,UOP01-DEL01-PE
275771.0,2020-03-16,segunda-feira,14:00:00,PE,104,74,CARUARU,Falta de Atenção à Condução,Colisão traseira,Sem Vítimas,Pleno dia,Decrescente,Céu Claro,Simples,Reta,Não,2,0,0,0,2,0,0,2,"-8,349874","-35,985184",SPRF-PE,DEL02-PE,UOP01-DEL02-PE
275841.0,2020-03-16,segunda-feira,15:50:00,PE,101,"95,6",CABO DE SANTO AGOSTINHO,Defeito Mecânico no Veículo,Saída de leito carroçável,Sem Vítimas,Pleno dia,Crescente,Céu Claro,Dupla,Reta,Não,1,0,0,0,0,1,0,1,"-8,25099","-35,01426",SPRF-PE,DEL01-PE,UOP03-DEL01-PE
275861.0,2020-03-16,segunda-feira,22:00:00,PE,101,"60,9",RECIFE,Animais na Pista,Atropelamento de Animal,Com Vítimas Feridas,Plena Noite,Crescente,Nublado,Dupla,Reta,Sim,1,0,1,0,0,0,1,1,"-7,98344307","-34,93176727",SPRF-PE,DEL01-PE,UOP02-DEL01-PE
275863.0,2020-03-16,segunda-feira,21:00:00,PE,232,"57,1",POMBOS,Falta de Atenção à Condução,Saída de leito carroçável,Sem Vítimas,Pleno dia,Decrescente,Céu Claro,Múltipla,Reta,Sim,1,0,0,0,0,1,0,1,"-8,1412132","-35,38181492",SPRF-PE,DEL02-PE,UOP02-DEL02PE
275947.0,2020-03-17,terça-feira,12:20:00,PE,101,"53,7",PAULISTA,Falta de Atenção à Condução,Colisão traseira,Com Vítimas Feridas,Pleno dia,Crescente,Céu Claro,Múltipla,Reta,Sim,3,0,2,0,1,0,2,2,"-7,95954031","-34,87114996",SPRF-PE,DEL01-PE,UOP02-DEL01-PE
275975.0,2020-03-17,terça-feira,14:30:00,PE,424,"91,9",GARANHUNS,Desobediência às normas de trânsito pelo condutor,Colisão transversal,Com Vítimas Feridas,Pleno dia,Crescente,Nublado,Simples,Curva,Sim,3,0,1,0,2,0,1,2,"-8,90409633","-36,49974647",SPRF-PE,DEL03-PE,UOP01-DEL03-PE
275989.0,2020-03-17,terça-feira,13:40:00,PE,101,"108,4",CABO DE SANTO AGOSTINHO,Condutor Dormindo,Colisão com objeto estático,Com Vítimas Feridas,Pleno dia,Decrescente,Céu Claro,Simples,Curva,Não,2,0,1,0,0,1,1,1,"-8,30670238","-35,09303416",SPRF-PE,DEL01-PE,UOP03-DEL01-PE
275996.0,2020-03-17,terça-feira,16:45:00,PE,101,"68,7",RECIFE,Ultrapassagem Indevida,Colisão lateral,Com Vítimas Feridas,Pleno dia,Decrescente,Céu Claro,Simples,Reta,Sim,2,0,1,0,1,0,1,2,"-8,05074296","-34,94580619",SPRF-PE,DEL01-PE,UOP01-DEL01-PE
275997.0,2020-03-17,terça-feira,17:10:00,PE,101,36,ITAPISSUMA,Falta de Atenção à Condução,Colisão transversal,Sem Vítimas,Anoitecer,Decrescente,Vento,Múltipla,Reta,Sim,2,0,0,0,1,1,0,2,"-7,788367","-34,92981702",SPRF-PE,DEL01-PE,UOP02-DEL01-PE
276155.0,2020-03-18,quarta-feira,14:05:00,PE,232,"85,8",GRAVATA,Falta de Atenção à Condução,Saída de leito carroçável,Com Vítimas Fatais,Pleno dia,Crescente,Céu Claro,Dupla,Reta,Sim,2,1,0,0,1,0,0,2,"-8,20951081","-35,61182408",SPRF-PE,DEL02-PE,UOP02-DEL02PE
276165.0,2020-03-18,quarta-feira,15:30:00,PE,101,"78,7",JABOATAO DOS GUARARAPES,Não guardar distância de segurança,Colisão traseira,Com Vítimas Feridas,Pleno dia,Decrescente,Sol,Dupla,Curva,Sim,3,0,2,0,1,0,2,2,"-8,14125","-34,946407",SPRF-PE,DEL01-PE,UOP01-DEL01-PE
276174.0,2020-03-18,quarta-feira,15:40:00,PE,101,"192,8",PALMARES,Pista Escorregadia,Capotamento,Com Vítimas Feridas,Pleno dia,Crescente,Chuva,Dupla,Curva,Não,2,0,1,0,1,0,1,1,"-8,71282291","-35,60955915",SPRF-PE,DEL01-PE,UOP03-DEL01-PE
276176.0,2020-03-18,quarta-feira,16:15:00,PE,101,"74,4",RECIFE,Não guardar distância de segurança,Engavetamento,Sem Vítimas,Pleno dia,Decrescente,Nublado,Dupla,Curva,Sim,3,0,0,0,3,0,0,3,"-8,106338","-34,948574",SPRF-PE,DEL01-PE,UOP01-DEL01-PE
276178.0,2020-03-18,quarta-feira,16:30:00,PE,104,"47,3",CARUARU,Defeito na Via,Saída de leito carroçável,Com Vítimas Feridas,Pleno dia,Crescente,Chuva,Dupla,Reta,Não,1,0,1,0,0,0,1,1,"-8,12617233","-35,95447809",SPRF-PE,DEL02-PE,UOP01-DEL02-PE
276214.0,2020-03-18,quarta-feira,16:55:00,PE,423,"97,4",GARANHUNS,Pista Escorregadia,Tombamento,Com Vítimas Feridas,Anoitecer,Crescente,Chuva,Simples,Reta;Aclive                   ,Sim,2,0,0,1,1,0,1,1,"-8,876983","-36,500493",SPRF-PE,DEL03-PE,UOP01-DEL03-PE
276228.0,2020-03-18,quarta-feira,20:00:00,PE,101,"57,7",RECIFE,Defeito Mecânico no Veículo,Incêndio,Sem Vítimas,Plena Noite,Crescente,Céu Claro,Dupla,Reta,Não,1,0,0,0,1,0,0,1,"-7,9684","-34,919545",SPRF-PE,DEL01-PE,UOP02-DEL01-PE
276241.0,2020-03-18,quarta-feira,20:40:00,PE,104,63,CARUARU,Ingestão de Álcool,Colisão traseira,Sem Vítimas,Plena Noite,Decrescente,Chuva,Dupla,Reta,Sim,2,0,0,0,2,0,0,2,"-8,267406","-35,978625",SPRF-PE,DEL02-PE,UOP01-DEL02-PE
276313.0,2020-03-19,quinta-feira,07:30:00,PE,423,"20,5",SAO CAITANO,Ultrapassagem Indevida,Saída de leito carroçável,Com Vítimas Feridas,Pleno dia,Crescente,Nublado,Simples,Reta,Não,1,0,0,1,0,0,1,1,"-8,33932508","-36,15909991",SPRF-PE,DEL02-PE,UOP03-DEL02-PE
276372.0,2020-03-19,quinta-feira,14:30:00,PE,101,"70,2",RECIFE,Falta de Atenção do Pedestre,Atropelamento de Pedestre,Com Vítimas Feridas,Pleno dia,Decrescente,Céu Claro,Dupla,Reta,Sim,2,0,2,0,0,0,2,2,"-8,06776119","-34,94265074",SPRF-PE,DEL01-PE,UOP01-DEL01-PE
276389.0,2020-03-19,quinta-feira,16:40:00,PE,101,80,JABOATAO DOS GUARARAPES,Falta de Atenção à Condução,Colisão lateral,Com Vítimas Feridas,Plena Noite,Crescente,Céu Claro,Dupla,Reta,Não,2,0,1,0,1,0,1,2,"-8,15112589","-34,9428866",SPRF-PE,DEL01-PE,UOP03-DEL01-PE
276416.0,2020-03-19,quinta-feira,16:00:00,PE,232,19,JABOATAO DOS GUARARAPES,Defeito Mecânico no Veículo,Incêndio,Sem Vítimas,Pleno dia,Decrescente,Céu Claro,Dupla,Curva,Não,1,0,0,0,1,0,0,1,"-8,09822484","-35,06316202",SPRF-PE,DEL01-PE,UOP01-DEL01-PE
276520.0,2020-03-08,domingo,18:52:00,PE,232,56,POMBOS,Falta de Atenção do Pedestre,Atropelamento de Pedestre,Com Vítimas Fatais,Plena Noite,Decrescente,Céu Claro,Dupla,Reta,Não,3,1,2,0,0,0,2,2,"-8,13762681","-35,37336212",SPRF-PE,DEL02-PE,UOP02-DEL02PE
276535.0,2020-03-20,sexta-feira,11:35:00,PE,101,174,JOAQUIM NABUCO,Defeito Mecânico no Veículo,Queda de ocupante de veículo,Com Vítimas Feridas,Pleno dia,Crescente,Céu Claro,Múltipla,Curva,Não,2,0,2,0,0,0,2,1,"-8,59769309","-35,52838291",SPRF-PE,DEL01-PE,UOP03-DEL01-PE
276598.0,2020-03-20,sexta-feira,18:30:00,PE,316,"78,4",OURICURI,Ingestão de Álcool,Tombamento,Com Vítimas Feridas,Plena Noite,Decrescente,Nublado,Simples,Declive;Reta                  ,Não,2,0,0,2,0,0,2,1,"-7,85014392","-40,12241694",SPRF-PE,DEL05-PE,UOP02-DEL05-PE
276617.0,2020-03-20,sexta-feira,20:13:00,PE,232,"405,9",SERRA TALHADA,Ingestão de álcool e/ou substâncias psicoativas pelo pedestre,Atropelamento de Pedestre,Com Vítimas Feridas,Plena Noite,Crescente,Céu Claro,Simples,Reta,Não,2,0,1,0,1,0,1,2,"-7,98895584","-38,25355016",SPRF-PE,DEL04-PE,UOP01-DEL04-PE
276643.0,2020-03-20,sexta-feira,22:50:00,PE,101,"70,8",RECIFE,Falta de Atenção do Pedestre,Atropelamento de Pedestre,Com Vítimas Fatais,Plena Noite,Crescente,Céu Claro,Múltipla,Reta,Sim,2,1,0,0,0,1,0,2,"-8,06776119","-34,94265074",SPRF-PE,DEL01-PE,UOP01-DEL01-PE
276663.0,2020-03-21,sábado,03:44:00,PE,408,55,NAZARE DA MATA,Condutor Dormindo,Capotamento,Com Vítimas Feridas,Plena Noite,Crescente,Ignorado,Simples,Reta,Não,1,0,1,0,0,0,1,1,"-7,781061","-35,239631",SPRF-PE,DEL01-PE,UOP01-DEL01-PE
276691.0,2020-03-21,sábado,09:30:00,PE,423,"171,8",AGUAS BELAS,Falta de Atenção à Condução,Colisão transversal,Com Vítimas Feridas,Pleno dia,Decrescente,Céu Claro,Simples,Declive,Não,2,0,1,0,1,0,1,2,"-9,12738994","-37,060194",SPRF-AL,DEL03-AL,UOP02-DEL03-AL
276752.0,2020-03-21,sábado,19:25:00,PE,101,73,RECIFE,Desobediência às normas de trânsito pelo condutor,Colisão transversal,Com Vítimas Feridas,Plena Noite,Decrescente,Céu Claro,Simples,Aclive;Curva                  ,Sim,2,0,1,0,1,0,1,2,"-8,093963","-34,947806",SPRF-PE,DEL01-PE,UOP01-DEL01-PE
276781.0,2020-03-21,sábado,22:30:00,PE,428,"186,9",PETROLINA,Ingestão de Álcool,Colisão transversal,Com Vítimas Feridas,Plena Noite,Decrescente,Céu Claro,Simples,Reta,Sim,3,0,0,1,0,2,1,3,"-9,34807826","-40,47441248",SPRF-PE,DEL06-PE,UOP01-DEL06-PE
276813.0,2020-02-19,quarta-feira,19:20:00,PE,104,92,AGRESTINA,Desobediência às normas de trânsito pelo condutor,Colisão frontal,Com Vítimas Fatais,Plena Noite,Decrescente,Céu Claro,Simples,Reta,Sim,2,1,0,0,1,0,0,2,"-8,496525","-35,948009",SPRF-PE,DEL02-PE,UOP01-DEL02-PE
276814.0,2020-03-21,sábado,20:30:00,PE,408,"77,5",PAUDALHO,Defeito Mecânico no Veículo,Saída de leito carroçável,Com Vítimas Feridas,Plena Noite,Decrescente,Ignorado,Dupla,Reta,Não,1,0,1,0,0,0,1,1,"-7,921413","-35,158391",SPRF-PE,DEL01-PE,UOP01-DEL01-PE
276822.0,2020-03-22,domingo,11:40:00,PE,101,"74,1",RECIFE,Velocidade Incompatível,Tombamento,Com Vítimas Feridas,Pleno dia,Crescente,Sol,Dupla,Curva,Sim,2,0,2,0,0,0,2,1,"-8,104075","-34,948629",SPRF-PE,DEL01-PE,UOP01-DEL01-PE
276828.0,2020-03-22,domingo,13:38:00,PE,101,71,RECIFE,Falta de Atenção do Pedestre,Atropelamento de Pedestre,Sem Vítimas,Pleno dia,Crescente,Sol,Múltipla,Reta,Sim,2,0,0,0,1,1,0,2,"-8,07663102","-34,94277871",SPRF-PE,DEL01-PE,UOP01-DEL01-PE
276849.0,2020-03-22,domingo,14:22:00,PE,232,"238,6",ARCOVERDE,Desobediência às normas de trânsito pelo condutor,Colisão frontal,Com Vítimas Fatais,Pleno dia,Crescente,Nublado,Simples,Declive;Curva                 ,Não,4,1,0,0,3,0,0,2,"-8,41833345","-36,93869591",SPRF-PE,DEL03-PE,UOP02-DEL03-PE
276889.0,2020-03-22,domingo,19:50:00,PE,424,87,GARANHUNS,Falta de Atenção à Condução,Colisão com objeto em movimento,Com Vítimas Feridas,Plena Noite,Crescente,Nublado,Simples,Reta,Não,8,0,5,1,0,2,6,2,"-8,87830874","-36,50709629",SPRF-PE,DEL03-PE,UOP01-DEL03-PE
276909.0,2020-03-23,segunda-feira,00:15:00,PE,428,"36,5",OROCO,Ingestão de Álcool,Atropelamento de Animal,Com Vítimas Fatais,Plena Noite,Crescente,Céu Claro,Simples,Reta,Não,2,1,1,0,0,0,1,1,"-8,54105369","-39,52750718",SPRF-PE,DEL05-PE,UOP03-DEL05-PE
276940.0,2020-03-23,segunda-feira,06:55:00,PE,101,"69,1",RECIFE,Falta de Atenção à Condução,Colisão transversal,Sem Vítimas,Pleno dia,Crescente,Céu Claro,Dupla,Reta,Sim,2,0,0,0,2,0,0,2,"-8,05951606","-34,94581024",SPRF-PE,DEL01-PE,UOP01-DEL01-PE
276945.0,2020-03-23,segunda-feira,09:20:00,PE,408,"82,5",PAUDALHO,Falta de Atenção à Condução,Colisão transversal,Com Vítimas Feridas,Pleno dia,Crescente,Céu Claro,Dupla,Reta,Sim,2,0,1,0,1,0,1,2,"-7,94416","-35,119769",SPRF-PE,DEL01-PE,UOP01-DEL01-PE
276957.0,2020-03-23,segunda-feira,12:15:00,PE,101,"46,1",IGARASSU,Falta de Atenção à Condução,Colisão lateral,Com Vítimas Feridas,Pleno dia,Decrescente,Sol,Múltipla,Reta,Sim,2,0,0,1,1,0,1,2,"-7,87406004","-34,90588126",SPRF-PE,DEL01-PE,UOP02-DEL01-PE
276972.0,2020-01-27,segunda-feira,10:40:00,PE,101,"69,5",RECIFE,Desobediência às normas de trânsito pelo condutor,Colisão traseira,Com Vítimas Feridas,Pleno dia,Crescente,Sol,Múltipla,Reta,Sim,3,0,2,0,1,0,2,2,"-8,05951606","-34,94581024",SPRF-PE,DEL01-PE,UOP01-DEL01-PE
277000.0,2020-03-13,sexta-feira,23:20:00,PE,101,"69,4",RECIFE,Ingestão de Álcool,Colisão frontal,Com Vítimas Feridas,Plena Noite,Decrescente,Céu Claro,Dupla,Reta,Sim,2,0,1,1,0,0,2,2,"-8,05951606","-34,94581024",SPRF-PE,DEL01-PE,UOP01-DEL01-PE
277150.0,2020-03-25,quarta-feira,12:30:00,PE,101,"61,3",RECIFE,Não guardar distância de segurança,Engavetamento,Sem Vítimas,Pleno dia,Decrescente,Céu Claro,Dupla,Reta,Sim,5,0,0,0,5,0,0,3,"-7,99097103","-34,93598295",SPRF-PE,DEL01-PE,UOP02-DEL01-PE
277152.0,2020-03-25,quarta-feira,11:40:00,PE,104,"64,4",CARUARU,Ingestão de Álcool,Colisão traseira,Sem Vítimas,Pleno dia,Decrescente,Nublado,Simples,Reta,Sim,2,0,0,0,2,0,0,2,"-8,2783","-35,9815",SPRF-PE,DEL02-PE,UOP01-DEL02-PE
277153.0,2020-03-20,sexta-feira,18:45:00,PE,101,"124,6",ESCADA,Ingestão de Álcool,Colisão traseira,Com Vítimas Feridas,Plena Noite,Decrescente,Céu Claro,Dupla,Retorno Regulamentado,Sim,2,0,1,0,1,0,1,2,"-8,362883","-35,216189",SPRF-PE,DEL01-PE,UOP03-DEL01-PE
277221.0,2020-03-26,quinta-feira,07:15:00,PE,101,"70,5",RECIFE,Falta de Atenção à Condução,Tombamento,Com Vítimas Feridas,Pleno dia,Crescente,Céu Claro,Múltipla,Reta,Sim,1,0,1,0,0,0,1,1,"-8,072393","-34,942732",SPRF-PE,DEL01-PE,UOP01-DEL01-PE
277222.0,2020-03-26,quinta-feira,05:00:00,PE,407,"112,7",PETROLINA,Falta de Atenção à Condução,Colisão traseira,Sem Vítimas,Pleno dia,Decrescente,Chuva,Simples,Reta,Não,2,0,0,0,2,0,0,2,"-9,27560414","-40,59620723",SPRF-PE,DEL06-PE,UOP02-DEL06-PE
277240.0,2020-03-26,quinta-feira,11:40:00,PE,232,351,FLORES,Defeito na Via,Capotamento,Sem Vítimas,Pleno dia,Decrescente,Chuva,Simples,Reta,Não,2,0,0,0,2,0,0,1,"-8,07254498","-37,79794999",SPRF-PE,DEL03-PE,UOP02-DEL03-PE
277257.0,2020-03-26,quinta-feira,09:30:00,PE,232,"307,9",SERTANIA,Defeito Mecânico no Veículo,Saída de leito carroçável,Sem Vítimas,Pleno dia,Decrescente,Céu Claro,Simples,Reta,Não,1,0,0,0,1,0,0,1,"-8,17453504","-37,45688796",SPRF-PE,DEL03-PE,UOP02-DEL03-PE
277325.0,2020-03-27,sexta-feira,08:45:00,PE,101,67,RECIFE,Não guardar distância de segurança,Engavetamento,Com Vítimas Feridas,Pleno dia,Crescente,Nublado,Dupla,Reta,Sim,4,0,1,0,3,0,1,3,"-8,042334","-34,943096",SPRF-PE,DEL01-PE,UOP01-DEL01-PE
277370.0,2020-03-27,sexta-feira,18:30:00,PE,232,"128,8",CARUARU,Animais na Pista,Atropelamento de Animal,Com Vítimas Feridas,Plena Noite,Decrescente,Nublado,Dupla,Reta,Sim,2,0,1,0,1,0,1,2,"-8,30399306","-35,97216301",SPRF-PE,DEL02-PE,UOP03-DEL02-PE
277392.0,2020-03-27,sexta-feira,21:00:00,PE,101,"50,2",ABREU E LIMA,Desobediência às normas de trânsito pelo condutor,Colisão transversal,Com Vítimas Feridas,Plena Noite,Crescente,Céu Claro,Múltipla,Interseção de Vias,Sim,2,0,0,1,0,1,1,2,"-7,90938602","-34,90123228",SPRF-PE,DEL01-PE,UOP02-DEL01-PE
277398.0,2020-03-27,sexta-feira,22:00:00,PE,101,"79,9",JABOATAO DOS GUARARAPES,Velocidade Incompatível,Colisão traseira,Com Vítimas Feridas,Plena Noite,Crescente,Nublado,Dupla,Reta,Sim,2,0,0,1,1,0,1,2,"-8,14366112","-34,94723453",SPRF-PE,DEL01-PE,UOP01-DEL01-PE
277439.0,2020-03-28,sábado,09:00:00,PE,407,"128,9",PETROLINA,Desobediência às normas de trânsito pelo condutor,Colisão transversal,Com Vítimas Feridas,Pleno dia,Decrescente,Céu Claro,Simples,Interseção de Vias,Sim,3,0,1,1,1,0,2,2,"-9,39958299","-40,50459298",SPRF-PE,DEL06-PE,UOP01-DEL06-PE
277482.0,2020-03-28,sábado,17:00:00,PE,101,"70,6",RECIFE,Ingestão de Álcool,Colisão lateral,Sem Vítimas,Anoitecer,Crescente,Céu Claro,Múltipla,Reta,Sim,2,0,0,0,2,0,0,2,"-8,06776119","-34,94265074",SPRF-PE,DEL01-PE,UOP01-DEL01-PE
277525.0,2020-03-29,domingo,00:20:00,PE,232,510,SALGUEIRO,Ingestão de álcool e/ou substâncias psicoativas pelo pedestre,Atropelamento de Pedestre,Com Vítimas Feridas,Plena Noite,Crescente,Céu Claro,Simples,Reta,Sim,2,0,1,0,0,1,1,2,"-8,067472","-39,13817",SPRF-PE,DEL05-PE,UOP01-DEL05-PE
277630.0,2020-03-29,domingo,19:00:00,PE,101,"7,7",GOIANA,Falta de Atenção à Condução,Colisão transversal,Com Vítimas Fatais,Plena Noite,Decrescente,Nublado,Dupla,Reta,Não,2,1,0,0,1,0,0,2,"-7,55997111","-34,99072674",SPRF-PE,DEL01-PE,UOP02-DEL01-PE
277633.0,2020-03-29,domingo,19:00:00,PE,423,71,JUPI,Restrição de Visibilidade,Atropelamento de Pedestre,Com Vítimas Feridas,Plena Noite,Crescente,Garoa/Chuvisco,Simples,Reta,Não,5,0,0,2,3,0,2,4,"-8,69250589","-36,41166726",SPRF-PE,DEL03-PE,UOP01-DEL03-PE
277677.0,2020-03-30,segunda-feira,04:40:00,PE,101,"77,1",RECIFE,Animais na Pista,Atropelamento de Animal,Com Vítimas Feridas,Amanhecer,Crescente,Nublado,Dupla,Curva;Declive                 ,Sim,1,0,1,0,0,0,1,1,"-8,126982","-34,94386",SPRF-PE,DEL01-PE,UOP01-DEL01-PE
277747.0,2020-03-30,segunda-feira,17:10:00,PE,101,49,ABREU E LIMA,Falta de Atenção do Pedestre,Atropelamento de Pedestre,Com Vítimas Feridas,Anoitecer,Crescente,Nublado,Múltipla,Reta,Sim,3,0,3,0,0,0,3,2,"-7,898419","-34,902708",SPRF-PE,DEL01-PE,UOP02-DEL01-PE
277772.0,2020-03-30,segunda-feira,20:30:00,PE,407,127,PETROLINA,Falta de Atenção à Condução,Colisão transversal,Com Vítimas Feridas,Plena Noite,Decrescente,Céu Claro,Simples,Interseção de Vias,Sim,3,0,2,0,1,0,2,2,"-9,3908678","-40,52038627",SPRF-PE,DEL06-PE,UOP01-DEL06-PE