id,data_inversa,dia_semana,horario,uf,br,km,municipio,causa_acidente,tipo_acidente,classificacao_acidente,fase_dia,sentido_via,condicao_metereologica,tipo_pista,tracado_via,uso_solo,pessoas,mortos,feridos_leves,feridos_graves,ilesos,ignorados,feridos,veiculos,latitude,longitude,regional,delegacia,uop
277842.0,2020-03-31,terça-feira,14:45:00,PE,101,"92,7",CABO DE SANTO AGOSTINHO,Desobediência às normas de trânsito pelo pedestre,Colisão transversal,Sem Vítimas,Pleno dia,Crescente,Céu Claro,Simples,Reta,Sim,2,0,0,0,1,1,0,2,"-8,23201792","-34,99778611",SPRF-PE,DEL01-PE,UOP03-DEL01-PE
277919.0,2020-04-01,quarta-feira,07:30:00,PE,101,"50,9",ABREU E LIMA,Falta de Atenção à Condução,Colisão lateral,Com Vítimas Feridas,Pleno dia,Decrescente,Céu Claro,Dupla,Reta,Sim,2,0,1,0,1,0,1,2,"-7,90938602","-34,90123228",SPRF-PE,DEL01-PE,UOP02-DEL01-PE
277937.0,2020-04-01,quarta-feira,09:50:00,PE,232,"49,8",VITORIA DE SANTO ANTAO,Falta de Atenção do Pedestre,Atropelamento de Pedestre,Sem Vítimas,Pleno dia,Crescente,Céu Claro,Dupla,Reta,Não,2,0,0,0,1,1,0,2,"-8,14240878","-35,31930685",SPRF-PE,DEL02-PE,UOP02-DEL02PE
277985.0,2020-04-01,quarta-feira,17:15:00,PE,407,"129,7",PETROLINA,Não guardar distância de segurança,Colisão traseira,Com Vítimas Feridas,Pleno dia,Crescente,Céu Claro,Dupla,Reta,Sim,2,0,1,0,1,0,1,2,"-9,39958299","-40,50459298",SPRF-PE,DEL06-PE,UOP01-DEL06-PE
277992.0,2020-04-01,quarta-feira,17:30:00,PE,101,"86,3",JABOATAO DOS GUARARAPES,Ultrapassagem Indevida,Colisão frontal,Com Vítimas Feridas,Anoitecer,Crescente,Nublado,Simples,Reta,Sim,2,0,2,0,0,0,2,2,"-8,213868","-34,964058",SPRF-PE,DEL01-PE,UOP03-DEL01-PE
278004.0,2020-04-01,quarta-feira,18:20:00,PE,104,86,AGRESTINA,Ingestão de Álcool,Saída de leito carroçável,Sem Vítimas,Plena Noite,Decrescente,Nublado,Simples,Reta,Sim,1,0,0,0,1,0,0,1,"-8,446782","-35,951046",SPRF-PE,DEL02-PE,UOP01-DEL02-PE
278036.0,2020-04-02,quinta-feira,01:10:00,PE,232,"48,1",VITORIA DE SANTO ANTAO,Animais na Pista,Atropelamento de Animal,Com Vítimas Feridas,Plena Noite,Decrescente,Céu Claro,Dupla,Reta,Não,2,0,2,0,0,0,2,1,"-8,141124","-35,303652",SPRF-PE,DEL02-PE,UOP02-DEL02PE
278071.0,2020-04-02,quinta-feira,12:10:00,PE,101,93,CABO DE SANTO AGOSTINHO,Falta de Atenção à Condução,Saída de leito carroçável,Com Vítimas Feridas,Pleno dia,Crescente,Nublado,Dupla,Curva,Não,1,0,1,0,0,0,1,1,"-8,239867","-35,003711",SPRF-PE,DEL01-PE,UOP03-DEL01-PE
278095.0,2020-04-02,quinta-feira,17:30:00,PE,232,80,GRAVATA,Falta de Atenção à Condução,Colisão transversal,Com Vítimas Feridas,Anoitecer,Decrescente,Céu Claro,Simples,Interseção de Vias,Sim,2,0,2,0,0,0,2,2,"-8,19579864","-35,56962305",SPRF-PE,DEL02-PE,UOP02-DEL02PE
278130.0,2020-04-02,quinta-feira,21:20:00,PE,232,"409,6",SERRA TALHADA,Desobediência às normas de trânsito pelo condutor,Colisão transversal,Com Vítimas Feridas,Plena Noite,Decrescente,Céu Claro,Simples,Reta,Sim,2,0,2,0,0,0,2,2,"-7,981944","-38,289467",SPRF-PE,DEL04-PE,UOP01-DEL04-PE
278132.0,2020-04-02,quinta-feira,21:15:00,PE,423,77,JUCATI,Velocidade Incompatível,Colisão com objeto estático,Sem Vítimas,Plena Noite,Decrescente,Nublado,Simples,Reta,Não,1,0,0,0,0,1,0,1,"-8,740482","-36,43069893",SPRF-PE,DEL03-PE,UOP01-DEL03-PE
278152.0,2020-04-03,sexta-feira,05:30:00,PE,316,78,OURICURI,Falta de Atenção à Condução,Atropelamento de Pedestre,Com Vítimas Feridas,Amanhecer,Crescente,Ignorado,Simples,Reta,Não,2,0,1,1,0,0,2,2,"-7,85014392","-40,12241694",SPRF-PE,DEL05-PE,UOP02-DEL05-PE
278186.0,2020-04-03,sexta-feira,10:50:00,PE,101,72,RECIFE,Falta de Atenção à Condução,Queda de ocupante de veículo,Com Vítimas Feridas,Pleno dia,Crescente,Céu Claro,Múltipla,Reta,Sim,1,0,1,0,0,0,1,1,"-8,08493106","-34,9450639",SPRF-PE,DEL01-PE,UOP01-DEL01-PE
278295.0,2020-04-04,sábado,04:15:00,PE,101,58,PAULISTA,Animais na Pista,Atropelamento de Animal,Sem Vítimas,Plena Noite,Decrescente,Nublado,Dupla,Reta,Sim,1,0,0,0,0,1,0,1,"-7,97063209","-34,92064675",SPRF-PE,DEL01-PE,UOP02-DEL01-PE
278298.0,2020-04-04,sábado,04:30:00,PE,232,"100,8",BEZERROS,Falta de Atenção à Condução,Colisão com objeto estático,Com Vítimas Feridas,Amanhecer,Crescente,Chuva,Simples,Reta,Sim,1,0,1,0,0,0,1,1,"-8,23791176","-35,74297705",SPRF-PE,DEL02-PE,UOP02-DEL02PE
278324.0,2020-04-04,sábado,09:38:00,PE,101,"42,3",IGARASSU,Falta de Atenção à Condução,Colisão lateral,Com Vítimas Feridas,Pleno dia,Decrescente,Garoa/Chuvisco,Dupla,Reta,Sim,4,0,3,0,1,0,3,2,"-7,83887431","-34,91196739",SPRF-PE,DEL01-PE,UOP02-DEL01-PE
278337.0,2020-04-04,sábado,10:50:00,PE,101,"87,2",JABOATAO DOS GUARARAPES,Falta de Atenção à Condução,Colisão transversal,Com Vítimas Feridas,Pleno dia,Decrescente,Céu Claro,Simples,Interseção de Vias,Sim,2,0,0,1,1,0,1,2,"-8,19120206","-34,97449985",SPRF-PE,DEL01-PE,UOP03-DEL01-PE
278367.0,2020-04-04,sábado,16:40:00,PE,101,44,IGARASSU,Não guardar distância de segurança,Colisão lateral,Com Vítimas Feridas,Pleno dia,Decrescente,Céu Claro,Múltipla,Reta,Sim,3,0,1,0,1,1,1,2,"-7,85637001","-34,90842109",SPRF-PE,DEL01-PE,UOP02-DEL01-PE
278373.0,2020-04-04,sábado,17:15:00,PE,101,51,ABREU E LIMA,Falta de Atenção do Pedestre,Atropelamento de Pedestre,Sem Vítimas,Plena Noite,Crescente,Céu Claro,Dupla,Reta,Sim,2,0,0,0,1,1,0,2,"-7,9169968","-34,89689272",SPRF-PE,DEL01-PE,UOP02-DEL01-PE
278377.0,2020-04-04,sábado,16:10:00,PE,116,40,SALGUEIRO,Falta de Atenção à Condução,Saída de leito carroçável,Com Vítimas Feridas,Pleno dia,Decrescente,Céu Claro,Simples,Reta,Não,4,0,2,0,2,0,2,1,"-8,188874","-39,10149",SPRF-PE,DEL05-PE,UOP01-DEL05-PE
278387.0,2020-04-04,sábado,17:45:00,PE,104,70,CARUARU,Ingestão de Álcool,Atropelamento de Animal,Com Vítimas Feridas,Anoitecer,Decrescente,Nublado,Dupla,Reta,Sim,3,0,2,0,1,0,2,2,"-8,31618884","-35,99107146",SPRF-PE,DEL02-PE,UOP01-DEL02-PE
278399.0,2020-04-04,sábado,20:00:00,PE,101,"53,5",PAULISTA,Falta de Atenção do Pedestre,Atropelamento de Pedestre,Com Vítimas Fatais,Plena Noite,Crescente,Céu Claro,Múltipla,Reta,Sim,2,1,0,0,0,1,0,2,"-7,93124094","-34,90068606",SPRF-PE,DEL01-PE,UOP02-DEL01-PE
278445.0,2020-04-05,domingo,01:00:00,PE,101,80,JABOATAO DOS GUARARAPES,Ingestão de álcool e/ou substâncias psicoativas pelo pedestre,Saída de leito carroçável,Com Vítimas Feridas,Plena Noite,Crescente,Garoa/Chuvisco,Dupla,Reta,Sim,3,0,1,0,2,0,1,2,"-8,15112589","-34,9428866",SPRF-PE,DEL01-PE,UOP03-DEL01-PE
278531.0,2020-04-05,domingo,17:45:00,PE,101,49,ABREU E LIMA,Falta de Atenção do Pedestre,Atropelamento de Pedestre,Com Vítimas Feridas,Plena Noite,Crescente,Céu Claro,Dupla,Reta,Sim,2,0,1,0,1,0,1,2,"-7,9005152","-34,90180641",SPRF-PE,DEL01-PE,UOP02-DEL01-PE
278535.0,2020-04-05,domingo,18:15:00,PE,232,80,GRAVATA,Desobediência às normas de trânsito pelo condutor,Colisão transversal,Com Vítimas Feridas,Plena Noite,Crescente,Céu Claro,Múltipla,Reta,Sim,3,0,1,1,1,0,2,2,"-8,19579864","-35,56962305",SPRF-PE,DEL02-PE,UOP02-DEL02PE
278574.0,2020-04-05,domingo,21:20:00,PE,423,"94,5",GARANHUNS,Ingestão de Álcool,Colisão frontal,Com Vítimas Feridas,Plena Noite,Crescente,Céu Claro,Simples,Reta,Sim,2,0,1,1,0,0,2,2,"-8,874732","-36,46946",SPRF-PE,DEL03-PE,UOP01-DEL03-PE
278622.0,2020-04-06,segunda-feira,09:10:00,PE,101,98,CABO DE SANTO AGOSTINHO,Avarias e/ou desgaste excessivo no pneu,Tombamento,Sem Vítimas,Pleno dia,Decrescente,Chuva,Dupla,Declive,Não,1,0,0,0,1,0,0,1,"-8,25653422","-35,03811793",SPRF-PE,DEL01-PE,UOP03-DEL01-PE
278648.0,2020-04-06,segunda-feira,15:00:00,PE,104,"21,1",TAQUARITINGA DO NORTE,Falta de Atenção à Condução,Colisão frontal,Com Vítimas Feridas,Pleno dia,Crescente,Nublado,Simples,Curva,Não,2,0,1,0,1,0,1,2,"-7,964189","-36,124378",SPRF-PE,DEL02-PE,UOP01-DEL02-PE
278674.0,2020-04-06,segunda-feira,17:10:00,PE,423,"61,9",LAJEDO,Ingestão de Álcool,Saída de leito carroçável,Com Vítimas Feridas,Anoitecer,Crescente,Céu Claro,Simples,Reta,Sim,5,0,3,2,0,0,5,1,"-8,65805731","-36,32866993",SPRF-PE,DEL03-PE,UOP01-DEL03-PE
278695.0,2020-04-06,segunda-feira,18:30:00,PE,101,"189,2",PALMARES,Desobediência às normas de trânsito pelo condutor,Colisão lateral,Sem Vítimas,Plena Noite,Crescente,Céu Claro,Dupla,Curva,Sim,2,0,0,0,2,0,0,2,"-8,690587","-35,606534",SPRF-PE,DEL01-PE,UOP03-DEL01-PE
278696.0,2020-04-06,segunda-feira,19:10:00,PE,232,"425,9",SERRA TALHADA,Animais na Pista,Atropelamento de Animal,Com Vítimas Feridas,Plena Noite,Decrescente,Céu Claro,Simples,Reta,Não,1,0,1,0,0,0,1,1,"-8,00177705","-38,43429565",SPRF-PE,DEL04-PE,UOP01-DEL04-PE
278749.0,2020-04-07,terça-feira,07:20:00,PE,407,129,PETROLINA,Desobediência às normas de trânsito pelo condutor,Colisão transversal,Com Vítimas Feridas,Pleno dia,Decrescente,Céu Claro,Simples,Rotatória,Sim,2,0,1,0,1,0,1,2,"-9,39958299","-40,50459298",SPRF-PE,DEL06-PE,UOP01-DEL06-PE
278755.0,2020-04-07,terça-feira,08:10:00,PE,101,"53,2",PAULISTA,Pista Escorregadia,Saída de leito carroçável,Com Vítimas Feridas,Pleno dia,Crescente,Chuva,Dupla,Curva,Não,2,0,1,0,0,1,1,1,"-7,93124094","-34,90068606",SPRF-PE,DEL01-PE,UOP02-DEL01-PE
278777.0,2020-04-07,terça-feira,11:00:00,PE,101,83,JABOATAO DOS GUARARAPES,Defeito Mecânico no Veículo,Incêndio,Sem Vítimas,Pleno dia,Decrescente,Céu Claro,Simples,Reta,Sim,1,0,0,0,1,0,0,1,"-8,175172","-34,942642",SPRF-PE,DEL01-PE,UOP03-DEL01-PE
278859.0,2020-04-08,quarta-feira,00:40:00,PE,101,"48,7",ABREU E LIMA,Falta de Atenção à Condução,Saída de leito carroçável,Com Vítimas Feridas,Plena Noite,Decrescente,Nublado,Múltipla,Declive;Curva                 ,Sim,2,0,1,0,0,1,1,2,"-7,89174705","-34,9033493",SPRF-PE,DEL01-PE,UOP02-DEL01-PE
278902.0,2020-04-08,quarta-feira,11:30:00,PE,428,"189,8",PETROLINA,Falta de Atenção à Condução,Colisão traseira,Com Vítimas Feridas,Pleno dia,Decrescente,Sol,Dupla,Reta,Sim,3,0,2,0,1,0,2,2,"-9,40792703","-40,4643319",SPRF-PE,DEL06-PE,UOP01-DEL06-PE
278967.0,2020-04-08,quarta-feira,20:10:00,PE,101,"68,8",RECIFE,Falta de Atenção à Condução,Colisão traseira,Com Vítimas Feridas,Plena Noite,Decrescente,Céu Claro,Dupla,Reta,Sim,3,0,2,0,1,0,2,2,"-8,05074296","-34,94580619",SPRF-PE,DEL01-PE,UOP01-DEL01-PE
278989.0,2020-04-08,quarta-feira,16:30:00,PE,110,260,JATOBA,Velocidade Incompatível,Colisão transversal,Com Vítimas Fatais,Anoitecer,Crescente,Sol,Simples,Declive,Não,8,1,0,2,5,0,2,2,"-9,28989646","-38,20638918",SPRF-BA,DEL07-BA,UOP01-DEL07-BA
279048.0,2020-04-09,quinta-feira,13:35:00,PE,101,"49,1",ABREU E LIMA,Falta de Atenção à Condução,Colisão com objeto estático,Com Vítimas Feridas,Pleno dia,Decrescente,Céu Claro,Múltipla,Reta;Em Obras                 ,Sim,1,0,1,0,0,0,1,1,"-7,9005152","-34,90180641",SPRF-PE,DEL01-PE,UOP02-DEL01-PE
279073.0,2020-04-09,quinta-feira,15:30:00,PE,101,129,ESCADA,Desobediência às normas de trânsito pelo condutor,Saída de leito carroçável,Com Vítimas Feridas,Pleno dia,Crescente,Céu Claro,Múltipla,Reta,Sim,1,0,1,0,0,0,1,1,"-8,38595","-35,250695",SPRF-PE,DEL01-PE,UOP03-DEL01-PE
279116.0,2020-04-09,quinta-feira,18:00:00,PE,232,"253,9",ARCOVERDE,Falta de Atenção à Condução,Colisão lateral,Sem Vítimas,Plena Noite,Decrescente,Nublado,Simples,Reta,Sim,1,0,0,0,0,1,0,1,"-8,42522112","-37,07235809",SPRF-PE,DEL03-PE,UOP02-DEL03-PE
279137.0,2020-04-09,quinta-feira,21:20:00,PE,407,129,PETROLINA,Falta de Atenção à Condução,Colisão lateral,Com Vítimas Feridas,Plena Noite,Crescente,Céu Claro,Dupla,Reta,Não,4,0,3,0,1,0,3,4,"-9,39958299","-40,50459298",SPRF-PE,DEL06-PE,UOP01-DEL06-PE
279149.0,2020-04-09,quinta-feira,21:30:00,PE,407,"129,9",PETROLINA,Desobediência às normas de trânsito pelo condutor,Colisão com objeto estático,Com Vítimas Feridas,Plena Noite,Crescente,Céu Claro,Simples,Reta,Não,1,0,1,0,0,0,1,1,"-9,39958299","-40,50459298",SPRF-PE,DEL06-PE,UOP01-DEL06-PE
279209.0,2020-04-10,sexta-feira,11:25:00,PE,232,"210,9",PESQUEIRA,Desobediência às normas de trânsito pelo condutor,Colisão traseira,Sem Vítimas,Pleno dia,Crescente,Sol,Simples,Reta,Não,2,0,0,0,2,0,0,2,"-8,36537624","-36,69766903",SPRF-PE,DEL02-PE,UOP03-DEL02-PE
279287.0,2020-04-10,sexta-feira,23:30:00,PE,232,"421,9",SERRA TALHADA,Falta de Atenção à Condução,Colisão lateral,Com Vítimas Feridas,Plena Noite,Decrescente,Céu Claro,Simples,Reta,Não,3,0,2,0,0,1,2,2,"-7,99602355","-38,39535008",SPRF-PE,DEL04-PE,UOP01-DEL04-PE
279310.0,2020-04-11,sábado,08:20:00,PE,104,"76,3",CARUARU,Ingestão de Álcool,Capotamento,Com Vítimas Feridas,Pleno dia,Decrescente,Céu Claro,Simples,Reta,Não,4,0,2,2,0,0,4,1,"-8,367286","-35,985153",SPRF-PE,DEL02-PE,UOP01-DEL02-PE
279320.0,2020-04-11,sábado,09:15:00,PE,232,"409,5",SERRA TALHADA,Mal Súbito,Saída de leito carroçável,Com Vítimas Feridas,Pleno dia,Decrescente,Céu Claro,Simples,Reta,Sim,1,0,1,0,0,0,1,1,"-7,981944","-38,289467",SPRF-PE,DEL04-PE,UOP01-DEL04-PE
279359.0,2020-04-11,sábado,16:00:00,PE,101,95,CABO DE SANTO AGOSTINHO,Falta de Atenção do Pedestre,Atropelamento de Pedestre,Sem Vítimas,Pleno dia,Crescente,Céu Claro,Dupla,Reta,Não,2,0,0,0,1,1,0,2,"-8,25099","-35,01426",SPRF-PE,DEL01-PE,UOP03-DEL01-PE
279378.0,2020-04-11,sábado,19:00:00,PE,424,"86,7",GARANHUNS,Ingestão de Álcool,Colisão frontal,Com Vítimas Feridas,Plena Noite,Crescente,Céu Claro,Simples,Reta,Sim,2,0,0,1,1,0,1,2,"-8,86552886","-36,50934159",SPRF-PE,DEL03-PE,UOP01-DEL03-PE
279382.0,2020-04-11,sábado,18:15:00,PE,428,165,PETROLINA,Falta de Atenção à Condução,Colisão frontal,Com Vítimas Feridas,Plena Noite,Crescente,Nublado,Simples,Reta,Não,2,0,2,0,0,0,2,2,"-9,18589574","-40,37978842",SPRF-PE,DEL06-PE,UOP01-DEL06-PE
279396.0,2020-04-11,sábado,18:00:00,PE,101,"45,1",IGARASSU,Falta de Atenção à Condução,Colisão traseira,Sem Vítimas,Plena Noite,Decrescente,Céu Claro,Múltipla,Reta,Sim,2,0,0,0,2,0,0,2,"-7,86521297","-34,90715176",SPRF-PE,DEL01-PE,UOP02-DEL01-PE
279540.0,2020-04-12,domingo,16:20:00,PE,232,"62,1",POMBOS,Desobediência às normas de trânsito pelo condutor,Colisão transversal,Com Vítimas Feridas,Pleno dia,Decrescente,Céu Claro,Dupla,Declive,Sim,2,0,1,0,0,1,1,2,"-8,15598579","-35,42308007",SPRF-PE,DEL02-PE,UOP02-DEL02PE
279557.0,2020-04-12,domingo,19:00:00,PE,101,"52,5",PAULISTA,Ingestão de Álcool,Colisão com objeto estático,Com Vítimas Feridas,Plena Noite,Decrescente,Céu Claro,Simples,Ponte;Reta                    ,Sim,3,0,2,0,1,0,2,2,"-7,9291231","-34,8985789",SPRF-PE,DEL01-PE,UOP02-DEL01-PE
279583.0,2020-04-12,domingo,19:20:00,PE,316,"15,7",ARARIPINA,Falta de Atenção à Condução,Colisão traseira,Com Vítimas Fatais,Plena Noite,Crescente,Céu Claro,Simples,Reta,Não,4,1,1,1,0,1,2,2,"-7,524974","-40,562215",SPRF-PE,DEL05-PE,UOP02-DEL05-PE
279589.0,2020-04-12,domingo,21:35:00,PE,104,63,CARUARU,Não guardar distância de segurança,Colisão traseira,Com Vítimas Feridas,Plena Noite,Decrescente,Céu Claro,Dupla,Interseção de Vias,Sim,2,0,1,0,1,0,1,2,"-8,2698","-35,9803",SPRF-PE,DEL02-PE,UOP01-DEL02-PE
279598.0,2020-04-12,domingo,22:15:00,PE,101,70,RECIFE,Falta de Atenção à Condução,Colisão com objeto estático,Com Vítimas Feridas,Plena Noite,Crescente,Céu Claro,Dupla,Interseção de Vias,Sim,1,0,1,0,0,0,1,1,"-8,06776119","-34,94265074",SPRF-PE,DEL01-PE,UOP01-DEL01-PE
279613.0,2020-04-13,segunda-feira,06:15:00,PE,101,"69,1",RECIFE,Velocidade Incompatível,Colisão traseira,Com Vítimas Feridas,Pleno dia,Decrescente,Céu Claro,Múltipla,Reta,Sim,2,0,0,1,1,0,1,2,"-8,05951606","-34,94581024",SPRF-PE,DEL01-PE,UOP01-DEL01-PE
279627.0,2020-04-13,segunda-feira,07:40:00,PE,232,"5,9",RECIFE,Desobediência às normas de trânsito pelo condutor,Saída de leito carroçável,Com Vítimas Feridas,Pleno dia,Decrescente,Ignorado,Dupla,Reta,Sim,2,0,2,0,0,0,2,1,"-8,06795766","-34,94535414",SPRF-PE,DEL01-PE,UOP01-DEL01-PE
279690.0,2020-04-13,segunda-feira,17:00:00,PE,428,"162,5",PETROLINA,Falta de Atenção à Condução,Saída de leito carroçável,Sem Vítimas,Pleno dia,Crescente,Nublado,Simples,Reta,Não,1,0,0,0,0,1,0,1,"-9,17513741","-40,37342788",SPRF-PE,DEL06-PE,UOP01-DEL06-PE
279693.0,2020-04-13,segunda-feira,18:15:00,PE,101,"78,3",RECIFE,Falta de Atenção do Pedestre,Atropelamento de Pedestre,Com Vítimas Feridas,Plena Noite,Decrescente,Céu Claro,Dupla,Reta,Sim,2,0,1,1,0,0,2,2,"-8,13825","-34,947305",SPRF-PE,DEL01-PE,UOP01-DEL01-PE
279700.0,2020-04-13,segunda-feira,18:30:00,PE,101,"32,5",IGARASSU,Falta de Atenção à Condução,Saída de leito carroçável,Com Vítimas Feridas,Plena Noite,Decrescente,Céu Claro,Dupla,Reta,Não,2,0,2,0,0,0,2,1,"-7,75294197","-34,93621562",SPRF-PE,DEL01-PE,UOP02-DEL01-PE
279716.0,2020-04-13,segunda-feira,19:00:00,PE,101,134,ESCADA,Falta de Atenção à Condução,Colisão com objeto estático,Com Vítimas Feridas,Plena Noite,Decrescente,Vento,Dupla,Reta,Não,1,0,1,0,0,0,1,1,"-8,40994907","-35,28708799",SPRF-PE,DEL01-PE,UOP03-DEL01-PE
279728.0,2020-04-13,segunda-feira,20:50:00,PE,232,509,SALGUEIRO,Animais na Pista,Saída de leito carroçável,Com Vítimas Feridas,Plena Noite,Crescente,Chuva,Simples,Reta,Sim,1,0,1,0,0,0,1,1,"-8,06449154","-39,1298447",SPRF-PE,DEL05-PE,UOP01-DEL05-PE
279761.0,2020-04-12,domingo,07:00:00,PE,407,"59,3",PETROLINA,Condutor Dormindo,Saída de leito carroçável,Com Vítimas Fatais,Pleno dia,Decrescente,Ignorado,Simples,Reta,Não,1,1,0,0,0,0,0,1,"-8,85117877","-40,79105385",SPRF-PE,DEL06-PE,UOP02-DEL06-PE
279807.0,2020-04-14,terça-feira,13:00:00,PE,232,"106,1",BEZERROS,Condutor Dormindo,Capotamento,Com Vítimas Feridas,Pleno dia,Decrescente,Céu Claro,Dupla,Reta,Não,1,0,0,1,0,0,1,1,"-8,26300269","-35,79029821",SPRF-PE,DEL02-PE,UOP03-DEL02-PE
279933.0,2020-04-15,quarta-feira,14:45:00,PE,232,"407,3",SERRA TALHADA,Falta de Atenção à Condução,Colisão lateral,Com Vítimas Feridas,Pleno dia,Crescente,Sol,Simples,Ponte,Não,2,0,0,2,0,0,2,2,"-7,9854402","-38,27148304",SPRF-PE,DEL04-PE,UOP01-DEL04-PE
280100.0,2020-04-16,quinta-feira,18:30:00,PE,101,"58,2",RECIFE,Pista Escorregadia,Queda de ocupante de veículo,Com Vítimas Feridas,Plena Noite,Decrescente,Chuva,Dupla,Curva,Sim,2,0,1,0,1,0,1,2,"-7,97063209","-34,92064675",SPRF-PE,DEL01-PE,UOP02-DEL01-PE
280196.0,2020-04-17,sexta-feira,11:44:00,PE,101,69,RECIFE,Defeito Mecânico no Veículo,Tombamento,Com Vítimas Feridas,Pleno dia,Crescente,Céu Claro,Múltipla,Interseção de Vias,Sim,2,0,2,0,0,0,2,1,"-8,05951606","-34,94581024",SPRF-PE,DEL01-PE,UOP01-DEL01-PE
280218.0,2020-04-17,sexta-feira,14:35:00,PE,101,"79,7",JABOATAO DOS GUARARAPES,Falta de Atenção à Condução,Colisão frontal,Com Vítimas Feridas,Pleno dia,Decrescente,Nublado,Dupla,Curva,Não,5,0,1,2,2,0,3,3,"-8,14366112","-34,94723453",SPRF-PE,DEL01-PE,UOP01-DEL01-PE
280219.0,2020-04-17,sexta-feira,13:40:00,PE,408,104,JABOATAO DOS GUARARAPES,Sinalização da via insuficiente ou inadequada,Colisão lateral,Com Vítimas Feridas,Pleno dia,Decrescente,Céu Claro,Dupla,Aclive,Sim,1,0,1,0,0,0,1,1,"-8,064443","-34,99006",SPRF-PE,DEL01-PE,UOP01-DEL01-PE
280335.0,2020-04-18,sábado,09:20:00,PE,232,410,SERRA TALHADA,Desobediência às normas de trânsito pelo condutor,Colisão lateral,Com Vítimas Fatais,Pleno dia,Decrescente,Céu Claro,Simples,Reta,Sim,3,1,0,0,2,0,0,2,"-7,98261841","-38,30039606",SPRF-PE,DEL04-PE,UOP01-DEL04-PE
280339.0,2020-04-18,sábado,09:50:00,PE,101,74,RECIFE,Defeito Mecânico no Veículo,Incêndio,Sem Vítimas,Pleno dia,Crescente,Sol,Dupla,Reta,Sim,1,0,0,0,1,0,0,1,"-8,10146485","-34,94901577",SPRF-PE,DEL01-PE,UOP01-DEL01-PE
280368.0,2020-04-18,sábado,14:40:00,PE,232,"29,9",MORENO,Pista Escorregadia,Saída de leito carroçável,Sem Vítimas,Pleno dia,Decrescente,Chuva,Dupla,Declive,Sim,1,0,0,0,1,0,0,1,"-8,11083225","-35,15096068",SPRF-PE,DEL02-PE,UOP02-DEL02PE
280588.0,2020-04-19,domingo,09:10:00,PE,428,"179,6",PETROLINA,Desobediência às normas de trânsito pelo condutor,Capotamento,Sem Vítimas,Pleno dia,Decrescente,Céu Claro,Simples,Reta,Não,1,0,0,0,1,0,0,1,"-9,3001832","-40,44980961",SPRF-PE,DEL06-PE,UOP01-DEL06-PE
280603.0,2020-04-19,domingo,20:35:00,PE,316,12,ARARIPINA,Falta de Atenção do Pedestre,Atropelamento de Pedestre,Com Vítimas Fatais,Plena Noite,Decrescente,Nublado,Simples,Reta,Não,2,1,0,1,0,0,1,2,"-7,50393529","-40,57899638",SPRF-PE,DEL05-PE,UOP02-DEL05-PE
280607.0,2020-04-19,domingo,21:00:00,PE,232,553,PARNAMIRIM,Ultrapassagem Indevida,Colisão frontal,Com Vítimas Feridas,Plena Noite,Crescente,Céu Claro,Simples,Reta,Não,3,0,1,1,0,1,2,2,"-8,084808","-39,44781",SPRF-PE,DEL05-PE,UOP01-DEL05-PE
280642.0,2020-04-20,segunda-feira,05:00:00,PE,232,"14,7",JABOATAO DOS GUARARAPES,Falta de Atenção do Pedestre,Atropelamento de Pedestre,Com Vítimas Fatais,Amanhecer,Decrescente,Céu Claro,Dupla,Reta,Sim,2,1,0,0,1,0,0,2,"-8,09025488","-35,02052302",SPRF-PE,DEL01-PE,UOP01-DEL01-PE
280697.0,2020-04-20,segunda-feira,11:15:00,PE,104,"30,5",TORITAMA,Falta de Atenção do Pedestre,Atropelamento de Pedestre,Com Vítimas Feridas,Pleno dia,Crescente,Céu Claro,Simples,Interseção de Vias,Sim,2,0,2,0,0,0,2,2,"-8,00801883","-36,06059968",SPRF-PE,DEL02-PE,UOP01-DEL02-PE
280726.0,2020-04-20,segunda-feira,17:40:00,PE,101,"41,9",IGARASSU,Falta de Atenção à Condução,Saída de leito carroçável,Com Vítimas Feridas,Anoitecer,Crescente,Chuva,Múltipla,Reta,Sim,2,0,1,0,1,0,1,1,"-7,838442","-34,912431",SPRF-PE,DEL01-PE,UOP02-DEL01-PE
280787.0,2020-04-18,sábado,13:40:00,PE,101,62,RECIFE,Agressão Externa,Saída de leito carroçável,Sem Vítimas,Pleno dia,Decrescente,Céu Claro,Múltipla,Reta,Sim,1,0,0,0,1,0,0,1,"-7,99905898","-34,93899295",SPRF-PE,DEL01-PE,UOP02-DEL01-PE
280816.0,2020-04-21,terça-feira,15:00:00,PE,101,"61,3",RECIFE,Falta de Atenção à Condução,Atropelamento de Pedestre,Com Vítimas Feridas,Pleno dia,Decrescente,Céu Claro,Dupla,Reta,Sim,2,0,0,1,1,0,1,2,"-7,99097103","-34,93598295",SPRF-PE,DEL01-PE,UOP02-DEL01-PE
280832.0,2020-04-21,terça-feira,18:20:00,PE,101,"58,8",RECIFE,Animais na Pista,Atropelamento de Animal,Sem Vítimas,Plena Noite,Crescente,Nublado,Dupla,Reta,Não,1,0,0,0,1,0,0,1,"-7,97063209","-34,92064675",SPRF-PE,DEL01-PE,UOP02-DEL01-PE
280862.0,2020-04-21,terça-feira,20:40:00,PE,408,"80,3",PAUDALHO,Velocidade Incompatível,Colisão traseira,Com Vítimas Fatais,Plena Noite,Decrescente,Nublado,Dupla,Reta,Sim,3,2,0,0,0,1,0,3,"-7,932045","-35,136194",SPRF-PE,DEL01-PE,UOP01-DEL01-PE