id,data_inversa,dia_semana,horario,uf,br,km,municipio,causa_acidente,tipo_acidente,classificacao_acidente,fase_dia,sentido_via,condicao_metereologica,tipo_pista,tracado_via,uso_solo,pessoas,mortos,feridos_leves,feridos_graves,ilesos,ignorados,feridos,veiculos,latitude,longitude,regional,delegacia,uop
280913.0,2020-04-22,quarta-feira,09:00:00,PE,101,"74,1",RECIFE,Defeito Mecânico no Veículo,Incêndio,Sem Vítimas,Pleno dia,Decrescente,Chuva,Dupla,Reta,Não,1,0,0,0,1,0,0,1,"-8,102321","-34,948472",SPRF-PE,DEL01-PE,UOP01-DEL01-PE
280941.0,2020-04-22,quarta-feira,14:30:00,PE,407,"123,9",PETROLINA,Falta de Atenção à Condução,Colisão traseira,Com Vítimas Feridas,Pleno dia,Decrescente,Céu Claro,Simples,Reta,Sim,2,0,1,0,1,0,1,2,"-9,36149178","-40,54594462",SPRF-PE,DEL06-PE,UOP01-DEL06-PE
280968.0,2020-04-22,quarta-feira,17:40:00,PE,101,"74,1",RECIFE,Defeito Mecânico no Veículo,Incêndio,Sem Vítimas,Anoitecer,Decrescente,Nublado,Dupla,Reta,Sim,1,0,0,0,1,0,0,1,"-8,10146485","-34,94901577",SPRF-PE,DEL01-PE,UOP01-DEL01-PE
281060.0,2020-04-23,quinta-feira,08:00:00,PE,116,1,SALGUEIRO,Defeito Mecânico no Veículo,Saída de leito carroçável,Com Vítimas Feridas,Pleno dia,Crescente,Nublado,Simples,Curva,Não,1,0,1,0,0,0,1,1,"-7,868017","-39,092056",SPRF-PE,DEL05-PE,UOP01-DEL05-PE
281156.0,2020-04-24,sexta-feira,03:00:00,PE,423,176,AGUAS BELAS,Ingestão de Álcool,Colisão traseira,Com Vítimas Feridas,Plena Noite,Crescente,Nevoeiro/Neblina,Simples,Reta,Sim,5,0,4,0,1,0,4,2,"-9,12985134","-37,10552899",SPRF-AL,DEL03-AL,UOP02-DEL03-AL
281211.0,2020-04-24,sexta-feira,13:25:00,PE,101,"68,2",RECIFE,Velocidade Incompatível,Tombamento,Com Vítimas Feridas,Pleno dia,Crescente,Chuva,Dupla,Viaduto;Aclive                ,Sim,1,0,1,0,0,0,1,1,"-8,052045","-34,946202",SPRF-PE,DEL01-PE,UOP01-DEL01-PE
281271.0,2020-04-24,sexta-feira,19:20:00,PE,101,"44,3",IGARASSU,Animais na Pista,Atropelamento de Animal,Com Vítimas Feridas,Plena Noite,Decrescente,Chuva,Dupla,Reta,Sim,2,0,2,0,0,0,2,1,"-7,85637001","-34,90842109",SPRF-PE,DEL01-PE,UOP02-DEL01-PE
281359.0,2020-04-25,sábado,10:10:00,PE,232,"65,7",GRAVATA,Avarias e/ou desgaste excessivo no pneu,Saída de leito carroçável,Com Vítimas Feridas,Pleno dia,Decrescente,Chuva,Simples,Curva,Não,1,0,1,0,0,0,1,1,"-8,16454496","-35,44785302",SPRF-PE,DEL02-PE,UOP02-DEL02PE
281391.0,2020-04-25,sábado,15:20:00,PE,101,"72,4",RECIFE,Falta de Atenção do Pedestre,Atropelamento de Pedestre,Com Vítimas Fatais,Pleno dia,Crescente,Nublado,Dupla,Declive;Curva                 ,Sim,2,1,0,0,1,0,0,2,"-8,090814","-34,946912",SPRF-PE,DEL01-PE,UOP01-DEL01-PE
281578.0,2020-04-26,domingo,18:00:00,PE,104,62,CARUARU,Falta de Atenção à Condução,Colisão traseira,Com Vítimas Feridas,Plena Noite,Crescente,Chuva,Dupla,Reta,Sim,2,0,1,0,1,0,1,2,"-8,25051","-35,9751",SPRF-PE,DEL02-PE,UOP01-DEL02-PE
281592.0,2020-04-26,domingo,19:00:00,PE,101,"174,8",JOAQUIM NABUCO,Falta de Atenção à Condução,Colisão com objeto estático,Com Vítimas Feridas,Plena Noite,Decrescente,Nublado,Dupla,Reta,Não,2,0,2,0,0,0,2,1,"-8,605416","-35,539263",SPRF-PE,DEL01-PE,UOP03-DEL01-PE
281642.0,2020-04-27,segunda-feira,01:00:00,PE,407,"109,3",PETROLINA,Animais na Pista,Colisão frontal,Com Vítimas Fatais,Plena Noite,Crescente,Céu Claro,Simples,Reta,Não,1,1,0,0,0,0,0,1,"-9,25217107","-40,60989511",SPRF-PE,DEL06-PE,UOP02-DEL06-PE
281650.0,2020-04-27,segunda-feira,02:50:00,PE,101,5,GOIANA,Defeito Mecânico no Veículo,Incêndio,Sem Vítimas,Plena Noite,Decrescente,Céu Claro,Dupla,Reta,Não,2,0,0,0,2,0,0,1,"-7,541764","-34,991394",SPRF-PE,DEL01-PE,UOP02-DEL01-PE
281663.0,2020-04-27,segunda-feira,01:30:00,PE,423,155,AGUAS BELAS,Ingestão de Álcool,Saída de leito carroçável,Com Vítimas Fatais,Plena Noite,Crescente,Céu Claro,Simples,Curva,Não,1,1,0,0,0,0,0,1,"-9,05838431","-36,94146395",SPRF-PE,DEL03-PE,UOP01-DEL03-PE
281667.0,2020-04-27,segunda-feira,07:19:00,PE,101,68,RECIFE,Falta de Atenção à Condução,Colisão lateral,Com Vítimas Feridas,Pleno dia,Crescente,Sol,Dupla,Viaduto,Sim,3,0,1,0,2,0,1,2,"-8,05074296","-34,94580619",SPRF-PE,DEL01-PE,UOP01-DEL01-PE
281714.0,2020-04-27,segunda-feira,12:25:00,PE,407,"128,5",PETROLINA,Não guardar distância de segurança,Colisão traseira,Com Vítimas Feridas,Pleno dia,Decrescente,Nublado,Simples,Viaduto,Sim,2,0,1,0,1,0,1,2,"-9,39387565","-40,51133888",SPRF-PE,DEL06-PE,UOP01-DEL06-PE
281728.0,2020-04-27,segunda-feira,14:05:00,PE,101,"46,5",IGARASSU,Ingestão de Álcool,Colisão traseira,Sem Vítimas,Pleno dia,Crescente,Nublado,Múltipla,Reta,Sim,2,0,0,0,2,0,0,2,"-7,87406004","-34,90588126",SPRF-PE,DEL01-PE,UOP02-DEL01-PE
281764.0,2020-04-27,segunda-feira,18:12:00,PE,101,"65,2",RECIFE,Falta de Atenção à Condução,Atropelamento de Pedestre,Com Vítimas Feridas,Anoitecer,Decrescente,Céu Claro,Dupla,Reta,Sim,2,0,0,1,1,0,1,2,"-8,02478597","-34,94276635",SPRF-PE,DEL01-PE,UOP01-DEL01-PE
281879.0,2020-04-28,terça-feira,10:00:00,PE,428,"128,4",LAGOA GRANDE,Defeito Mecânico no Veículo,Incêndio,Sem Vítimas,Pleno dia,Decrescente,Céu Claro,Simples,Reta,Não,1,0,0,0,1,0,0,1,"-8,95024968","-40,17346811",SPRF-PE,DEL06-PE,UOP03-DEL06-PE
281972.0,2020-04-28,terça-feira,17:30:00,PE,101,"80,7",JABOATAO DOS GUARARAPES,Falta de Atenção à Condução,Colisão lateral,Com Vítimas Feridas,Anoitecer,Decrescente,Nublado,Dupla,Reta,Sim,2,0,1,0,1,0,1,2,"-8,157919","-34,940802",SPRF-PE,DEL01-PE,UOP03-DEL01-PE
282027.0,2020-04-29,quarta-feira,14:19:00,PE,101,69,RECIFE,Falta de Atenção à Condução,Queda de ocupante de veículo,Com Vítimas Feridas,Pleno dia,Crescente,Céu Claro,Simples,Curva,Sim,2,0,2,0,0,0,2,1,"-8,05951606","-34,94581024",SPRF-PE,DEL01-PE,UOP01-DEL01-PE
282042.0,2020-04-29,quarta-feira,16:30:00,PE,316,24,ARARIPINA,Falta de Atenção à Condução,Colisão traseira,Com Vítimas Feridas,Pleno dia,Crescente,Céu Claro,Simples,Reta,Sim,2,0,1,0,1,0,1,2,"-7,588004","-40,49662",SPRF-PE,DEL05-PE,UOP02-DEL05-PE
282131.0,2020-04-30,quinta-feira,10:15:00,PE,101,"68,2",RECIFE,Não guardar distância de segurança,Colisão traseira,Com Vítimas Feridas,Pleno dia,Decrescente,Céu Claro,Dupla,Rotatória,Sim,2,0,1,0,1,0,1,2,"-8,05074296","-34,94580619",SPRF-PE,DEL01-PE,UOP01-DEL01-PE
282280.0,2020-05-01,sexta-feira,09:10:00,PE,101,53,PAULISTA,Agressão Externa,Capotamento,Com Vítimas Feridas,Pleno dia,Decrescente,Sol,Dupla,Reta,Sim,3,0,2,0,1,0,2,1,"-7,93124094","-34,90068606",SPRF-PE,DEL01-PE,UOP02-DEL01-PE
282291.0,2020-05-01,sexta-feira,10:30:00,PE,101,"49,1",ABREU E LIMA,Velocidade Incompatível,Saída de leito carroçável,Com Vítimas Feridas,Pleno dia,Crescente,Céu Claro,Múltipla,Curva,Não,1,0,1,0,0,0,1,1,"-7,9005152","-34,90180641",SPRF-PE,DEL01-PE,UOP02-DEL01-PE
282306.0,2020-05-01,sexta-feira,12:45:00,PE,428,"186,2",PETROLINA,Deficiência ou não Acionamento do Sistema de Iluminação/Sinalização do Veículo,Colisão traseira,Com Vítimas Feridas,Pleno dia,Decrescente,Céu Claro,Simples,Reta,Não,2,0,1,0,1,0,1,2,"-9,36218345","-40,48165798",SPRF-PE,DEL06-PE,UOP01-DEL06-PE
282307.0,2020-05-01,sexta-feira,11:38:00,PE,407,"125,7",PETROLINA,Falta de Atenção à Condução,Colisão transversal,Com Vítimas Feridas,Pleno dia,Crescente,Sol,Dupla,Reta,Sim,2,0,1,0,0,1,1,2,"-9,38422828","-40,529335",SPRF-PE,DEL06-PE,UOP01-DEL06-PE
282357.0,2020-05-01,sexta-feira,19:25:00,PE,104,"80,7",AGRESTINA,Ingestão de Álcool,Colisão lateral,Com Vítimas Feridas,Plena Noite,Crescente,Céu Claro,Simples,Reta,Não,2,0,1,0,1,0,1,2,"-8,397874","-35,973396",SPRF-PE,DEL02-PE,UOP01-DEL02-PE
282444.0,2020-05-02,sábado,10:30:00,PE,101,69,RECIFE,Agressão Externa,Tombamento,Com Vítimas Feridas,Pleno dia,Crescente,Céu Claro,Múltipla,Reta,Sim,1,0,1,0,0,0,1,1,"-8,062741","-34,944892",SPRF-PE,DEL01-PE,UOP01-DEL01-PE
282507.0,2020-05-02,sábado,19:30:00,PE,232,192,SANHARO,Falta de Atenção à Condução,Colisão frontal,Com Vítimas Fatais,Plena Noite,Crescente,Céu Claro,Simples,Reta,Não,5,1,1,3,0,0,4,2,"-8,35793154","-36,53676104",SPRF-PE,DEL02-PE,UOP03-DEL02-PE
282533.0,2020-05-02,sábado,20:30:00,PE,316,33,ARARIPINA,Desobediência às normas de trânsito pelo condutor,Colisão transversal,Com Vítimas Feridas,Plena Noite,Decrescente,Nublado,Simples,Reta,Não,3,0,0,3,0,0,3,2,"-7,6310272","-40,4488747",SPRF-PE,DEL05-PE,UOP02-DEL05-PE
282549.0,2020-05-02,sábado,23:25:00,PE,424,"4,9",ARCOVERDE,Ingestão de Álcool,Capotamento,Com Vítimas Fatais,Plena Noite,Crescente,Céu Claro,Simples,Reta,Não,1,1,0,0,0,0,0,1,"-8,46099318","-37,04336835",SPRF-PE,DEL03-PE,UOP02-DEL03-PE
282571.0,2020-05-03,domingo,06:00:00,PE,408,80,PAUDALHO,Falta de Atenção à Condução,Colisão traseira,Com Vítimas Fatais,Pleno dia,Decrescente,Sol,Dupla,Reta,Sim,2,1,0,0,0,1,0,2,"-7,931279","-35,137952",SPRF-PE,DEL01-PE,UOP01-DEL01-PE
282634.0,2020-05-03,domingo,16:20:00,PE,408,"105,2",JABOATAO DOS GUARARAPES,Velocidade Incompatível,Tombamento,Com Vítimas Feridas,Pleno dia,Decrescente,Céu Claro,Múltipla,Curva,Sim,2,0,1,0,0,1,1,1,"-8,075598","-34,992199",SPRF-PE,DEL01-PE,UOP01-DEL01-PE
282649.0,2020-05-03,domingo,18:00:00,PE,428,"140,2",LAGOA GRANDE,Ingestão de Álcool,Colisão frontal,Com Vítimas Fatais,Plena Noite,Decrescente,Céu Claro,Simples,Reta,Sim,2,1,0,0,1,0,0,2,"-9,00136313","-40,27209699",SPRF-PE,DEL06-PE,UOP01-DEL06-PE
282682.0,2020-05-03,domingo,20:30:00,PE,232,"255,5",ARCOVERDE,Animais na Pista,Atropelamento de Animal,Com Vítimas Feridas,Plena Noite,Crescente,Nublado,Simples,Reta,Não,2,0,1,0,1,0,1,1,"-8,41005504","-37,09314823",SPRF-PE,DEL03-PE,UOP02-DEL03-PE
282714.0,2020-05-03,domingo,19:30:00,PE,232,422,SERRA TALHADA,Falta de Atenção à Condução,Colisão frontal,Com Vítimas Fatais,Plena Noite,Crescente,Céu Claro,Simples,Reta,Não,5,1,0,0,4,0,0,2,"-7,9977329","-38,40384502",SPRF-PE,DEL04-PE,UOP01-DEL04-PE
282759.0,2020-05-04,segunda-feira,08:00:00,PE,232,"28,8",MORENO,Falta de Atenção à Condução,Colisão com objeto estático,Sem Vítimas,Pleno dia,Decrescente,Céu Claro,Dupla,Reta,Não,1,0,0,0,0,1,0,1,"-8,111269","-35,143135",SPRF-PE,DEL02-PE,UOP02-DEL02PE
282791.0,2020-05-04,segunda-feira,13:40:00,PE,101,"77,3",RECIFE,Desobediência às normas de trânsito pelo condutor,Colisão transversal,Com Vítimas Feridas,Pleno dia,Decrescente,Nublado,Dupla,Reta,Sim,2,0,0,1,0,1,1,2,"-8,131285","-34,945183",SPRF-PE,DEL01-PE,UOP01-DEL01-PE
282839.0,2020-05-04,segunda-feira,22:00:00,PE,101,33,IGARASSU,Agressão Externa,Queda de ocupante de veículo,Com Vítimas Feridas,Plena Noite,Decrescente,Céu Claro,Dupla,Reta,Sim,1,0,1,0,0,0,1,1,"-7,761909","-34,935654",SPRF-PE,DEL01-PE,UOP02-DEL01-PE
282860.0,2020-05-05,terça-feira,04:00:00,PE,101,"8,2",GOIANA,Animais na Pista,Atropelamento de Animal,Com Vítimas Feridas,Amanhecer,Decrescente,Chuva,Dupla,Reta,Não,5,0,2,0,3,0,2,1,"-7,56898134","-34,98959891",SPRF-PE,DEL01-PE,UOP02-DEL01-PE
282871.0,2020-05-05,terça-feira,05:50:00,PE,101,102,CABO DE SANTO AGOSTINHO,Velocidade Incompatível,Capotamento,Com Vítimas Feridas,Amanhecer,Crescente,Nublado,Dupla,Curva,Sim,1,0,1,0,0,0,1,1,"-8,284771","-35,058338",SPRF-PE,DEL01-PE,UOP03-DEL01-PE
282903.0,2020-05-05,terça-feira,11:40:00,PE,232,127,CARUARU,Defeito Mecânico no Veículo,Incêndio,Sem Vítimas,Pleno dia,Crescente,Céu Claro,Dupla,Reta,Não,1,0,0,0,1,0,0,1,"-8,306021","-35,963843",SPRF-PE,DEL02-PE,UOP03-DEL02-PE
282962.0,2020-05-05,terça-feira,19:25:00,PE,101,"65,5",RECIFE,Falta de Atenção do Pedestre,Atropelamento de Pedestre,Com Vítimas Feridas,Plena Noite,Decrescente,Nublado,Múltipla,Interseção de Vias,Sim,2,0,1,1,0,0,2,2,"-8,02478597","-34,94276635",SPRF-PE,DEL01-PE,UOP01-DEL01-PE
283069.0,2020-05-06,quarta-feira,11:30:00,PE,232,9,RECIFE,Falta de Atenção à Condução,Colisão traseira,Com Vítimas Feridas,Pleno dia,Crescente,Céu Claro,Dupla,Reta,Sim,2,0,1,0,1,0,1,2,"-8,07583727","-34,97015791",SPRF-PE,DEL01-PE,UOP01-DEL01-PE
283098.0,2020-05-06,quarta-feira,14:50:00,PE,232,"9,5",JABOATAO DOS GUARARAPES,Falta de Atenção à Condução,Colisão traseira,Com Vítimas Feridas,Pleno dia,Crescente,Céu Claro,Dupla,Reta,Sim,2,0,1,0,1,0,1,2,"-8,07764447","-34,97863609",SPRF-PE,DEL01-PE,UOP01-DEL01-PE
283234.0,2020-05-07,quinta-feira,11:45:00,PE,407,127,PETROLINA,Falta de Atenção à Condução,Engavetamento,Sem Vítimas,Pleno dia,Decrescente,Céu Claro,Simples,Reta,Sim,3,0,0,0,3,0,0,3,"-9,3908678","-40,52038627",SPRF-PE,DEL06-PE,UOP01-DEL06-PE
283248.0,2020-05-06,quarta-feira,17:30:00,PE,423,"84,6",SAO JOAO,Defeito na Via,Danos eventuais,Sem Vítimas,Pleno dia,Decrescente,Nublado,Simples,Reta,Não,2,0,0,0,2,0,0,1,"-8,801504","-36,439573",SPRF-PE,DEL03-PE,UOP01-DEL03-PE
283290.0,2020-05-07,quinta-feira,16:20:00,PE,232,509,SALGUEIRO,Não guardar distância de segurança,Colisão lateral,Com Vítimas Feridas,Pleno dia,Decrescente,Céu Claro,Simples,Reta,Sim,3,0,2,0,1,0,2,2,"-8,06449154","-39,1298447",SPRF-PE,DEL05-PE,UOP01-DEL05-PE
283353.0,2020-05-08,sexta-feira,07:30:00,PE,428,"175,6",PETROLINA,Avarias e/ou desgaste excessivo no pneu,Colisão frontal,Com Vítimas Fatais,Pleno dia,Decrescente,Céu Claro,Simples,Reta,Não,5,1,0,4,0,0,4,2,"-9,26025696","-40,42934308",SPRF-PE,DEL06-PE,UOP01-DEL06-PE
283411.0,2020-05-08,sexta-feira,15:30:00,PE,101,"46,2",IGARASSU,Falta de Atenção do Pedestre,Atropelamento de Pedestre,Com Vítimas Feridas,Pleno dia,Decrescente,Céu Claro,Múltipla,Em Obras;Reta                 ,Sim,4,0,0,1,3,0,1,2,"-7,87406004","-34,90588126",SPRF-PE,DEL01-PE,UOP02-DEL01-PE
283424.0,2020-05-08,sexta-feira,09:59:00,PE,232,"83,2",GRAVATA,Velocidade Incompatível,Saída de leito carroçável,Sem Vítimas,Pleno dia,Decrescente,Céu Claro,Dupla,Curva,Não,1,0,0,0,0,1,0,1,"-8,2024868","-35,59542005",SPRF-PE,DEL02-PE,UOP02-DEL02PE
283474.0,2020-05-08,sexta-feira,19:30:00,PE,428,"129,4",PETROLINA,Não guardar distância de segurança,Colisão traseira,Com Vítimas Feridas,Plena Noite,Crescente,Céu Claro,Múltipla,Reta,Sim,2,0,1,0,1,0,1,2,"-9,40255151","-40,50378838",SPRF-PE,DEL06-PE,UOP03-DEL06-PE
283482.0,2020-05-08,sexta-feira,20:20:00,PE,407,"127,6",PETROLINA,Desobediência às normas de trânsito pelo condutor,Colisão frontal,Com Vítimas Feridas,Plena Noite,Crescente,Nublado,Simples,Interseção de Vias;Reta       ,Sim,2,0,2,0,0,0,2,2,"-9,39338935","-40,51315784",SPRF-PE,DEL06-PE,UOP01-DEL06-PE
283555.0,2020-05-09,sábado,11:30:00,PE,407,"117,6",PETROLINA,Não guardar distância de segurança,Colisão traseira,Com Vítimas Feridas,Pleno dia,Crescente,Céu Claro,Simples,Reta,Não,2,0,1,0,1,0,1,2,"-9,32395557","-40,56802511",SPRF-PE,DEL06-PE,UOP02-DEL06-PE
283586.0,2020-05-09,sábado,14:40:00,PE,423,78,JUCATI,Desobediência às normas de trânsito pelo condutor,Tombamento,Com Vítimas Feridas,Pleno dia,Crescente,Céu Claro,Simples,Reta,Não,2,0,1,0,0,1,1,1,"-8,74910298","-36,43120556",SPRF-PE,DEL03-PE,UOP01-DEL03-PE
283668.0,2020-05-09,sábado,22:00:00,PE,101,51,ABREU E LIMA,Velocidade Incompatível,Colisão com objeto estático,Com Vítimas Feridas,Plena Noite,Crescente,Céu Claro,Múltipla,Reta,Sim,2,0,0,2,0,0,2,1,"-7,9169968","-34,89689272",SPRF-PE,DEL01-PE,UOP02-DEL01-PE
283704.0,2020-05-10,domingo,03:30:00,PE,232,"275,1",SERTANIA,Falta de Atenção à Condução,Colisão com objeto estático,Com Vítimas Feridas,Plena Noite,Decrescente,Céu Claro,Simples,Reta,Não,3,0,3,0,0,0,3,1,"-8,38029374","-37,25382328",SPRF-PE,DEL03-PE,UOP02-DEL03-PE
283735.0,2020-05-10,domingo,11:10:00,PE,101,"61,2",RECIFE,Não guardar distância de segurança,Colisão traseira,Com Vítimas Feridas,Pleno dia,Crescente,Nublado,Dupla,Reta,Sim,3,0,1,0,2,0,1,3,"-7,99097103","-34,93598295",SPRF-PE,DEL01-PE,UOP02-DEL01-PE
283756.0,2020-05-10,domingo,13:15:00,PE,101,53,PAULISTA,Defeito Mecânico no Veículo,Colisão com objeto estático,Com Vítimas Feridas,Pleno dia,Crescente,Chuva,Dupla,Reta,Não,2,0,0,1,1,0,1,2,"-7,93124094","-34,90068606",SPRF-PE,DEL01-PE,UOP02-DEL01-PE
283778.0,2020-05-10,domingo,16:00:00,PE,101,61,RECIFE,Falta de Atenção do Pedestre,Atropelamento de Pedestre,Com Vítimas Feridas,Pleno dia,Crescente,Nublado,Dupla,Reta,Sim,3,0,2,0,1,0,2,2,"-7,99097103","-34,93598295",SPRF-PE,DEL01-PE,UOP02-DEL01-PE
283796.0,2020-05-10,domingo,17:30:00,PE,104,33,CARUARU,Desobediência às normas de trânsito pelo condutor,Colisão frontal,Com Vítimas Feridas,Anoitecer,Crescente,Chuva,Dupla,Reta,Não,2,0,0,1,1,0,1,2,"-8,026115","-36,053188",SPRF-PE,DEL02-PE,UOP01-DEL02-PE
283905.0,2020-05-11,segunda-feira,06:50:00,PE,232,"53,7",POMBOS,Animais na Pista,Capotamento,Com Vítimas Feridas,Amanhecer,Decrescente,Céu Claro,Dupla,Curva,Não,3,0,1,0,2,0,1,1,"-8,13014263","-35,3484723",SPRF-PE,DEL02-PE,UOP02-DEL02PE
283920.0,2020-05-11,segunda-feira,09:10:00,PE,104,54,CARUARU,Desobediência às normas de trânsito pelo condutor,Colisão frontal,Sem Vítimas,Pleno dia,Decrescente,Céu Claro,Dupla,Reta,Não,6,0,0,0,6,0,0,2,"-8,18433702","-35,96684575",SPRF-PE,DEL02-PE,UOP01-DEL02-PE
283931.0,2020-05-11,segunda-feira,10:10:00,PE,316,25,ARARIPINA,Falta de Atenção à Condução,Colisão transversal,Com Vítimas Feridas,Pleno dia,Decrescente,Céu Claro,Simples,Reta,Sim,3,0,0,2,0,1,2,2,"-7,59595686","-40,49329368",SPRF-PE,DEL05-PE,UOP02-DEL05-PE
283932.0,2020-05-11,segunda-feira,10:10:00,PE,408,"92,7",SAO LOURENCO DA MATA,Falta de Atenção à Condução,Colisão com objeto estático,Com Vítimas Feridas,Pleno dia,Crescente,Céu Claro,Dupla,Reta;Declive                  ,Não,2,0,1,0,1,0,1,1,"-8,001692","-35,056747",SPRF-PE,DEL01-PE,UOP01-DEL01-PE
284115.0,2020-05-12,terça-feira,17:10:00,PE,101,"66,1",RECIFE,Desobediência às normas de trânsito pelo condutor,Colisão traseira,Com Vítimas Feridas,Pleno dia,Decrescente,Chuva,Dupla,Reta,Sim,4,0,0,1,1,2,1,3,"-8,03368534","-34,94184125",SPRF-PE,DEL01-PE,UOP01-DEL01-PE
284124.0,2020-05-12,terça-feira,17:50:00,PE,116,26,SALGUEIRO,Falta de Atenção à Condução,Colisão traseira,Com Vítimas Feridas,Anoitecer,Decrescente,Céu Claro,Simples,Reta,Sim,2,0,1,0,1,0,1,2,"-8,069921","-39,13364",SPRF-PE,DEL05-PE,UOP01-DEL05-PE
284217.0,2020-05-13,quarta-feira,09:15:00,PE,101,"68,1",RECIFE,Pista Escorregadia,Tombamento,Com Vítimas Feridas,Pleno dia,Crescente,Nublado,Múltipla,Rotatória,Sim,1,0,1,0,0,0,1,1,"-8,052203","-34,946713",SPRF-PE,DEL01-PE,UOP01-DEL01-PE
284240.0,2020-05-13,quarta-feira,11:00:00,PE,101,140,RIBEIRAO,Condutor Dormindo,Saída de leito carroçável,Com Vítimas Feridas,Pleno dia,Decrescente,Nublado,Múltipla,Reta,Não,1,0,1,0,0,0,1,1,"-8,43501897","-35,32815204",SPRF-PE,DEL01-PE,UOP03-DEL01-PE
284426.0,2020-05-14,quinta-feira,17:45:00,PE,407,"121,9",PETROLINA,Ultrapassagem Indevida,Colisão lateral,Com Vítimas Feridas,Anoitecer,Decrescente,Céu Claro,Simples,Reta,Não,2,0,0,1,1,0,1,2,"-9,34588493","-40,55509788",SPRF-PE,DEL06-PE,UOP01-DEL06-PE
284585.0,2020-05-15,sexta-feira,18:00:00,PE,101,"49,8",ABREU E LIMA,Falta de Atenção do Pedestre,Atropelamento de Pedestre,Com Vítimas Feridas,Plena Noite,Crescente,Nublado,Dupla,Reta,Sim,2,0,1,0,1,0,1,2,"-7,9005152","-34,90180641",SPRF-PE,DEL01-PE,UOP02-DEL01-PE
284622.0,2020-05-15,sexta-feira,18:40:00,PE,316,300,FLORESTA,Ultrapassagem Indevida,Colisão traseira,Com Vítimas Feridas,Plena Noite,Decrescente,Céu Claro,Simples,Ponte,Sim,2,0,0,1,0,1,1,2,"-8,61246318","-38,60482494",SPRF-PE,DEL04-PE,UOP03-DEL04-PE
284658.0,2020-05-15,sexta-feira,20:15:00,PE,116,25,SALGUEIRO,Ingestão de Álcool,Colisão lateral,Com Vítimas Feridas,Plena Noite,Crescente,Céu Claro,Simples,Reta,Sim,2,0,1,0,1,0,1,2,"-8,061417","-39,135975",SPRF-PE,DEL05-PE,UOP01-DEL05-PE
284699.0,2020-05-15,sexta-feira,23:20:00,PE,232,87,GRAVATA,Velocidade Incompatível,Saída de leito carroçável,Com Vítimas Fatais,Plena Noite,Crescente,Nublado,Dupla,Reta,Não,1,1,0,0,0,0,0,1,"-8,21379064","-35,62898606",SPRF-PE,DEL02-PE,UOP02-DEL02PE
284743.0,2020-05-16,sábado,14:10:00,PE,104,55,CARUARU,Mal Súbito,Queda de ocupante de veículo,Com Vítimas Feridas,Pleno dia,Decrescente,Nublado,Dupla,Curva,Não,2,0,0,1,1,0,1,1,"-8,2018","-35,9671",SPRF-PE,DEL02-PE,UOP01-DEL02-PE
284845.0,2020-05-16,sábado,19:50:00,PE,232,"507,4",SALGUEIRO,Desobediência às normas de trânsito pelo condutor,Colisão transversal,Com Vítimas Feridas,Plena Noite,Crescente,Céu Claro,Simples,Reta,Sim,2,0,2,0,0,0,2,2,"-8,07019303","-39,14667499",SPRF-PE,DEL05-PE,UOP01-DEL05-PE
284891.0,2020-05-15,sexta-feira,14:00:00,PE,232,61,POMBOS,Falta de Atenção à Condução,Saída de leito carroçável,Sem Vítimas,Pleno dia,Crescente,Céu Claro,Simples,Curva,Não,1,0,0,0,0,1,0,1,"-8,1519066","-35,4153532",SPRF-PE,DEL02-PE,UOP02-DEL02PE
284946.0,2020-05-17,domingo,13:25:00,PE,101,"43,7",IGARASSU,Condutor Dormindo,Colisão com objeto estático,Com Vítimas Feridas,Pleno dia,Crescente,Sol,Múltipla,Reta,Sim,1,0,1,0,0,0,1,1,"-7,84753808","-34,90977038",SPRF-PE,DEL01-PE,UOP02-DEL01-PE
284961.0,2020-05-17,domingo,17:35:00,PE,424,32,VENTUROSA,Desobediência às normas de trânsito pelo condutor,Colisão frontal,Com Vítimas Feridas,Anoitecer,Decrescente,Céu Claro,Simples,Reta,Não,2,0,0,1,1,0,1,2,"-8,59261097","-36,86223494",SPRF-PE,DEL03-PE,UOP02-DEL03-PE
284990.0,2020-05-17,domingo,18:05:00,PE,232,21,MORENO,Falta de Atenção à Condução,Colisão com objeto estático,Sem Vítimas,Plena Noite,Decrescente,Céu Claro,Dupla,Reta,Não,2,0,0,0,1,1,0,1,"-8,096013","-35,079432",SPRF-PE,DEL02-PE,UOP02-DEL02PE
284995.0,2020-05-17,domingo,19:40:00,PE,316,"364,6",PETROLANDIA,Falta de Atenção à Condução,Colisão frontal,Com Vítimas Fatais,Plena Noite,Crescente,Céu Claro,Simples,Reta,Sim,2,1,0,0,0,1,0,2,"-8,95361595","-38,22353282",SPRF-PE,DEL04-PE,UOP03-DEL04-PE
285149.0,2020-05-18,segunda-feira,18:30:00,PE,101,86,CABO DE SANTO AGOSTINHO,Falta de Atenção do Pedestre,Atropelamento de Pedestre,Com Vítimas Fatais,Plena Noite,Crescente,Nublado,Dupla,Reta,Sim,2,1,0,0,0,1,0,2,"-8,18470013","-34,96816895",SPRF-PE,DEL01-PE,UOP03-DEL01-PE
285190.0,2020-05-18,segunda-feira,23:00:00,PE,101,89,JABOATAO DOS GUARARAPES,Desobediência às normas de trânsito pelo condutor,Colisão frontal,Com Vítimas Fatais,Plena Noite,Crescente,Nublado,Dupla,Reta,Não,3,1,2,0,0,0,2,2,"-8,20760697","-34,98372005",SPRF-PE,DEL01-PE,UOP03-DEL01-PE
285199.0,2020-05-19,terça-feira,02:30:00,PE,232,509,SALGUEIRO,Ingestão de Álcool,Queda de ocupante de veículo,Com Vítimas Feridas,Plena Noite,Crescente,Céu Claro,Simples,Interseção de Vias,Sim,1,0,1,0,0,0,1,1,"-8,06449154","-39,1298447",SPRF-PE,DEL05-PE,UOP01-DEL05-PE