id,data_inversa,dia_semana,horario,uf,br,km,municipio,causa_acidente,tipo_acidente,classificacao_acidente,fase_dia,sentido_via,condicao_metereologica,tipo_pista,tracado_via,uso_solo,pessoas,mortos,feridos_leves,feridos_graves,ilesos,ignorados,feridos,veiculos,latitude,longitude,regional,delegacia,uop
285215.0,2020-05-19,terça-feira,07:00:00,PE,101,51,ABREU E LIMA,Falta de Atenção do Pedestre,Atropelamento de Pedestre,Sem Vítimas,Pleno dia,Crescente,Nublado,Múltipla,Reta,Sim,2,0,0,0,1,1,0,2,"-7,9169968","-34,89689272",SPRF-PE,DEL01-PE,UOP02-DEL01-PE
285261.0,2020-01-12,domingo,18:10:00,PE,101,"53,8",PAULISTA,Falta de Atenção do Pedestre,Atropelamento de Pedestre,Com Vítimas Fatais,Plena Noite,Crescente,Nublado,Dupla,Reta,Não,3,1,0,0,1,1,0,2,"-7,938911","-34,903562",SPRF-PE,DEL01-PE,UOP02-DEL01-PE
285327.0,2020-05-19,terça-feira,20:00:00,PE,316,"59,8",TRINDADE,Deficiência ou não Acionamento do Sistema de Iluminação/Sinalização do Veículo,Colisão traseira,Com Vítimas Feridas,Plena Noite,Crescente,Céu Claro,Simples,Reta,Não,2,0,1,1,0,0,2,2,"-7,76160912","-40,26138334",SPRF-PE,DEL05-PE,UOP02-DEL05-PE
285330.0,2020-05-19,terça-feira,20:45:00,PE,101,101,CABO DE SANTO AGOSTINHO,Falta de Atenção à Condução,Colisão frontal,Sem Vítimas,Plena Noite,Crescente,Nublado,Simples,Reta,Sim,2,0,0,0,2,0,0,2,"-8,2757433","-35,05378122",SPRF-PE,DEL01-PE,UOP03-DEL01-PE
285360.0,2020-05-20,quarta-feira,07:10:00,PE,101,85,JABOATAO DOS GUARARAPES,Defeito Mecânico no Veículo,Colisão traseira,Sem Vítimas,Pleno dia,Decrescente,Chuva,Dupla,Reta,Sim,2,0,0,0,2,0,0,2,"-8,175172","-34,942642",SPRF-PE,DEL01-PE,UOP03-DEL01-PE
285401.0,2020-05-20,quarta-feira,13:05:00,PE,423,94,GARANHUNS,Mal Súbito,Colisão frontal,Com Vítimas Feridas,Pleno dia,Crescente,Nublado,Simples,Reta,Sim,2,0,1,1,0,0,2,2,"-8,87607208","-36,47282839",SPRF-PE,DEL03-PE,UOP01-DEL03-PE
285497.0,2020-05-21,quinta-feira,05:30:00,PE,101,16,GOIANA,Defeito na Via,Saída de leito carroçável,Com Vítimas Feridas,Amanhecer,Decrescente,Chuva,Dupla,Reta,Não,1,0,0,1,0,0,1,1,"-7,63348482","-34,96143076",SPRF-PE,DEL01-PE,UOP02-DEL01-PE
285505.0,2020-05-21,quinta-feira,07:30:00,PE,101,92,CABO DE SANTO AGOSTINHO,Desobediência às normas de trânsito pelo condutor,Tombamento,Com Vítimas Feridas,Pleno dia,Crescente,Chuva,Dupla,Reta,Sim,2,0,2,0,0,0,2,2,"-8,23201792","-34,99778611",SPRF-PE,DEL01-PE,UOP03-DEL01-PE
285575.0,2020-05-21,quinta-feira,16:05:00,PE,232,144,SAO CAITANO,Defeito Mecânico no Veículo,Queda de ocupante de veículo,Com Vítimas Feridas,Pleno dia,Decrescente,Chuva,Dupla,Reta,Não,2,0,1,1,0,0,2,1,"-8,32522249","-36,11250878",SPRF-PE,DEL02-PE,UOP03-DEL02-PE
285605.0,2020-05-21,quinta-feira,18:50:00,PE,101,"45,6",IGARASSU,Falta de Atenção do Pedestre,Atropelamento de Pedestre,Com Vítimas Feridas,Plena Noite,Crescente,Nublado,Múltipla,Reta,Sim,2,0,1,0,1,0,1,2,"-7,86521297","-34,90715176",SPRF-PE,DEL01-PE,UOP02-DEL01-PE
285750.0,2020-05-22,sexta-feira,14:25:00,PE,101,45,IGARASSU,Falta de Atenção à Condução,Colisão lateral,Com Vítimas Feridas,Pleno dia,Crescente,Nublado,Múltipla,Reta,Sim,3,0,1,1,1,0,2,2,"-7,86521297","-34,90715176",SPRF-PE,DEL01-PE,UOP02-DEL01-PE
285755.0,2020-05-22,sexta-feira,14:30:00,PE,101,70,RECIFE,Velocidade Incompatível,Saída de leito carroçável,Com Vítimas Feridas,Pleno dia,Decrescente,Céu Claro,Dupla,Reta,Sim,1,0,1,0,0,0,1,1,"-8,067341","-34,941736",SPRF-PE,DEL01-PE,UOP01-DEL01-PE
285834.0,2020-05-22,sexta-feira,20:40:00,PE,101,"78,5",RECIFE,Não guardar distância de segurança,Colisão lateral,Com Vítimas Feridas,Plena Noite,Crescente,Nublado,Dupla,Reta,Sim,3,0,1,1,1,0,2,2,"-8,139802","-34,947032",SPRF-PE,DEL01-PE,UOP01-DEL01-PE
285880.0,2020-05-23,sábado,04:45:00,PE,101,"52,5",PAULISTA,Pista Escorregadia,Saída de leito carroçável,Com Vítimas Feridas,Plena Noite,Decrescente,Chuva,Dupla,Curva,Sim,1,0,1,0,0,0,1,1,"-7,92358799","-34,89607201",SPRF-PE,DEL01-PE,UOP02-DEL01-PE
285939.0,2020-05-23,sábado,15:15:00,PE,101,14,GOIANA,Ingestão de Álcool,Colisão traseira,Com Vítimas Feridas,Pleno dia,Decrescente,Chuva,Múltipla,Reta,Não,3,0,2,0,1,0,2,2,"-7,61832786","-34,97100773",SPRF-PE,DEL01-PE,UOP02-DEL01-PE
285981.0,2020-05-23,sábado,19:00:00,PE,101,47,IGARASSU,Falta de Atenção à Condução,Colisão lateral,Com Vítimas Feridas,Plena Noite,Crescente,Nublado,Dupla,Retorno Regulamentado,Sim,2,0,1,0,1,0,1,2,"-7,88290701","-34,90461208",SPRF-PE,DEL01-PE,UOP02-DEL01-PE
286125.0,2020-05-24,domingo,17:43:00,PE,423,"101,7",GARANHUNS,Desobediência às normas de trânsito pelo condutor,Saída de leito carroçável,Com Vítimas Fatais,Plena Noite,Decrescente,Garoa/Chuvisco,Simples,Curva,Não,5,1,2,0,0,2,2,1,"-8,874693","-36,529876",SPRF-PE,DEL03-PE,UOP01-DEL03-PE
286128.0,2020-05-24,domingo,17:50:00,PE,101,"68,6",RECIFE,Velocidade Incompatível,Colisão traseira,Com Vítimas Feridas,Anoitecer,Decrescente,Céu Claro,Múltipla,Reta,Sim,3,0,0,1,1,1,1,3,"-8,056423","-34,9462",SPRF-PE,DEL01-PE,UOP01-DEL01-PE
286205.0,2020-05-24,domingo,22:00:00,PE,232,228,PESQUEIRA,Falta de Atenção à Condução,Capotamento,Sem Vítimas,Plena Noite,Decrescente,Garoa/Chuvisco,Simples,Reta,Não,1,0,0,0,0,1,0,1,"-8,3993243","-36,85590196",SPRF-PE,DEL03-PE,UOP02-DEL03-PE
286334.0,2020-05-25,segunda-feira,21:00:00,PE,428,"191,2",PETROLINA,Falta de Atenção à Condução,Colisão frontal,Com Vítimas Feridas,Plena Noite,Decrescente,Céu Claro,Dupla,Reta,Sim,3,0,1,1,1,0,2,3,"-9,37766429","-40,50269795",SPRF-PE,DEL06-PE,UOP01-DEL06-PE
286367.0,2020-05-26,terça-feira,01:40:00,PE,101,"81,5",JABOATAO DOS GUARARAPES,Desobediência às normas de trânsito pelo condutor,Colisão lateral,Com Vítimas Fatais,Plena Noite,Crescente,Céu Claro,Dupla,Reta,Sim,2,1,1,0,0,0,1,2,"-8,1597489","-34,94024569",SPRF-PE,DEL01-PE,UOP03-DEL01-PE
286461.0,2020-05-26,terça-feira,14:55:00,PE,423,"94,7",GARANHUNS,Desobediência às normas de trânsito pelo condutor,Colisão transversal,Com Vítimas Feridas,Pleno dia,Crescente,Céu Claro,Simples,Reta,Não,2,0,1,0,1,0,1,2,"-8,87799073","-36,47602558",SPRF-PE,DEL03-PE,UOP01-DEL03-PE
286569.0,2020-05-26,terça-feira,19:30:00,PE,424,69,CAETES,Desobediência às normas de trânsito pelo condutor,Colisão traseira,Com Vítimas Feridas,Plena Noite,Decrescente,Ignorado,Simples,Reta;Aclive                   ,Não,2,0,2,0,0,0,2,2,"-8,782103","-36,616334",SPRF-PE,DEL03-PE,UOP01-DEL03-PE
286585.0,2020-05-27,quarta-feira,06:45:00,PE,101,"67,5",RECIFE,Falta de Atenção à Condução,Colisão traseira,Com Vítimas Feridas,Pleno dia,Crescente,Céu Claro,Dupla,Reta,Sim,2,0,0,1,0,1,1,2,"-8,042334","-34,943096",SPRF-PE,DEL01-PE,UOP01-DEL01-PE
286702.0,2020-05-27,quarta-feira,17:40:00,PE,104,92,AGRESTINA,Ingestão de Álcool,Colisão traseira,Sem Vítimas,Anoitecer,Decrescente,Nublado,Simples,Reta,Não,2,0,0,0,2,0,0,2,"-8,496525","-35,948009",SPRF-PE,DEL02-PE,UOP01-DEL02-PE
286713.0,2020-05-27,quarta-feira,20:20:00,PE,232,"96,3",SAIRE,Velocidade Incompatível,Colisão traseira,Com Vítimas Feridas,Plena Noite,Decrescente,Céu Claro,Dupla,Reta,Não,2,0,0,1,0,1,1,2,"-8,23076854","-35,70778281",SPRF-PE,DEL02-PE,UOP02-DEL02PE
286746.0,2020-05-28,quinta-feira,04:00:00,PE,104,107,CUPIRA,Falta de Atenção à Condução,Colisão traseira,Sem Vítimas,Amanhecer,Crescente,Nevoeiro/Neblina,Simples,Reta,Não,2,0,0,0,1,1,0,2,"-8,617709","-35,974754",SPRF-PE,DEL02-PE,UOP01-DEL02-PE
286850.0,2020-05-28,quinta-feira,18:00:00,PE,101,"55,3",PAULISTA,Falta de Atenção à Condução,Colisão transversal,Com Vítimas Feridas,Plena Noite,Decrescente,Nublado,Dupla,Reta,Sim,2,0,1,0,1,0,1,2,"-7,94806621","-34,9062148",SPRF-PE,DEL01-PE,UOP02-DEL01-PE
286856.0,2020-05-28,quinta-feira,18:30:00,PE,101,"44,6",IGARASSU,Falta de Atenção à Condução,Colisão frontal,Sem Vítimas,Plena Noite,Crescente,Vento,Múltipla,Reta,Sim,2,0,0,0,1,1,0,2,"-7,85637001","-34,90842109",SPRF-PE,DEL01-PE,UOP02-DEL01-PE
286904.0,2020-05-29,sexta-feira,01:38:00,PE,101,"45,9",IGARASSU,Falta de Atenção à Condução,Colisão transversal,Sem Vítimas,Plena Noite,Crescente,Nublado,Múltipla,Em Obras;Reta                 ,Sim,2,0,0,0,1,1,0,2,"-7,87406004","-34,90588126",SPRF-PE,DEL01-PE,UOP02-DEL01-PE
286933.0,2020-05-29,sexta-feira,08:30:00,PE,407,123,PETROLINA,Falta de Atenção à Condução,Colisão traseira,Sem Vítimas,Pleno dia,Decrescente,Céu Claro,Simples,Reta,Sim,2,0,0,0,2,0,0,2,"-9,36149178","-40,54594462",SPRF-PE,DEL06-PE,UOP01-DEL06-PE
286952.0,2020-05-29,sexta-feira,09:30:00,PE,101,7,GOIANA,Velocidade Incompatível,Saída de leito carroçável,Com Vítimas Feridas,Pleno dia,Decrescente,Chuva,Dupla,Reta,Sim,1,0,1,0,0,0,1,1,"-7,55997111","-34,99072674",SPRF-PE,DEL01-PE,UOP02-DEL01-PE
286967.0,2020-05-29,sexta-feira,10:45:00,PE,232,507,SALGUEIRO,Falta de Atenção à Condução,Colisão transversal,Com Vítimas Feridas,Pleno dia,Decrescente,Céu Claro,Simples,Reta,Sim,2,0,1,0,1,0,1,2,"-8,06038759","-39,11191706",SPRF-PE,DEL05-PE,UOP01-DEL05-PE
287027.0,2020-05-29,sexta-feira,18:30:00,PE,428,183,PETROLINA,Ingestão de Álcool,Atropelamento de Pedestre,Com Vítimas Feridas,Plena Noite,Crescente,Céu Claro,Simples,Reta,Não,2,0,1,0,1,0,1,2,"-9,32412987","-40,46211325",SPRF-PE,DEL06-PE,UOP01-DEL06-PE
287038.0,2020-05-29,sexta-feira,19:30:00,PE,101,87,JABOATAO DOS GUARARAPES,Falta de Atenção à Condução,Saída de leito carroçável,Sem Vítimas,Plena Noite,Crescente,Nublado,Dupla,Reta,Não,1,0,0,0,1,0,0,1,"-8,19120206","-34,97449985",SPRF-PE,DEL01-PE,UOP03-DEL01-PE
287088.0,2020-05-30,sábado,03:30:00,PE,428,188,PETROLINA,Condutor Dormindo,Colisão com objeto estático,Sem Vítimas,Plena Noite,Crescente,Céu Claro,Dupla,Retorno Regulamentado,Sim,1,0,0,0,1,0,0,1,"-9,376617","-40,497143",SPRF-PE,DEL06-PE,UOP01-DEL06-PE
287118.0,2020-05-30,sábado,09:10:00,PE,428,"189,4",PETROLINA,Falta de Atenção à Condução,Colisão traseira,Com Vítimas Feridas,Pleno dia,Crescente,Sol,Dupla,Retorno Regulamentado,Sim,3,0,2,0,1,0,2,2,"-9,37783968","-40,50439775",SPRF-PE,DEL06-PE,UOP01-DEL06-PE
287179.0,2020-05-30,sábado,16:40:00,PE,101,"75,1",RECIFE,Não guardar distância de segurança,Colisão traseira,Com Vítimas Feridas,Anoitecer,Decrescente,Chuva,Dupla,Reta,Sim,3,0,1,0,2,0,1,2,"-8,10973523","-34,94660151",SPRF-PE,DEL01-PE,UOP01-DEL01-PE
287180.0,2020-05-30,sábado,16:45:00,PE,316,"142,6",PARNAMIRIM,Ingestão de Álcool,Saída de leito carroçável,Com Vítimas Feridas,Anoitecer,Crescente,Céu Claro,Simples,Reta,Não,1,0,1,0,0,0,1,1,"-8,08687166","-39,60015985",SPRF-PE,DEL05-PE,UOP02-DEL05-PE
287278.0,2020-05-30,sábado,21:15:00,PE,104,"48,8",CARUARU,Falta de Atenção à Condução,Colisão com objeto estático,Sem Vítimas,Plena Noite,Crescente,Chuva,Dupla,Reta,Não,1,0,0,0,0,1,0,1,"-8,1437","-35,9869",SPRF-PE,DEL02-PE,UOP01-DEL02-PE
287393.0,2020-05-31,domingo,17:50:00,PE,428,"172,6",PETROLINA,Desobediência às normas de trânsito pelo condutor,Colisão transversal,Com Vítimas Fatais,Anoitecer,Crescente,Céu Claro,Simples,Retorno Regulamentado,Não,3,1,0,0,2,0,0,3,"-9,250937","-40,424579",SPRF-PE,DEL06-PE,UOP01-DEL06-PE
287438.0,2020-05-31,domingo,20:05:00,PE,101,"69,3",RECIFE,Animais na Pista,Atropelamento de Animal,Sem Vítimas,Plena Noite,Decrescente,Céu Claro,Dupla,Reta,Sim,1,0,0,0,1,0,0,1,"-8,05951606","-34,94581024",SPRF-PE,DEL01-PE,UOP01-DEL01-PE
287459.0,2020-05-31,domingo,21:40:00,PE,232,"207,7",PESQUEIRA,Mal Súbito,Saída de leito carroçável,Com Vítimas Feridas,Plena Noite,Decrescente,Céu Claro,Simples,Aclive,Sim,1,0,0,1,0,0,1,1,"-8,369249","-36,670749",SPRF-PE,DEL02-PE,UOP03-DEL02-PE
287467.0,2020-05-31,domingo,21:00:00,PE,428,"86,5",SANTA MARIA DA BOA VISTA,Animais na Pista,Colisão traseira,Com Vítimas Feridas,Plena Noite,Decrescente,Céu Claro,Simples,Declive,Não,6,0,5,0,1,0,5,2,"-8,79150024","-39,84821709",SPRF-PE,DEL06-PE,UOP03-DEL06-PE
287512.0,2020-06-01,segunda-feira,02:35:00,PE,101,"47,9",ABREU E LIMA,Falta de Atenção à Condução,Colisão com objeto estático,Com Vítimas Feridas,Plena Noite,Decrescente,Garoa/Chuvisco,Múltipla,Reta,Sim,1,0,1,0,0,0,1,1,"-7,89174705","-34,9033493",SPRF-PE,DEL01-PE,UOP02-DEL01-PE
287520.0,2020-06-01,segunda-feira,06:20:00,PE,101,20,GOIANA,Falta de Atenção à Condução,Saída de leito carroçável,Com Vítimas Feridas,Pleno dia,Crescente,Céu Claro,Dupla,Reta,Não,1,0,0,1,0,0,1,1,"-7,66042701","-34,93780401",SPRF-PE,DEL01-PE,UOP02-DEL01-PE
287569.0,2020-06-01,segunda-feira,13:30:00,PE,101,"73,5",RECIFE,Desobediência às normas de trânsito pelo condutor,Colisão transversal,Com Vítimas Feridas,Pleno dia,Decrescente,Céu Claro,Dupla,Retorno Regulamentado,Sim,3,0,0,1,2,0,1,2,"-8,093369","-34,947464",SPRF-PE,DEL01-PE,UOP01-DEL01-PE
287587.0,2020-06-01,segunda-feira,15:00:00,PE,232,"112,5",BEZERROS,Ingestão de Álcool,Queda de ocupante de veículo,Com Vítimas Feridas,Pleno dia,Decrescente,Céu Claro,Dupla,Reta,Não,1,0,1,0,0,0,1,1,"-8,29729696","-35,83146101",SPRF-PE,DEL02-PE,UOP03-DEL02-PE
287599.0,2020-06-01,segunda-feira,16:30:00,PE,232,"119,8",CARUARU,Falta de Atenção à Condução,Colisão com objeto estático,Sem Vítimas,Pleno dia,Decrescente,Chuva,Dupla,Reta,Não,2,0,0,0,2,0,0,1,"-8,2962792","-35,89314995",SPRF-PE,DEL02-PE,UOP03-DEL02-PE
287613.0,2020-06-01,segunda-feira,15:15:00,PE,232,"408,5",SERRA TALHADA,Velocidade Incompatível,Colisão frontal,Com Vítimas Feridas,Pleno dia,Decrescente,Céu Claro,Simples,Reta,Não,5,0,1,4,0,0,5,3,"-7,98371447","-38,28047709",SPRF-PE,DEL04-PE,UOP01-DEL04-PE
287623.0,2020-06-01,segunda-feira,15:40:00,PE,101,82,JABOATAO DOS GUARARAPES,Falta de Atenção à Condução,Colisão lateral,Com Vítimas Feridas,Pleno dia,Crescente,Nublado,Múltipla,Reta,Sim,3,0,1,0,2,0,1,3,"-8,168383","-34,9376",SPRF-PE,DEL01-PE,UOP03-DEL01-PE
287633.0,2020-06-01,segunda-feira,17:20:00,PE,424,"88,8",GARANHUNS,Falta de Atenção à Condução,Atropelamento de Pedestre,Com Vítimas Feridas,Anoitecer,Crescente,Garoa/Chuvisco,Simples,Interseção de Vias,Sim,2,0,1,0,0,1,1,2,"-8,891798","-36,504934",SPRF-PE,DEL03-PE,UOP01-DEL03-PE
287714.0,2020-06-02,terça-feira,07:20:00,PE,101,91,CABO DE SANTO AGOSTINHO,Avarias e/ou desgaste excessivo no pneu,Queda de ocupante de veículo,Com Vítimas Feridas,Pleno dia,Decrescente,Céu Claro,Dupla,Reta,Não,2,0,2,0,0,0,2,1,"-8,22399812","-34,99290474",SPRF-PE,DEL01-PE,UOP03-DEL01-PE
287788.0,2020-06-02,terça-feira,16:15:00,PE,101,204,XEXEU,Velocidade Incompatível,Saída de leito carroçável,Com Vítimas Feridas,Anoitecer,Decrescente,Nublado,Múltipla,Curva,Não,2,0,1,0,1,0,1,1,"-8,80610905","-35,62758381",SPRF-PE,DEL01-PE,UOP03-DEL01-PE
287798.0,2020-06-02,terça-feira,18:00:00,PE,407,"127,3",PETROLINA,Desobediência às normas de trânsito pelo condutor,Colisão transversal,Com Vítimas Feridas,Anoitecer,Decrescente,Céu Claro,Simples,Reta,Sim,3,0,1,0,2,0,1,2,"-9,39192835","-40,51705765",SPRF-PE,DEL06-PE,UOP01-DEL06-PE
287812.0,2020-06-02,terça-feira,19:00:00,PE,101,85,JABOATAO DOS GUARARAPES,Falta de Atenção à Condução,Colisão frontal,Com Vítimas Feridas,Plena Noite,Crescente,Garoa/Chuvisco,Simples,Reta,Sim,3,0,1,0,0,2,1,2,"-8,20038","-34,959529",SPRF-PE,DEL01-PE,UOP03-DEL01-PE
287968.0,2020-06-03,quarta-feira,17:20:00,PE,101,"16,5",CABO DE SANTO AGOSTINHO,Falta de Atenção do Pedestre,Atropelamento de Pedestre,Com Vítimas Feridas,Pleno dia,Decrescente,Céu Claro,Simples,Reta,Sim,2,0,1,1,0,0,2,2,"-8,293258","-35,051128",SPRF-PE,DEL01-PE,UOP03-DEL01-PE
287981.0,2020-06-03,quarta-feira,18:20:00,PE,101,"45,5",IGARASSU,Falta de Atenção do Pedestre,Atropelamento de Pedestre,Com Vítimas Feridas,Plena Noite,Decrescente,Nublado,Múltipla,Reta,Sim,2,0,0,1,0,1,1,2,"-7,86521297","-34,90715176",SPRF-PE,DEL01-PE,UOP02-DEL01-PE
287994.0,2020-06-04,quinta-feira,01:25:00,PE,101,"53,9",PAULISTA,Animais na Pista,Atropelamento de Animal,Com Vítimas Feridas,Plena Noite,Decrescente,Céu Claro,Múltipla,Aclive;Reta                   ,Não,1,0,1,0,0,0,1,1,"-7,93961103","-34,90356584",SPRF-PE,DEL01-PE,UOP02-DEL01-PE
288072.0,2020-06-04,quinta-feira,11:40:00,PE,428,184,PETROLINA,Desobediência às normas de trânsito pelo condutor,Colisão transversal,Com Vítimas Feridas,Pleno dia,Decrescente,Sol,Simples,Reta,Sim,2,0,1,0,1,0,1,2,"-9,35222018","-40,47652423",SPRF-PE,DEL06-PE,UOP01-DEL06-PE
288075.0,2020-06-04,quinta-feira,12:30:00,PE,232,5,RECIFE,Falta de Atenção à Condução,Colisão traseira,Com Vítimas Feridas,Pleno dia,Crescente,Nublado,Dupla,Reta;Declive                  ,Sim,2,0,1,0,1,0,1,2,"-8,06795766","-34,94535414",SPRF-PE,DEL01-PE,UOP01-DEL01-PE
288092.0,2020-06-04,quinta-feira,15:00:00,PE,101,68,RECIFE,Ingestão de Álcool,Colisão traseira,Com Vítimas Feridas,Pleno dia,Crescente,Céu Claro,Simples,Viaduto,Sim,2,0,1,0,1,0,1,2,"-8,05074296","-34,94580619",SPRF-PE,DEL01-PE,UOP01-DEL01-PE
288219.0,2020-06-05,sexta-feira,08:00:00,PE,232,6,RECIFE,Não guardar distância de segurança,Engavetamento,Sem Vítimas,Pleno dia,Decrescente,Céu Claro,Dupla,Reta,Não,6,0,0,0,6,0,0,3,"-8,07079525","-34,9535389",SPRF-PE,DEL01-PE,UOP01-DEL01-PE
288284.0,2020-06-05,sexta-feira,16:00:00,PE,232,4,RECIFE,Não guardar distância de segurança,Colisão traseira,Com Vítimas Feridas,Pleno dia,Crescente,Nublado,Múltipla,Reta,Sim,2,0,1,0,1,0,1,2,"-8,064473","-34,936928",SPRF-PE,DEL01-PE,UOP01-DEL01-PE
288321.0,2020-06-05,sexta-feira,17:50:00,PE,101,75,RECIFE,Deficiência ou não Acionamento do Sistema de Iluminação/Sinalização do Veículo,Colisão traseira,Com Vítimas Feridas,Anoitecer,Crescente,Chuva,Dupla,Reta,Sim,2,0,0,1,1,0,1,2,"-8,10973523","-34,94660151",SPRF-PE,DEL01-PE,UOP01-DEL01-PE
288367.0,2020-06-05,sexta-feira,18:45:00,PE,428,0,BELEM DE SAO FRANCISCO,Falta de Atenção à Condução,Colisão com objeto estático,Com Vítimas Feridas,Plena Noite,Decrescente,Céu Claro,Simples,Reta,Não,1,0,1,0,0,0,1,1,"-8,54923611","-39,22640562",SPRF-PE,DEL05-PE,UOP03-DEL05-PE
288385.0,2020-06-06,sábado,00:20:00,PE,104,33,CARUARU,Ingestão de Álcool,Queda de ocupante de veículo,Com Vítimas Feridas,Plena Noite,Crescente,Céu Claro,Simples,Reta,Sim,1,0,0,1,0,0,1,1,-8,-36,SPRF-PE,DEL02-PE,UOP01-DEL02-PE
288472.0,2020-06-06,sábado,12:00:00,PE,101,"61,3",RECIFE,Condutor Dormindo,Colisão lateral,Com Vítimas Feridas,Pleno dia,Decrescente,Nublado,Dupla,Reta,Sim,2,0,2,0,0,0,2,2,"-7,99097103","-34,93598295",SPRF-PE,DEL01-PE,UOP02-DEL01-PE
288473.0,2020-06-06,sábado,08:00:00,PE,424,26,VENTUROSA,Defeito Mecânico no Veículo,Colisão com objeto estático,Com Vítimas Feridas,Pleno dia,Crescente,Céu Claro,Simples,Reta,Não,2,0,2,0,0,0,2,1,"-8,5542719","-36,89884489",SPRF-PE,DEL03-PE,UOP02-DEL03-PE
288669.0,2020-06-07,domingo,11:00:00,PE,101,69,RECIFE,Animais na Pista,Atropelamento de Animal,Com Vítimas Feridas,Pleno dia,Crescente,Chuva,Dupla,Reta,Sim,1,0,1,0,0,0,1,1,"-8,05951606","-34,94581024",SPRF-PE,DEL01-PE,UOP01-DEL01-PE
288734.0,2020-06-07,domingo,18:30:00,PE,101,87,JABOATAO DOS GUARARAPES,Falta de Atenção à Condução,Colisão transversal,Com Vítimas Feridas,Plena Noite,Crescente,Nublado,Simples,Interseção de Vias,Sim,2,0,1,0,1,0,1,2,"-8,207624","-34,962596",SPRF-PE,DEL01-PE,UOP03-DEL01-PE
288740.0,2020-06-07,domingo,17:20:00,PE,101,155,RIBEIRAO,Não guardar distância de segurança,Colisão com objeto estático,Com Vítimas Feridas,Pleno dia,Decrescente,Nublado,Dupla,Reta,Não,1,0,1,0,0,0,1,1,"-8,5370679","-35,3919616",SPRF-PE,DEL01-PE,UOP03-DEL01-PE
288785.0,2020-06-07,domingo,22:20:00,PE,407,"129,9",PETROLINA,Condutor Dormindo,Colisão com objeto estático,Com Vítimas Feridas,Plena Noite,Crescente,Garoa/Chuvisco,Dupla,Reta,Não,1,0,1,0,0,0,1,1,"-9,4103773","-40,505144",SPRF-PE,DEL06-PE,UOP01-DEL06-PE
288839.0,2020-06-08,segunda-feira,08:00:00,PE,101,44,IGARASSU,Falta de Atenção à Condução,Colisão lateral,Sem Vítimas,Pleno dia,Decrescente,Céu Claro,Múltipla,Reta,Sim,2,0,0,0,2,0,0,2,"-7,85637001","-34,90842109",SPRF-PE,DEL01-PE,UOP02-DEL01-PE
288846.0,2020-06-08,segunda-feira,08:00:00,PE,232,251,ARCOVERDE,Falta de Atenção à Condução,Colisão lateral,Com Vítimas Feridas,Pleno dia,Decrescente,Nublado,Simples,Reta,Sim,2,0,0,1,1,0,1,2,"-8,429241","-37,060127",SPRF-PE,DEL03-PE,UOP02-DEL03-PE
288900.0,2020-06-08,segunda-feira,13:40:00,PE,101,"77,4",RECIFE,Não guardar distância de segurança,Colisão traseira,Com Vítimas Feridas,Pleno dia,Crescente,Céu Claro,Dupla,Reta,Sim,2,0,1,0,1,0,1,2,"-8,126982","-34,94386",SPRF-PE,DEL01-PE,UOP01-DEL01-PE
289208.0,2020-06-10,quarta-feira,11:20:00,PE,101,70,RECIFE,Desobediência às normas de trânsito pelo condutor,Colisão frontal,Com Vítimas Feridas,Pleno dia,Crescente,Nublado,Dupla,Reta,Sim,2,0,0,1,0,1,1,2,"-8,07105696","-34,94266069",SPRF-PE,DEL01-PE,UOP01-DEL01-PE
289291.0,2020-06-10,quarta-feira,17:00:00,PE,408,40,ALIANCA,Desobediência às normas de trânsito pelo condutor,Colisão transversal,Sem Vítimas,Anoitecer,Crescente,Chuva,Simples,Reta,Não,2,0,0,0,1,1,0,2,"-7,64930515","-35,25214043",SPRF-PE,DEL01-PE,UOP01-DEL01-PE
289436.0,2020-06-11,quinta-feira,10:56:00,PE,101,103,CABO DE SANTO AGOSTINHO,Não guardar distância de segurança,Saída de leito carroçável,Com Vítimas Feridas,Pleno dia,Decrescente,Chuva,Dupla,Reta,Sim,3,0,1,1,1,0,2,2,"-8,29241321","-35,05598304",SPRF-PE,DEL01-PE,UOP03-DEL01-PE
289447.0,2020-06-11,quinta-feira,12:50:00,PE,104,31,TORITAMA,Desobediência às normas de trânsito pelo condutor,Colisão lateral,Com Vítimas Feridas,Pleno dia,Decrescente,Nublado,Simples,Curva,Não,2,0,1,0,0,1,1,2,"-8,0208","-36,0528",SPRF-PE,DEL02-PE,UOP01-DEL02-PE
289483.0,2020-06-11,quinta-feira,18:00:00,PE,232,"75,9",GRAVATA,Objeto estático sobre o leito carroçável,Colisão com objeto estático,Com Vítimas Feridas,Plena Noite,Crescente,Céu Claro,Dupla,Reta,Sim,8,0,1,1,6,0,2,5,"-8,19541469","-35,53424693",SPRF-PE,DEL02-PE,UOP02-DEL02PE
289491.0,2020-06-11,quinta-feira,18:05:00,PE,232,"405,4",SERRA TALHADA,Animais na Pista,Atropelamento de Animal,Com Vítimas Feridas,Plena Noite,Crescente,Céu Claro,Simples,Reta,Não,1,0,1,0,0,0,1,1,"-7,98895584","-38,25355016",SPRF-PE,DEL04-PE,UOP01-DEL04-PE
289493.0,2020-06-11,quinta-feira,18:30:00,PE,232,"10,9",JABOATAO DOS GUARARAPES,Não guardar distância de segurança,Colisão traseira,Com Vítimas Feridas,Plena Noite,Crescente,Céu Claro,Simples,Reta,Não,3,0,2,0,1,0,2,2,"-8,079049","-34,990254",SPRF-PE,DEL01-PE,UOP01-DEL01-PE