id,data_inversa,dia_semana,horario,uf,br,km,municipio,causa_acidente,tipo_acidente,classificacao_acidente,fase_dia,sentido_via,condicao_metereologica,tipo_pista,tracado_via,uso_solo,pessoas,mortos,feridos_leves,feridos_graves,ilesos,ignorados,feridos,veiculos,latitude,longitude,regional,delegacia,uop
289597.0,2020-06-12,sexta-feira,10:30:00,PE,101,148,RIBEIRAO,Falta de Atenção à Condução,Saída de leito carroçável,Com Vítimas Feridas,Pleno dia,Decrescente,Nublado,Múltipla,Reta,Não,2,0,2,0,0,0,2,1,"-8,48336698","-35,37204035",SPRF-PE,DEL01-PE,UOP03-DEL01-PE
289613.0,2020-06-12,sexta-feira,13:10:00,PE,424,"69,4",CAETES,Não guardar distância de segurança,Colisão traseira,Com Vítimas Feridas,Pleno dia,Decrescente,Céu Claro,Simples,Reta,Sim,7,0,0,1,6,0,1,2,"-8,77398589","-36,62798492",SPRF-PE,DEL03-PE,UOP01-DEL03-PE
289629.0,2020-06-12,sexta-feira,14:30:00,PE,232,69,GRAVATA,Defeito Mecânico no Veículo,Incêndio,Sem Vítimas,Pleno dia,Crescente,Céu Claro,Dupla,Reta,Não,1,0,0,0,1,0,0,1,"-8,17240309","-35,47993595",SPRF-PE,DEL02-PE,UOP02-DEL02PE
289650.0,2020-06-12,sexta-feira,14:30:00,PE,101,94,CABO DE SANTO AGOSTINHO,Falta de Atenção à Condução,Saída de leito carroçável,Com Vítimas Feridas,Pleno dia,Decrescente,Céu Claro,Dupla,Rotatória,Sim,1,0,1,0,0,0,1,1,"-8,24829064","-35,00697936",SPRF-PE,DEL01-PE,UOP03-DEL01-PE
289818.0,2020-06-13,sábado,15:15:00,PE,101,68,RECIFE,Não guardar distância de segurança,Engavetamento,Com Vítimas Feridas,Pleno dia,Decrescente,Sol,Múltipla,Reta,Não,3,0,1,0,2,0,1,3,"-8,05074296","-34,94580619",SPRF-PE,DEL01-PE,UOP01-DEL01-PE
289834.0,2020-06-13,sábado,18:10:00,PE,101,70,RECIFE,Desobediência às normas de trânsito pelo pedestre,Atropelamento de Pedestre,Com Vítimas Feridas,Plena Noite,Decrescente,Chuva,Dupla,Reta,Sim,2,0,0,1,1,0,1,2,"-8,06776119","-34,94265074",SPRF-PE,DEL01-PE,UOP01-DEL01-PE
289900.0,2020-06-14,domingo,00:40:00,PE,101,54,PAULISTA,Ingestão de Álcool,Colisão traseira,Com Vítimas Feridas,Plena Noite,Crescente,Chuva,Múltipla,Reta,Não,5,0,1,0,1,3,1,2,"-7,93961103","-34,90356584",SPRF-PE,DEL01-PE,UOP02-DEL01-PE
289901.0,2020-06-13,sábado,21:30:00,PE,232,"81,5",GRAVATA,Falta de Atenção à Condução,Saída de leito carroçável,Com Vítimas Fatais,Plena Noite,Crescente,Chuva,Dupla,Declive,Não,1,1,0,0,0,0,0,1,"-8,19697746","-35,57850408",SPRF-PE,DEL02-PE,UOP02-DEL02PE
289906.0,2020-06-13,sábado,23:30:00,PE,101,84,JABOATAO DOS GUARARAPES,Falta de Atenção à Condução,Colisão traseira,Sem Vítimas,Plena Noite,Crescente,Chuva,Simples,Reta,Sim,2,0,0,0,2,0,0,2,"-8,17778559","-34,95087297",SPRF-PE,DEL01-PE,UOP03-DEL01-PE
289923.0,2020-06-14,domingo,01:25:00,PE,101,43,IGARASSU,Pista Escorregadia,Saída de leito carroçável,Com Vítimas Feridas,Plena Noite,Decrescente,Chuva,Múltipla,Reta;Declive                  ,Sim,1,0,1,0,0,0,1,1,"-7,84753808","-34,90977038",SPRF-PE,DEL01-PE,UOP02-DEL01-PE
290043.0,2020-06-14,domingo,22:00:00,PE,232,86,GRAVATA,Defeito Mecânico no Veículo,Incêndio,Sem Vítimas,Pleno dia,Crescente,Céu Claro,Dupla,Reta,Não,1,0,0,0,0,1,0,1,"-8,21286855","-35,62011813",SPRF-PE,DEL02-PE,UOP02-DEL02PE
290049.0,2020-06-14,domingo,11:00:00,PE,232,132,CARUARU,Objeto estático sobre o leito carroçável,Queda de ocupante de veículo,Com Vítimas Feridas,Pleno dia,Crescente,Chuva,Dupla,Reta,Sim,2,0,1,1,0,0,2,1,"-8,3036244","-36,00710089",SPRF-PE,DEL02-PE,UOP03-DEL02-PE
290051.0,2020-06-14,domingo,20:40:00,PE,232,127,CARUARU,Ultrapassagem Indevida,Colisão lateral,Com Vítimas Feridas,Plena Noite,Decrescente,Céu Claro,Dupla,Reta,Não,1,0,1,0,0,0,1,1,"-8,3052648","-35,96683502",SPRF-PE,DEL02-PE,UOP03-DEL02-PE
290066.0,2020-06-15,segunda-feira,04:30:00,PE,104,"91,7",AGRESTINA,Condutor Dormindo,Colisão com objeto estático,Com Vítimas Feridas,Plena Noite,Decrescente,Garoa/Chuvisco,Simples,Ponte,Sim,3,0,2,0,1,0,2,1,"-8,487702","-35,946243",SPRF-PE,DEL02-PE,UOP01-DEL02-PE
290072.0,2020-06-15,segunda-feira,06:15:00,PE,232,180,BELO JARDIM,Velocidade Incompatível,Colisão frontal,Com Vítimas Fatais,Pleno dia,Crescente,Chuva,Simples,Reta,Não,2,1,0,0,1,0,0,2,"-8,34575334","-36,43530965",SPRF-PE,DEL02-PE,UOP03-DEL02-PE
290073.0,2020-06-14,domingo,19:55:00,PE,232,"133,7",CARUARU,Falta de Atenção do Pedestre,Atropelamento de Pedestre,Com Vítimas Feridas,Plena Noite,Decrescente,Nublado,Dupla,Reta,Sim,2,0,1,1,0,0,2,2,"-8,30607988","-36,01576003",SPRF-PE,DEL02-PE,UOP03-DEL02-PE
290103.0,2020-06-15,segunda-feira,08:40:00,PE,101,"41,9",IGARASSU,Falta de Atenção à Condução,Colisão com objeto estático,Com Vítimas Feridas,Pleno dia,Crescente,Céu Claro,Múltipla,Aclive,Sim,2,0,1,0,1,0,1,1,"-7,83038346","-34,91426785",SPRF-PE,DEL01-PE,UOP02-DEL01-PE
290121.0,2020-06-15,segunda-feira,11:00:00,PE,232,"133,1",CARUARU,Falta de Atenção à Condução,Colisão traseira,Com Vítimas Feridas,Pleno dia,Decrescente,Chuva,Dupla,Reta,Não,2,0,1,0,1,0,1,2,"-8,30607988","-36,01576003",SPRF-PE,DEL02-PE,UOP03-DEL02-PE
290138.0,2020-06-15,segunda-feira,11:20:00,PE,104,"47,5",CARUARU,Defeito na Via,Colisão com objeto estático,Sem Vítimas,Pleno dia,Crescente,Chuva,Dupla,Declive,Não,1,0,0,0,1,0,0,1,"-8,1354","-35,9906",SPRF-PE,DEL02-PE,UOP01-DEL02-PE
290188.0,2020-06-15,segunda-feira,18:30:00,PE,428,"173,9",PETROLINA,Restrição de Visibilidade,Colisão traseira,Com Vítimas Fatais,Plena Noite,Crescente,Nublado,Simples,Interseção de Vias,Não,2,1,0,0,0,1,0,2,"-9,24429991","-40,42112617",SPRF-PE,DEL06-PE,UOP01-DEL06-PE
290194.0,2020-06-15,segunda-feira,19:00:00,PE,232,"412,9",SERRA TALHADA,Falta de Atenção do Pedestre,Atropelamento de Pedestre,Com Vítimas Fatais,Plena Noite,Crescente,Chuva,Simples,Reta,Sim,2,1,0,0,0,1,0,2,"-7,98377927","-38,3208774",SPRF-PE,DEL04-PE,UOP01-DEL04-PE
290234.0,2020-06-16,terça-feira,04:20:00,PE,101,"29,2",ITAPISSUMA,Restrição de Visibilidade,Colisão com objeto estático,Com Vítimas Feridas,Plena Noite,Decrescente,Chuva,Dupla,Reta;Retorno Regulamentado    ,Não,3,0,3,0,0,0,3,1,"-7,72939697","-34,94185854",SPRF-PE,DEL01-PE,UOP02-DEL01-PE
290237.0,2020-06-16,terça-feira,06:00:00,PE,101,91,CABO DE SANTO AGOSTINHO,Falta de Atenção à Condução,Colisão transversal,Sem Vítimas,Pleno dia,Decrescente,Chuva,Simples,Reta,Sim,2,0,0,0,1,1,0,2,"-8,24220819","-34,98859101",SPRF-PE,DEL01-PE,UOP03-DEL01-PE
290242.0,2020-06-16,terça-feira,07:00:00,PE,232,"8,7",RECIFE,Falta de Atenção à Condução,Colisão traseira,Sem Vítimas,Pleno dia,Decrescente,Chuva,Dupla,Reta,Não,2,0,0,0,1,1,0,2,"-8,07583727","-34,97015791",SPRF-PE,DEL01-PE,UOP01-DEL01-PE
290304.0,2020-06-16,terça-feira,15:00:00,PE,101,"50,9",ABREU E LIMA,Falta de Atenção à Condução,Colisão lateral,Com Vítimas Feridas,Pleno dia,Decrescente,Céu Claro,Múltipla,Reta,Sim,2,0,1,0,1,0,1,2,"-7,90938602","-34,90123228",SPRF-PE,DEL01-PE,UOP02-DEL01-PE
290457.0,2020-06-17,quarta-feira,14:00:00,PE,101,45,IGARASSU,Falta de Atenção à Condução,Capotamento,Com Vítimas Feridas,Pleno dia,Crescente,Nublado,Múltipla,Reta,Sim,1,0,1,0,0,0,1,1,"-7,86521297","-34,90715176",SPRF-PE,DEL01-PE,UOP02-DEL01-PE
290500.0,2020-06-17,quarta-feira,18:30:00,PE,232,"139,9",SAO CAITANO,Desobediência às normas de trânsito pelo condutor,Queda de ocupante de veículo,Com Vítimas Feridas,Plena Noite,Crescente,Céu Claro,Dupla,Reta,Não,1,0,0,1,0,0,1,1,"-8,320504","-36,0769",SPRF-PE,DEL02-PE,UOP03-DEL02-PE
290514.0,2020-06-17,quarta-feira,19:30:00,PE,232,130,CARUARU,Falta de Atenção do Pedestre,Atropelamento de Pedestre,Com Vítimas Fatais,Plena Noite,Crescente,Céu Claro,Dupla,Interseção de Vias,Sim,2,1,0,0,0,1,0,2,"-8,29983303","-35,989662",SPRF-PE,DEL02-PE,UOP03-DEL02-PE
290563.0,2020-06-17,quarta-feira,21:30:00,PE,101,74,RECIFE,Velocidade Incompatível,Saída de leito carroçável,Com Vítimas Feridas,Plena Noite,Decrescente,Chuva,Dupla,Curva,Sim,1,0,1,0,0,0,1,1,"-8,10146485","-34,94901577",SPRF-PE,DEL01-PE,UOP01-DEL01-PE
290697.0,2020-06-18,quinta-feira,19:30:00,PE,101,66,RECIFE,Falta de Atenção do Pedestre,Atropelamento de Pedestre,Com Vítimas Feridas,Plena Noite,Decrescente,Chuva,Dupla,Reta,Sim,2,0,0,1,1,0,1,2,"-8,034689","-34,941607",SPRF-PE,DEL01-PE,UOP01-DEL01-PE
290726.0,2020-06-18,quinta-feira,23:00:00,PE,101,"77,5",RECIFE,Restrição de Visibilidade,Atropelamento de Pedestre,Com Vítimas Fatais,Plena Noite,Decrescente,Chuva,Dupla,Reta,Sim,3,1,0,2,0,0,2,2,"-8,132699","-34,946332",SPRF-PE,DEL01-PE,UOP01-DEL01-PE
290739.0,2020-06-19,sexta-feira,02:30:00,PE,424,70,CAETES,Falta de Atenção à Condução,Saída de leito carroçável,Com Vítimas Fatais,Plena Noite,Decrescente,Garoa/Chuvisco,Simples,Reta,Não,1,1,0,0,0,0,0,1,"-8,77912908","-36,62060205",SPRF-PE,DEL03-PE,UOP01-DEL03-PE
290787.0,2020-06-19,sexta-feira,11:00:00,PE,423,60,LAJEDO,Desobediência às normas de trânsito pelo condutor,Colisão lateral,Com Vítimas Feridas,Pleno dia,Crescente,Nublado,Simples,Reta,Sim,2,0,1,0,1,0,1,2,"-8,65394006","-36,32109791",SPRF-PE,DEL03-PE,UOP01-DEL03-PE
290806.0,2020-06-19,sexta-feira,11:00:00,PE,408,"99,1",SAO LOURENCO DA MATA,Velocidade Incompatível,Saída de leito carroçável,Sem Vítimas,Pleno dia,Crescente,Chuva,Dupla,Declive,Não,2,0,0,0,2,0,0,1,"-8,041821","-35,024494",SPRF-PE,DEL01-PE,UOP01-DEL01-PE
290871.0,2020-06-19,sexta-feira,19:00:00,PE,423,"37,2",CACHOEIRINHA,Desobediência às normas de trânsito pelo condutor,Colisão frontal,Com Vítimas Fatais,Plena Noite,Decrescente,Garoa/Chuvisco,Simples,Reta;Aclive                   ,Sim,2,1,0,0,0,1,0,2,"-8,480466","-36,224281",SPRF-PE,DEL02-PE,UOP03-DEL02-PE
290877.0,2020-06-19,sexta-feira,18:40:00,PE,101,"48,9",ABREU E LIMA,Falta de Atenção do Pedestre,Atropelamento de Pedestre,Com Vítimas Fatais,Plena Noite,Decrescente,Nublado,Múltipla,Curva,Sim,2,1,0,1,0,0,1,2,"-7,899974","-34,902071",SPRF-PE,DEL01-PE,UOP02-DEL01-PE
290883.0,2020-06-19,sexta-feira,19:20:00,PE,232,"252,8",ARCOVERDE,Ingestão de Álcool,Colisão frontal,Com Vítimas Feridas,Plena Noite,Crescente,Nublado,Simples,Interseção de Vias,Sim,2,0,0,1,1,0,1,2,"-8,43093216","-37,06536423",SPRF-PE,DEL03-PE,UOP02-DEL03-PE
290889.0,2020-06-19,sexta-feira,19:35:00,PE,101,"1,1",GOIANA,Pista Escorregadia,Colisão com objeto estático,Com Vítimas Feridas,Plena Noite,Crescente,Chuva,Dupla,Retorno Regulamentado,Não,2,0,1,0,1,0,1,1,"-7,50897414","-34,98748949",SPRF-PE,DEL01-PE,UOP02-DEL01-PE
291003.0,2020-06-20,sábado,13:30:00,PE,101,77,RECIFE,Desobediência às normas de trânsito pelo condutor,Colisão transversal,Com Vítimas Feridas,Pleno dia,Decrescente,Nublado,Dupla,Curva,Sim,3,0,2,0,0,1,2,2,"-8,126982","-34,94386",SPRF-PE,DEL01-PE,UOP01-DEL01-PE
291045.0,2020-06-20,sábado,18:00:00,PE,104,60,CARUARU,Falta de Atenção à Condução,Colisão lateral,Sem Vítimas,Plena Noite,Crescente,Chuva,Dupla,Reta,Não,2,0,0,0,2,0,0,2,"-8,2438","-35,9752",SPRF-PE,DEL02-PE,UOP01-DEL02-PE
291130.0,2020-06-20,sábado,21:30:00,PE,407,"112,5",PETROLINA,Restrição de Visibilidade,Saída de leito carroçável,Com Vítimas Feridas,Plena Noite,Decrescente,Nublado,Simples,Reta,Não,2,0,1,1,0,0,2,1,"-9,284385","-40,591043",SPRF-PE,DEL06-PE,UOP02-DEL06-PE
291165.0,2020-06-21,domingo,08:00:00,PE,101,"42,9",IGARASSU,Falta de Atenção à Condução,Colisão traseira,Com Vítimas Fatais,Pleno dia,Decrescente,Céu Claro,Dupla,Reta,Sim,3,1,0,2,0,0,2,3,"-7,83887431","-34,91196739",SPRF-PE,DEL01-PE,UOP02-DEL01-PE
291182.0,2020-06-21,domingo,08:30:00,PE,101,177,PALMARES,Velocidade Incompatível,Saída de leito carroçável,Com Vítimas Feridas,Pleno dia,Crescente,Nublado,Múltipla,Curva,Não,1,0,1,0,0,0,1,1,"-8,61465005","-35,5476602",SPRF-PE,DEL01-PE,UOP03-DEL01-PE
291296.0,2020-06-21,domingo,18:30:00,PE,232,409,SERRA TALHADA,Desobediência às normas de trânsito pelo condutor,Colisão frontal,Com Vítimas Feridas,Plena Noite,Crescente,Céu Claro,Simples,Reta,Sim,3,0,1,1,1,0,2,2,"-7,981944","-38,289467",SPRF-PE,DEL04-PE,UOP01-DEL04-PE
291310.0,2020-06-21,domingo,22:30:00,PE,316,"57,7",TRINDADE,Desobediência às normas de trânsito pelo condutor,Colisão frontal,Sem Vítimas,Plena Noite,Decrescente,Ignorado,Simples,Reta,Sim,4,0,0,0,1,3,0,2,"-7,74765771","-40,2710428",SPRF-PE,DEL05-PE,UOP02-DEL05-PE
291319.0,2020-06-21,domingo,23:00:00,PE,232,"44,5",VITORIA DE SANTO ANTAO,Falta de Atenção à Condução,Colisão com objeto estático,Sem Vítimas,Plena Noite,Decrescente,Céu Claro,Dupla,Reta,Não,1,0,0,0,0,1,0,1,"-8,12337542","-35,27098583",SPRF-PE,DEL02-PE,UOP02-DEL02PE
291320.0,2020-06-21,domingo,22:40:00,PE,232,173,BELO JARDIM,Falta de Atenção à Condução,Colisão traseira,Com Vítimas Feridas,Plena Noite,Decrescente,Céu Claro,Simples,Declive,Não,3,0,0,2,0,1,2,2,"-8,33916255","-36,36917103",SPRF-PE,DEL02-PE,UOP03-DEL02-PE
291433.0,2020-06-22,segunda-feira,14:50:00,PE,232,"410,1",SERRA TALHADA,Falta de Atenção à Condução,Colisão transversal,Com Vítimas Feridas,Pleno dia,Crescente,Céu Claro,Simples,Reta,Sim,2,0,0,1,1,0,1,2,"-7,98261841","-38,30039606",SPRF-PE,DEL04-PE,UOP01-DEL04-PE
291436.0,2020-06-22,segunda-feira,16:15:00,PE,101,70,RECIFE,Desobediência às normas de trânsito pelo condutor,Colisão transversal,Com Vítimas Feridas,Pleno dia,Crescente,Céu Claro,Dupla,Curva,Sim,3,0,1,1,0,1,2,2,"-8,06776119","-34,94265074",SPRF-PE,DEL01-PE,UOP01-DEL01-PE
291442.0,2020-06-19,sexta-feira,23:30:00,PE,232,212,PESQUEIRA,Ingestão de Álcool,Colisão lateral,Com Vítimas Feridas,Plena Noite,Decrescente,Nublado,Simples,Reta,Sim,2,0,1,0,1,0,1,2,"-8,37328104","-36,71376998",SPRF-PE,DEL02-PE,UOP03-DEL02-PE
291558.0,2020-06-23,terça-feira,12:00:00,PE,101,64,RECIFE,Falta de Atenção à Condução,Atropelamento de Pedestre,Com Vítimas Feridas,Pleno dia,Decrescente,Céu Claro,Dupla,Reta,Sim,2,0,0,1,0,1,1,2,"-8,0162921","-34,94045886",SPRF-PE,DEL01-PE,UOP01-DEL01-PE
291587.0,2020-06-23,terça-feira,15:00:00,PE,232,210,PESQUEIRA,Falta de Atenção à Condução,Colisão traseira,Sem Vítimas,Pleno dia,Crescente,Céu Claro,Simples,Reta,Sim,2,0,0,0,1,1,0,2,"-8,36537624","-36,69766903",SPRF-PE,DEL02-PE,UOP03-DEL02-PE
291593.0,2020-06-23,terça-feira,16:35:00,PE,232,"356,8",FLORES,Agressão Externa,Danos eventuais,Sem Vítimas,Pleno dia,Decrescente,Nublado,Simples,Reta,Não,2,0,0,0,2,0,0,1,"-8,04849067","-37,84054579",SPRF-PE,DEL04-PE,UOP01-DEL04-PE
291594.0,2020-06-23,terça-feira,17:25:00,PE,101,"46,8",IGARASSU,Falta de Atenção à Condução,Colisão transversal,Sem Vítimas,Anoitecer,Decrescente,Nublado,Múltipla,Retorno Regulamentado,Sim,2,0,0,0,2,0,0,2,"-7,87406004","-34,90588126",SPRF-PE,DEL01-PE,UOP02-DEL01-PE
291614.0,2020-06-23,terça-feira,18:45:00,PE,232,"49,9",VITORIA DE SANTO ANTAO,Falta de Atenção à Condução,Colisão transversal,Com Vítimas Feridas,Plena Noite,Crescente,Céu Claro,Dupla,Retorno Regulamentado,Sim,3,0,1,0,2,0,1,2,"-8,143676","-35,314419",SPRF-PE,DEL02-PE,UOP02-DEL02PE
291643.0,2020-06-23,terça-feira,21:40:00,PE,232,5,RECIFE,Velocidade Incompatível,Engavetamento,Sem Vítimas,Plena Noite,Crescente,Céu Claro,Dupla,Reta,Sim,5,0,0,0,4,1,0,3,"-8,06795766","-34,94535414",SPRF-PE,DEL01-PE,UOP01-DEL01-PE
291646.0,2020-06-23,terça-feira,21:10:00,PE,232,24,MORENO,Defeito na Via,Colisão com objeto estático,Com Vítimas Feridas,Plena Noite,Crescente,Céu Claro,Dupla,Reta,Não,1,0,1,0,0,0,1,1,"-8,10482918","-35,10351264",SPRF-PE,DEL02-PE,UOP02-DEL02PE
291696.0,2020-06-24,quarta-feira,11:10:00,PE,101,"134,2",ESCADA,Condutor Dormindo,Colisão com objeto estático,Com Vítimas Feridas,Pleno dia,Crescente,Céu Claro,Dupla,Reta,Não,2,0,0,2,0,0,2,1,"-8,409699","-35,286207",SPRF-PE,DEL01-PE,UOP03-DEL01-PE
291714.0,2020-06-24,quarta-feira,14:50:00,PE,101,"58,5",RECIFE,Falta de Atenção à Condução,Colisão traseira,Com Vítimas Fatais,Pleno dia,Decrescente,Céu Claro,Múltipla,Aclive;Curva                  ,Não,3,1,0,1,1,0,1,2,"-7,97063209","-34,92064675",SPRF-PE,DEL01-PE,UOP02-DEL01-PE
291716.0,2020-06-24,quarta-feira,14:40:00,PE,101,"31,7",ITAPISSUMA,Falta de Atenção à Condução,Colisão traseira,Com Vítimas Feridas,Pleno dia,Decrescente,Sol,Dupla,Reta,Sim,2,0,2,0,0,0,2,2,"-7,74443874","-34,93872764",SPRF-PE,DEL01-PE,UOP02-DEL01-PE
291725.0,2020-06-24,quarta-feira,15:30:00,PE,104,83,AGRESTINA,Condutor Dormindo,Colisão frontal,Com Vítimas Feridas,Pleno dia,Crescente,Céu Claro,Simples,Reta,Não,2,0,0,1,1,0,1,2,"-8,422589","-35,963135",SPRF-PE,DEL02-PE,UOP01-DEL02-PE
291744.0,2020-06-24,quarta-feira,17:30:00,PE,232,"10,7",JABOATAO DOS GUARARAPES,Desobediência às normas de trânsito pelo pedestre,Atropelamento de Pedestre,Com Vítimas Feridas,Anoitecer,Decrescente,Nublado,Dupla,Reta,Sim,3,0,2,1,0,0,3,2,"-8,07917241","-34,98718609",SPRF-PE,DEL01-PE,UOP01-DEL01-PE
291747.0,2020-06-24,quarta-feira,17:45:00,PE,101,"188,8",PALMARES,Falta de Atenção à Condução,Saída de leito carroçável,Com Vítimas Feridas,Anoitecer,Crescente,Céu Claro,Dupla,Curva,Sim,2,0,2,0,0,0,2,1,"-8,6909807","-35,5954771",SPRF-PE,DEL01-PE,UOP03-DEL01-PE
291780.0,2020-06-24,quarta-feira,20:30:00,PE,101,"92,4",CABO DE SANTO AGOSTINHO,Animais na Pista,Atropelamento de Animal,Com Vítimas Fatais,Plena Noite,Crescente,Céu Claro,Simples,Reta,Sim,1,1,0,0,0,0,0,1,"-8,244181","-34,991151",SPRF-PE,DEL01-PE,UOP03-DEL01-PE
291855.0,2020-06-25,quinta-feira,09:55:00,PE,101,"31,7",ITAPISSUMA,Falta de Atenção à Condução,Colisão traseira,Com Vítimas Feridas,Pleno dia,Decrescente,Céu Claro,Dupla,Reta,Sim,5,0,2,1,1,1,3,3,"-7,74443874","-34,93872764",SPRF-PE,DEL01-PE,UOP02-DEL01-PE
291898.0,2020-06-25,quinta-feira,14:30:00,PE,104,34,CARUARU,Não guardar distância de segurança,Engavetamento,Com Vítimas Feridas,Pleno dia,Crescente,Sol,Dupla,Reta,Não,5,0,1,0,3,1,1,5,"-8,035022","-36,052402",SPRF-PE,DEL02-PE,UOP01-DEL02-PE
291904.0,2020-06-25,quinta-feira,16:20:00,PE,232,"100,9",BEZERROS,Falta de Atenção à Condução,Colisão traseira,Com Vítimas Feridas,Anoitecer,Decrescente,Céu Claro,Simples,Reta,Sim,3,0,1,1,1,0,2,2,"-8,23791176","-35,74297705",SPRF-PE,DEL02-PE,UOP02-DEL02PE
291920.0,2020-06-25,quinta-feira,18:40:00,PE,101,"34,2",IGARASSU,Objeto estático sobre o leito carroçável,Saída de leito carroçável,Sem Vítimas,Plena Noite,Crescente,Vento,Múltipla,Reta,Não,1,0,0,0,1,0,0,1,"-7,77092801","-34,93524623",SPRF-PE,DEL01-PE,UOP02-DEL01-PE
291953.0,2020-06-25,quinta-feira,22:10:00,PE,232,92,SAIRE,Velocidade Incompatível,Capotamento,Sem Vítimas,Plena Noite,Decrescente,Chuva,Dupla,Reta,Não,1,0,0,0,0,1,0,1,"-8,21940548","-35,67360295",SPRF-PE,DEL02-PE,UOP02-DEL02PE
291976.0,2020-06-26,sexta-feira,03:40:00,PE,101,65,RECIFE,Não guardar distância de segurança,Colisão traseira,Com Vítimas Feridas,Plena Noite,Crescente,Chuva,Múltipla,Reta,Sim,3,0,2,0,0,1,2,2,"-8,02914","-34,943252",SPRF-PE,DEL01-PE,UOP01-DEL01-PE
292022.0,2020-06-26,sexta-feira,10:05:00,PE,101,"81,5",JABOATAO DOS GUARARAPES,Falta de Atenção à Condução,Colisão traseira,Com Vítimas Feridas,Pleno dia,Crescente,Nublado,Dupla,Reta,Sim,5,0,1,0,4,0,1,2,"-8,1597489","-34,94024569",SPRF-PE,DEL01-PE,UOP03-DEL01-PE
292036.0,2020-06-26,sexta-feira,11:30:00,PE,232,"410,9",SERRA TALHADA,Falta de Atenção à Condução,Colisão transversal,Com Vítimas Feridas,Pleno dia,Decrescente,Céu Claro,Simples,Reta,Sim,2,0,0,1,1,0,1,2,"-7,98261841","-38,30039606",SPRF-PE,DEL04-PE,UOP01-DEL04-PE
292039.0,2020-06-26,sexta-feira,11:20:00,PE,423,"177,4",AGUAS BELAS,Velocidade Incompatível,Colisão traseira,Com Vítimas Feridas,Pleno dia,Decrescente,Nublado,Simples,Reta,Não,3,0,1,1,0,1,2,2,"-9,13016345","-37,11460498",SPRF-AL,DEL03-AL,UOP02-DEL03-AL
292074.0,2020-06-26,sexta-feira,17:00:00,PE,101,"78,3",RECIFE,Falta de Atenção à Condução,Colisão traseira,Com Vítimas Feridas,Anoitecer,Crescente,Céu Claro,Dupla,Curva,Sim,2,0,1,0,0,1,1,2,"-8,13496499","-34,94738614",SPRF-PE,DEL01-PE,UOP01-DEL01-PE
292087.0,2020-06-26,sexta-feira,18:00:00,PE,101,"83,5",JABOATAO DOS GUARARAPES,Ultrapassagem Indevida,Colisão traseira,Com Vítimas Fatais,Anoitecer,Decrescente,Nublado,Simples,Reta,Sim,2,1,0,0,0,1,0,2,"-8,175172","-34,942642",SPRF-PE,DEL01-PE,UOP03-DEL01-PE
292094.0,2020-06-26,sexta-feira,11:00:00,PE,,,OROCO,Objeto estático sobre o leito carroçável,Colisão com objeto estático,Com Vítimas Feridas,Pleno dia,Não Informado,Céu Claro,Simples,Curva,Não,1,0,1,0,0,0,1,1,"-8,56355101","-39,56756399",SPRF-PE,DEL06-PE,UOP03-DEL06-PE
292103.0,2020-06-26,sexta-feira,17:50:00,PE,101,"71,8",RECIFE,Ingestão de álcool e/ou substâncias psicoativas pelo pedestre,Atropelamento de Pedestre,Com Vítimas Feridas,Plena Noite,Decrescente,Chuva,Dupla,Reta,Sim,2,0,0,1,1,0,1,2,"-8,07663102","-34,94277871",SPRF-PE,DEL01-PE,UOP01-DEL01-PE
292305.0,2020-06-27,sábado,18:00:00,PE,408,70,PAUDALHO,Animais na Pista,Atropelamento de Animal,Com Vítimas Feridas,Plena Noite,Crescente,Nublado,Dupla,Reta,Sim,1,0,1,0,0,0,1,1,"-7,87169406","-35,19398501",SPRF-PE,DEL01-PE,UOP01-DEL01-PE
292349.0,2020-06-27,sábado,20:30:00,PE,428,158,PETROLINA,Ingestão de Álcool,Colisão lateral,Sem Vítimas,Plena Noite,Crescente,Céu Claro,Simples,Reta,Não,2,0,0,0,2,0,0,2,"-9,13177614","-40,34787778",SPRF-PE,DEL06-PE,UOP01-DEL06-PE
292513.0,2020-06-28,domingo,20:30:00,PE,408,"74,4",PAUDALHO,Velocidade Incompatível,Colisão com objeto estático,Com Vítimas Feridas,Plena Noite,Decrescente,Céu Claro,Múltipla,Reta,Sim,1,0,0,1,0,0,1,1,"-7,89701706","-35,17300548",SPRF-PE,DEL01-PE,UOP01-DEL01-PE
292540.0,2020-06-28,domingo,22:00:00,PE,232,"0,5",SERRA TALHADA,Velocidade Incompatível,Saída de leito carroçável,Com Vítimas Fatais,Plena Noite,Crescente,Céu Claro,Simples,Reta,Sim,1,1,0,0,0,0,0,1,"-7,976554","-38,28958511",SPRF-PE,DEL01-PE,UOP01-DEL01-PE
292631.0,2020-06-29,segunda-feira,14:40:00,PE,423,23,SAO CAITANO,Agressão Externa,Saída de leito carroçável,Sem Vítimas,Pleno dia,Crescente,Céu Claro,Simples,Curva,Não,1,0,0,0,1,0,0,1,"-8,36143802","-36,17217263",SPRF-PE,DEL02-PE,UOP03-DEL02-PE
292642.0,2020-06-29,segunda-feira,16:30:00,PE,101,"77,7",RECIFE,Desobediência às normas de trânsito pelo condutor,Colisão traseira,Com Vítimas Feridas,Pleno dia,Decrescente,Céu Claro,Dupla,Reta;Em Obras                 ,Sim,2,0,0,1,1,0,1,2,"-8,132679","-34,946278",SPRF-PE,DEL01-PE,UOP01-DEL01-PE
292666.0,2020-06-29,segunda-feira,17:20:00,PE,101,"48,8",ABREU E LIMA,Falta de Atenção do Pedestre,Atropelamento de Pedestre,Sem Vítimas,Plena Noite,Decrescente,Céu Claro,Múltipla,Declive;Curva                 ,Sim,2,0,0,0,1,1,0,2,"-7,89174705","-34,9033493",SPRF-PE,DEL01-PE,UOP02-DEL01-PE