id,data_inversa,dia_semana,horario,uf,br,km,municipio,causa_acidente,tipo_acidente,classificacao_acidente,fase_dia,sentido_via,condicao_metereologica,tipo_pista,tracado_via,uso_solo,pessoas,mortos,feridos_leves,feridos_graves,ilesos,ignorados,feridos,veiculos,latitude,longitude,regional,delegacia,uop
292685.0,2020-06-29,segunda-feira,18:40:00,PE,101,"46,9",IGARASSU,Desobediência às normas de trânsito pelo condutor,Colisão transversal,Sem Vítimas,Plena Noite,Crescente,Céu Claro,Múltipla,Retorno Regulamentado;Reta    ,Sim,2,0,0,0,2,0,0,2,"-7,87406004","-34,90588126",SPRF-PE,DEL01-PE,UOP02-DEL01-PE
292706.0,2020-06-30,terça-feira,02:00:00,PE,316,"57,6",TRINDADE,Condutor Dormindo,Colisão frontal,Com Vítimas Feridas,Plena Noite,Crescente,Céu Claro,Simples,Reta,Sim,3,0,1,0,1,1,1,2,"-7,74765771","-40,2710428",SPRF-PE,DEL05-PE,UOP02-DEL05-PE
292714.0,2020-06-30,terça-feira,05:20:00,PE,101,"51,4",ABREU E LIMA,Falta de Atenção à Condução,Colisão transversal,Sem Vítimas,Pleno dia,Decrescente,Chuva,Dupla,Reta,Sim,2,0,0,0,1,1,0,2,"-7,9169968","-34,89689272",SPRF-PE,DEL01-PE,UOP02-DEL01-PE
292727.0,2020-06-30,terça-feira,06:00:00,PE,101,103,CABO DE SANTO AGOSTINHO,Desobediência às normas de trânsito pelo condutor,Colisão transversal,Com Vítimas Feridas,Pleno dia,Decrescente,Sol,Simples,Curva,Não,2,0,1,0,1,0,1,2,"-8,29422367","-35,05496979",SPRF-PE,DEL01-PE,UOP03-DEL01-PE
292761.0,2020-06-30,terça-feira,11:00:00,PE,232,"507,6",SALGUEIRO,Ultrapassagem Indevida,Colisão traseira,Com Vítimas Feridas,Pleno dia,Crescente,Céu Claro,Simples,Declive,Sim,3,0,0,1,2,0,1,3,"-8,06038759","-39,11191706",SPRF-PE,DEL05-PE,UOP01-DEL05-PE
292801.0,2020-06-30,terça-feira,16:50:00,PE,232,"5,9",RECIFE,Não guardar distância de segurança,Colisão traseira,Com Vítimas Feridas,Pleno dia,Crescente,Nublado,Dupla,Reta,Sim,3,0,1,1,1,0,2,2,"-8,070767","-34,953317",SPRF-PE,DEL01-PE,UOP01-DEL01-PE
292811.0,2020-06-30,terça-feira,17:25:00,PE,104,"61,3",CARUARU,Falta de Atenção à Condução,Colisão transversal,Com Vítimas Feridas,Anoitecer,Decrescente,Céu Claro,Dupla,Retorno Regulamentado,Sim,2,0,1,0,1,0,1,2,"-8,2529","-35,9751",SPRF-PE,DEL02-PE,UOP01-DEL02-PE
292843.0,2020-06-30,terça-feira,18:45:00,PE,424,"7,3",ARCOVERDE,Ultrapassagem Indevida,Colisão frontal,Com Vítimas Feridas,Plena Noite,Decrescente,Céu Claro,Simples,Declive,Não,2,0,0,1,1,0,1,2,"-8,48502712","-37,03232027",SPRF-PE,DEL03-PE,UOP02-DEL03-PE
292883.0,2020-07-01,quarta-feira,08:05:00,PE,232,"6,9",RECIFE,Falta de Atenção à Condução,Colisão lateral,Com Vítimas Feridas,Pleno dia,Decrescente,Céu Claro,Dupla,Reta,Sim,3,0,2,0,1,0,2,3,"-8,073515","-34,961948",SPRF-PE,DEL01-PE,UOP01-DEL01-PE
292938.0,2020-07-01,quarta-feira,15:43:00,PE,101,"76,3",RECIFE,Falta de Atenção do Pedestre,Atropelamento de Pedestre,Com Vítimas Feridas,Pleno dia,Decrescente,Sol,Dupla,Curva,Sim,2,0,0,1,1,0,1,2,"-8,11813811","-34,94329214",SPRF-PE,DEL01-PE,UOP01-DEL01-PE
292994.0,2020-07-01,quarta-feira,22:30:00,PE,316,253,BELEM DE SAO FRANCISCO,Animais na Pista,Atropelamento de Animal,Com Vítimas Fatais,Plena Noite,Decrescente,Céu Claro,Simples,Reta,Não,1,1,0,0,0,0,0,1,"-8,70498805","-38,96604129",SPRF-PE,DEL05-PE,UOP03-DEL05-PE
293095.0,2020-07-02,quinta-feira,16:00:00,PE,232,"139,9",SAO CAITANO,Defeito Mecânico no Veículo,Incêndio,Sem Vítimas,Pleno dia,Decrescente,Céu Claro,Dupla,Reta,Não,1,0,0,0,1,0,0,1,"-8,31947086","-36,06799801",SPRF-PE,DEL02-PE,UOP03-DEL02-PE
293147.0,2020-07-02,quinta-feira,21:10:00,PE,101,"50,3",ABREU E LIMA,Falta de Atenção à Condução,Colisão lateral,Com Vítimas Feridas,Plena Noite,Crescente,Chuva,Múltipla,Reta,Sim,4,0,2,0,2,0,2,3,"-7,90938602","-34,90123228",SPRF-PE,DEL01-PE,UOP02-DEL01-PE
293205.0,2020-07-03,sexta-feira,07:37:00,PE,232,9,JABOATAO DOS GUARARAPES,Falta de Atenção à Condução,Colisão lateral,Com Vítimas Feridas,Pleno dia,Decrescente,Sol,Dupla,Reta,Sim,2,0,1,0,1,0,1,2,"-8,07764447","-34,97863609",SPRF-PE,DEL01-PE,UOP01-DEL01-PE
293206.0,2020-07-03,sexta-feira,08:00:00,PE,101,88,CABO DE SANTO AGOSTINHO,Defeito Mecânico no Veículo,Colisão transversal,Com Vítimas Feridas,Pleno dia,Decrescente,Nublado,Múltipla,Reta,Sim,5,0,3,1,1,0,4,2,"-8,19971387","-34,9785382",SPRF-PE,DEL01-PE,UOP03-DEL01-PE
293285.0,2020-07-03,sexta-feira,15:15:00,PE,428,165,PETROLINA,Falta de Atenção à Condução,Colisão transversal,Com Vítimas Feridas,Pleno dia,Decrescente,Céu Claro,Simples,Reta,Não,2,0,1,0,1,0,1,2,"-9,196266","-40,388079",SPRF-PE,DEL06-PE,UOP01-DEL06-PE
293345.0,2020-07-03,sexta-feira,21:00:00,PE,232,"175,9",BELO JARDIM,Ingestão de Álcool,Colisão frontal,Com Vítimas Fatais,Plena Noite,Crescente,Céu Claro,Simples,Reta,Não,2,1,0,0,0,1,0,2,"-8,34100926","-36,38709684",SPRF-PE,DEL02-PE,UOP03-DEL02-PE
293359.0,2020-07-03,sexta-feira,22:40:00,PE,101,"41,1",IGARASSU,Falta de Atenção à Condução,Colisão transversal,Com Vítimas Fatais,Plena Noite,Decrescente,Vento,Múltipla,Reta,Sim,2,1,0,0,1,0,0,2,"-7,83038346","-34,91426785",SPRF-PE,DEL01-PE,UOP02-DEL01-PE
293476.0,2020-07-04,sábado,16:00:00,PE,232,12,JABOATAO DOS GUARARAPES,Falta de Atenção à Condução,Queda de ocupante de veículo,Com Vítimas Feridas,Pleno dia,Crescente,Nublado,Dupla,Reta,Sim,2,0,2,0,0,0,2,1,"-8,08577691","-35,00345603",SPRF-PE,DEL01-PE,UOP01-DEL01-PE
293594.0,2020-07-04,sábado,23:00:00,PE,101,47,IGARASSU,Falta de Atenção à Condução,Colisão com objeto estático,Sem Vítimas,Plena Noite,Crescente,Nublado,Múltipla,Reta,Sim,1,0,0,0,0,1,0,1,"-7,88290701","-34,90461208",SPRF-PE,DEL01-PE,UOP02-DEL01-PE
293626.0,2020-07-05,domingo,04:40:00,PE,101,"87,5",JABOATAO DOS GUARARAPES,Desobediência às normas de trânsito pelo condutor,Colisão frontal,Com Vítimas Fatais,Plena Noite,Crescente,Garoa/Chuvisco,Simples,Reta,Não,2,1,0,0,1,0,0,2,"-8,210086","-34,963157",SPRF-PE,DEL01-PE,UOP03-DEL01-PE
293648.0,2020-07-05,domingo,10:15:00,PE,101,"46,9",IGARASSU,Desobediência às normas de trânsito pelo condutor,Colisão traseira,Sem Vítimas,Pleno dia,Decrescente,Chuva,Múltipla,Reta,Sim,2,0,0,0,1,1,0,2,"-7,87406004","-34,90588126",SPRF-PE,DEL01-PE,UOP02-DEL01-PE
293685.0,2020-07-05,domingo,14:00:00,PE,232,136,CARUARU,Falta de Atenção à Condução,Saída de leito carroçável,Com Vítimas Feridas,Pleno dia,Decrescente,Chuva,Dupla,Declive,Não,3,0,2,1,0,0,3,2,"-8,31339932","-36,04175591",SPRF-PE,DEL02-PE,UOP03-DEL02-PE
293712.0,2020-07-05,domingo,18:05:00,PE,101,"61,3",RECIFE,Restrição de Visibilidade,Atropelamento de Pedestre,Com Vítimas Fatais,Plena Noite,Crescente,Chuva,Múltipla,Reta,Sim,2,1,0,0,0,1,0,2,"-7,99097103","-34,93598295",SPRF-PE,DEL01-PE,UOP02-DEL01-PE
293745.0,2020-07-05,domingo,21:00:00,PE,232,"37,9",MORENO,Pista Escorregadia,Colisão traseira,Com Vítimas Feridas,Plena Noite,Decrescente,Chuva,Dupla,Reta,Sim,5,0,0,3,2,0,3,2,"-8,11285511","-35,20988897",SPRF-PE,DEL02-PE,UOP02-DEL02PE
293857.0,2020-07-06,segunda-feira,10:00:00,PE,101,47,ABREU E LIMA,Falta de Atenção do Pedestre,Atropelamento de Pedestre,Com Vítimas Feridas,Pleno dia,Decrescente,Chuva,Dupla,Reta,Sim,2,0,1,0,1,0,1,2,"-7,88290701","-34,90461208",SPRF-PE,DEL01-PE,UOP02-DEL01-PE
293938.0,2020-07-06,segunda-feira,17:40:00,PE,104,65,CARUARU,Desobediência às normas de trânsito pelo condutor,Colisão transversal,Com Vítimas Feridas,Anoitecer,Crescente,Nublado,Dupla,Reta;Interseção de Vias       ,Sim,2,0,1,0,1,0,1,2,"-8,2867","-35,9838",SPRF-PE,DEL02-PE,UOP01-DEL02-PE
293992.0,2020-07-07,terça-feira,02:10:00,PE,101,"63,9",RECIFE,Condutor Dormindo,Colisão com objeto estático,Com Vítimas Feridas,Plena Noite,Crescente,Nublado,Dupla,Viaduto,Sim,1,0,1,0,0,0,1,1,"-8,016699","-34,94083",SPRF-PE,DEL01-PE,UOP01-DEL01-PE
293999.0,2020-07-07,terça-feira,06:10:00,PE,232,"23,7",MORENO,Pista Escorregadia,Saída de leito carroçável,Com Vítimas Feridas,Amanhecer,Decrescente,Chuva,Simples,Reta,Não,2,0,0,2,0,0,2,1,"-8,0992185","-35,09713887",SPRF-PE,DEL02-PE,UOP02-DEL02PE
294072.0,2020-07-07,terça-feira,15:30:00,PE,101,"68,8",RECIFE,Desobediência às normas de trânsito pelo condutor,Colisão lateral,Com Vítimas Feridas,Pleno dia,Decrescente,Céu Claro,Dupla,Rotatória,Sim,2,0,0,1,1,0,1,2,"-8,05074296","-34,94580619",SPRF-PE,DEL01-PE,UOP01-DEL01-PE
294144.0,2020-07-07,terça-feira,22:00:00,PE,232,538,TERRA NOVA,Velocidade Incompatível,Saída de leito carroçável,Com Vítimas Fatais,Plena Noite,Crescente,Nublado,Simples,Reta,Não,1,1,0,0,0,0,0,1,"-8,08020865","-39,38680502",SPRF-PE,DEL05-PE,UOP01-DEL05-PE
294167.0,2020-04-13,segunda-feira,18:10:00,PE,232,254,ARCOVERDE,Animais na Pista,Atropelamento de Animal,Com Vítimas Feridas,Plena Noite,Decrescente,Ignorado,Simples,Reta,Sim,1,0,1,0,0,0,1,1,"-8,41875994","-37,07859892",SPRF-PE,DEL03-PE,UOP02-DEL03-PE
294214.0,2020-07-08,quarta-feira,12:15:00,PE,232,"145,4",SAO CAITANO,Falta de Atenção à Condução,Colisão traseira,Com Vítimas Feridas,Pleno dia,Decrescente,Chuva,Dupla,Reta,Sim,3,0,1,0,2,0,1,3,"-8,33045651","-36,12432361",SPRF-PE,DEL02-PE,UOP03-DEL02-PE
294240.0,2020-07-08,quarta-feira,14:30:00,PE,424,68,CAETES,Desobediência às normas de trânsito pelo condutor,Queda de ocupante de veículo,Com Vítimas Feridas,Pleno dia,Crescente,Sol,Simples,Reta,Sim,1,0,0,1,0,0,1,1,"-8,76884574","-36,63537082",SPRF-PE,DEL03-PE,UOP01-DEL03-PE
294259.0,2020-07-08,quarta-feira,17:26:00,PE,101,64,RECIFE,Não guardar distância de segurança,Colisão traseira,Com Vítimas Feridas,Anoitecer,Crescente,Céu Claro,Dupla,Reta,Sim,2,0,1,0,1,0,1,2,"-8,0162921","-34,94045886",SPRF-PE,DEL01-PE,UOP01-DEL01-PE
294437.0,2020-07-09,quinta-feira,18:30:00,PE,423,"75,6",JUCATI,Falta de Atenção à Condução,Colisão frontal,Com Vítimas Feridas,Plena Noite,Decrescente,Garoa/Chuvisco,Simples,Aclive,Não,3,0,0,1,1,1,1,2,"-8,72421234","-36,42879161",SPRF-PE,DEL03-PE,UOP01-DEL03-PE
294452.0,2020-07-09,quinta-feira,18:45:00,PE,423,"75,6",JUCATI,Objeto estático sobre o leito carroçável,Colisão com objeto estático,Com Vítimas Feridas,Plena Noite,Crescente,Chuva,Simples,Declive,Não,1,0,1,0,0,0,1,1,"-8,72421234","-36,42879161",SPRF-PE,DEL03-PE,UOP01-DEL03-PE
294501.0,2020-07-10,sexta-feira,06:50:00,PE,232,508,SALGUEIRO,Falta de Atenção à Condução,Tombamento,Com Vítimas Feridas,Pleno dia,Crescente,Céu Claro,Simples,Curva,Sim,1,0,1,0,0,0,1,1,"-8,06223271","-39,12095006",SPRF-PE,DEL05-PE,UOP01-DEL05-PE
294522.0,2020-07-10,sexta-feira,09:00:00,PE,423,"96,4",GARANHUNS,Desobediência às normas de trânsito pelo condutor,Colisão transversal,Com Vítimas Feridas,Pleno dia,Decrescente,Garoa/Chuvisco,Simples,Reta,Sim,3,0,2,0,1,0,2,2,"-8,88021822","-36,48651678",SPRF-PE,DEL03-PE,UOP01-DEL03-PE
294545.0,2020-07-10,sexta-feira,08:55:00,PE,101,"51,6",PAULISTA,Falta de Atenção do Pedestre,Atropelamento de Pedestre,Com Vítimas Feridas,Pleno dia,Decrescente,Céu Claro,Simples,Reta,Sim,2,0,1,0,1,0,1,2,"-7,9169968","-34,89689272",SPRF-PE,DEL01-PE,UOP02-DEL01-PE
294664.0,2020-07-10,sexta-feira,17:40:00,PE,423,68,JUPI,Desobediência às normas de trânsito pelo condutor,Colisão lateral,Com Vítimas Feridas,Plena Noite,Crescente,Nublado,Simples,Curva,Não,3,0,0,1,1,1,1,3,"-8,67263685","-36,39346504",SPRF-PE,DEL03-PE,UOP01-DEL03-PE
294665.0,2020-07-10,sexta-feira,20:00:00,PE,101,91,CABO DE SANTO AGOSTINHO,Ingestão de Álcool,Colisão frontal,Com Vítimas Feridas,Plena Noite,Decrescente,Céu Claro,Simples,Reta,Sim,3,0,3,0,0,0,3,2,"-8,23277309","-34,9768467",SPRF-PE,DEL01-PE,UOP03-DEL01-PE
294684.0,2020-07-10,sexta-feira,22:00:00,PE,232,410,SERRA TALHADA,Falta de Atenção à Condução,Colisão com objeto estático,Com Vítimas Feridas,Plena Noite,Crescente,Céu Claro,Simples,Reta,Não,2,0,1,0,1,0,1,1,"-7,98235523","-38,29685926",SPRF-PE,DEL04-PE,UOP01-DEL04-PE
294725.0,2020-07-11,sábado,06:30:00,PE,104,"75,9",CARUARU,Falta de Atenção à Condução,Colisão traseira,Com Vítimas Feridas,Pleno dia,Decrescente,Céu Claro,Simples,Reta,Não,3,0,2,0,1,0,2,2,"-8,358562","-35,985699",SPRF-PE,DEL02-PE,UOP01-DEL02-PE
294731.0,2020-07-11,sábado,06:00:00,PE,101,"68,6",RECIFE,Desobediência às normas de trânsito pelo condutor,Colisão traseira,Com Vítimas Feridas,Pleno dia,Decrescente,Céu Claro,Múltipla,Reta,Sim,2,0,1,0,1,0,1,2,"-8,05647","-34,946186",SPRF-PE,DEL01-PE,UOP01-DEL01-PE
294741.0,2020-07-11,sábado,04:00:00,PE,104,76,CARUARU,Falta de Atenção à Condução,Colisão frontal,Com Vítimas Feridas,Amanhecer,Crescente,Céu Claro,Simples,Reta,Não,3,0,1,2,0,0,3,2,"-8,367286","-35,985153",SPRF-PE,DEL02-PE,UOP01-DEL02-PE
294772.0,2020-07-11,sábado,12:15:00,PE,101,"70,3",RECIFE,Desobediência às normas de trânsito pelo pedestre,Atropelamento de Pedestre,Com Vítimas Feridas,Pleno dia,Decrescente,Chuva,Dupla,Reta,Sim,4,0,0,1,2,1,1,3,"-8,06776119","-34,94265074",SPRF-PE,DEL01-PE,UOP01-DEL01-PE
294808.0,2020-07-11,sábado,16:00:00,PE,104,64,CARUARU,Falta de Atenção à Condução,Queda de ocupante de veículo,Com Vítimas Feridas,Pleno dia,Decrescente,Céu Claro,Múltipla,Reta,Sim,1,0,1,0,0,0,1,1,"-8,2783","-35,9815",SPRF-PE,DEL02-PE,UOP01-DEL02-PE
294848.0,2020-07-11,sábado,17:40:00,PE,232,"413,7",SERRA TALHADA,Falta de Atenção à Condução,Queda de ocupante de veículo,Com Vítimas Feridas,Plena Noite,Decrescente,Céu Claro,Simples,Reta,Não,1,0,0,1,0,0,1,1,"-7,98857087","-38,32972307",SPRF-PE,DEL04-PE,UOP01-DEL04-PE
294856.0,2020-07-11,sábado,19:10:00,PE,101,"80,2",JABOATAO DOS GUARARAPES,Ingestão de Álcool,Saída de leito carroçável,Sem Vítimas,Plena Noite,Crescente,Chuva,Múltipla,Reta,Não,1,0,0,0,1,0,0,1,"-8,155594","-34,941726",SPRF-PE,DEL01-PE,UOP03-DEL01-PE
294973.0,2020-07-12,domingo,07:50:00,PE,104,"83,9",AGRESTINA,Falta de Atenção à Condução,Colisão transversal,Com Vítimas Feridas,Pleno dia,Crescente,Chuva,Simples,Reta,Não,2,0,1,0,1,0,1,2,"-8,422589","-35,963135",SPRF-PE,DEL02-PE,UOP01-DEL02-PE
294974.0,2020-03-10,terça-feira,05:30:00,PE,428,"73,3",SANTA MARIA DA BOA VISTA,Falta de Atenção à Condução,Colisão com objeto estático,Com Vítimas Fatais,Amanhecer,Decrescente,Céu Claro,Simples,Ponte,Não,1,1,0,0,0,0,0,1,"-8,72018283","-39,77321719",SPRF-PE,DEL06-PE,UOP03-DEL06-PE
294983.0,2020-07-12,domingo,09:00:00,PE,428,"191,8",PETROLINA,Ingestão de Álcool,Colisão lateral,Sem Vítimas,Pleno dia,Crescente,Sol,Simples,Reta,Sim,2,0,0,0,2,0,0,2,"-9,38509063","-40,52167654",SPRF-PE,DEL06-PE,UOP01-DEL06-PE
295010.0,2020-07-12,domingo,10:00:00,PE,423,"90,6",GARANHUNS,Falta de Atenção à Condução,Tombamento,Com Vítimas Feridas,Pleno dia,Decrescente,Céu Claro,Simples,Aclive;Reta                   ,Não,1,0,1,0,0,0,1,1,"-8,84566879","-36,4596095",SPRF-PE,DEL03-PE,UOP01-DEL03-PE
295025.0,2020-07-12,domingo,14:30:00,PE,101,"63,6",RECIFE,Falta de Atenção à Condução,Colisão traseira,Com Vítimas Feridas,Pleno dia,Crescente,Sol,Dupla,Reta,Sim,3,0,2,0,1,0,2,2,"-8,00800604","-34,93756535",SPRF-PE,DEL01-PE,UOP01-DEL01-PE
295061.0,2020-07-12,domingo,17:45:00,PE,101,95,CABO DE SANTO AGOSTINHO,Não guardar distância de segurança,Colisão lateral,Com Vítimas Feridas,Plena Noite,Decrescente,Nublado,Dupla,Reta,Sim,3,0,3,0,0,0,3,2,"-8,25099","-35,01426",SPRF-PE,DEL01-PE,UOP03-DEL01-PE
295069.0,2020-07-12,domingo,17:30:00,PE,428,"171,1",PETROLINA,Falta de Atenção à Condução,Capotamento,Com Vítimas Feridas,Anoitecer,Crescente,Céu Claro,Simples,Reta,Não,4,0,2,2,0,0,4,1,"-9,22853421","-40,41255764",SPRF-PE,DEL06-PE,UOP01-DEL06-PE
295090.0,2020-07-12,domingo,20:05:00,PE,408,"74,3",PAUDALHO,Ingestão de Álcool,Saída de leito carroçável,Com Vítimas Fatais,Plena Noite,Crescente,Céu Claro,Simples,Reta,Sim,1,1,0,0,0,0,0,1,"-7,89701706","-35,17300548",SPRF-PE,DEL01-PE,UOP01-DEL01-PE
295145.0,2020-05-31,domingo,15:00:00,PE,423,99,GARANHUNS,Defeito Mecânico no Veículo,Incêndio,Sem Vítimas,Pleno dia,Crescente,Chuva,Simples,Curva,Não,1,0,0,0,1,0,0,1,"-8,87828754","-36,51306152",SPRF-PE,DEL03-PE,UOP01-DEL03-PE
295153.0,2020-07-13,segunda-feira,06:30:00,PE,232,"8,6",RECIFE,Falta de Atenção à Condução,Colisão traseira,Com Vítimas Feridas,Pleno dia,Decrescente,Céu Claro,Múltipla,Reta,Sim,2,0,2,0,0,0,2,2,"-8,07583727","-34,97015791",SPRF-PE,DEL01-PE,UOP01-DEL01-PE
295157.0,2020-07-13,segunda-feira,06:20:00,PE,104,60,CARUARU,Falta de Atenção à Condução,Colisão lateral,Com Vítimas Feridas,Pleno dia,Decrescente,Céu Claro,Dupla,Reta,Sim,7,0,1,0,6,0,1,3,"-8,2438","-35,9752",SPRF-PE,DEL02-PE,UOP01-DEL02-PE
295162.0,2020-07-13,segunda-feira,06:50:00,PE,101,105,CABO DE SANTO AGOSTINHO,Falta de Atenção à Condução,Colisão traseira,Com Vítimas Feridas,Pleno dia,Decrescente,Céu Claro,Múltipla,Reta,Sim,2,0,1,0,1,0,1,2,"-8,30242751","-35,06989924",SPRF-PE,DEL01-PE,UOP03-DEL01-PE
295197.0,2020-07-13,segunda-feira,09:40:00,PE,232,"79,4",GRAVATA,Falta de Atenção do Pedestre,Atropelamento de Pedestre,Com Vítimas Feridas,Pleno dia,Decrescente,Céu Claro,Simples,Reta,Sim,2,0,1,0,1,0,1,2,"-8,19460572","-35,56074803",SPRF-PE,DEL02-PE,UOP02-DEL02PE
295292.0,2020-07-13,segunda-feira,19:10:00,PE,101,83,JABOATAO DOS GUARARAPES,Falta de Atenção à Condução,Colisão traseira,Sem Vítimas,Plena Noite,Crescente,Céu Claro,Dupla,Viaduto,Não,3,0,0,0,2,1,0,3,"-8,175172","-34,942642",SPRF-PE,DEL01-PE,UOP03-DEL01-PE
295343.0,2020-07-14,terça-feira,07:15:00,PE,232,"139,1",SAO CAITANO,Falta de Atenção à Condução,Queda de ocupante de veículo,Com Vítimas Feridas,Pleno dia,Crescente,Céu Claro,Dupla,Reta,Não,1,0,0,1,0,0,1,1,"-8,31947086","-36,06799801",SPRF-PE,DEL02-PE,UOP03-DEL02-PE
295380.0,2020-07-14,terça-feira,10:20:00,PE,428,"191,6",PETROLINA,Desobediência às normas de trânsito pelo condutor,Colisão traseira,Com Vítimas Feridas,Pleno dia,Decrescente,Céu Claro,Múltipla,Reta,Sim,2,0,0,1,1,0,1,2,"-9,37766429","-40,50269795",SPRF-PE,DEL06-PE,UOP01-DEL06-PE
295384.0,2020-07-14,terça-feira,13:20:00,PE,232,31,MORENO,Falta de Atenção à Condução,Colisão traseira,Sem Vítimas,Pleno dia,Decrescente,Céu Claro,Dupla,Curva,Não,3,0,0,0,0,3,0,2,"-8,10554","-35,159993",SPRF-PE,DEL02-PE,UOP02-DEL02PE
295398.0,2020-07-14,terça-feira,13:20:00,PE,232,31,MORENO,Falta de Atenção à Condução,Colisão com objeto estático,Com Vítimas Feridas,Pleno dia,Decrescente,Céu Claro,Dupla,Curva,Sim,2,0,1,0,1,0,1,1,"-8,105438","-35,160411",SPRF-PE,DEL02-PE,UOP02-DEL02PE
295431.0,2020-07-14,terça-feira,18:55:00,PE,101,66,RECIFE,Falta de Atenção à Condução,Colisão lateral,Com Vítimas Feridas,Plena Noite,Decrescente,Céu Claro,Múltipla,Reta,Sim,2,0,1,0,1,0,1,2,"-8,03368534","-34,94184125",SPRF-PE,DEL01-PE,UOP01-DEL01-PE
295441.0,2020-07-14,terça-feira,18:40:00,PE,423,98,GARANHUNS,Desobediência às normas de trânsito pelo condutor,Colisão transversal,Com Vítimas Feridas,Plena Noite,Decrescente,Vento,Múltipla,Viaduto,Sim,2,0,1,0,0,1,1,2,"-8,87617488","-36,50363499",SPRF-PE,DEL03-PE,UOP01-DEL03-PE
295442.0,2020-07-14,terça-feira,19:50:00,PE,428,"166,2",PETROLINA,Animais na Pista,Atropelamento de Animal,Com Vítimas Feridas,Plena Noite,Decrescente,Céu Claro,Simples,Reta,Não,1,0,1,0,0,0,1,1,"-9,20351495","-40,39417773",SPRF-PE,DEL06-PE,UOP01-DEL06-PE
295458.0,2020-07-14,terça-feira,18:00:00,PE,232,"374,9",CALUMBI,Falta de Atenção à Condução,Saída de leito carroçável,Com Vítimas Feridas,Anoitecer,Crescente,Céu Claro,Simples,Curva,Não,1,0,0,1,0,0,1,1,"-8,02455076","-38,00112995",SPRF-PE,DEL04-PE,UOP01-DEL04-PE
295506.0,2020-05-20,quarta-feira,18:00:00,PE,316,"41,9",ARARIPINA,Desobediência às normas de trânsito pelo condutor,Colisão transversal,Com Vítimas Feridas,Plena Noite,Decrescente,Céu Claro,Simples,Reta,Não,3,0,0,1,1,1,1,2,"-7,67084567","-40,38459884",SPRF-PE,DEL05-PE,UOP02-DEL05-PE
295520.0,2020-07-15,quarta-feira,08:05:00,PE,424,86,GARANHUNS,Falta de Atenção à Condução,Colisão lateral,Com Vítimas Fatais,Pleno dia,Decrescente,Nublado,Simples,Aclive;Reta                   ,Sim,4,1,1,0,2,0,1,2,"-8,869644","-36,508275",SPRF-PE,DEL03-PE,UOP01-DEL03-PE
295558.0,2020-07-15,quarta-feira,13:50:00,PE,101,"67,9",RECIFE,Falta de Atenção à Condução,Tombamento,Com Vítimas Feridas,Pleno dia,Crescente,Nublado,Dupla,Reta,Sim,1,0,0,1,0,0,1,1,"-8,049897","-34,945767",SPRF-PE,DEL01-PE,UOP01-DEL01-PE
295565.0,2020-07-15,quarta-feira,14:50:00,PE,104,"67,9",CARUARU,Defeito Mecânico no Veículo,Colisão com objeto estático,Sem Vítimas,Pleno dia,Crescente,Céu Claro,Dupla,Reta,Não,1,0,0,0,1,0,0,1,"-8,3016","-35,9882",SPRF-PE,DEL02-PE,UOP01-DEL02-PE
295566.0,2020-07-15,quarta-feira,15:30:00,PE,232,79,GRAVATA,Ingestão de Álcool,Colisão frontal,Sem Vítimas,Pleno dia,Decrescente,Céu Claro,Simples,Reta,Sim,2,0,0,0,2,0,0,2,"-8,19460572","-35,56074803",SPRF-PE,DEL02-PE,UOP02-DEL02PE
295622.0,2020-07-15,quarta-feira,22:00:00,PE,232,10,JABOATAO DOS GUARARAPES,Falta de Atenção à Condução,Colisão com objeto estático,Sem Vítimas,Plena Noite,Decrescente,Nublado,Dupla,Curva,Sim,1,0,0,0,1,0,0,1,"-8,081992","-34,991873",SPRF-PE,DEL01-PE,UOP01-DEL01-PE
295675.0,2020-07-16,quinta-feira,08:20:00,PE,101,"9,8",GOIANA,Pista Escorregadia,Saída de leito carroçável,Com Vítimas Feridas,Pleno dia,Decrescente,Chuva,Dupla,Reta;Declive                  ,Não,3,0,2,1,0,0,3,1,"-7,57788903","-34,98847822",SPRF-PE,DEL01-PE,UOP02-DEL01-PE
295772.0,2020-07-16,quinta-feira,22:45:00,PE,232,146,SAO CAITANO,Ingestão de Álcool,Queda de ocupante de veículo,Com Vítimas Feridas,Plena Noite,Decrescente,Céu Claro,Dupla,Reta,Sim,1,0,1,0,0,0,1,1,"-8,33218974","-36,12904312",SPRF-PE,DEL02-PE,UOP03-DEL02-PE
295788.0,2020-07-17,sexta-feira,02:00:00,PE,101,"70,5",RECIFE,Falta de Atenção do Pedestre,Saída de leito carroçável,Com Vítimas Feridas,Plena Noite,Crescente,Chuva,Múltipla,Reta,Sim,1,0,1,0,0,0,1,1,"-8,072945","-34,942836",SPRF-PE,DEL01-PE,UOP01-DEL01-PE
295843.0,2020-07-17,sexta-feira,10:50:00,PE,232,133,CARUARU,Ingestão de Álcool,Colisão traseira,Sem Vítimas,Pleno dia,Crescente,Sol,Dupla,Reta,Sim,2,0,0,0,2,0,0,2,"-8,30607988","-36,01576003",SPRF-PE,DEL02-PE,UOP03-DEL02-PE
295961.0,2020-07-17,sexta-feira,18:30:00,PE,101,152,RIBEIRAO,Pista Escorregadia,Colisão com objeto estático,Com Vítimas Feridas,Plena Noite,Decrescente,Chuva,Dupla,Curva,Sim,1,0,1,0,0,0,1,1,"-8,51119897","-35,38696321",SPRF-PE,DEL01-PE,UOP03-DEL01-PE