id,data_inversa,dia_semana,horario,uf,br,km,municipio,causa_acidente,tipo_acidente,classificacao_acidente,fase_dia,sentido_via,condicao_metereologica,tipo_pista,tracado_via,uso_solo,pessoas,mortos,feridos_leves,feridos_graves,ilesos,ignorados,feridos,veiculos,latitude,longitude,regional,delegacia,uop
296053.0,2020-07-17,sexta-feira,16:00:00,PE,104,19,TAQUARITINGA DO NORTE,Desobediência às normas de trânsito pelo condutor,Colisão frontal,Com Vítimas Feridas,Pleno dia,Decrescente,Nublado,Simples,Desvio Temporário,Sim,2,0,1,0,1,0,1,2,"-7,953853","-36,128091",SPRF-PE,DEL02-PE,UOP01-DEL02-PE
296084.0,2020-07-18,sábado,11:00:00,PE,232,137,CARUARU,Desobediência às normas de trânsito pelo condutor,Colisão traseira,Com Vítimas Feridas,Pleno dia,Crescente,Nublado,Dupla,Reta,Não,3,0,2,0,1,0,2,2,"-8,31589863","-36,05040211",SPRF-PE,DEL02-PE,UOP03-DEL02-PE
296086.0,2020-07-18,sábado,10:30:00,PE,101,68,RECIFE,Não guardar distância de segurança,Colisão traseira,Com Vítimas Feridas,Pleno dia,Crescente,Céu Claro,Dupla,Aclive,Sim,4,0,2,0,2,0,2,2,"-8,05074296","-34,94580619",SPRF-PE,DEL01-PE,UOP01-DEL01-PE
296152.0,2020-07-18,sábado,18:00:00,PE,104,"58,2",CARUARU,Falta de Atenção à Condução,Colisão traseira,Sem Vítimas,Plena Noite,Crescente,Céu Claro,Dupla,Curva,Sim,4,0,0,0,4,0,0,2,"-8,2265","-35,9779",SPRF-PE,DEL02-PE,UOP01-DEL02-PE
296222.0,2020-07-18,sábado,23:00:00,PE,104,"30,1",TORITAMA,Falta de Atenção à Condução,Colisão transversal,Com Vítimas Fatais,Plena Noite,Crescente,Céu Claro,Simples,Reta,Sim,3,1,0,2,0,0,2,2,"-8,0137","-36,0565",SPRF-PE,DEL02-PE,UOP01-DEL02-PE
296332.0,2020-07-19,domingo,14:50:00,PE,316,52,TRINDADE,Falta de Atenção à Condução,Colisão transversal,Sem Vítimas,Pleno dia,Decrescente,Sol,Simples,Reta,Não,2,0,0,0,2,0,0,2,"-7,72840081","-40,30952084",SPRF-PE,DEL05-PE,UOP02-DEL05-PE
296348.0,2020-07-19,domingo,16:30:00,PE,423,"117,5",PARANATAMA,Não guardar distância de segurança,Colisão traseira,Com Vítimas Feridas,Anoitecer,Decrescente,Chuva,Simples,Reta,Não,3,0,1,0,2,0,1,2,"-8,90662085","-36,66901104",SPRF-PE,DEL03-PE,UOP01-DEL03-PE
296369.0,2020-07-19,domingo,19:00:00,PE,423,79,JUCATI,Falta de Atenção do Pedestre,Atropelamento de Pedestre,Com Vítimas Fatais,Plena Noite,Crescente,Chuva,Simples,Reta,Sim,2,1,0,0,0,1,0,2,"-8,75775101","-36,43052006",SPRF-PE,DEL03-PE,UOP01-DEL03-PE
296376.0,2020-07-19,domingo,19:20:00,PE,232,168,TACAIMBO,Desobediência às normas de trânsito pelo condutor,Colisão frontal,Com Vítimas Fatais,Plena Noite,Crescente,Chuva,Simples,Reta,Não,3,1,0,1,1,0,1,2,"-8,33986354","-36,32534101",SPRF-PE,DEL02-PE,UOP03-DEL02-PE
296384.0,2020-07-19,domingo,19:15:00,PE,116,15,SALGUEIRO,Ingestão de Álcool,Saída de leito carroçável,Com Vítimas Feridas,Plena Noite,Crescente,Céu Claro,Simples,Curva,Não,2,0,0,2,0,0,2,1,"-7,96973","-39,134618",SPRF-PE,DEL05-PE,UOP01-DEL05-PE
296398.0,2020-07-19,domingo,20:40:00,PE,232,"15,3",JABOATAO DOS GUARARAPES,Velocidade Incompatível,Capotamento,Com Vítimas Feridas,Plena Noite,Decrescente,Garoa/Chuvisco,Dupla,Reta,Não,2,0,1,0,0,1,1,1,"-8,091813","-35,029435",SPRF-PE,DEL01-PE,UOP01-DEL01-PE
296430.0,2020-07-19,domingo,22:00:00,PE,232,"55,9",POMBOS,Condutor Dormindo,Saída de leito carroçável,Com Vítimas Fatais,Plena Noite,Crescente,Céu Claro,Dupla,Reta,Não,1,1,0,0,0,0,0,1,"-8,137389","-35,373027",SPRF-PE,DEL02-PE,UOP02-DEL02PE
296434.0,2020-07-19,domingo,20:30:00,PE,232,510,SALGUEIRO,Ingestão de Álcool,Colisão frontal,Com Vítimas Fatais,Plena Noite,Decrescente,Céu Claro,Simples,Reta,Sim,3,1,0,1,0,1,1,2,"-8,067472","-39,13817",SPRF-PE,DEL05-PE,UOP01-DEL05-PE
296435.0,2020-07-19,domingo,23:40:00,PE,408,"74,2",PAUDALHO,Desobediência às normas de trânsito pelo condutor,Colisão frontal,Com Vítimas Fatais,Plena Noite,Crescente,Nublado,Múltipla,Reta,Sim,3,1,2,0,0,0,2,2,"-7,900035","-35,173148",SPRF-PE,DEL01-PE,UOP01-DEL01-PE
296468.0,2020-07-20,segunda-feira,06:20:00,PE,232,"99,9",BEZERROS,Condutor Dormindo,Saída de leito carroçável,Com Vítimas Feridas,Pleno dia,Crescente,Céu Claro,Dupla,Reta,Sim,1,0,1,0,0,0,1,1,"-8,2367277","-35,73401605",SPRF-PE,DEL02-PE,UOP02-DEL02PE
296621.0,2020-07-20,segunda-feira,22:50:00,PE,428,189,PETROLINA,Falta de Atenção à Condução,Capotamento,Com Vítimas Feridas,Plena Noite,Crescente,Nublado,Simples,Curva,Não,1,0,1,0,0,0,1,1,"-9,37197508","-40,48679585",SPRF-PE,DEL06-PE,UOP01-DEL06-PE
296660.0,2020-07-02,quinta-feira,06:30:00,PE,232,"25,1",MORENO,Restrição de Visibilidade,Colisão traseira,Com Vítimas Feridas,Pleno dia,Decrescente,Céu Claro,Dupla,Aclive;Reta                   ,Sim,3,0,1,0,2,0,1,3,"-8,112466","-35,109078",SPRF-PE,DEL02-PE,UOP02-DEL02PE
296693.0,2020-07-21,terça-feira,12:30:00,PE,408,"58,8",TRACUNHAEM,Falta de Atenção à Condução,Colisão transversal,Sem Vítimas,Pleno dia,Decrescente,Céu Claro,Simples,Reta,Sim,2,0,0,0,2,0,0,2,"-7,805074","-35,244063",SPRF-PE,DEL01-PE,UOP01-DEL01-PE
296716.0,2020-06-03,quarta-feira,17:55:00,PE,423,107,GARANHUNS,Falta de Atenção à Condução,Colisão transversal,Com Vítimas Feridas,Plena Noite,Crescente,Céu Claro,Simples,Reta,Não,5,0,2,1,2,0,3,3,"-8,8839803","-36,58154392",SPRF-PE,DEL03-PE,UOP01-DEL03-PE
296775.0,2020-07-21,terça-feira,19:50:00,PE,232,"20,7",MORENO,Animais na Pista,Atropelamento de Animal,Com Vítimas Feridas,Plena Noite,Decrescente,Nublado,Dupla,Reta,Não,4,0,3,0,1,0,3,2,"-8,09543537","-35,07136107",SPRF-PE,DEL01-PE,UOP01-DEL01-PE
296823.0,2020-07-22,quarta-feira,08:15:00,PE,101,69,RECIFE,Falta de Atenção à Condução,Colisão lateral,Com Vítimas Feridas,Pleno dia,Crescente,Céu Claro,Dupla,Reta,Sim,3,0,1,0,2,0,1,3,"-8,05951606","-34,94581024",SPRF-PE,DEL01-PE,UOP01-DEL01-PE
296830.0,2020-07-22,quarta-feira,09:30:00,PE,101,"47,9",ABREU E LIMA,Falta de Atenção à Condução,Colisão traseira,Sem Vítimas,Pleno dia,Crescente,Céu Claro,Múltipla,Reta;Aclive                   ,Sim,2,0,0,0,2,0,0,2,"-7,88290701","-34,90461208",SPRF-PE,DEL01-PE,UOP02-DEL01-PE
296848.0,2020-03-14,sábado,23:15:00,PE,101,"46,8",IGARASSU,Falta de Atenção do Pedestre,Atropelamento de Pedestre,Com Vítimas Feridas,Plena Noite,Crescente,Céu Claro,Dupla,Reta,Sim,2,0,1,0,0,1,1,2,"-7,87831","-34,90552",SPRF-PE,DEL01-PE,UOP02-DEL01-PE
296871.0,2020-03-16,segunda-feira,16:30:00,PE,232,75,GRAVATA,Avarias e/ou desgaste excessivo no pneu,Saída de leito carroçável,Sem Vítimas,Pleno dia,Decrescente,Céu Claro,Dupla,Reta,Não,1,0,0,0,1,0,0,1,"-8,19737799","-35,525476",SPRF-PE,DEL02-PE,UOP02-DEL02PE
296877.0,2020-07-22,quarta-feira,15:50:00,PE,101,101,CABO DE SANTO AGOSTINHO,Ingestão de Álcool,Colisão lateral,Sem Vítimas,Pleno dia,Crescente,Céu Claro,Dupla,Reta,Sim,2,0,0,0,2,0,0,2,"-8,2757433","-35,05378122",SPRF-PE,DEL01-PE,UOP03-DEL01-PE
296885.0,2020-07-22,quarta-feira,17:20:00,PE,232,290,SERTANIA,Desobediência às normas de trânsito pelo condutor,Colisão transversal,Com Vítimas Feridas,Anoitecer,Decrescente,Céu Claro,Simples,Reta,Sim,2,0,1,1,0,0,2,2,"-8,307139","-37,367389",SPRF-PE,DEL03-PE,UOP02-DEL03-PE
296932.0,2020-07-22,quarta-feira,17:40:00,PE,424,"72,9",CAETES,Falta de Atenção à Condução,Saída de leito carroçável,Com Vítimas Fatais,Plena Noite,Crescente,Garoa/Chuvisco,Simples,Reta,Não,6,2,0,2,2,0,2,2,"-8,78940416","-36,60582811",SPRF-PE,DEL03-PE,UOP01-DEL03-PE
296976.0,2020-07-23,quinta-feira,01:00:00,PE,428,"126,5",LAGOA GRANDE,Pista Escorregadia,Saída de leito carroçável,Sem Vítimas,Plena Noite,Decrescente,Nublado,Simples,Reta,Não,1,0,0,0,0,1,0,1,"-8,94448289","-40,15676804",SPRF-PE,DEL06-PE,UOP03-DEL06-PE
297025.0,2020-07-23,quinta-feira,07:30:00,PE,232,180,BELO JARDIM,Desobediência às normas de trânsito pelo condutor,Colisão transversal,Com Vítimas Feridas,Pleno dia,Crescente,Céu Claro,Simples,Reta,Sim,3,0,2,0,1,0,2,2,"-8,34449745","-36,4288801",SPRF-PE,DEL02-PE,UOP03-DEL02-PE
297028.0,2020-07-23,quinta-feira,14:15:00,PE,101,47,ABREU E LIMA,Falta de Atenção do Pedestre,Atropelamento de Pedestre,Com Vítimas Feridas,Pleno dia,Crescente,Céu Claro,Dupla,Reta,Sim,2,0,1,0,1,0,1,2,"-7,88290701","-34,90461208",SPRF-PE,DEL01-PE,UOP02-DEL01-PE
297030.0,2020-06-05,sexta-feira,17:00:00,PE,316,"56,6",TRINDADE,Falta de Atenção à Condução,Colisão transversal,Com Vítimas Feridas,Anoitecer,Decrescente,Céu Claro,Simples,Reta,Não,2,0,0,1,1,0,1,2,"-7,74380917","-40,27876107",SPRF-PE,DEL05-PE,UOP02-DEL05-PE
297062.0,2020-07-23,quinta-feira,17:25:00,PE,101,71,RECIFE,Pista Escorregadia,Tombamento,Com Vítimas Feridas,Plena Noite,Crescente,Chuva,Dupla,Reta,Sim,1,0,1,0,0,0,1,1,"-8,07663102","-34,94277871",SPRF-PE,DEL01-PE,UOP01-DEL01-PE
297069.0,2020-07-15,quarta-feira,06:30:00,PE,428,192,PETROLINA,Falta de Atenção à Condução,Colisão traseira,Com Vítimas Feridas,Amanhecer,Crescente,Ignorado,Dupla,Reta,Sim,2,0,0,1,0,1,1,2,"-9,38599856","-40,52314371",SPRF-PE,DEL06-PE,UOP01-DEL06-PE
297071.0,2020-07-23,quinta-feira,17:40:00,PE,104,"42,7",CARUARU,Desobediência às normas de trânsito pelo condutor,Colisão transversal,Com Vítimas Feridas,Plena Noite,Crescente,Céu Claro,Dupla,Retorno Regulamentado,Sim,4,0,2,0,2,0,2,2,"-8,1047","-36,02423",SPRF-PE,DEL02-PE,UOP01-DEL02-PE
297146.0,2020-07-24,sexta-feira,08:10:00,PE,232,6,RECIFE,Não guardar distância de segurança,Colisão traseira,Com Vítimas Feridas,Pleno dia,Crescente,Céu Claro,Dupla,Reta,Não,2,0,1,0,1,0,1,2,"-8,07079525","-34,9535389",SPRF-PE,DEL01-PE,UOP01-DEL01-PE
297256.0,2020-07-24,sexta-feira,18:40:00,PE,101,"76,8",RECIFE,Desobediência às normas de trânsito pelo condutor,Atropelamento de Pedestre,Com Vítimas Feridas,Plena Noite,Crescente,Céu Claro,Dupla,Reta,Sim,2,0,0,1,1,0,1,2,"-8,11813811","-34,94329214",SPRF-PE,DEL01-PE,UOP01-DEL01-PE
297348.0,2020-07-25,sábado,09:10:00,PE,232,"78,9",GRAVATA,Desobediência às normas de trânsito pelo condutor,Colisão frontal,Com Vítimas Feridas,Pleno dia,Crescente,Céu Claro,Simples,Reta,Sim,3,0,1,0,2,0,1,2,"-8,19343658","-35,55186505",SPRF-PE,DEL02-PE,UOP02-DEL02PE
297353.0,2020-07-25,sábado,09:25:00,PE,101,68,RECIFE,Não guardar distância de segurança,Colisão traseira,Com Vítimas Feridas,Pleno dia,Decrescente,Nublado,Simples,Reta,Sim,3,0,1,0,2,0,1,2,"-8,053811","-34,946109",SPRF-PE,DEL01-PE,UOP01-DEL01-PE
297375.0,2020-07-25,sábado,11:30:00,PE,232,128,CARUARU,Ingestão de Álcool,Colisão traseira,Sem Vítimas,Pleno dia,Decrescente,Garoa/Chuvisco,Múltipla,Declive,Sim,2,0,0,0,2,0,0,2,"-8,30399306","-35,97216301",SPRF-PE,DEL02-PE,UOP03-DEL02-PE
297412.0,2020-07-25,sábado,12:30:00,PE,104,"29,9",TORITAMA,Falta de Atenção do Pedestre,Atropelamento de Pedestre,Com Vítimas Feridas,Pleno dia,Crescente,Céu Claro,Simples,Reta,Não,2,0,1,1,0,0,2,2,"-8,0078","-36,0621",SPRF-PE,DEL02-PE,UOP01-DEL02-PE
297420.0,2020-07-25,sábado,15:00:00,PE,408,"59,1",TRACUNHAEM,Desobediência às normas de trânsito pelo condutor,Colisão lateral,Com Vítimas Feridas,Pleno dia,Crescente,Céu Claro,Simples,Curva,Sim,8,0,1,0,3,4,1,3,"-7,808571","-35,242986",SPRF-PE,DEL01-PE,UOP01-DEL01-PE
297465.0,2020-07-25,sábado,19:30:00,PE,232,121,CARUARU,Velocidade Incompatível,Saída de leito carroçável,Com Vítimas Feridas,Plena Noite,Decrescente,Nublado,Dupla,Reta,Não,5,0,4,0,1,0,4,1,"-8,30018257","-35,91071184",SPRF-PE,DEL02-PE,UOP03-DEL02-PE
297471.0,2020-07-25,sábado,18:30:00,PE,428,192,PETROLINA,Desobediência às normas de trânsito pelo condutor,Colisão transversal,Sem Vítimas,Plena Noite,Crescente,Céu Claro,Simples,Interseção de Vias,Sim,2,0,0,0,2,0,0,2,"-9,38586435","-40,5234468",SPRF-PE,DEL06-PE,UOP01-DEL06-PE
297477.0,2020-07-25,sábado,20:20:00,PE,232,"69,2",GRAVATA,Falta de Atenção do Pedestre,Atropelamento de Pedestre,Com Vítimas Fatais,Plena Noite,Crescente,Chuva,Dupla,Reta,Não,2,1,0,0,0,1,0,2,"-8,17240309","-35,47993595",SPRF-PE,DEL02-PE,UOP02-DEL02PE
297495.0,2020-07-25,sábado,18:40:00,PE,424,"68,8",CAETES,Desobediência às normas de trânsito pelo condutor,Colisão frontal,Com Vítimas Feridas,Plena Noite,Crescente,Garoa/Chuvisco,Simples,Reta,Sim,3,0,0,2,0,1,2,2,"-8,76884574","-36,63537082",SPRF-PE,DEL03-PE,UOP01-DEL03-PE
297496.0,2020-07-25,sábado,19:30:00,PE,424,66,CAETES,Defeito Mecânico no Veículo,Colisão frontal,Com Vítimas Feridas,Plena Noite,Crescente,Céu Claro,Simples,Reta,Não,4,0,0,1,3,0,1,2,"-8,75960275","-36,65067654",SPRF-PE,DEL03-PE,UOP01-DEL03-PE
297513.0,2020-07-25,sábado,21:30:00,PE,316,"21,5",ARARIPINA,Desobediência às normas de trânsito pelo condutor,Colisão frontal,Com Vítimas Fatais,Plena Noite,Decrescente,Vento,Simples,Reta,Não,2,1,0,0,0,1,0,2,"-7,56839315","-40,52717307",SPRF-PE,DEL05-PE,UOP02-DEL05-PE
297522.0,2020-07-26,domingo,00:30:00,PE,101,"29,9",IGARASSU,Condutor Dormindo,Saída de leito carroçável,Com Vítimas Feridas,Plena Noite,Crescente,Nublado,Dupla,Declive;Curva                 ,Não,1,0,1,0,0,0,1,1,"-7,72939697","-34,94185854",SPRF-PE,DEL01-PE,UOP02-DEL01-PE
297581.0,2020-07-26,domingo,08:00:00,PE,101,51,ABREU E LIMA,Desobediência às normas de trânsito pelo condutor,Colisão lateral,Com Vítimas Feridas,Pleno dia,Decrescente,Chuva,Dupla,Interseção de Vias,Sim,3,0,2,0,1,0,2,2,"-7,9169968","-34,89689272",SPRF-PE,DEL01-PE,UOP02-DEL01-PE
297592.0,2020-07-25,sábado,01:00:00,PE,101,93,CABO DE SANTO AGOSTINHO,Velocidade Incompatível,Capotamento,Sem Vítimas,Plena Noite,Decrescente,Nublado,Dupla,Reta,Não,1,0,0,0,0,1,0,1,"-8,2396419","-35,00335418",SPRF-PE,DEL01-PE,UOP03-DEL01-PE
297628.0,2020-07-26,domingo,00:30:00,PE,101,"89,5",CABO DE SANTO AGOSTINHO,Desobediência às normas de trânsito pelo condutor,Capotamento,Com Vítimas Feridas,Plena Noite,Crescente,Chuva,Dupla,Reta,Não,1,0,0,1,0,0,1,1,"-8,19120206","-34,97449985",SPRF-PE,DEL01-PE,UOP03-DEL01-PE
297652.0,2020-07-26,domingo,16:30:00,PE,101,82,JABOATAO DOS GUARARAPES,Desobediência às normas de trânsito pelo condutor,Colisão lateral,Com Vítimas Feridas,Pleno dia,Crescente,Nublado,Dupla,Reta,Sim,2,0,1,0,0,1,1,2,"-8,168383","-34,9376",SPRF-PE,DEL01-PE,UOP03-DEL01-PE
297699.0,2020-07-26,domingo,19:20:00,PE,101,80,JABOATAO DOS GUARARAPES,Falta de Atenção à Condução,Colisão lateral,Com Vítimas Feridas,Plena Noite,Crescente,Nublado,Dupla,Reta,Sim,1,0,0,1,0,0,1,1,"-8,15112589","-34,9428866",SPRF-PE,DEL01-PE,UOP03-DEL01-PE
297749.0,2020-07-27,segunda-feira,00:40:00,PE,101,49,ABREU E LIMA,Não guardar distância de segurança,Colisão lateral,Sem Vítimas,Plena Noite,Decrescente,Céu Claro,Dupla,Reta,Sim,2,0,0,0,2,0,0,2,"-7,9005152","-34,90180641",SPRF-PE,DEL01-PE,UOP02-DEL01-PE
297760.0,2020-07-26,domingo,19:00:00,PE,232,"304,9",SERTANIA,Animais na Pista,Atropelamento de Animal,Com Vítimas Fatais,Plena Noite,Crescente,Vento,Simples,Reta,Não,4,2,0,2,0,0,2,2,"-8,19782708","-37,43527912",SPRF-PE,DEL03-PE,UOP02-DEL03-PE
297797.0,2020-07-27,segunda-feira,06:45:00,PE,316,"260,1",BELEM DE SAO FRANCISCO,Não guardar distância de segurança,Colisão traseira,Com Vítimas Fatais,Pleno dia,Crescente,Céu Claro,Simples,Reta,Não,2,1,0,0,0,1,0,2,"-8,74126666","-38,94251118",SPRF-PE,DEL05-PE,UOP03-DEL05-PE
297803.0,2020-07-27,segunda-feira,08:50:00,PE,101,"57,7",PAULISTA,Desobediência às normas de trânsito pelo condutor,Colisão lateral,Com Vítimas Feridas,Pleno dia,Crescente,Sol,Dupla,Reta,Sim,2,0,1,0,0,1,1,2,"-7,96346213","-34,91513486",SPRF-PE,DEL01-PE,UOP02-DEL01-PE
297828.0,2020-07-27,segunda-feira,10:30:00,PE,104,19,TAQUARITINGA DO NORTE,Falta de Atenção à Condução,Colisão transversal,Com Vítimas Feridas,Pleno dia,Crescente,Sol,Simples,Reta,Sim,2,0,1,0,1,0,1,2,"-7,947535","-36,127937",SPRF-PE,DEL02-PE,UOP01-DEL02-PE
297846.0,2020-07-27,segunda-feira,11:30:00,PE,110,220,PETROLANDIA,Falta de Atenção à Condução,Colisão traseira,Com Vítimas Feridas,Pleno dia,Decrescente,Céu Claro,Simples,Reta,Não,2,0,1,0,1,0,1,2,"-9,00341169","-38,21749439",SPRF-BA,DEL07-BA,UOP01-DEL07-BA
297884.0,2020-07-27,segunda-feira,16:00:00,PE,407,125,PETROLINA,Defeito Mecânico no Veículo,Colisão traseira,Sem Vítimas,Pleno dia,Decrescente,Sol,Dupla,Reta,Sim,2,0,0,0,1,1,0,2,"-9,3797381","-40,53327031",SPRF-PE,DEL06-PE,UOP01-DEL06-PE
297918.0,2020-07-27,segunda-feira,18:15:00,PE,407,126,PETROLINA,Desobediência às normas de trânsito pelo condutor,Colisão transversal,Com Vítimas Feridas,Pleno dia,Decrescente,Sol,Simples,Rotatória,Sim,2,0,2,0,0,0,2,2,"-9,38491309","-40,52809509",SPRF-PE,DEL06-PE,UOP01-DEL06-PE
297959.0,2020-07-28,terça-feira,03:25:00,PE,232,509,SALGUEIRO,Ingestão de Álcool,Tombamento,Com Vítimas Feridas,Plena Noite,Decrescente,Céu Claro,Simples,Reta,Sim,1,0,1,0,0,0,1,1,"-8,06449154","-39,1298447",SPRF-PE,DEL05-PE,UOP01-DEL05-PE
297983.0,2020-07-28,terça-feira,08:10:00,PE,428,187,PETROLINA,Desobediência às normas de trânsito pelo condutor,Colisão transversal,Com Vítimas Feridas,Pleno dia,Crescente,Céu Claro,Simples,Reta,Sim,2,0,1,0,0,1,1,2,"-9,35604301","-40,47854198",SPRF-PE,DEL06-PE,UOP01-DEL06-PE
297987.0,2020-07-28,terça-feira,08:15:00,PE,232,"113,9",BEZERROS,Defeito na Via,Colisão com objeto estático,Com Vítimas Fatais,Pleno dia,Decrescente,Céu Claro,Dupla,Reta,Sim,2,1,0,0,1,0,0,2,"-8,29906533","-35,8402169",SPRF-PE,DEL02-PE,UOP03-DEL02-PE
297993.0,2020-07-28,terça-feira,08:40:00,PE,232,7,RECIFE,Falta de Atenção à Condução,Queda de ocupante de veículo,Com Vítimas Feridas,Pleno dia,Decrescente,Céu Claro,Dupla,Reta,Sim,1,0,0,1,0,0,1,1,"-8,07333497","-34,96184301",SPRF-PE,DEL01-PE,UOP01-DEL01-PE
298003.0,2020-07-28,terça-feira,10:35:00,PE,101,"41,7",IGARASSU,Não guardar distância de segurança,Colisão traseira,Com Vítimas Feridas,Pleno dia,Crescente,Céu Claro,Dupla,Reta,Sim,3,0,1,0,1,1,1,2,"-7,83038346","-34,91426785",SPRF-PE,DEL01-PE,UOP02-DEL01-PE
298036.0,2020-06-11,quinta-feira,19:00:00,PE,101,"51,3",ABREU E LIMA,Não guardar distância de segurança,Colisão transversal,Com Vítimas Feridas,Plena Noite,Decrescente,Céu Claro,Múltipla,Reta,Sim,2,0,1,0,1,0,1,2,"-7,9169968","-34,89689272",SPRF-PE,DEL01-PE,UOP02-DEL01-PE
298066.0,2020-07-28,terça-feira,18:45:00,PE,428,"185,8",PETROLINA,Desobediência às normas de trânsito pelo condutor,Colisão transversal,Com Vítimas Feridas,Plena Noite,Decrescente,Céu Claro,Simples,Retorno Regulamentado,Não,2,0,1,0,1,0,1,2,"-9,35083515","-40,47569275",SPRF-PE,DEL06-PE,UOP01-DEL06-PE
298103.0,2020-03-20,sexta-feira,21:20:00,PE,428,185,PETROLINA,Animais na Pista,Queda de ocupante de veículo,Com Vítimas Feridas,Plena Noite,Decrescente,Nublado,Simples,Reta,Sim,2,0,0,2,0,0,2,1,"-9,35482714","-40,47781337",SPRF-PE,DEL06-PE,UOP01-DEL06-PE
298173.0,2020-07-29,quarta-feira,12:00:00,PE,408,"102,8",RECIFE,Animais na Pista,Atropelamento de Animal,Com Vítimas Feridas,Pleno dia,Decrescente,Nublado,Dupla,Reta,Sim,1,0,1,0,0,0,1,1,"-8,058661","-34,992803",SPRF-PE,DEL01-PE,UOP01-DEL01-PE
298189.0,2020-07-29,quarta-feira,13:08:00,PE,428,"189,8",PETROLINA,Falta de Atenção à Condução,Colisão traseira,Com Vítimas Feridas,Pleno dia,Crescente,Céu Claro,Dupla,Retorno Regulamentado,Não,3,0,1,0,1,1,1,3,"-9,37779204","-40,50395787",SPRF-PE,DEL06-PE,UOP01-DEL06-PE
298267.0,2020-07-29,quarta-feira,21:00:00,PE,428,"44,9",OROCO,Animais na Pista,Atropelamento de Animal,Sem Vítimas,Plena Noite,Decrescente,Céu Claro,Simples,Reta,Não,1,0,0,0,1,0,0,1,"-8,58333522","-39,58547861",SPRF-PE,DEL05-PE,UOP03-DEL05-PE
298289.0,2020-07-30,quinta-feira,07:30:00,PE,101,"84,6",JABOATAO DOS GUARARAPES,Falta de Atenção à Condução,Colisão transversal,Com Vítimas Fatais,Pleno dia,Decrescente,Céu Claro,Dupla,Curva,Não,3,1,0,0,0,2,0,3,"-8,178674","-34,956426",SPRF-PE,DEL01-PE,UOP03-DEL01-PE
298303.0,2020-07-30,quinta-feira,08:25:00,PE,232,"113,4",BEZERROS,Falta de Atenção à Condução,Colisão traseira,Com Vítimas Feridas,Pleno dia,Crescente,Sol,Dupla,Curva,Sim,3,0,2,0,1,0,2,2,"-8,29729696","-35,83146101",SPRF-PE,DEL02-PE,UOP03-DEL02-PE
298327.0,2020-07-30,quinta-feira,11:50:00,PE,428,185,PETROLINA,Falta de Atenção à Condução,Capotamento,Com Vítimas Feridas,Pleno dia,Crescente,Céu Claro,Simples,Reta,Não,1,0,1,0,0,0,1,1,"-9,34009199","-40,47032001",SPRF-PE,DEL06-PE,UOP01-DEL06-PE
298369.0,2020-07-30,quinta-feira,16:20:00,PE,232,"9,4",JABOATAO DOS GUARARAPES,Ingestão de Álcool,Colisão traseira,Sem Vítimas,Pleno dia,Decrescente,Sol,Dupla,Reta,Sim,2,0,0,0,2,0,0,2,"-8,07764447","-34,97863609",SPRF-PE,DEL01-PE,UOP01-DEL01-PE
298380.0,2020-07-30,quinta-feira,15:30:00,PE,101,199,PALMARES,Condutor Dormindo,Colisão com objeto estático,Sem Vítimas,Pleno dia,Decrescente,Céu Claro,Dupla,Curva,Não,2,0,0,0,2,0,0,2,"-8,76435921","-35,61464773",SPRF-PE,DEL01-PE,UOP03-DEL01-PE
298454.0,2020-07-31,sexta-feira,01:30:00,PE,232,167,TACAIMBO,Defeito Mecânico no Veículo,Incêndio,Sem Vítimas,Plena Noite,Crescente,Nublado,Simples,Reta,Não,3,0,0,0,3,0,0,1,"-8,33895664","-36,31633104",SPRF-PE,DEL02-PE,UOP03-DEL02-PE
298465.0,2020-07-31,sexta-feira,06:30:00,PE,101,81,JABOATAO DOS GUARARAPES,Falta de Atenção à Condução,Colisão transversal,Com Vítimas Feridas,Pleno dia,Crescente,Nublado,Simples,Interseção de Vias,Sim,2,0,2,0,0,0,2,2,"-8,15984","-34,938669",SPRF-PE,DEL01-PE,UOP03-DEL01-PE
298477.0,2020-07-31,sexta-feira,07:20:00,PE,101,81,JABOATAO DOS GUARARAPES,Falta de Atenção à Condução,Atropelamento de Animal,Com Vítimas Feridas,Pleno dia,Decrescente,Nublado,Múltipla,Reta,Sim,1,0,1,0,0,0,1,1,"-8,1597489","-34,94024569",SPRF-PE,DEL01-PE,UOP03-DEL01-PE
298530.0,2020-07-31,sexta-feira,12:40:00,PE,101,86,JABOATAO DOS GUARARAPES,Defeito Mecânico no Veículo,Colisão com objeto em movimento,Com Vítimas Feridas,Pleno dia,Decrescente,Céu Claro,Dupla,Reta,Não,3,0,2,0,1,0,2,2,"-8,18470013","-34,96816895",SPRF-PE,DEL01-PE,UOP03-DEL01-PE
298604.0,2020-07-31,sexta-feira,15:30:00,PE,101,100,CABO DE SANTO AGOSTINHO,Falta de Atenção à Condução,Colisão transversal,Sem Vítimas,Pleno dia,Crescente,Nublado,Dupla,Reta,Sim,2,0,0,0,2,0,0,2,"-8,287053","-35,038865",SPRF-PE,DEL01-PE,UOP03-DEL01-PE
298622.0,2020-07-31,sexta-feira,19:40:00,PE,232,176,BELO JARDIM,Animais na Pista,Atropelamento de Animal,Com Vítimas Feridas,Plena Noite,Crescente,Céu Claro,Simples,Reta,Não,2,0,1,0,1,0,1,1,"-8,34573608","-36,39481995",SPRF-PE,DEL02-PE,UOP03-DEL02-PE
298631.0,2020-07-31,sexta-feira,19:20:00,PE,110,"257,8",JATOBA,Defeito na Via,Saída de leito carroçável,Com Vítimas Feridas,Plena Noite,Decrescente,Chuva,Simples,Reta,Não,6,0,1,0,5,0,1,1,"-9,26903701","-38,22364301",SPRF-BA,DEL07-BA,UOP01-DEL07-BA