id,data_inversa,dia_semana,horario,uf,br,km,municipio,causa_acidente,tipo_acidente,classificacao_acidente,fase_dia,sentido_via,condicao_metereologica,tipo_pista,tracado_via,uso_solo,pessoas,mortos,feridos_leves,feridos_graves,ilesos,ignorados,feridos,veiculos,latitude,longitude,regional,delegacia,uop
298635.0,2020-07-31,sexta-feira,21:20:00,PE,232,414,SERRA TALHADA,Ingestão de álcool e/ou substâncias psicoativas pelo pedestre,Tombamento,Sem Vítimas,Plena Noite,Crescente,Céu Claro,Simples,Reta,Sim,1,0,0,0,1,0,0,1,"-7,98686015","-38,32662106",SPRF-PE,DEL04-PE,UOP01-DEL04-PE
298701.0,2020-08-01,sábado,07:20:00,PE,232,"76,8",GRAVATA,Falta de Atenção à Condução,Tombamento,Com Vítimas Feridas,Pleno dia,Decrescente,Chuva,Dupla,Reta,Não,1,0,1,0,0,0,1,1,"-8,193868","-35,542004",SPRF-PE,DEL02-PE,UOP02-DEL02PE
298708.0,2020-08-01,sábado,09:03:00,PE,232,"409,9",SERRA TALHADA,Desobediência às normas de trânsito pelo condutor,Colisão transversal,Com Vítimas Feridas,Pleno dia,Decrescente,Céu Claro,Simples,Retorno Regulamentado,Sim,3,0,1,0,2,0,1,2,"-7,981944","-38,289467",SPRF-PE,DEL04-PE,UOP01-DEL04-PE
298735.0,2020-08-01,sábado,12:15:00,PE,101,"46,8",IGARASSU,Falta de Atenção à Condução,Colisão transversal,Com Vítimas Feridas,Pleno dia,Crescente,Céu Claro,Múltipla,Reta;Declive                  ,Sim,2,0,0,1,1,0,1,2,"-7,87406004","-34,90588126",SPRF-PE,DEL01-PE,UOP02-DEL01-PE
298739.0,2020-08-01,sábado,12:30:00,PE,232,"83,4",GRAVATA,Desobediência às normas de trânsito pelo condutor,Colisão lateral,Com Vítimas Feridas,Pleno dia,Crescente,Céu Claro,Dupla,Curva,Não,3,0,1,0,1,1,1,2,"-8,2024868","-35,59542005",SPRF-PE,DEL02-PE,UOP02-DEL02PE
298831.0,2020-07-31,sexta-feira,15:30:00,PE,232,410,SERRA TALHADA,Desobediência às normas de trânsito pelo condutor,Colisão transversal,Com Vítimas Feridas,Pleno dia,Crescente,Céu Claro,Simples,Reta,Sim,2,0,0,1,1,0,1,2,"-7,98261841","-38,30039606",SPRF-PE,DEL04-PE,UOP01-DEL04-PE
298834.0,2020-08-01,sábado,20:50:00,PE,104,"71,1",CARUARU,Falta de Atenção à Condução,Saída de leito carroçável,Com Vítimas Feridas,Plena Noite,Decrescente,Chuva,Dupla,Reta,Não,4,0,2,0,2,0,2,1,"-8,3333","-35,9814",SPRF-PE,DEL02-PE,UOP01-DEL02-PE
298949.0,2020-08-02,domingo,09:30:00,PE,232,"377,6",FLORES,Falta de Atenção à Condução,Tombamento,Com Vítimas Feridas,Pleno dia,Decrescente,Céu Claro,Simples,Reta,Sim,2,0,2,0,0,0,2,1,"-8,03386107","-38,02501395",SPRF-PE,DEL04-PE,UOP01-DEL04-PE
299024.0,2020-08-02,domingo,18:00:00,PE,232,147,SAO CAITANO,Falta de Atenção à Condução,Colisão transversal,Com Vítimas Feridas,Plena Noite,Crescente,Céu Claro,Simples,Reta,Sim,3,0,1,0,2,0,1,2,"-8,33412469","-36,13437837",SPRF-PE,DEL02-PE,UOP03-DEL02-PE
299086.0,2020-08-02,domingo,20:45:00,PE,428,"188,5",PETROLINA,Desobediência às normas de trânsito pelo pedestre,Atropelamento de Pedestre,Com Vítimas Feridas,Plena Noite,Crescente,Céu Claro,Simples,Reta,Sim,3,0,3,0,0,0,3,2,"-9,37552561","-40,49262583",SPRF-PE,DEL06-PE,UOP01-DEL06-PE
299126.0,2020-08-03,segunda-feira,00:05:00,PE,104,"27,7",TORITAMA,Desobediência às normas de trânsito pelo condutor,Colisão frontal,Sem Vítimas,Plena Noite,Decrescente,Céu Claro,Simples,Reta,Não,2,0,0,0,1,1,0,2,"-8,0051","-36,0804",SPRF-PE,DEL02-PE,UOP01-DEL02-PE
299159.0,2020-08-03,segunda-feira,07:15:00,PE,101,47,IGARASSU,Falta de Atenção do Pedestre,Atropelamento de Pedestre,Com Vítimas Fatais,Pleno dia,Crescente,Céu Claro,Múltipla,Reta,Sim,2,1,0,0,1,0,0,2,"-7,88290701","-34,90461208",SPRF-PE,DEL01-PE,UOP02-DEL01-PE
299170.0,2020-08-03,segunda-feira,05:40:00,PE,232,"65,4",GRAVATA,Avarias e/ou desgaste excessivo no pneu,Saída de leito carroçável,Com Vítimas Feridas,Amanhecer,Crescente,Céu Claro,Simples,Reta,Não,2,0,2,0,0,0,2,1,"-8,16454496","-35,44785302",SPRF-PE,DEL02-PE,UOP02-DEL02PE
299201.0,2020-08-03,segunda-feira,10:04:00,PE,423,"95,9",GARANHUNS,Defeito Mecânico no Veículo,Saída de leito carroçável,Com Vítimas Feridas,Pleno dia,Decrescente,Céu Claro,Simples,Declive,Sim,2,0,2,0,0,0,2,1,"-8,881607","-36,48778",SPRF-PE,DEL03-PE,UOP01-DEL03-PE
299216.0,2020-08-03,segunda-feira,11:40:00,PE,101,"79,5",JABOATAO DOS GUARARAPES,Defeito Mecânico no Veículo,Queda de ocupante de veículo,Com Vítimas Feridas,Pleno dia,Decrescente,Céu Claro,Dupla,Reta,Sim,1,0,1,0,0,0,1,1,"-8,14366112","-34,94723453",SPRF-PE,DEL01-PE,UOP01-DEL01-PE
299218.0,2020-08-03,segunda-feira,12:55:00,PE,232,131,CARUARU,Defeito na Via,Colisão traseira,Sem Vítimas,Pleno dia,Decrescente,Céu Claro,Dupla,Reta,Não,3,0,0,0,3,0,0,2,"-8,30117613","-35,99843996",SPRF-PE,DEL02-PE,UOP03-DEL02-PE
299386.0,2020-08-04,terça-feira,10:45:00,PE,101,57,PAULISTA,Desobediência às normas de trânsito pelo condutor,Colisão transversal,Com Vítimas Feridas,Pleno dia,Crescente,Céu Claro,Dupla,Reta,Sim,2,0,1,0,1,0,1,2,"-7,96346213","-34,91513486",SPRF-PE,DEL01-PE,UOP02-DEL01-PE
299390.0,2020-08-04,terça-feira,11:05:00,PE,407,"124,1",PETROLINA,Desobediência às normas de trânsito pelo condutor,Colisão transversal,Sem Vítimas,Pleno dia,Decrescente,Céu Claro,Dupla,Rotatória,Sim,2,0,0,0,2,0,0,2,"-9,36929881","-40,54137139",SPRF-PE,DEL06-PE,UOP01-DEL06-PE
299392.0,2020-08-04,terça-feira,11:20:00,PE,232,"8,6",RECIFE,Defeito na Via,Colisão traseira,Com Vítimas Feridas,Pleno dia,Crescente,Sol,Dupla,Retorno Regulamentado,Sim,2,0,1,0,1,0,1,2,"-8,07583727","-34,97015791",SPRF-PE,DEL01-PE,UOP01-DEL01-PE
299464.0,2020-08-04,terça-feira,18:45:00,PE,101,"188,2",PALMARES,Falta de Atenção à Condução,Colisão transversal,Com Vítimas Feridas,Plena Noite,Crescente,Céu Claro,Dupla,Reta,Sim,3,0,2,0,1,0,2,2,"-8,6909807","-35,5954771",SPRF-PE,DEL01-PE,UOP03-DEL01-PE
299569.0,2020-08-05,quarta-feira,11:00:00,PE,101,"58,9",RECIFE,Animais na Pista,Engavetamento,Com Vítimas Feridas,Pleno dia,Crescente,Céu Claro,Dupla,Curva,Sim,4,0,1,1,1,1,2,3,"-7,97063209","-34,92064675",SPRF-PE,DEL01-PE,UOP02-DEL01-PE
299597.0,2020-08-05,quarta-feira,14:30:00,PE,104,"102,8",CUPIRA,Ingestão de Álcool,Atropelamento de Animal,Com Vítimas Feridas,Pleno dia,Decrescente,Céu Claro,Simples,Aclive,Não,2,0,1,0,1,0,1,2,"-8,581185","-35,950191",SPRF-PE,DEL02-PE,UOP01-DEL02-PE
299683.0,2020-08-05,quarta-feira,22:00:00,PE,232,"410,2",SERRA TALHADA,Ingestão de Álcool,Colisão traseira,Com Vítimas Feridas,Plena Noite,Decrescente,Céu Claro,Simples,Reta,Sim,3,0,1,0,1,1,1,3,"-7,98261841","-38,30039606",SPRF-PE,DEL04-PE,UOP01-DEL04-PE
299760.0,2020-08-06,quinta-feira,09:55:00,PE,101,"68,8",RECIFE,Avarias e/ou desgaste excessivo no pneu,Queda de ocupante de veículo,Com Vítimas Feridas,Pleno dia,Crescente,Céu Claro,Dupla,Reta,Sim,2,0,2,0,0,0,2,1,"-8,05074296","-34,94580619",SPRF-PE,DEL01-PE,UOP01-DEL01-PE
299767.0,2020-08-06,quinta-feira,13:25:00,PE,104,"87,8",AGRESTINA,Falta de Atenção à Condução,Colisão traseira,Sem Vítimas,Pleno dia,Decrescente,Céu Claro,Simples,Interseção de Vias,Sim,2,0,0,0,2,0,0,2,"-8,454104","-35,945515",SPRF-PE,DEL02-PE,UOP01-DEL02-PE
299873.0,2020-08-07,sexta-feira,04:45:00,PE,101,35,ITAPISSUMA,Objeto estático sobre o leito carroçável,Colisão com objeto estático,Com Vítimas Feridas,Amanhecer,Decrescente,Céu Claro,Dupla,Reta,Não,1,0,1,0,0,0,1,1,"-7,77952193","-34,93231384",SPRF-PE,DEL01-PE,UOP02-DEL01-PE
299897.0,2020-08-07,sexta-feira,08:01:00,PE,316,22,ARARIPINA,Desobediência às normas de trânsito pelo condutor,Colisão transversal,Com Vítimas Feridas,Pleno dia,Decrescente,Céu Claro,Simples,Interseção de Vias,Sim,3,0,0,1,2,0,1,2,"-7,57652042","-40,5155611",SPRF-PE,DEL05-PE,UOP02-DEL05-PE
299927.0,2020-08-07,sexta-feira,11:42:00,PE,232,"126,4",CARUARU,Falta de Atenção à Condução,Colisão frontal,Com Vítimas Feridas,Pleno dia,Decrescente,Céu Claro,Simples,Curva,Sim,3,0,1,1,1,0,2,2,"-8,306898","-35,964266",SPRF-PE,DEL02-PE,UOP03-DEL02-PE
299941.0,2020-08-07,sexta-feira,12:35:00,PE,101,"73,7",RECIFE,Falta de Atenção à Condução,Colisão transversal,Com Vítimas Feridas,Pleno dia,Decrescente,Sol,Dupla,Reta,Sim,3,0,1,0,1,1,1,2,"-8,093369","-34,947464",SPRF-PE,DEL01-PE,UOP01-DEL01-PE
299984.0,2020-08-07,sexta-feira,16:50:00,PE,101,46,IGARASSU,Desobediência às normas de trânsito pelo condutor,Colisão transversal,Com Vítimas Feridas,Anoitecer,Crescente,Céu Claro,Dupla,Reta,Sim,2,0,1,0,1,0,1,2,"-7,87406004","-34,90588126",SPRF-PE,DEL01-PE,UOP02-DEL01-PE
300010.0,2020-08-07,sexta-feira,17:45:00,PE,232,"9,2",JABOATAO DOS GUARARAPES,Ultrapassagem Indevida,Colisão lateral,Com Vítimas Feridas,Anoitecer,Decrescente,Nublado,Dupla,Reta,Sim,2,0,1,0,1,0,1,2,"-8,07866902","-34,98324752",SPRF-PE,DEL01-PE,UOP01-DEL01-PE
300062.0,2020-08-07,sexta-feira,21:15:00,PE,101,150,RIBEIRAO,Animais na Pista,Atropelamento de Animal,Sem Vítimas,Plena Noite,Decrescente,Nublado,Dupla,Reta,Não,1,0,0,0,1,0,0,1,"-8,49669957","-35,38211017",SPRF-PE,DEL01-PE,UOP03-DEL01-PE
300099.0,2020-08-08,sábado,00:30:00,PE,408,"69,2",PAUDALHO,Desobediência às normas de trânsito pelo condutor,Colisão frontal,Com Vítimas Fatais,Plena Noite,Crescente,Chuva,Dupla,Reta,Não,2,1,0,0,0,1,0,2,"-7,87058","-35,201558",SPRF-PE,DEL01-PE,UOP01-DEL01-PE
300131.0,2020-08-08,sábado,05:30:00,PE,407,"129,7",PETROLINA,Ingestão de Álcool,Colisão traseira,Com Vítimas Feridas,Amanhecer,Crescente,Céu Claro,Dupla,Reta,Não,3,0,1,0,2,0,1,3,"-9,40395521","-40,50404353",SPRF-PE,DEL06-PE,UOP01-DEL06-PE
300229.0,2020-08-08,sábado,15:30:00,PE,423,"94,5",GARANHUNS,Desobediência às normas de trânsito pelo condutor,Colisão lateral,Com Vítimas Feridas,Pleno dia,Crescente,Nublado,Simples,Reta,Sim,2,0,0,1,1,0,1,2,"-8,87796953","-36,47601485",SPRF-PE,DEL03-PE,UOP01-DEL03-PE
300263.0,2020-08-08,sábado,18:19:00,PE,101,"46,3",ABREU E LIMA,Falta de Atenção do Pedestre,Atropelamento de Pedestre,Sem Vítimas,Plena Noite,Crescente,Céu Claro,Múltipla,Reta,Sim,2,0,0,0,1,1,0,2,"-7,87406004","-34,90588126",SPRF-PE,DEL01-PE,UOP02-DEL01-PE
300314.0,2020-08-08,sábado,22:40:00,PE,101,69,RECIFE,Pista Escorregadia,Saída de leito carroçável,Com Vítimas Feridas,Plena Noite,Crescente,Chuva,Simples,Curva,Sim,1,0,1,0,0,0,1,1,"-8,05951606","-34,94581024",SPRF-PE,DEL01-PE,UOP01-DEL01-PE
300348.0,2020-08-09,domingo,02:20:00,PE,101,"71,8",RECIFE,Avarias e/ou desgaste excessivo no pneu,Colisão com objeto estático,Com Vítimas Fatais,Plena Noite,Decrescente,Chuva,Dupla,Curva,Sim,1,1,0,0,0,0,0,1,"-8,08493106","-34,9450639",SPRF-PE,DEL01-PE,UOP01-DEL01-PE
300385.0,2020-08-09,domingo,09:45:00,PE,101,"52,8",PAULISTA,Falta de Atenção à Condução,Colisão traseira,Com Vítimas Feridas,Pleno dia,Decrescente,Chuva,Dupla,Reta,Sim,2,0,1,0,1,0,1,2,"-7,93016646","-34,89925817",SPRF-PE,DEL01-PE,UOP02-DEL01-PE
300391.0,2020-08-09,domingo,08:30:00,PE,101,"71,2",RECIFE,Não guardar distância de segurança,Colisão traseira,Com Vítimas Feridas,Pleno dia,Crescente,Céu Claro,Dupla,Reta,Sim,2,0,1,0,1,0,1,2,"-8,078827","-34,943202",SPRF-PE,DEL01-PE,UOP01-DEL01-PE
300394.0,2020-08-09,domingo,10:00:00,PE,424,"91,7",GARANHUNS,Falta de Atenção à Condução,Colisão lateral,Com Vítimas Feridas,Pleno dia,Crescente,Nublado,Simples,Curva,Sim,3,0,0,2,0,1,2,2,"-8,90409633","-36,49974647",SPRF-PE,DEL03-PE,UOP01-DEL03-PE
300465.0,2020-08-09,domingo,18:20:00,PE,408,"53,6",NAZARE DA MATA,Desobediência às normas de trânsito pelo condutor,Colisão frontal,Com Vítimas Feridas,Plena Noite,Crescente,Nublado,Simples,Reta,Não,2,0,0,1,1,0,1,2,"-7,7544279","-35,23291346",SPRF-PE,DEL01-PE,UOP01-DEL01-PE
300481.0,2020-08-09,domingo,18:30:00,PE,232,"197,8",SANHARO,Ingestão de Álcool,Colisão transversal,Sem Vítimas,Plena Noite,Crescente,Nublado,Simples,Reta,Não,2,0,0,0,1,1,0,2,"-8,36891793","-36,580362",SPRF-PE,DEL02-PE,UOP03-DEL02-PE
300487.0,2020-08-09,domingo,16:25:00,PE,101,"177,4",JOAQUIM NABUCO,Ingestão de Álcool,Saída de leito carroçável,Com Vítimas Feridas,Pleno dia,Crescente,Céu Claro,Dupla,Reta,Não,2,0,2,0,0,0,2,1,"-8,61465005","-35,5476602",SPRF-PE,DEL01-PE,UOP03-DEL01-PE
300572.0,2020-08-10,segunda-feira,01:00:00,PE,101,33,ITAPISSUMA,Velocidade Incompatível,Saída de leito carroçável,Com Vítimas Feridas,Plena Noite,Crescente,Chuva,Dupla,Reta,Não,2,0,2,0,0,0,2,1,"-7,75997061","-34,93579756",SPRF-PE,DEL01-PE,UOP02-DEL01-PE
300576.0,2020-08-10,segunda-feira,01:00:00,PE,428,"187,9",PETROLINA,Defeito Mecânico no Veículo,Saída de leito carroçável,Sem Vítimas,Plena Noite,Crescente,Céu Claro,Dupla,Reta,Sim,4,0,0,0,4,0,0,1,"-9,35604301","-40,47854198",SPRF-PE,DEL06-PE,UOP01-DEL06-PE
300599.0,2020-08-10,segunda-feira,06:50:00,PE,,,SALGUEIRO,Falta de Atenção à Condução,Colisão lateral,Com Vítimas Feridas,Pleno dia,Não Informado,Céu Claro,Simples,Reta,Não,2,0,1,0,1,0,1,2,"-8,070214","-39,146778",SPRF-PE,DEL05-PE,UOP01-DEL05-PE
300614.0,2020-08-10,segunda-feira,07:30:00,PE,101,79,JABOATAO DOS GUARARAPES,Falta de Atenção à Condução,Colisão traseira,Com Vítimas Feridas,Pleno dia,Decrescente,Céu Claro,Dupla,Reta,Sim,2,0,1,0,1,0,1,2,"-8,14366112","-34,94723453",SPRF-PE,DEL01-PE,UOP01-DEL01-PE
300623.0,2020-08-10,segunda-feira,09:20:00,PE,104,"29,2",TORITAMA,Falta de Atenção à Condução,Engavetamento,Sem Vítimas,Pleno dia,Decrescente,Céu Claro,Simples,Reta,Sim,3,0,0,0,3,0,0,3,"-8,0078","-36,0621",SPRF-PE,DEL02-PE,UOP01-DEL02-PE
300646.0,2020-08-10,segunda-feira,12:20:00,PE,232,"7,9",RECIFE,Falta de Atenção do Pedestre,Atropelamento de Pedestre,Com Vítimas Feridas,Pleno dia,Crescente,Céu Claro,Dupla,Reta,Sim,2,0,1,0,0,1,1,2,"-8,075825","-34,970552",SPRF-PE,DEL01-PE,UOP01-DEL01-PE
300654.0,2020-03-03,terça-feira,06:30:00,PE,408,"86,4",PAUDALHO,Desobediência às normas de trânsito pelo condutor,Colisão lateral,Com Vítimas Feridas,Pleno dia,Decrescente,Céu Claro,Dupla,Reta,Não,2,0,1,0,1,0,1,2,"-7,96010995","-35,09554697",SPRF-PE,DEL01-PE,UOP01-DEL01-PE
300657.0,2020-08-10,segunda-feira,12:14:00,PE,104,"15,6",TAQUARITINGA DO NORTE,Falta de Atenção à Condução,Capotamento,Com Vítimas Feridas,Pleno dia,Decrescente,Céu Claro,Simples,Reta,Não,1,0,1,0,0,0,1,1,"-7,914735","-36,116093",SPRF-PE,DEL02-PE,UOP01-DEL02-PE
300687.0,2020-08-10,segunda-feira,16:10:00,PE,101,68,RECIFE,Falta de Atenção à Condução,Colisão traseira,Com Vítimas Feridas,Pleno dia,Crescente,Sol,Dupla,Viaduto,Sim,2,0,0,1,0,1,1,2,"-8,05074296","-34,94580619",SPRF-PE,DEL01-PE,UOP01-DEL01-PE
300699.0,2020-08-10,segunda-feira,17:50:00,PE,408,80,PAUDALHO,Desobediência às normas de trânsito pelo condutor,Colisão lateral,Com Vítimas Feridas,Plena Noite,Crescente,Nublado,Dupla,Reta,Não,2,0,1,0,1,0,1,2,"-7,9310439","-35,13844295",SPRF-PE,DEL01-PE,UOP01-DEL01-PE
300791.0,2020-08-07,sexta-feira,17:00:00,PE,232,"243,6",ARCOVERDE,Animais na Pista,Capotamento,Com Vítimas Feridas,Anoitecer,Crescente,Nublado,Simples,Reta,Não,5,0,4,1,0,0,5,1,"-8,41700383","-36,9892481",SPRF-PE,DEL03-PE,UOP02-DEL03-PE
300802.0,2020-05-04,segunda-feira,13:24:00,PE,232,"214,1",PESQUEIRA,Falta de Atenção à Condução,Colisão lateral,Com Vítimas Feridas,Pleno dia,Crescente,Nublado,Simples,Reta,Não,3,0,0,1,0,2,1,3,"-8,3804455","-36,73076279",SPRF-PE,DEL03-PE,UOP02-DEL03-PE
300813.0,2020-08-11,terça-feira,10:20:00,PE,232,519,SALGUEIRO,Desobediência às normas de trânsito pelo condutor,Colisão transversal,Com Vítimas Feridas,Pleno dia,Decrescente,Céu Claro,Simples,Reta,Não,4,0,0,1,3,0,1,2,"-8,062831","-39,215103",SPRF-PE,DEL05-PE,UOP01-DEL05-PE
300912.0,2020-08-11,terça-feira,20:00:00,PE,232,"69,1",GRAVATA,Velocidade Incompatível,Colisão com objeto estático,Sem Vítimas,Plena Noite,Decrescente,Céu Claro,Dupla,Curva,Não,1,0,0,0,1,0,0,1,"-8,17240309","-35,47993595",SPRF-PE,DEL02-PE,UOP02-DEL02PE
301035.0,2020-08-12,quarta-feira,12:30:00,PE,101,35,IGARASSU,Condutor Dormindo,Capotamento,Com Vítimas Feridas,Pleno dia,Crescente,Céu Claro,Dupla,Reta,Não,1,0,0,1,0,0,1,1,"-7,77952193","-34,93231384",SPRF-PE,DEL01-PE,UOP02-DEL01-PE
301084.0,2020-08-12,quarta-feira,18:00:00,PE,232,128,CARUARU,Desobediência às normas de trânsito pelo pedestre,Atropelamento de Pedestre,Com Vítimas Feridas,Plena Noite,Decrescente,Céu Claro,Dupla,Reta,Sim,2,0,0,1,1,0,1,2,"-8,30399306","-35,97216301",SPRF-PE,DEL02-PE,UOP03-DEL02-PE
301140.0,2020-08-13,quinta-feira,00:00:00,PE,424,"86,1",GARANHUNS,Ingestão de Álcool,Tombamento,Com Vítimas Feridas,Plena Noite,Crescente,Céu Claro,Simples,Reta;Aclive                   ,Sim,1,0,0,1,0,0,1,1,"-8,86552886","-36,50934159",SPRF-PE,DEL03-PE,UOP01-DEL03-PE
301193.0,2020-08-13,quinta-feira,10:25:00,PE,101,54,PAULISTA,Falta de Atenção à Condução,Colisão frontal,Com Vítimas Feridas,Pleno dia,Crescente,Nublado,Múltipla,Reta,Sim,2,0,1,0,1,0,1,2,"-7,93961103","-34,90356584",SPRF-PE,DEL01-PE,UOP02-DEL01-PE
301197.0,2020-08-13,quinta-feira,10:55:00,PE,408,"78,8",PAUDALHO,Velocidade Incompatível,Colisão com objeto estático,Com Vítimas Fatais,Pleno dia,Decrescente,Chuva,Dupla,Reta,Não,3,1,1,0,0,1,1,2,"-7,926496","-35,148492",SPRF-PE,DEL01-PE,UOP01-DEL01-PE
301203.0,2020-08-13,quinta-feira,11:00:00,PE,232,212,PESQUEIRA,Desobediência às normas de trânsito pelo condutor,Colisão transversal,Com Vítimas Feridas,Pleno dia,Crescente,Céu Claro,Simples,Reta,Não,4,0,4,0,0,0,4,2,"-8,37328104","-36,71376998",SPRF-PE,DEL02-PE,UOP03-DEL02-PE
301208.0,2020-07-26,domingo,11:30:00,PE,101,12,GOIANA,Pista Escorregadia,Colisão com objeto estático,Com Vítimas Feridas,Pleno dia,Crescente,Chuva,Dupla,Curva,Não,2,0,1,0,1,0,1,1,"-7,60243605","-34,9793841",SPRF-PE,DEL01-PE,UOP02-DEL01-PE
301277.0,2020-08-13,quinta-feira,11:20:00,PE,116,38,SALGUEIRO,Ultrapassagem Indevida,Colisão frontal,Com Vítimas Fatais,Pleno dia,Decrescente,Céu Claro,Simples,Reta,Não,3,1,2,0,0,0,2,2,"-8,171147","-39,104897",SPRF-PE,DEL05-PE,UOP01-DEL05-PE
301282.0,2020-08-13,quinta-feira,20:50:00,PE,232,15,JABOATAO DOS GUARARAPES,Ingestão de Álcool,Tombamento,Com Vítimas Feridas,Plena Noite,Crescente,Chuva,Dupla,Curva,Não,1,0,1,0,0,0,1,1,"-8,090563","-35,02732",SPRF-PE,DEL01-PE,UOP01-DEL01-PE
301305.0,2020-08-13,quinta-feira,21:40:00,PE,101,42,IGARASSU,Falta de Atenção à Condução,Colisão com objeto estático,Sem Vítimas,Plena Noite,Crescente,Céu Claro,Múltipla,Reta;Aclive                   ,Sim,2,0,0,0,2,0,0,2,"-7,83887431","-34,91196739",SPRF-PE,DEL01-PE,UOP02-DEL01-PE
301306.0,2020-08-13,quinta-feira,21:00:00,PE,101,"70,8",RECIFE,Velocidade Incompatível,Colisão com objeto estático,Com Vítimas Feridas,Plena Noite,Decrescente,Céu Claro,Múltipla,Reta,Sim,1,0,1,0,0,0,1,1,"-8,06776119","-34,94265074",SPRF-PE,DEL01-PE,UOP01-DEL01-PE
301334.0,2020-08-14,sexta-feira,06:00:00,PE,232,"7,2",RECIFE,Falta de Atenção à Condução,Colisão lateral,Com Vítimas Feridas,Pleno dia,Decrescente,Nublado,Dupla,Reta,Sim,4,0,1,1,2,0,2,3,"-8,074119","-34,963689",SPRF-PE,DEL01-PE,UOP01-DEL01-PE
301356.0,2020-08-14,sexta-feira,08:10:00,PE,232,"4,5",RECIFE,Não guardar distância de segurança,Colisão traseira,Com Vítimas Feridas,Pleno dia,Crescente,Sol,Dupla,Viaduto,Sim,2,0,0,1,1,0,1,2,"-8,066617","-34,94207",SPRF-PE,DEL01-PE,UOP01-DEL01-PE
301391.0,2020-08-14,sexta-feira,11:00:00,PE,101,"89,9",CABO DE SANTO AGOSTINHO,Ingestão de Álcool,Colisão frontal,Com Vítimas Feridas,Pleno dia,Decrescente,Céu Claro,Simples,Reta,Sim,3,0,2,0,1,0,2,2,"-8,22898979","-34,97205734",SPRF-PE,DEL01-PE,UOP03-DEL01-PE
301405.0,2020-08-02,domingo,05:30:00,PE,424,63,CAETES,Defeito Mecânico no Veículo,Incêndio,Sem Vítimas,Amanhecer,Crescente,Garoa/Chuvisco,Simples,Reta,Não,1,0,0,0,1,0,0,1,"-8,745738","-36,68834",SPRF-PE,DEL03-PE,UOP01-DEL03-PE
301421.0,2020-08-14,sexta-feira,14:40:00,PE,101,"64,6",RECIFE,Mal Súbito,Queda de ocupante de veículo,Com Vítimas Feridas,Pleno dia,Decrescente,Céu Claro,Dupla,Ponte,Sim,2,0,0,1,1,0,1,2,"-8,0162921","-34,94045886",SPRF-PE,DEL01-PE,UOP01-DEL01-PE
301425.0,2020-08-14,sexta-feira,15:30:00,PE,101,"50,3",ABREU E LIMA,Falta de Atenção do Pedestre,Atropelamento de Pedestre,Com Vítimas Feridas,Pleno dia,Decrescente,Céu Claro,Múltipla,Reta,Sim,3,0,0,2,1,0,2,2,"-7,90938602","-34,90123228",SPRF-PE,DEL01-PE,UOP02-DEL01-PE
301517.0,2020-08-14,sexta-feira,19:00:00,PE,423,"125,5",PARANATAMA,Falta de Atenção do Pedestre,Atropelamento de Pedestre,Com Vítimas Fatais,Plena Noite,Decrescente,Céu Claro,Múltipla,Declive,Não,5,1,0,0,4,0,0,2,"-8,943312","-36,721176",SPRF-PE,DEL03-PE,UOP01-DEL03-PE
301533.0,2020-08-14,sexta-feira,23:05:00,PE,423,"102,7",GARANHUNS,Falta de Atenção à Condução,Colisão com objeto estático,Sem Vítimas,Plena Noite,Decrescente,Nevoeiro/Neblina,Simples,Aclive,Não,1,0,0,0,0,1,0,1,"-8,87197126","-36,53800093",SPRF-PE,DEL03-PE,UOP01-DEL03-PE
301668.0,2020-08-15,sábado,14:30:00,PE,101,165,JOAQUIM NABUCO,Defeito Mecânico no Veículo,Saída de leito carroçável,Com Vítimas Feridas,Pleno dia,Crescente,Céu Claro,Múltipla,Reta,Não,2,0,1,0,1,0,1,1,"-8,5731423","-35,4809214",SPRF-PE,DEL01-PE,UOP03-DEL01-PE
301669.0,2020-08-15,sábado,16:30:00,PE,428,"189,6",PETROLINA,Ingestão de Álcool,Colisão traseira,Com Vítimas Feridas,Pleno dia,Crescente,Sol,Simples,Reta,Sim,2,0,1,0,1,0,1,2,"-9,37776558","-40,50401688",SPRF-PE,DEL06-PE,UOP01-DEL06-PE
301687.0,2020-08-15,sábado,17:30:00,PE,424,"98,2",GARANHUNS,Falta de Atenção à Condução,Saída de leito carroçável,Com Vítimas Feridas,Plena Noite,Crescente,Nublado,Simples,Curva,Não,1,0,1,0,0,0,1,1,"-8,94248907","-36,50883182",SPRF-PE,DEL03-PE,UOP01-DEL03-PE
301731.0,2020-08-15,sábado,21:20:00,PE,423,"71,2",JUPI,Ingestão de Álcool,Colisão com objeto estático,Sem Vítimas,Plena Noite,Decrescente,Céu Claro,Simples,Reta,Não,1,0,0,0,0,1,0,1,"-8,69250589","-36,41166726",SPRF-PE,DEL03-PE,UOP01-DEL03-PE
301803.0,2020-08-16,domingo,07:45:00,PE,232,"70,5",GRAVATA,Falta de Atenção à Condução,Colisão traseira,Com Vítimas Feridas,Pleno dia,Decrescente,Garoa/Chuvisco,Dupla,Reta,Sim,2,0,0,1,1,0,1,2,"-8,181478","-35,489178",SPRF-PE,DEL02-PE,UOP02-DEL02PE
301812.0,2020-08-16,domingo,09:00:00,PE,101,69,RECIFE,Defeito Mecânico no Veículo,Tombamento,Com Vítimas Feridas,Pleno dia,Crescente,Céu Claro,Simples,Reta,Sim,2,0,0,1,1,0,1,1,"-8,05951606","-34,94581024",SPRF-PE,DEL01-PE,UOP01-DEL01-PE
301848.0,2020-08-16,domingo,10:55:00,PE,101,69,RECIFE,Falta de Atenção à Condução,Colisão transversal,Com Vítimas Feridas,Pleno dia,Crescente,Céu Claro,Múltipla,Reta,Sim,2,0,2,0,0,0,2,2,"-8,063667","-34,944619",SPRF-PE,DEL01-PE,UOP01-DEL01-PE