id,data_inversa,dia_semana,horario,uf,br,km,municipio,causa_acidente,tipo_acidente,classificacao_acidente,fase_dia,sentido_via,condicao_metereologica,tipo_pista,tracado_via,uso_solo,pessoas,mortos,feridos_leves,feridos_graves,ilesos,ignorados,feridos,veiculos,latitude,longitude,regional,delegacia,uop
301861.0,2020-08-16,domingo,13:40:00,PE,101,"45,3",IGARASSU,Falta de Atenção do Pedestre,Atropelamento de Pedestre,Com Vítimas Feridas,Pleno dia,Crescente,Céu Claro,Múltipla,Reta,Sim,2,0,0,2,0,0,2,2,"-7,867178","-34,907143",SPRF-PE,DEL01-PE,UOP02-DEL01-PE
301879.0,2020-08-16,domingo,16:30:00,PE,101,"74,2",RECIFE,Ingestão de Álcool,Saída de leito carroçável,Com Vítimas Fatais,Pleno dia,Crescente,Céu Claro,Dupla,Curva,Sim,2,1,0,0,1,0,0,2,"-8,10146485","-34,94901577",SPRF-PE,DEL01-PE,UOP01-DEL01-PE
301896.0,2020-08-16,domingo,18:15:00,PE,232,"86,5",GRAVATA,Falta de Atenção à Condução,Colisão lateral,Com Vítimas Feridas,Plena Noite,Crescente,Nublado,Dupla,Curva,Não,2,0,0,1,1,0,1,2,"-8,21369904","-35,62703133",SPRF-PE,DEL02-PE,UOP02-DEL02PE
301905.0,2020-08-16,domingo,18:30:00,PE,101,102,CABO DE SANTO AGOSTINHO,Ingestão de Álcool,Colisão frontal,Com Vítimas Feridas,Plena Noite,Decrescente,Ignorado,Simples,Reta,Sim,2,0,2,0,0,0,2,2,"-8,28368856","-35,05795866",SPRF-PE,DEL01-PE,UOP03-DEL01-PE
301921.0,2020-08-16,domingo,19:40:00,PE,101,"126,6",ESCADA,Falta de Atenção do Pedestre,Atropelamento de Pedestre,Com Vítimas Fatais,Plena Noite,Decrescente,Céu Claro,Dupla,Reta,Sim,2,1,0,0,0,1,0,2,"-8,36958202","-35,22919699",SPRF-PE,DEL01-PE,UOP03-DEL01-PE
301925.0,2020-08-16,domingo,19:00:00,PE,101,"70,5",RECIFE,Falta de Atenção à Condução,Colisão transversal,Com Vítimas Feridas,Plena Noite,Decrescente,Céu Claro,Dupla,Reta,Não,4,0,1,0,1,2,1,3,"-8,072192","-34,94246",SPRF-PE,DEL01-PE,UOP01-DEL01-PE
301954.0,2020-08-16,domingo,23:30:00,PE,232,196,SANHARO,Ultrapassagem Indevida,Colisão lateral,Com Vítimas Feridas,Plena Noite,Crescente,Céu Claro,Simples,Reta,Não,4,0,1,1,1,1,2,3,"-8,36842483","-36,57130201",SPRF-PE,DEL02-PE,UOP03-DEL02-PE
302000.0,2020-08-17,segunda-feira,06:45:00,PE,232,160,TACAIMBO,Falta de Atenção à Condução,Colisão transversal,Com Vítimas Feridas,Pleno dia,Crescente,Garoa/Chuvisco,Simples,Reta,Não,2,0,0,1,1,0,1,2,"-8,33165566","-36,25343502",SPRF-PE,DEL02-PE,UOP03-DEL02-PE
302005.0,2020-08-17,segunda-feira,07:15:00,PE,101,"83,2",JABOATAO DOS GUARARAPES,Falta de Atenção à Condução,Colisão traseira,Sem Vítimas,Pleno dia,Crescente,Céu Claro,Dupla,Viaduto,Sim,2,0,0,0,1,1,0,2,"-8,175172","-34,942642",SPRF-PE,DEL01-PE,UOP03-DEL01-PE
302013.0,2020-08-17,segunda-feira,08:45:00,PE,232,"6,3",RECIFE,Não guardar distância de segurança,Colisão traseira,Com Vítimas Feridas,Pleno dia,Decrescente,Céu Claro,Dupla,Reta,Sim,4,0,0,2,2,0,2,2,"-8,07079525","-34,9535389",SPRF-PE,DEL01-PE,UOP01-DEL01-PE
302030.0,2020-08-17,segunda-feira,09:30:00,PE,101,"80,1",JABOATAO DOS GUARARAPES,Desobediência às normas de trânsito pelo condutor,Colisão transversal,Com Vítimas Feridas,Pleno dia,Crescente,Céu Claro,Dupla,Retorno Regulamentado;Reta    ,Sim,2,0,1,0,1,0,1,2,"-8,152484","-34,942786",SPRF-PE,DEL01-PE,UOP03-DEL01-PE
302092.0,2020-08-17,segunda-feira,18:05:00,PE,232,"201,3",PESQUEIRA,Falta de Atenção à Condução,Colisão lateral,Com Vítimas Feridas,Pleno dia,Crescente,Nublado,Simples,Reta,Não,2,0,0,1,1,0,1,2,"-8,371023","-36,619522",SPRF-PE,DEL02-PE,UOP03-DEL02-PE
302163.0,2020-08-18,terça-feira,08:40:00,PE,232,"102,2",BEZERROS,Falta de Atenção à Condução,Saída de leito carroçável,Com Vítimas Feridas,Pleno dia,Crescente,Céu Claro,Dupla,Reta,Sim,4,0,2,0,2,0,2,1,"-8,24710671","-35,75844018",SPRF-PE,DEL02-PE,UOP03-DEL02-PE
302173.0,2020-08-18,terça-feira,09:00:00,PE,101,"92,5",CABO DE SANTO AGOSTINHO,Falta de Atenção à Condução,Colisão transversal,Com Vítimas Feridas,Pleno dia,Decrescente,Céu Claro,Simples,Reta,Não,2,0,0,1,1,0,1,2,"-8,244419","-34,991888",SPRF-PE,DEL01-PE,UOP03-DEL01-PE
302214.0,2020-07-31,sexta-feira,06:50:00,PE,101,87,JABOATAO DOS GUARARAPES,Falta de Atenção à Condução,Colisão traseira,Com Vítimas Feridas,Pleno dia,Crescente,Céu Claro,Dupla,Reta,Sim,4,0,2,0,2,0,2,3,"-8,208043","-34,962724",SPRF-PE,DEL01-PE,UOP03-DEL01-PE
302271.0,2020-08-18,terça-feira,15:30:00,PE,,,JABOATAO DOS GUARARAPES,Falta de Atenção à Condução,Colisão traseira,Sem Vítimas,Pleno dia,Não Informado,Céu Claro,Simples,Reta,Sim,2,0,0,0,2,0,0,2,"-8,157597","-34,933125",SPRF-PE,DEL01-PE,UOP01-DEL01-PE
302299.0,2020-08-18,terça-feira,21:45:00,PE,232,410,SERRA TALHADA,Desobediência às normas de trânsito pelo condutor,Colisão transversal,Com Vítimas Feridas,Plena Noite,Crescente,Céu Claro,Simples,Reta,Sim,2,0,1,0,1,0,1,2,"-7,98261841","-38,30039606",SPRF-PE,DEL04-PE,UOP01-DEL04-PE
302301.0,2020-08-18,terça-feira,23:10:00,PE,232,"118,8",CARUARU,Falta de Atenção à Condução,Saída de leito carroçável,Com Vítimas Fatais,Plena Noite,Decrescente,Céu Claro,Dupla,Reta,Não,5,1,2,2,0,0,4,1,"-8,29431633","-35,88437194",SPRF-PE,DEL02-PE,UOP03-DEL02-PE
302346.0,2020-08-19,quarta-feira,08:50:00,PE,101,72,RECIFE,Não guardar distância de segurança,Colisão traseira,Com Vítimas Feridas,Pleno dia,Decrescente,Céu Claro,Dupla,Reta,Sim,2,0,1,0,0,1,1,2,"-8,08493106","-34,9450639",SPRF-PE,DEL01-PE,UOP01-DEL01-PE
302352.0,2020-08-19,quarta-feira,12:15:00,PE,232,"214,9",PESQUEIRA,Ultrapassagem Indevida,Saída de leito carroçável,Com Vítimas Feridas,Pleno dia,Crescente,Céu Claro,Simples,Reta,Não,5,0,3,1,1,0,4,1,"-8,3804455","-36,73076279",SPRF-PE,DEL03-PE,UOP02-DEL03-PE
302497.0,2020-07-27,segunda-feira,06:00:00,PE,104,104,CUPIRA,Desobediência às normas de trânsito pelo condutor,Colisão frontal,Com Vítimas Feridas,Pleno dia,Decrescente,Céu Claro,Simples,Interseção de Vias,Não,2,0,0,1,1,0,1,2,"-8,597464","-35,957893",SPRF-PE,DEL02-PE,UOP01-DEL02-PE
302520.0,2020-08-20,quinta-feira,12:50:00,PE,232,112,BEZERROS,Velocidade Incompatível,Colisão com objeto estático,Com Vítimas Feridas,Pleno dia,Crescente,Sol,Dupla,Reta,Sim,1,0,1,0,0,0,1,1,"-8,29729696","-35,83146101",SPRF-PE,DEL02-PE,UOP03-DEL02-PE
302521.0,2020-06-01,segunda-feira,15:37:00,PE,407,"123,9",PETROLINA,Ultrapassagem Indevida,Colisão traseira,Com Vítimas Feridas,Pleno dia,Crescente,Céu Claro,Simples,Reta,Sim,2,0,0,1,0,1,1,2,"-9,372924","-40,539255",SPRF-PE,DEL06-PE,UOP01-DEL06-PE
302639.0,2020-08-21,sexta-feira,06:00:00,PE,232,"86,7",GRAVATA,Falta de Atenção à Condução,Saída de leito carroçável,Com Vítimas Feridas,Pleno dia,Crescente,Céu Claro,Dupla,Curva,Não,1,0,0,1,0,0,1,1,"-8,21366718","-35,62707424",SPRF-PE,DEL02-PE,UOP02-DEL02PE
302677.0,2020-08-21,sexta-feira,10:00:00,PE,232,"198,1",SANHARO,Condutor Dormindo,Colisão frontal,Com Vítimas Fatais,Pleno dia,Crescente,Sol,Simples,Reta,Não,7,1,6,0,0,0,6,2,"-8,36941743","-36,58942097",SPRF-PE,DEL02-PE,UOP03-DEL02-PE
302688.0,2020-08-21,sexta-feira,10:45:00,PE,232,"5,5",RECIFE,Não guardar distância de segurança,Engavetamento,Com Vítimas Feridas,Pleno dia,Decrescente,Nublado,Dupla,Reta,Sim,5,0,1,0,4,0,1,5,"-8,070005","-34,951022",SPRF-PE,DEL01-PE,UOP01-DEL01-PE
302722.0,2020-08-21,sexta-feira,14:40:00,PE,101,"73,9",RECIFE,Não guardar distância de segurança,Colisão traseira,Com Vítimas Feridas,Pleno dia,Crescente,Céu Claro,Dupla,Reta,Sim,2,0,1,0,1,0,1,2,"-8,093369","-34,947464",SPRF-PE,DEL01-PE,UOP01-DEL01-PE
302737.0,2020-08-21,sexta-feira,16:00:00,PE,232,127,CARUARU,Falta de Atenção do Pedestre,Atropelamento de Pedestre,Com Vítimas Fatais,Pleno dia,Decrescente,Céu Claro,Dupla,Reta,Sim,2,1,0,0,1,0,0,2,"-8,30610303","-35,96342301",SPRF-PE,DEL02-PE,UOP03-DEL02-PE
302843.0,2020-08-22,sábado,00:20:00,PE,101,"51,7",PAULISTA,Animais na Pista,Atropelamento de Animal,Com Vítimas Feridas,Plena Noite,Crescente,Céu Claro,Múltipla,Reta,Sim,1,0,1,0,0,0,1,1,"-7,9169968","-34,89689272",SPRF-PE,DEL01-PE,UOP02-DEL01-PE
302885.0,2020-08-21,sexta-feira,17:00:00,PE,232,405,SERRA TALHADA,Defeito na Via,Danos eventuais,Sem Vítimas,Pleno dia,Decrescente,Céu Claro,Simples,Reta,Não,1,0,0,0,1,0,0,1,"-7,98895584","-38,25355016",SPRF-PE,DEL04-PE,UOP01-DEL04-PE
302989.0,2020-08-22,sábado,18:25:00,PE,101,"67,5",RECIFE,Desobediência às normas de trânsito pelo pedestre,Atropelamento de Pedestre,Com Vítimas Feridas,Plena Noite,Decrescente,Nublado,Dupla,Reta,Sim,3,0,3,0,0,0,3,2,"-8,046964","-34,944865",SPRF-PE,DEL01-PE,UOP01-DEL01-PE
303083.0,2020-08-22,sábado,23:55:00,PE,232,133,CARUARU,Velocidade Incompatível,Colisão com objeto estático,Com Vítimas Feridas,Plena Noite,Decrescente,Céu Claro,Dupla,Reta,Não,1,0,1,0,0,0,1,1,"-8,30607988","-36,01576003",SPRF-PE,DEL02-PE,UOP03-DEL02-PE
303144.0,2020-08-23,domingo,13:30:00,PE,408,102,SAO LOURENCO DA MATA,Defeito Mecânico no Veículo,Colisão com objeto estático,Com Vítimas Feridas,Pleno dia,Decrescente,Céu Claro,Dupla,Reta,Não,3,0,2,0,1,0,2,1,"-8,05323195","-35,00247996",SPRF-PE,DEL01-PE,UOP01-DEL01-PE
303169.0,2020-08-23,domingo,16:50:00,PE,101,"44,6",IGARASSU,Falta de Atenção à Condução,Colisão traseira,Com Vítimas Feridas,Pleno dia,Decrescente,Céu Claro,Múltipla,Reta,Sim,3,0,0,1,2,0,1,2,"-7,85637001","-34,90842109",SPRF-PE,DEL01-PE,UOP02-DEL01-PE
303188.0,2020-08-23,domingo,18:20:00,PE,116,24,SALGUEIRO,Desobediência às normas de trânsito pelo condutor,Colisão frontal,Com Vítimas Feridas,Plena Noite,Decrescente,Céu Claro,Simples,Reta,Sim,2,0,0,1,0,1,1,2,"-8,052562","-39,13718",SPRF-PE,DEL05-PE,UOP01-DEL05-PE
303222.0,2020-08-23,domingo,19:20:00,PE,232,110,BEZERROS,Ingestão de Álcool,Saída de leito carroçável,Com Vítimas Feridas,Plena Noite,Crescente,Céu Claro,Dupla,Curva,Não,1,0,1,0,0,0,1,1,"-8,28634529","-35,81755579",SPRF-PE,DEL02-PE,UOP03-DEL02-PE
303291.0,2020-08-24,segunda-feira,03:10:00,PE,232,110,BEZERROS,Velocidade Incompatível,Saída de leito carroçável,Com Vítimas Feridas,Plena Noite,Crescente,Céu Claro,Dupla,Curva,Não,1,0,1,0,0,0,1,1,"-8,28634529","-35,81755579",SPRF-PE,DEL02-PE,UOP03-DEL02-PE
303303.0,2020-08-24,segunda-feira,03:30:00,PE,423,"154,6",AGUAS BELAS,Ingestão de Álcool,Colisão com objeto estático,Com Vítimas Fatais,Plena Noite,Decrescente,Ignorado,Simples,Ponte;Reta                    ,Não,5,1,0,4,0,0,4,1,"-9,0566026","-36,93412423",SPRF-PE,DEL03-PE,UOP01-DEL03-PE
303342.0,2020-08-24,segunda-feira,07:40:00,PE,232,483,VERDEJANTE,Velocidade Incompatível,Colisão com objeto estático,Com Vítimas Feridas,Pleno dia,Decrescente,Céu Claro,Simples,Reta,Não,2,0,2,0,0,0,2,1,"-8,007274","-38,917287",SPRF-PE,DEL05-PE,UOP01-DEL05-PE
303346.0,2020-08-24,segunda-feira,10:00:00,PE,104,"46,5",CARUARU,Condutor Dormindo,Tombamento,Com Vítimas Feridas,Pleno dia,Decrescente,Céu Claro,Dupla,Curva,Não,1,0,0,1,0,0,1,1,"-8,1272","-35,9943",SPRF-PE,DEL02-PE,UOP01-DEL02-PE
303387.0,2020-08-24,segunda-feira,13:00:00,PE,101,100,CABO DE SANTO AGOSTINHO,Velocidade Incompatível,Colisão traseira,Com Vítimas Feridas,Pleno dia,Decrescente,Céu Claro,Dupla,Reta,Sim,4,0,1,0,3,0,1,4,"-8,26699309","-35,05234386",SPRF-PE,DEL01-PE,UOP03-DEL01-PE
303433.0,2020-08-24,segunda-feira,18:40:00,PE,101,"90,8",CABO DE SANTO AGOSTINHO,Falta de Atenção do Pedestre,Atropelamento de Pedestre,Com Vítimas Feridas,Plena Noite,Decrescente,Céu Claro,Dupla,Interseção de Vias,Sim,2,0,1,0,1,0,1,2,"-8,23820576","-34,98336057",SPRF-PE,DEL01-PE,UOP03-DEL01-PE
303503.0,2020-08-25,terça-feira,06:40:00,PE,232,136,CARUARU,Velocidade Incompatível,Colisão traseira,Com Vítimas Feridas,Pleno dia,Crescente,Céu Claro,Dupla,Reta,Não,6,0,1,4,1,0,5,3,"-8,31339932","-36,04175591",SPRF-PE,DEL02-PE,UOP03-DEL02-PE
303512.0,2020-08-25,terça-feira,07:30:00,PE,101,44,IGARASSU,Falta de Atenção à Condução,Colisão transversal,Com Vítimas Feridas,Pleno dia,Crescente,Céu Claro,Múltipla,Reta,Sim,2,0,1,0,1,0,1,2,"-7,85637001","-34,90842109",SPRF-PE,DEL01-PE,UOP02-DEL01-PE
303549.0,2020-08-25,terça-feira,09:30:00,PE,232,"5,2",RECIFE,Não guardar distância de segurança,Colisão traseira,Com Vítimas Feridas,Pleno dia,Decrescente,Céu Claro,Simples,Curva,Sim,3,0,1,0,2,0,1,2,"-8,069222","-34,947712",SPRF-PE,DEL01-PE,UOP01-DEL01-PE
303577.0,2020-08-25,terça-feira,13:25:00,PE,101,178,JOAQUIM NABUCO,Defeito Mecânico no Veículo,Capotamento,Com Vítimas Feridas,Pleno dia,Crescente,Sol,Dupla,Curva,Não,3,0,2,0,1,0,2,1,"-8,62108477","-35,55116105",SPRF-PE,DEL01-PE,UOP03-DEL01-PE
303606.0,2020-08-25,terça-feira,17:30:00,PE,101,73,RECIFE,Desobediência às normas de trânsito pelo condutor,Tombamento,Com Vítimas Feridas,Anoitecer,Crescente,Nublado,Dupla,Reta,Sim,1,0,1,0,0,0,1,1,"-8,080456","-34,943345",SPRF-PE,DEL01-PE,UOP01-DEL01-PE
303628.0,2020-08-25,terça-feira,20:00:00,PE,101,"128,4",ESCADA,Ingestão de Álcool,Colisão traseira,Com Vítimas Feridas,Plena Noite,Decrescente,Céu Claro,Dupla,Reta,Sim,2,0,1,0,0,1,1,2,"-8,37986492","-35,24406405",SPRF-PE,DEL01-PE,UOP03-DEL01-PE
303635.0,2020-08-25,terça-feira,13:15:00,PE,232,"27,1",MORENO,Agressão Externa,Danos eventuais,Sem Vítimas,Pleno dia,Decrescente,Céu Claro,Dupla,Curva,Não,1,0,0,0,1,0,0,1,"-8,114378","-35,127624",SPRF-PE,DEL02-PE,UOP02-DEL02PE
303774.0,2020-08-26,quarta-feira,16:30:00,PE,101,49,ABREU E LIMA,Ingestão de Álcool,Colisão traseira,Sem Vítimas,Pleno dia,Decrescente,Vento,Múltipla,Declive,Sim,3,0,0,0,3,0,0,2,"-7,9005152","-34,90180641",SPRF-PE,DEL01-PE,UOP02-DEL01-PE
303783.0,2020-08-26,quarta-feira,18:20:00,PE,101,102,CABO DE SANTO AGOSTINHO,Ingestão de Álcool,Colisão frontal,Com Vítimas Fatais,Plena Noite,Decrescente,Céu Claro,Simples,Reta,Não,3,1,0,0,0,2,0,2,"-8,28368856","-35,05795866",SPRF-PE,DEL01-PE,UOP03-DEL01-PE
303846.0,2020-08-27,quinta-feira,07:00:00,PE,101,156,RIBEIRAO,Desobediência às normas de trânsito pelo condutor,Colisão traseira,Com Vítimas Feridas,Pleno dia,Decrescente,Céu Claro,Dupla,Reta;Interseção de Vias       ,Não,2,0,1,0,1,0,1,2,"-8,54597711","-35,39140871",SPRF-PE,DEL01-PE,UOP03-DEL01-PE
303879.0,2020-08-27,quinta-feira,11:00:00,PE,101,"87,1",JABOATAO DOS GUARARAPES,Desobediência às normas de trânsito pelo condutor,Colisão lateral,Com Vítimas Feridas,Pleno dia,Decrescente,Sol,Simples,Reta,Sim,3,0,0,1,2,0,1,3,"-8,19120206","-34,97449985",SPRF-PE,DEL01-PE,UOP03-DEL01-PE
303924.0,2020-08-27,quinta-feira,16:25:00,PE,101,"69,3",RECIFE,Falta de Atenção à Condução,Tombamento,Com Vítimas Feridas,Pleno dia,Decrescente,Céu Claro,Dupla,Reta,Sim,1,0,1,0,0,0,1,1,"-8,05951606","-34,94581024",SPRF-PE,DEL01-PE,UOP01-DEL01-PE
304051.0,2020-08-28,sexta-feira,08:15:00,PE,232,409,SERRA TALHADA,Falta de Atenção à Condução,Colisão traseira,Com Vítimas Feridas,Pleno dia,Crescente,Céu Claro,Simples,Declive,Sim,4,0,1,0,2,1,1,2,"-7,98371447","-38,28047709",SPRF-PE,DEL04-PE,UOP01-DEL04-PE
304082.0,2020-08-28,sexta-feira,12:00:00,PE,101,170,AGUA PRETA,Defeito Mecânico no Veículo,Incêndio,Sem Vítimas,Pleno dia,Crescente,Céu Claro,Dupla,Reta,Não,1,0,0,0,1,0,0,1,"-8,58185098","-35,49672702",SPRF-PE,DEL01-PE,UOP03-DEL01-PE
304119.0,2020-08-28,sexta-feira,17:40:00,PE,101,"69,3",RECIFE,Desobediência às normas de trânsito pelo condutor,Tombamento,Com Vítimas Feridas,Anoitecer,Crescente,Céu Claro,Múltipla,Curva,Sim,1,0,0,1,0,0,1,1,"-8,05951606","-34,94581024",SPRF-PE,DEL01-PE,UOP01-DEL01-PE
304148.0,2020-08-28,sexta-feira,19:35:00,PE,408,"55,9",NAZARE DA MATA,Falta de Atenção à Condução,Colisão transversal,Com Vítimas Feridas,Plena Noite,Decrescente,Céu Claro,Simples,Reta,Não,8,0,7,0,1,0,7,2,"-7,779118","-35,238811",SPRF-PE,DEL01-PE,UOP01-DEL01-PE
304161.0,2020-08-28,sexta-feira,20:15:00,PE,101,"68,5",RECIFE,Mal Súbito,Colisão traseira,Com Vítimas Feridas,Plena Noite,Crescente,Céu Claro,Dupla,Declive,Sim,2,0,1,0,1,0,1,2,"-8,05074296","-34,94580619",SPRF-PE,DEL01-PE,UOP01-DEL01-PE
304191.0,2020-08-28,sexta-feira,22:25:00,PE,101,66,RECIFE,Falta de Atenção à Condução,Colisão lateral,Com Vítimas Feridas,Plena Noite,Decrescente,Céu Claro,Dupla,Reta,Sim,3,0,1,0,1,1,1,3,"-8,03368534","-34,94184125",SPRF-PE,DEL01-PE,UOP01-DEL01-PE
304260.0,2020-08-29,sábado,07:00:00,PE,101,90,CABO DE SANTO AGOSTINHO,Desobediência às normas de trânsito pelo condutor,Colisão transversal,Com Vítimas Feridas,Pleno dia,Crescente,Céu Claro,Simples,Reta,Sim,2,0,1,0,0,1,1,2,"-8,21612792","-34,98772817",SPRF-PE,DEL01-PE,UOP03-DEL01-PE
304305.0,2020-08-29,sábado,09:30:00,PE,101,"149,9",RIBEIRAO,Desobediência às normas de trânsito pelo condutor,Colisão lateral,Com Vítimas Feridas,Pleno dia,Decrescente,Céu Claro,Simples,Reta,Sim,2,0,1,0,1,0,1,2,"-8,49165198","-35,37459703",SPRF-PE,DEL01-PE,UOP03-DEL01-PE
304491.0,2020-08-30,domingo,00:25:00,PE,101,"49,7",ABREU E LIMA,Desobediência às normas de trânsito pelo condutor,Colisão frontal,Sem Vítimas,Plena Noite,Decrescente,Nublado,Simples,Reta,Sim,2,0,0,0,1,1,0,2,"-7,9005152","-34,90180641",SPRF-PE,DEL01-PE,UOP02-DEL01-PE
304506.0,2020-08-30,domingo,04:10:00,PE,101,90,CABO DE SANTO AGOSTINHO,Falta de Atenção à Condução,Colisão lateral,Sem Vítimas,Plena Noite,Crescente,Céu Claro,Simples,Reta,Sim,2,0,0,0,1,1,0,2,"-8,23236509","-34,97653207",SPRF-PE,DEL01-PE,UOP03-DEL01-PE
304637.0,2020-08-30,domingo,17:10:00,PE,104,"43,7",CARUARU,Desobediência às normas de trânsito pelo condutor,Colisão transversal,Com Vítimas Feridas,Anoitecer,Crescente,Céu Claro,Dupla,Reta,Não,3,0,0,2,1,0,2,2,"-8,1133","-36,0155",SPRF-PE,DEL02-PE,UOP01-DEL02-PE
304703.0,2020-08-30,domingo,22:30:00,PE,101,"79,2",JABOATAO DOS GUARARAPES,Restrição de Visibilidade,Atropelamento de Animal,Com Vítimas Feridas,Plena Noite,Crescente,Nublado,Dupla,Reta;Declive                  ,Não,2,0,2,0,0,0,2,1,"-8,14366112","-34,94723453",SPRF-PE,DEL01-PE,UOP01-DEL01-PE
304720.0,2020-08-30,domingo,18:30:00,PE,101,"51,6",ABREU E LIMA,Falta de Atenção à Condução,Colisão transversal,Com Vítimas Feridas,Plena Noite,Crescente,Vento,Múltipla,Reta,Sim,4,0,0,2,2,0,2,2,"-7,9169968","-34,89689272",SPRF-PE,DEL01-PE,UOP02-DEL01-PE
304732.0,2020-08-31,segunda-feira,00:49:00,PE,232,500,VERDEJANTE,Velocidade Incompatível,Capotamento,Com Vítimas Feridas,Plena Noite,Crescente,Céu Claro,Simples,Curva,Não,1,0,0,1,0,0,1,1,"-8,03451981","-39,05420414",SPRF-PE,DEL05-PE,UOP01-DEL05-PE
304786.0,2020-08-31,segunda-feira,09:30:00,PE,101,"48,5",ABREU E LIMA,Desobediência às normas de trânsito pelo pedestre,Atropelamento de Pedestre,Sem Vítimas,Pleno dia,Decrescente,Céu Claro,Múltipla,Reta,Sim,2,0,0,0,1,1,0,2,"-7,89174705","-34,9033493",SPRF-PE,DEL01-PE,UOP02-DEL01-PE
304796.0,2020-08-31,segunda-feira,10:50:00,PE,232,"172,2",BELO JARDIM,Falta de Atenção à Condução,Colisão traseira,Com Vítimas Feridas,Pleno dia,Decrescente,Céu Claro,Simples,Reta,Não,5,0,3,0,2,0,3,4,"-8,33854887","-36,360134",SPRF-PE,DEL02-PE,UOP03-DEL02-PE
304799.0,2020-08-31,segunda-feira,10:50:00,PE,428,154,PETROLINA,Não guardar distância de segurança,Capotamento,Com Vítimas Feridas,Pleno dia,Crescente,Céu Claro,Simples,Reta,Não,1,0,0,1,0,0,1,1,"-9,10087122","-40,32960163",SPRF-PE,DEL06-PE,UOP01-DEL06-PE
304849.0,2020-08-31,segunda-feira,16:00:00,PE,232,146,SAO CAITANO,Velocidade Incompatível,Colisão traseira,Com Vítimas Feridas,Pleno dia,Crescente,Sol,Dupla,Reta,Sim,3,0,1,0,2,0,1,2,"-8,33218974","-36,12904312",SPRF-PE,DEL02-PE,UOP03-DEL02-PE
304863.0,2020-08-15,sábado,21:00:00,PE,424,"87,1",GARANHUNS,Ingestão de Álcool,Atropelamento de Pedestre,Com Vítimas Feridas,Plena Noite,Crescente,Vento,Simples,Interseção de Vias,Sim,2,0,0,1,1,0,1,2,"-8,874289","-36,507607",SPRF-PE,DEL03-PE,UOP01-DEL03-PE
304929.0,2020-09-01,terça-feira,02:40:00,PE,104,"109,1",PANELAS,Animais na Pista,Atropelamento de Animal,Sem Vítimas,Plena Noite,Decrescente,Nublado,Simples,Reta,Não,1,0,0,0,1,0,0,1,"-8,621404","-35,992279",SPRF-PE,DEL02-PE,UOP01-DEL02-PE
304937.0,2020-09-01,terça-feira,05:30:00,PE,232,"10,8",JABOATAO DOS GUARARAPES,Não guardar distância de segurança,Colisão traseira,Sem Vítimas,Amanhecer,Decrescente,Chuva,Dupla,Reta,Sim,2,0,0,0,2,0,0,2,"-8,07917241","-34,98718609",SPRF-PE,DEL01-PE,UOP01-DEL01-PE
305010.0,2020-09-01,terça-feira,14:10:00,PE,232,"177,9",BELO JARDIM,Não guardar distância de segurança,Colisão traseira,Com Vítimas Feridas,Pleno dia,Crescente,Nublado,Simples,Reta,Sim,2,0,1,0,0,1,1,2,"-8,34884045","-36,4032249",SPRF-PE,DEL02-PE,UOP03-DEL02-PE
305061.0,2020-09-01,terça-feira,17:00:00,PE,423,"108,6",PARANATAMA,Falta de Atenção à Condução,Colisão lateral,Com Vítimas Feridas,Pleno dia,Decrescente,Chuva,Simples,Reta,Não,4,0,0,1,3,0,1,2,"-8,88787008","-36,5960598",SPRF-PE,DEL03-PE,UOP01-DEL03-PE
305069.0,2020-09-01,terça-feira,19:40:00,PE,101,"68,9",RECIFE,Não guardar distância de segurança,Colisão traseira,Com Vítimas Feridas,Plena Noite,Decrescente,Chuva,Múltipla,Reta,Sim,4,0,1,0,2,1,1,2,"-8,058549","-34,946055",SPRF-PE,DEL01-PE,UOP01-DEL01-PE
305136.0,2020-09-02,quarta-feira,08:20:00,PE,101,70,RECIFE,Não guardar distância de segurança,Colisão traseira,Com Vítimas Feridas,Pleno dia,Decrescente,Nublado,Dupla,Reta,Sim,3,0,1,0,2,0,1,2,"-8,06776119","-34,94265074",SPRF-PE,DEL01-PE,UOP01-DEL01-PE
305146.0,2020-09-02,quarta-feira,09:00:00,PE,428,"186,2",PETROLINA,Desobediência às normas de trânsito pelo condutor,Colisão traseira,Sem Vítimas,Pleno dia,Crescente,Céu Claro,Simples,Reta,Sim,2,0,0,0,2,0,0,2,"-9,34807826","-40,47441248",SPRF-PE,DEL06-PE,UOP01-DEL06-PE
305202.0,2020-09-02,quarta-feira,15:40:00,PE,116,20,SALGUEIRO,Falta de Atenção à Condução,Colisão traseira,Com Vítimas Feridas,Pleno dia,Decrescente,Céu Claro,Simples,Reta,Não,3,0,2,0,1,0,2,2,"-8,017438","-39,143444",SPRF-PE,DEL05-PE,UOP01-DEL05-PE
305204.0,2020-09-02,quarta-feira,13:45:00,PE,104,"67,7",CARUARU,Não guardar distância de segurança,Capotamento,Sem Vítimas,Pleno dia,Crescente,Céu Claro,Dupla,Reta,Sim,2,0,0,0,2,0,0,1,"-8,3016","-35,9882",SPRF-PE,DEL02-PE,UOP01-DEL02-PE
305233.0,2020-09-02,quarta-feira,17:45:00,PE,101,"64,5",RECIFE,Falta de Atenção do Pedestre,Atropelamento de Pedestre,Com Vítimas Feridas,Plena Noite,Crescente,Céu Claro,Dupla,Reta,Sim,2,0,0,2,0,0,2,2,"-8,021664","-34,942676",SPRF-PE,DEL01-PE,UOP01-DEL01-PE