id,data_inversa,dia_semana,horario,uf,br,km,municipio,causa_acidente,tipo_acidente,classificacao_acidente,fase_dia,sentido_via,condicao_metereologica,tipo_pista,tracado_via,uso_solo,pessoas,mortos,feridos_leves,feridos_graves,ilesos,ignorados,feridos,veiculos,latitude,longitude,regional,delegacia,uop
305308.0,2020-09-03,quinta-feira,05:40:00,PE,232,179,BELO JARDIM,Ultrapassagem Indevida,Colisão frontal,Com Vítimas Feridas,Amanhecer,Crescente,Garoa/Chuvisco,Simples,Reta,Sim,2,0,0,1,1,0,1,2,"-8,34352414","-36,42431259",SPRF-PE,DEL02-PE,UOP03-DEL02-PE
305310.0,2020-09-03,quinta-feira,07:30:00,PE,101,71,RECIFE,Desobediência às normas de trânsito pelo condutor,Colisão transversal,Com Vítimas Feridas,Pleno dia,Decrescente,Chuva,Dupla,Reta,Sim,3,0,1,0,2,0,1,2,"-8,07663102","-34,94277871",SPRF-PE,DEL01-PE,UOP01-DEL01-PE
305350.0,2020-09-03,quinta-feira,11:20:00,PE,428,"139,9",LAGOA GRANDE,Desobediência às normas de trânsito pelo condutor,Colisão transversal,Com Vítimas Feridas,Pleno dia,Decrescente,Céu Claro,Simples,Reta;Interseção de Vias       ,Sim,2,0,1,0,1,0,1,2,"-8,98787563","-40,26256422",SPRF-PE,DEL06-PE,UOP03-DEL06-PE
305363.0,2020-09-02,quarta-feira,14:45:00,PE,316,268,BELEM DE SAO FRANCISCO,Defeito na Via,Danos eventuais,Sem Vítimas,Pleno dia,Decrescente,Céu Claro,Simples,Reta,Não,2,0,0,0,2,0,0,1,"-8,70795366","-38,87816217",SPRF-PE,DEL04-PE,UOP03-DEL04-PE
305437.0,2020-09-03,quinta-feira,19:39:00,PE,101,58,RECIFE,Não guardar distância de segurança,Engavetamento,Com Vítimas Feridas,Plena Noite,Decrescente,Nublado,Dupla,Reta,Não,6,0,1,0,5,0,1,4,"-7,97063209","-34,92064675",SPRF-PE,DEL01-PE,UOP02-DEL01-PE
305439.0,2020-09-03,quinta-feira,19:15:00,PE,101,"70,6",RECIFE,Desobediência às normas de trânsito pelo pedestre,Atropelamento de Pedestre,Com Vítimas Feridas,Plena Noite,Crescente,Céu Claro,Múltipla,Reta,Sim,2,0,1,0,1,0,1,2,"-8,06776119","-34,94265074",SPRF-PE,DEL01-PE,UOP01-DEL01-PE
305444.0,2020-09-03,quinta-feira,19:00:00,PE,232,"197,8",SANHARO,Ingestão de Álcool,Colisão lateral,Com Vítimas Feridas,Plena Noite,Crescente,Céu Claro,Simples,Reta,Não,2,0,0,1,1,0,1,2,"-8,36891793","-36,580362",SPRF-PE,DEL02-PE,UOP03-DEL02-PE
305445.0,2020-09-03,quinta-feira,18:15:00,PE,232,"197,8",SANHARO,Ingestão de Álcool,Colisão traseira,Com Vítimas Feridas,Plena Noite,Crescente,Céu Claro,Simples,Reta,Não,2,0,0,1,1,0,1,2,"-8,36891793","-36,580362",SPRF-PE,DEL02-PE,UOP03-DEL02-PE
305498.0,2020-09-04,sexta-feira,05:55:00,PE,101,54,PAULISTA,Condutor Dormindo,Saída de leito carroçável,Com Vítimas Fatais,Amanhecer,Decrescente,Céu Claro,Dupla,Viaduto;Reta                  ,Não,2,1,0,1,0,0,1,1,"-7,93961103","-34,90356584",SPRF-PE,DEL01-PE,UOP02-DEL01-PE
305505.0,2020-09-04,sexta-feira,05:30:00,PE,104,109,PANELAS,Condutor Dormindo,Saída de leito carroçável,Com Vítimas Fatais,Amanhecer,Crescente,Garoa/Chuvisco,Simples,Reta,Não,1,1,0,0,0,0,0,1,"-8,621404","-35,992279",SPRF-PE,DEL02-PE,UOP01-DEL02-PE
305529.0,2020-08-31,segunda-feira,23:40:00,PE,,,GARANHUNS,Agressão Externa,Colisão traseira,Sem Vítimas,Plena Noite,Não Informado,Nublado,Simples,Reta,Sim,3,0,0,0,3,0,0,2,"-8,882718","-36,479316",SPRF-PE,DEL03-PE,UOP01-DEL03-PE
305533.0,2020-09-04,sexta-feira,08:40:00,PE,232,"159,3",TACAIMBO,Não guardar distância de segurança,Colisão lateral,Com Vítimas Feridas,Pleno dia,Decrescente,Céu Claro,Simples,Reta,Não,2,0,1,0,1,0,1,2,"-8,33108557","-36,24438103",SPRF-PE,DEL02-PE,UOP03-DEL02-PE
305556.0,2020-09-04,sexta-feira,10:45:00,PE,101,68,RECIFE,Falta de Atenção à Condução,Colisão lateral,Com Vítimas Feridas,Pleno dia,Decrescente,Sol,Múltipla,Reta;Declive                  ,Sim,3,0,0,1,1,1,1,3,"-8,05074296","-34,94580619",SPRF-PE,DEL01-PE,UOP01-DEL01-PE
305570.0,2020-09-04,sexta-feira,11:40:00,PE,232,"23,8",MORENO,Velocidade Incompatível,Saída de leito carroçável,Com Vítimas Feridas,Pleno dia,Decrescente,Nublado,Dupla,Reta,Não,6,0,2,1,1,2,3,3,"-8,0992185","-35,09713887",SPRF-PE,DEL02-PE,UOP02-DEL02PE
305572.0,2020-09-04,sexta-feira,11:20:00,PE,407,124,PETROLINA,Desobediência às normas de trânsito pelo condutor,Colisão traseira,Com Vítimas Feridas,Pleno dia,Decrescente,Céu Claro,Simples,Reta,Sim,3,0,2,0,1,0,2,2,"-9,36929881","-40,54137139",SPRF-PE,DEL06-PE,UOP01-DEL06-PE
305575.0,2020-09-04,sexta-feira,11:50:00,PE,232,"211,6",PESQUEIRA,Falta de Atenção à Condução,Colisão transversal,Com Vítimas Feridas,Pleno dia,Decrescente,Céu Claro,Simples,Reta,Sim,2,0,0,1,1,0,1,2,"-8,37220254","-36,71114649",SPRF-PE,DEL02-PE,UOP03-DEL02-PE
305592.0,2020-09-04,sexta-feira,09:20:00,PE,116,"25,3",SALGUEIRO,Falta de Atenção à Condução,Colisão transversal,Com Vítimas Feridas,Pleno dia,Crescente,Céu Claro,Simples,Reta,Sim,2,0,1,0,1,0,1,2,"-8,06812187","-39,13474213",SPRF-PE,DEL05-PE,UOP01-DEL05-PE
305602.0,2020-03-16,segunda-feira,14:20:00,PE,232,129,CARUARU,Falta de Atenção do Pedestre,Atropelamento de Pedestre,Com Vítimas Fatais,Pleno dia,Crescente,Céu Claro,Dupla,Reta,Sim,2,1,0,0,1,0,0,2,"-8,30193507","-35,98092002",SPRF-PE,DEL02-PE,UOP03-DEL02-PE
305619.0,2020-09-04,sexta-feira,15:45:00,PE,408,88,SAO LOURENCO DA MATA,Falta de Atenção à Condução,Saída de leito carroçável,Com Vítimas Feridas,Pleno dia,Crescente,Céu Claro,Dupla,Declive,Sim,1,0,1,0,0,0,1,1,"-7,973988","-35,086504",SPRF-PE,DEL01-PE,UOP01-DEL01-PE
305626.0,2020-09-04,sexta-feira,15:30:00,PE,407,"127,2",PETROLINA,Ingestão de Álcool,Colisão traseira,Sem Vítimas,Pleno dia,Decrescente,Céu Claro,Simples,Reta,Sim,2,0,0,0,2,0,0,2,"-9,3908678","-40,52038627",SPRF-PE,DEL06-PE,UOP01-DEL06-PE
305656.0,2020-09-04,sexta-feira,17:30:00,PE,232,"101,2",BEZERROS,Falta de Atenção à Condução,Colisão frontal,Com Vítimas Feridas,Anoitecer,Crescente,Céu Claro,Simples,Reta,Sim,6,0,1,1,4,0,2,2,"-8,24194679","-35,75097313",SPRF-PE,DEL02-PE,UOP02-DEL02PE
305703.0,2020-09-04,sexta-feira,15:35:00,PE,232,150,SAO CAITANO,Agressão Externa,Danos eventuais,Sem Vítimas,Pleno dia,Crescente,Céu Claro,Simples,Declive,Não,3,0,0,0,3,0,0,1,"-8,33534498","-36,16018474",SPRF-PE,DEL02-PE,UOP03-DEL02-PE
305805.0,2020-09-05,sábado,06:50:00,PE,101,"41,4",IGARASSU,Falta de Atenção à Condução,Saída de leito carroçável,Com Vítimas Feridas,Pleno dia,Decrescente,Céu Claro,Dupla,Curva,Sim,1,0,0,1,0,0,1,1,"-7,83038346","-34,91426785",SPRF-PE,DEL01-PE,UOP02-DEL01-PE
305891.0,2020-09-05,sábado,10:00:00,PE,232,"247,1",ARCOVERDE,Ingestão de Álcool,Saída de leito carroçável,Com Vítimas Feridas,Pleno dia,Decrescente,Nublado,Simples,Reta,Não,1,0,1,0,0,0,1,1,"-8,42267285","-37,02554205",SPRF-PE,DEL03-PE,UOP02-DEL03-PE
305940.0,2020-09-05,sábado,16:30:00,PE,101,101,CABO DE SANTO AGOSTINHO,Falta de Atenção à Condução,Colisão transversal,Com Vítimas Feridas,Pleno dia,Crescente,Céu Claro,Simples,Reta,Sim,2,0,1,0,0,1,1,2,"-8,2757433","-35,05378122",SPRF-PE,DEL01-PE,UOP03-DEL01-PE
305963.0,2020-09-05,sábado,18:30:00,PE,316,"9,1",ARARIPINA,Ultrapassagem Indevida,Colisão frontal,Com Vítimas Fatais,Plena Noite,Crescente,Céu Claro,Simples,Aclive;Curva                  ,Não,2,1,0,0,0,1,0,2,"-7,49328223","-40,59803905",SPRF-PE,DEL05-PE,UOP02-DEL05-PE
306042.0,2020-09-05,sábado,23:25:00,PE,101,"54,5",PAULISTA,Animais na Pista,Atropelamento de Animal,Com Vítimas Feridas,Plena Noite,Crescente,Nublado,Dupla,Reta,Não,3,0,3,0,0,0,3,1,"-7,93961103","-34,90356584",SPRF-PE,DEL01-PE,UOP02-DEL01-PE
306105.0,2020-09-06,domingo,06:15:00,PE,101,"28,3",IGARASSU,Falta de Atenção à Condução,Saída de leito carroçável,Sem Vítimas,Pleno dia,Crescente,Nublado,Dupla,Reta,Não,1,0,0,0,0,1,0,1,"-7,72056385","-34,94127124",SPRF-PE,DEL01-PE,UOP02-DEL01-PE
306124.0,2020-09-06,domingo,10:10:00,PE,423,82,GARANHUNS,Avarias e/ou desgaste excessivo no pneu,Saída de leito carroçável,Com Vítimas Feridas,Pleno dia,Decrescente,Céu Claro,Simples,Reta,Não,1,0,0,1,0,0,1,1,"-8,78236498","-36,43093004",SPRF-PE,DEL03-PE,UOP01-DEL03-PE
306131.0,2020-09-06,domingo,10:00:00,PE,101,"48,7",ABREU E LIMA,Falta de Atenção do Pedestre,Atropelamento de Pedestre,Com Vítimas Feridas,Pleno dia,Decrescente,Céu Claro,Múltipla,Reta,Sim,2,0,1,1,0,0,2,2,"-7,89174705","-34,9033493",SPRF-PE,DEL01-PE,UOP02-DEL01-PE
306164.0,2020-09-06,domingo,14:30:00,PE,423,"55,2",LAJEDO,Desobediência às normas de trânsito pelo condutor,Colisão lateral,Com Vítimas Feridas,Pleno dia,Decrescente,Sol,Simples,Reta,Sim,2,0,1,0,1,0,1,2,"-8,61537298","-36,29867707",SPRF-PE,DEL03-PE,UOP01-DEL03-PE
306217.0,2020-09-06,domingo,18:15:00,PE,424,"85,9",GARANHUNS,Falta de Atenção à Condução,Atropelamento de Pedestre,Com Vítimas Feridas,Plena Noite,Decrescente,Nublado,Simples,Reta,Sim,2,0,0,1,0,1,1,2,"-8,85702308","-36,51218326",SPRF-PE,DEL03-PE,UOP01-DEL03-PE
306231.0,2020-09-06,domingo,18:40:00,PE,232,"21,9",MORENO,Desobediência às normas de trânsito pelo condutor,Colisão frontal,Com Vítimas Feridas,Pleno dia,Decrescente,Nublado,Dupla,Reta,Não,2,0,1,0,1,0,1,2,"-8,09741","-35,086934",SPRF-PE,DEL02-PE,UOP02-DEL02PE
306241.0,2020-09-06,domingo,18:40:00,PE,232,"209,6",PESQUEIRA,Falta de Atenção à Condução,Colisão frontal,Com Vítimas Feridas,Plena Noite,Decrescente,Nublado,Simples,Reta,Sim,2,0,0,1,1,0,1,2,"-8,36666789","-36,68869898",SPRF-PE,DEL02-PE,UOP03-DEL02-PE
306242.0,2020-09-06,domingo,19:20:00,PE,232,"153,4",SAO CAITANO,Desobediência às normas de trânsito pelo condutor,Colisão frontal,Com Vítimas Fatais,Plena Noite,Crescente,Céu Claro,Simples,Reta,Não,3,1,2,0,0,0,2,2,"-8,32760396","-36,190063",SPRF-PE,DEL02-PE,UOP03-DEL02-PE
306244.0,2020-09-06,domingo,19:00:00,PE,423,"62,4",LAJEDO,Velocidade Incompatível,Colisão traseira,Com Vítimas Fatais,Plena Noite,Crescente,Céu Claro,Simples,Reta,Sim,3,1,0,1,0,1,1,2,"-8,65805731","-36,32866993",SPRF-PE,DEL03-PE,UOP01-DEL03-PE
306310.0,2020-09-07,segunda-feira,00:30:00,PE,407,"127,6",PETROLINA,Ingestão de Álcool,Queda de ocupante de veículo,Com Vítimas Feridas,Plena Noite,Decrescente,Céu Claro,Simples,Reta,Sim,1,0,0,1,0,0,1,1,"-9,39287168","-40,51454186",SPRF-PE,DEL06-PE,UOP01-DEL06-PE
306320.0,2020-09-07,segunda-feira,02:40:00,PE,104,70,CARUARU,Ingestão de Álcool,Colisão traseira,Sem Vítimas,Plena Noite,Crescente,Nublado,Dupla,Reta,Não,2,0,0,0,2,0,0,2,"-8,3264","-35,9852",SPRF-PE,DEL02-PE,UOP01-DEL02-PE
306332.0,2020-09-07,segunda-feira,06:10:00,PE,232,13,JABOATAO DOS GUARARAPES,Não guardar distância de segurança,Saída de leito carroçável,Com Vítimas Feridas,Pleno dia,Crescente,Nublado,Dupla,Reta,Não,2,0,2,0,0,0,2,1,"-8,08831567","-35,01203806",SPRF-PE,DEL01-PE,UOP01-DEL01-PE
306380.0,2020-09-07,segunda-feira,13:20:00,PE,232,407,SERRA TALHADA,Desobediência às normas de trânsito pelo condutor,Colisão com objeto estático,Com Vítimas Fatais,Pleno dia,Crescente,Céu Claro,Simples,Curva,Sim,1,1,0,0,0,0,0,1,"-7,9854402","-38,27148304",SPRF-PE,DEL04-PE,UOP01-DEL04-PE
306416.0,2020-09-07,segunda-feira,16:24:00,PE,232,"10,4",JABOATAO DOS GUARARAPES,Não guardar distância de segurança,Colisão traseira,Com Vítimas Feridas,Pleno dia,Decrescente,Céu Claro,Dupla,Declive;Reta                  ,Sim,3,0,0,1,2,0,1,3,"-8,07917241","-34,98718609",SPRF-PE,DEL01-PE,UOP01-DEL01-PE
306468.0,2020-09-07,segunda-feira,19:20:00,PE,232,"17,4",JABOATAO DOS GUARARAPES,Desobediência às normas de trânsito pelo pedestre,Atropelamento de Pedestre,Com Vítimas Fatais,Plena Noite,Decrescente,Céu Claro,Dupla,Reta,Não,2,1,0,0,0,1,0,2,"-8,09565202","-35,04581599",SPRF-PE,DEL01-PE,UOP01-DEL01-PE
306552.0,2020-09-08,terça-feira,03:00:00,PE,232,"122,7",CARUARU,Velocidade Incompatível,Saída de leito carroçável,Com Vítimas Fatais,Plena Noite,Decrescente,Céu Claro,Dupla,Reta,Não,1,1,0,0,0,0,0,1,"-8,30217741","-35,91946793",SPRF-PE,DEL02-PE,UOP03-DEL02-PE
306561.0,2020-09-08,terça-feira,03:35:00,PE,116,"77,6",CABROBO,Desobediência às normas de trânsito pelo condutor,Colisão lateral,Com Vítimas Feridas,Amanhecer,Crescente,Céu Claro,Simples,Reta,Não,2,0,1,0,1,0,1,2,"-8,499682","-39,209816",SPRF-PE,DEL05-PE,UOP03-DEL05-PE
306577.0,2020-09-08,terça-feira,07:30:00,PE,101,"74,6",RECIFE,Falta de Atenção à Condução,Queda de ocupante de veículo,Com Vítimas Feridas,Pleno dia,Crescente,Sol,Dupla,Reta,Sim,1,0,0,1,0,0,1,1,"-8,10146485","-34,94901577",SPRF-PE,DEL01-PE,UOP01-DEL01-PE
306582.0,2020-09-08,terça-feira,07:40:00,PE,101,"50,8",ABREU E LIMA,Falta de Atenção à Condução,Colisão lateral,Com Vítimas Feridas,Pleno dia,Crescente,Sol,Múltipla,Reta,Sim,2,0,0,1,1,0,1,2,"-7,90938602","-34,90123228",SPRF-PE,DEL01-PE,UOP02-DEL01-PE
306682.0,2020-09-08,terça-feira,18:30:00,PE,232,210,PESQUEIRA,Falta de Atenção à Condução,Colisão lateral,Com Vítimas Feridas,Plena Noite,Decrescente,Céu Claro,Simples,Reta,Sim,2,0,0,2,0,0,2,2,"-8,36537624","-36,69766903",SPRF-PE,DEL02-PE,UOP03-DEL02-PE
306715.0,2020-09-08,terça-feira,22:20:00,PE,101,"42,5",IGARASSU,Condutor Dormindo,Capotamento,Com Vítimas Feridas,Plena Noite,Crescente,Garoa/Chuvisco,Dupla,Reta,Sim,3,0,1,2,0,0,3,1,"-7,83887431","-34,91196739",SPRF-PE,DEL01-PE,UOP02-DEL01-PE
306808.0,2020-09-09,quarta-feira,08:30:00,PE,232,"16,2",JABOATAO DOS GUARARAPES,Condutor Dormindo,Saída de leito carroçável,Com Vítimas Feridas,Pleno dia,Decrescente,Sol,Dupla,Reta,Não,4,0,2,0,2,0,2,1,"-8,094344","-35,039554",SPRF-PE,DEL01-PE,UOP01-DEL01-PE
306882.0,2020-09-09,quarta-feira,16:00:00,PE,316,"295,3",ITACURUBA,Falta de Atenção à Condução,Saída de leito carroçável,Com Vítimas Fatais,Pleno dia,Decrescente,Céu Claro,Simples,Reta,Não,1,1,0,0,0,0,0,1,"-8,62714803","-38,64754299",SPRF-PE,DEL04-PE,UOP03-DEL04-PE
306931.0,2020-09-09,quarta-feira,23:30:00,PE,428,185,PETROLINA,Ingestão de Álcool,Colisão traseira,Com Vítimas Feridas,Plena Noite,Decrescente,Céu Claro,Simples,Reta,Sim,4,0,1,0,3,0,1,2,"-9,34009199","-40,47032001",SPRF-PE,DEL06-PE,UOP01-DEL06-PE
307009.0,2020-09-10,quinta-feira,11:40:00,PE,232,516,SALGUEIRO,Avarias e/ou desgaste excessivo no pneu,Saída de leito carroçável,Com Vítimas Feridas,Pleno dia,Decrescente,Céu Claro,Simples,Reta,Não,1,0,1,0,0,0,1,1,"-8,06595076","-39,18871694",SPRF-PE,DEL05-PE,UOP01-DEL05-PE
307019.0,2020-09-10,quinta-feira,14:00:00,PE,101,51,PAULISTA,Falta de Atenção à Condução,Colisão lateral,Com Vítimas Feridas,Pleno dia,Decrescente,Sol,Simples,Curva,Sim,2,0,0,1,0,1,1,2,"-7,9169968","-34,89689272",SPRF-PE,DEL01-PE,UOP02-DEL01-PE
307022.0,2020-09-10,quinta-feira,08:00:00,PE,104,24,TAQUARITINGA DO NORTE,Desobediência às normas de trânsito pelo condutor,Colisão transversal,Sem Vítimas,Pleno dia,Crescente,Céu Claro,Simples,Curva,Sim,2,0,0,0,0,2,0,2,"-7,977156","-36,103249",SPRF-PE,DEL02-PE,UOP01-DEL02-PE
307023.0,2020-09-10,quinta-feira,15:00:00,PE,232,"108,8",BEZERROS,Falta de Atenção à Condução,Colisão traseira,Com Vítimas Feridas,Pleno dia,Decrescente,Céu Claro,Dupla,Reta,Não,4,0,2,0,2,0,2,2,"-8,27437583","-35,80416315",SPRF-PE,DEL02-PE,UOP03-DEL02-PE
307040.0,2020-09-10,quinta-feira,16:40:00,PE,101,"40,5",IGARASSU,Falta de Atenção do Pedestre,Atropelamento de Pedestre,Com Vítimas Feridas,Pleno dia,Crescente,Céu Claro,Dupla,Reta,Sim,2,0,2,0,0,0,2,2,"-7,82649154","-34,91530549",SPRF-PE,DEL01-PE,UOP02-DEL01-PE
307053.0,2020-09-10,quinta-feira,17:40:00,PE,232,"4,9",RECIFE,Desobediência às normas de trânsito pelo condutor,Colisão transversal,Com Vítimas Feridas,Anoitecer,Decrescente,Nublado,Dupla,Reta,Sim,2,0,0,1,1,0,1,2,"-8,064473","-34,936928",SPRF-PE,DEL01-PE,UOP01-DEL01-PE
307080.0,2020-09-10,quinta-feira,20:00:00,PE,101,82,JABOATAO DOS GUARARAPES,Não guardar distância de segurança,Colisão traseira,Sem Vítimas,Plena Noite,Crescente,Nublado,Dupla,Reta,Sim,2,0,0,0,1,1,0,2,"-8,168383","-34,9376",SPRF-PE,DEL01-PE,UOP03-DEL01-PE
307106.0,2020-09-11,sexta-feira,00:15:00,PE,101,"77,3",RECIFE,Sinalização da via insuficiente ou inadequada,Colisão com objeto estático,Com Vítimas Feridas,Plena Noite,Crescente,Nublado,Dupla,Em Obras,Sim,2,0,1,1,0,0,2,1,"-8,126982","-34,94386",SPRF-PE,DEL01-PE,UOP01-DEL01-PE
307119.0,2020-09-11,sexta-feira,03:30:00,PE,232,"356,1",FLORES,Falta de Atenção à Condução,Capotamento,Com Vítimas Feridas,Plena Noite,Decrescente,Céu Claro,Simples,Curva,Não,3,0,1,1,0,1,2,1,"-8,04849067","-37,84054579",SPRF-PE,DEL04-PE,UOP01-DEL04-PE
307187.0,2020-09-11,sexta-feira,13:30:00,PE,101,88,CABO DE SANTO AGOSTINHO,Desobediência às normas de trânsito pelo condutor,Colisão lateral,Com Vítimas Feridas,Pleno dia,Decrescente,Sol,Dupla,Reta,Não,2,0,1,0,1,0,1,2,"-8,19971387","-34,9785382",SPRF-PE,DEL01-PE,UOP03-DEL01-PE
307207.0,2020-09-11,sexta-feira,16:20:00,PE,408,105,JABOATAO DOS GUARARAPES,Objeto estático sobre o leito carroçável,Colisão com objeto estático,Sem Vítimas,Pleno dia,Decrescente,Céu Claro,Dupla,Retorno Regulamentado,Sim,2,0,0,0,2,0,0,2,"-8,0730937","-34,99190714",SPRF-PE,DEL01-PE,UOP01-DEL01-PE
307246.0,2020-09-11,sexta-feira,18:35:00,PE,428,"188,2",PETROLINA,Não guardar distância de segurança,Colisão traseira,Com Vítimas Feridas,Plena Noite,Crescente,Céu Claro,Dupla,Reta,Sim,3,0,1,0,2,0,1,2,"-9,37575963","-40,49261225",SPRF-PE,DEL06-PE,UOP01-DEL06-PE
307271.0,2020-09-11,sexta-feira,20:00:00,PE,232,"127,6",CARUARU,Velocidade Incompatível,Saída de leito carroçável,Com Vítimas Feridas,Plena Noite,Decrescente,Céu Claro,Dupla,Curva,Sim,1,0,1,0,0,0,1,1,"-8,30536134","-35,96780431",SPRF-PE,DEL02-PE,UOP03-DEL02-PE
307319.0,2020-09-11,sexta-feira,23:00:00,PE,232,"177,1",BELO JARDIM,Animais na Pista,Atropelamento de Animal,Com Vítimas Fatais,Plena Noite,Crescente,Céu Claro,Simples,Reta,Não,5,2,1,2,0,0,3,1,"-8,34884045","-36,4032249",SPRF-PE,DEL02-PE,UOP03-DEL02-PE
307433.0,2020-09-12,sábado,11:35:00,PE,101,"68,3",RECIFE,Falta de Atenção à Condução,Colisão transversal,Com Vítimas Feridas,Pleno dia,Decrescente,Céu Claro,Dupla,Reta,Sim,3,0,1,2,0,0,3,2,"-8,053674","-34,946183",SPRF-PE,DEL01-PE,UOP01-DEL01-PE
307489.0,2020-09-12,sábado,17:50:00,PE,101,"58,6",ABREU E LIMA,Não guardar distância de segurança,Colisão traseira,Com Vítimas Feridas,Anoitecer,Crescente,Céu Claro,Dupla,Reta,Não,5,0,1,0,3,1,1,5,"-7,97063209","-34,92064675",SPRF-PE,DEL01-PE,UOP02-DEL01-PE
307519.0,2020-09-12,sábado,19:00:00,PE,408,"70,9",PAUDALHO,Desobediência às normas de trânsito pelo condutor,Colisão frontal,Com Vítimas Fatais,Plena Noite,Crescente,Céu Claro,Dupla,Reta,Sim,3,1,2,0,0,0,2,2,"-7,87784","-35,184247",SPRF-PE,DEL01-PE,UOP01-DEL01-PE
307535.0,2020-08-25,terça-feira,14:20:00,PE,316,79,OURICURI,Falta de Atenção à Condução,Saída de leito carroçável,Com Vítimas Feridas,Pleno dia,Decrescente,Céu Claro,Simples,Reta,Não,1,0,1,0,0,0,1,1,"-7,85585332","-40,11547828",SPRF-PE,DEL05-PE,UOP02-DEL05-PE
307537.0,2020-09-12,sábado,21:00:00,PE,232,"110,1",BEZERROS,Velocidade Incompatível,Saída de leito carroçável,Com Vítimas Feridas,Plena Noite,Crescente,Céu Claro,Dupla,Retorno Regulamentado,Não,2,0,2,0,0,0,2,1,"-8,28634529","-35,81755579",SPRF-PE,DEL02-PE,UOP03-DEL02-PE
307584.0,2020-09-13,domingo,02:45:00,PE,232,181,BELO JARDIM,Velocidade Incompatível,Atropelamento de Animal,Com Vítimas Fatais,Plena Noite,Crescente,Céu Claro,Simples,Reta,Sim,1,1,0,0,0,0,0,1,"-8,34627974","-36,43776285",SPRF-PE,DEL02-PE,UOP03-DEL02-PE
307594.0,2020-09-13,domingo,04:30:00,PE,101,49,ABREU E LIMA,Ingestão de Álcool,Colisão com objeto estático,Sem Vítimas,Amanhecer,Decrescente,Céu Claro,Simples,Reta,Sim,1,0,0,0,1,0,0,1,"-7,9005152","-34,90180641",SPRF-PE,DEL01-PE,UOP02-DEL01-PE
307637.0,2020-09-13,domingo,08:50:00,PE,232,410,SERRA TALHADA,Desobediência às normas de trânsito pelo condutor,Colisão lateral,Com Vítimas Feridas,Pleno dia,Crescente,Céu Claro,Simples,Reta,Sim,3,0,2,0,1,0,2,2,"-7,98151586","-38,30451965",SPRF-PE,DEL04-PE,UOP01-DEL04-PE
307690.0,2020-09-06,domingo,06:00:00,PE,101,41,IGARASSU,Condutor Dormindo,Saída de leito carroçável,Com Vítimas Feridas,Pleno dia,Decrescente,Céu Claro,Dupla,Curva,Não,1,0,0,1,0,0,1,1,"-7,83038346","-34,91426785",SPRF-PE,DEL01-PE,UOP02-DEL01-PE
307702.0,2020-09-13,domingo,14:20:00,PE,316,66,OURICURI,Defeito Mecânico no Veículo,Incêndio,Sem Vítimas,Pleno dia,Crescente,Céu Claro,Simples,Reta,Não,1,0,0,0,0,1,0,1,"-7,78931549","-40,20951831",SPRF-PE,DEL05-PE,UOP02-DEL05-PE
307704.0,2020-09-13,domingo,15:45:00,PE,232,109,BEZERROS,Desobediência às normas de trânsito pelo condutor,Capotamento,Com Vítimas Fatais,Pleno dia,Crescente,Sol,Dupla,Reta,Não,2,1,0,0,1,0,0,1,"-8,28036785","-35,81085313",SPRF-PE,DEL02-PE,UOP03-DEL02-PE
307797.0,2020-09-13,domingo,22:25:00,PE,232,"81,1",GRAVATA,Desobediência às normas de trânsito pelo condutor,Colisão traseira,Com Vítimas Feridas,Plena Noite,Decrescente,Céu Claro,Dupla,Declive;Reta                  ,Sim,17,0,1,0,15,1,1,3,"-8,197275","-35,580144",SPRF-PE,DEL02-PE,UOP02-DEL02PE
307823.0,2020-09-14,segunda-feira,01:50:00,PE,101,99,CABO DE SANTO AGOSTINHO,Ingestão de Álcool,Saída de leito carroçável,Com Vítimas Feridas,Plena Noite,Decrescente,Chuva,Dupla,Curva,Não,1,0,1,0,0,0,1,1,"-8,26025316","-35,04629883",SPRF-PE,DEL01-PE,UOP03-DEL01-PE
307853.0,2020-09-14,segunda-feira,07:20:00,PE,101,136,ESCADA,Mal Súbito,Saída de leito carroçável,Com Vítimas Feridas,Pleno dia,Decrescente,Céu Claro,Múltipla,Curva;Declive;Retorno Regulame,Não,1,0,1,0,0,0,1,1,"-8,41439454","-35,3044618",SPRF-PE,DEL01-PE,UOP03-DEL01-PE
307910.0,2020-09-14,segunda-feira,13:30:00,PE,101,"90,8",CABO DE SANTO AGOSTINHO,Desobediência às normas de trânsito pelo condutor,Colisão transversal,Com Vítimas Feridas,Pleno dia,Crescente,Céu Claro,Dupla,Reta,Sim,2,0,0,1,1,0,1,2,"-8,21612792","-34,98772817",SPRF-PE,DEL01-PE,UOP03-DEL01-PE
307950.0,2020-09-14,segunda-feira,18:30:00,PE,316,"264,3",BELEM DE SAO FRANCISCO,Desobediência às normas de trânsito pelo condutor,Colisão frontal,Com Vítimas Fatais,Plena Noite,Crescente,Céu Claro,Simples,Reta,Não,5,2,3,0,0,0,3,2,"-8,7246186","-38,9103352",SPRF-PE,DEL05-PE,UOP03-DEL05-PE
307952.0,2020-09-14,segunda-feira,19:30:00,PE,407,122,PETROLINA,Animais na Pista,Colisão frontal,Com Vítimas Feridas,Plena Noite,Crescente,Céu Claro,Simples,Reta,Sim,2,0,1,0,1,0,1,2,"-9,35368726","-40,55051642",SPRF-PE,DEL06-PE,UOP01-DEL06-PE
307957.0,2020-09-14,segunda-feira,19:50:00,PE,232,"7,2",RECIFE,Velocidade Incompatível,Colisão traseira,Com Vítimas Feridas,Plena Noite,Crescente,Céu Claro,Dupla,Reta,Sim,2,0,0,1,1,0,1,2,"-8,07333497","-34,96184301",SPRF-PE,DEL01-PE,UOP01-DEL01-PE