id,data_inversa,dia_semana,horario,uf,br,km,municipio,causa_acidente,tipo_acidente,classificacao_acidente,fase_dia,sentido_via,condicao_metereologica,tipo_pista,tracado_via,uso_solo,pessoas,mortos,feridos_leves,feridos_graves,ilesos,ignorados,feridos,veiculos,latitude,longitude,regional,delegacia,uop
307960.0,2020-07-27,segunda-feira,07:30:00,PE,116,2,SALGUEIRO,Não guardar distância de segurança,Queda de ocupante de veículo,Com Vítimas Feridas,Pleno dia,Decrescente,Céu Claro,Simples,Reta,Não,2,0,0,1,0,1,1,2,"-7,873192","-39,099377",SPRF-PE,DEL05-PE,UOP01-DEL05-PE
307990.0,2020-09-14,segunda-feira,23:25:00,PE,104,87,AGRESTINA,Deficiência ou não Acionamento do Sistema de Iluminação/Sinalização do Veículo,Colisão frontal,Com Vítimas Feridas,Plena Noite,Crescente,Céu Claro,Simples,Reta,Sim,3,0,1,0,1,1,1,2,"-8,454104","-35,945515",SPRF-PE,DEL02-PE,UOP01-DEL02-PE
308015.0,2020-09-15,terça-feira,06:40:00,PE,101,96,CABO DE SANTO AGOSTINHO,Falta de Atenção à Condução,Colisão lateral,Com Vítimas Feridas,Pleno dia,Decrescente,Céu Claro,Múltipla,Declive;Interseção de Vias    ,Sim,2,0,0,1,1,0,1,2,"-8,25146993","-35,021805",SPRF-PE,DEL01-PE,UOP03-DEL01-PE
308118.0,2020-09-15,terça-feira,17:40:00,PE,101,"52,5",PAULISTA,Falta de Atenção à Condução,Colisão transversal,Com Vítimas Feridas,Plena Noite,Decrescente,Céu Claro,Dupla,Reta,Sim,2,0,1,1,0,0,2,2,"-7,92358799","-34,89607201",SPRF-PE,DEL01-PE,UOP02-DEL01-PE
308151.0,2020-09-15,terça-feira,18:00:00,PE,104,71,CARUARU,Falta de Atenção à Condução,Capotamento,Sem Vítimas,Plena Noite,Decrescente,Céu Claro,Dupla,Reta,Não,1,0,0,0,0,1,0,1,"-8,3333","-35,9814",SPRF-PE,DEL02-PE,UOP01-DEL02-PE
308154.0,2020-09-15,terça-feira,20:10:00,PE,408,95,SAO LOURENCO DA MATA,Ingestão de Álcool,Atropelamento de Pedestre,Com Vítimas Feridas,Plena Noite,Crescente,Céu Claro,Dupla,Reta,Não,4,0,0,2,1,1,2,4,"-8,01186091","-35,04237616",SPRF-PE,DEL01-PE,UOP01-DEL01-PE
308207.0,2020-09-16,quarta-feira,06:45:00,PE,408,"99,4",SAO LOURENCO DA MATA,Pista Escorregadia,Saída de leito carroçável,Com Vítimas Feridas,Pleno dia,Crescente,Chuva,Dupla,Aclive,Sim,1,0,1,0,0,0,1,1,"-8,043228","-35,01982",SPRF-PE,DEL01-PE,UOP01-DEL01-PE
308265.0,2020-09-16,quarta-feira,11:45:00,PE,232,"291,4",SERTANIA,Defeito Mecânico no Veículo,Capotamento,Com Vítimas Feridas,Pleno dia,Decrescente,Céu Claro,Simples,Curva,Não,3,0,2,0,1,0,2,1,"-8,29907379","-37,3757158",SPRF-PE,DEL03-PE,UOP02-DEL03-PE
308287.0,2020-09-16,quarta-feira,16:00:00,PE,101,154,RIBEIRAO,Desobediência às normas de trânsito pelo condutor,Colisão transversal,Com Vítimas Fatais,Pleno dia,Decrescente,Sol,Dupla,Curva,Não,2,1,0,0,1,0,0,2,"-8,52860711","-35,38883966",SPRF-PE,DEL01-PE,UOP03-DEL01-PE
308297.0,2020-09-16,quarta-feira,17:15:00,PE,232,"5,9",RECIFE,Falta de Atenção à Condução,Queda de ocupante de veículo,Com Vítimas Feridas,Anoitecer,Crescente,Céu Claro,Dupla,Reta,Sim,1,0,1,0,0,0,1,1,"-8,06795766","-34,94535414",SPRF-PE,DEL01-PE,UOP01-DEL01-PE
308387.0,2020-09-17,quinta-feira,07:20:00,PE,232,"10,5",JABOATAO DOS GUARARAPES,Não guardar distância de segurança,Saída de leito carroçável,Com Vítimas Feridas,Pleno dia,Decrescente,Sol,Dupla,Declive,Sim,1,0,1,0,0,0,1,1,"-8,07917241","-34,98718609",SPRF-PE,DEL01-PE,UOP01-DEL01-PE
308400.0,2020-09-17,quinta-feira,06:30:00,PE,232,413,SERRA TALHADA,Falta de Atenção à Condução,Colisão transversal,Com Vítimas Feridas,Pleno dia,Decrescente,Céu Claro,Simples,Declive;Reta                  ,Sim,3,0,1,1,1,0,2,2,"-7,98857087","-38,32972307",SPRF-PE,DEL04-PE,UOP01-DEL04-PE
308416.0,2020-09-17,quinta-feira,08:20:00,PE,101,91,CABO DE SANTO AGOSTINHO,Desobediência às normas de trânsito pelo pedestre,Atropelamento de Pedestre,Com Vítimas Feridas,Pleno dia,Crescente,Ignorado,Simples,Viaduto,Sim,2,0,1,0,1,0,1,2,"-8,22399812","-34,99290474",SPRF-PE,DEL01-PE,UOP03-DEL01-PE
308530.0,2020-09-17,quinta-feira,21:00:00,PE,101,"68,5",RECIFE,Falta de Atenção à Condução,Colisão lateral,Com Vítimas Feridas,Plena Noite,Crescente,Céu Claro,Múltipla,Reta,Sim,2,0,1,0,1,0,1,2,"-8,055393","-34,946521",SPRF-PE,DEL01-PE,UOP01-DEL01-PE
308533.0,2020-09-17,quinta-feira,17:20:00,PE,101,"80,3",JABOATAO DOS GUARARAPES,Desobediência às normas de trânsito pelo condutor,Colisão frontal,Com Vítimas Feridas,Anoitecer,Decrescente,Céu Claro,Simples,Reta,Não,4,0,1,1,0,2,2,3,"-8,153801","-34,941875",SPRF-PE,DEL01-PE,UOP03-DEL01-PE
308534.0,2020-09-17,quinta-feira,19:55:00,PE,101,69,RECIFE,Falta de Atenção à Condução,Colisão transversal,Sem Vítimas,Plena Noite,Decrescente,Céu Claro,Múltipla,Reta,Sim,2,0,0,0,2,0,0,2,"-8,060279","-34,945595",SPRF-PE,DEL01-PE,UOP01-DEL01-PE
308576.0,2020-09-18,sexta-feira,04:20:00,PE,232,8,RECIFE,Não guardar distância de segurança,Colisão traseira,Com Vítimas Feridas,Amanhecer,Crescente,Céu Claro,Dupla,Reta,Sim,2,0,1,0,1,0,1,2,"-8,07583727","-34,97015791",SPRF-PE,DEL01-PE,UOP01-DEL01-PE
308619.0,2020-09-18,sexta-feira,10:10:00,PE,232,"60,5",POMBOS,Falta de Atenção à Condução,Colisão lateral,Com Vítimas Feridas,Pleno dia,Crescente,Sol,Dupla,Reta,Sim,2,0,0,1,1,0,1,2,"-8,14788448","-35,40768085",SPRF-PE,DEL02-PE,UOP02-DEL02PE
308633.0,2020-09-18,sexta-feira,12:30:00,PE,101,"67,4",RECIFE,Desobediência às normas de trânsito pelo condutor,Colisão lateral,Com Vítimas Feridas,Pleno dia,Decrescente,Céu Claro,Múltipla,Reta;Em Obras                 ,Sim,3,0,2,0,1,0,2,2,"-8,046238","-34,944631",SPRF-PE,DEL01-PE,UOP01-DEL01-PE
308665.0,2020-09-18,sexta-feira,07:45:00,PE,101,76,JABOATAO DOS GUARARAPES,Não guardar distância de segurança,Colisão lateral,Sem Vítimas,Pleno dia,Crescente,Céu Claro,Dupla,Reta,Sim,2,0,0,0,2,0,0,2,"-8,11813811","-34,94329214",SPRF-PE,DEL01-PE,UOP01-DEL01-PE
308692.0,2020-09-18,sexta-feira,18:05:00,PE,232,"144,2",SAO CAITANO,Animais na Pista,Atropelamento de Animal,Com Vítimas Feridas,Anoitecer,Crescente,Céu Claro,Dupla,Reta,Não,2,0,2,0,0,0,2,1,"-8,32597669","-36,11425996",SPRF-PE,DEL02-PE,UOP03-DEL02-PE
308789.0,2020-09-19,sábado,01:40:00,PE,408,"100,5",SAO LOURENCO DA MATA,Velocidade Incompatível,Saída de leito carroçável,Sem Vítimas,Plena Noite,Decrescente,Céu Claro,Múltipla,Reta,Não,1,0,0,0,0,1,0,1,"-8,04557","-35,010108",SPRF-PE,DEL01-PE,UOP01-DEL01-PE
308799.0,2020-09-19,sábado,04:00:00,PE,232,"57,3",POMBOS,Falta de Atenção à Condução,Saída de leito carroçável,Com Vítimas Feridas,Plena Noite,Decrescente,Céu Claro,Dupla,Reta,Não,2,0,1,0,1,0,1,2,"-8,1412132","-35,38181492",SPRF-PE,DEL02-PE,UOP02-DEL02PE
308809.0,2020-09-19,sábado,07:00:00,PE,101,69,RECIFE,Falta de Atenção à Condução,Colisão transversal,Com Vítimas Feridas,Pleno dia,Crescente,Céu Claro,Múltipla,Reta,Sim,2,0,2,0,0,0,2,2,"-8,05951606","-34,94581024",SPRF-PE,DEL01-PE,UOP01-DEL01-PE
308991.0,2020-09-19,sábado,23:00:00,PE,407,"125,4",PETROLINA,Ingestão de Álcool,Colisão lateral,Com Vítimas Feridas,Plena Noite,Decrescente,Céu Claro,Dupla,Reta,Sim,3,0,1,0,2,0,1,3,"-9,38308","-40,52996",SPRF-PE,DEL06-PE,UOP01-DEL06-PE
308999.0,2020-09-19,sábado,18:30:00,PE,428,"143,8",PETROLINA,Ultrapassagem Indevida,Colisão frontal,Com Vítimas Fatais,Plena Noite,Crescente,Céu Claro,Simples,Reta,Não,5,1,1,0,0,3,1,2,"-9,01587908","-40,27936587",SPRF-PE,DEL06-PE,UOP01-DEL06-PE
309016.0,2020-09-20,domingo,02:00:00,PE,232,"412,8",SERRA TALHADA,Desobediência às normas de trânsito pelo condutor,Colisão com objeto estático,Com Vítimas Feridas,Plena Noite,Crescente,Céu Claro,Simples,Ponte,Sim,1,0,0,1,0,0,1,1,"-7,98377927","-38,3208774",SPRF-PE,DEL04-PE,UOP01-DEL04-PE
309022.0,2020-09-20,domingo,03:50:00,PE,101,"55,5",PAULISTA,Condutor Dormindo,Saída de leito carroçável,Com Vítimas Feridas,Amanhecer,Decrescente,Céu Claro,Dupla,Curva,Não,2,0,2,0,0,0,2,1,"-7,9531917","-34,9101485",SPRF-PE,DEL01-PE,UOP02-DEL01-PE
309061.0,2020-09-20,domingo,09:30:00,PE,101,84,JABOATAO DOS GUARARAPES,Desobediência às normas de trânsito pelo condutor,Tombamento,Com Vítimas Feridas,Pleno dia,Crescente,Céu Claro,Dupla,Reta,Não,1,0,1,0,0,0,1,1,"-8,17778559","-34,95087297",SPRF-PE,DEL01-PE,UOP03-DEL01-PE
309086.0,2020-09-20,domingo,12:10:00,PE,104,71,CARUARU,Ultrapassagem Indevida,Saída de leito carroçável,Com Vítimas Feridas,Pleno dia,Crescente,Céu Claro,Simples,Curva,Não,2,0,2,0,0,0,2,1,"-8,3333","-35,9814",SPRF-PE,DEL02-PE,UOP01-DEL02-PE
309104.0,2020-09-20,domingo,14:35:00,PE,428,180,PETROLINA,Ultrapassagem Indevida,Colisão frontal,Com Vítimas Feridas,Pleno dia,Decrescente,Céu Claro,Simples,Reta,Não,2,0,1,0,1,0,1,2,"-9,3001832","-40,44980961",SPRF-PE,DEL06-PE,UOP01-DEL06-PE
309130.0,2020-09-20,domingo,16:50:00,PE,423,59,LAJEDO,Falta de Atenção à Condução,Colisão transversal,Com Vítimas Feridas,Plena Noite,Crescente,Céu Claro,Simples,Reta,Sim,2,0,0,1,1,0,1,2,"-8,64676387","-36,31558317",SPRF-PE,DEL03-PE,UOP01-DEL03-PE
309145.0,2020-09-20,domingo,17:45:00,PE,101,"53,7",PAULISTA,Restrição de Visibilidade,Atropelamento de Pedestre,Com Vítimas Feridas,Anoitecer,Crescente,Céu Claro,Múltipla,Reta,Não,3,0,0,1,1,1,1,3,"-7,93124094","-34,90068606",SPRF-PE,DEL01-PE,UOP02-DEL01-PE
309214.0,2020-09-20,domingo,21:20:00,PE,101,87,CABO DE SANTO AGOSTINHO,Falta de Atenção à Condução,Colisão frontal,Com Vítimas Feridas,Plena Noite,Decrescente,Céu Claro,Simples,Reta,Sim,2,0,1,0,1,0,1,2,"-8,19120206","-34,97449985",SPRF-PE,DEL01-PE,UOP03-DEL01-PE
309235.0,2020-09-20,domingo,23:30:00,PE,101,90,CABO DE SANTO AGOSTINHO,Desobediência às normas de trânsito pelo condutor,Colisão lateral,Com Vítimas Feridas,Plena Noite,Crescente,Nublado,Dupla,Reta,Sim,2,0,1,0,0,1,1,2,"-8,21612792","-34,98772817",SPRF-PE,DEL01-PE,UOP03-DEL01-PE
309271.0,2020-09-20,domingo,18:10:00,PE,101,173,JOAQUIM NABUCO,Animais na Pista,Atropelamento de Animal,Com Vítimas Feridas,Plena Noite,Crescente,Nublado,Dupla,Reta,Não,1,0,1,0,0,0,1,1,"-8,59267042","-35,52108286",SPRF-PE,DEL01-PE,UOP03-DEL01-PE
309290.0,2020-09-21,segunda-feira,08:00:00,PE,232,"6,3",RECIFE,Falta de Atenção à Condução,Engavetamento,Com Vítimas Feridas,Pleno dia,Decrescente,Céu Claro,Dupla,Reta,Não,4,0,1,0,3,0,1,3,"-8,071718","-34,955788",SPRF-PE,DEL01-PE,UOP01-DEL01-PE
309359.0,2020-09-21,segunda-feira,13:00:00,PE,232,79,GRAVATA,Ultrapassagem Indevida,Colisão frontal,Com Vítimas Feridas,Pleno dia,Crescente,Céu Claro,Simples,Reta,Sim,3,0,1,0,1,1,1,3,"-8,19460572","-35,56074803",SPRF-PE,DEL02-PE,UOP02-DEL02PE
309367.0,2020-09-21,segunda-feira,14:15:00,PE,101,"68,5",RECIFE,Defeito na Via,Colisão lateral,Com Vítimas Feridas,Pleno dia,Crescente,Sol,Dupla,Reta,Sim,3,0,2,0,1,0,2,2,"-8,05074296","-34,94580619",SPRF-PE,DEL01-PE,UOP01-DEL01-PE
309397.0,2020-09-21,segunda-feira,15:40:00,PE,101,31,IGARASSU,Falta de Atenção à Condução,Colisão lateral,Com Vítimas Feridas,Pleno dia,Decrescente,Céu Claro,Múltipla,Curva,Não,2,0,1,0,1,0,1,2,"-7,74443874","-34,93872764",SPRF-PE,DEL01-PE,UOP02-DEL01-PE
309439.0,2020-09-21,segunda-feira,19:00:00,PE,428,"180,5",PETROLINA,Animais na Pista,Atropelamento de Animal,Com Vítimas Feridas,Plena Noite,Decrescente,Céu Claro,Simples,Reta,Não,1,0,0,1,0,0,1,1,"-9,30620057","-40,45277596",SPRF-PE,DEL06-PE,UOP01-DEL06-PE
309509.0,2020-09-22,terça-feira,07:40:00,PE,101,81,JABOATAO DOS GUARARAPES,Falta de Atenção à Condução,Atropelamento de Pedestre,Com Vítimas Feridas,Pleno dia,Crescente,Sol,Dupla,Reta,Sim,1,0,1,0,0,0,1,1,"-8,1597489","-34,94024569",SPRF-PE,DEL01-PE,UOP03-DEL01-PE
309546.0,2020-09-22,terça-feira,11:30:00,PE,101,"66,9",RECIFE,Não guardar distância de segurança,Colisão traseira,Com Vítimas Feridas,Pleno dia,Decrescente,Céu Claro,Dupla,Reta,Sim,3,0,1,1,1,0,2,2,"-8,042446","-34,943191",SPRF-PE,DEL01-PE,UOP01-DEL01-PE
309561.0,2020-09-22,terça-feira,13:00:00,PE,101,50,ABREU E LIMA,Falta de Atenção à Condução,Colisão traseira,Com Vítimas Feridas,Pleno dia,Decrescente,Sol,Múltipla,Reta,Sim,2,0,1,0,1,0,1,2,"-7,90938602","-34,90123228",SPRF-PE,DEL01-PE,UOP02-DEL01-PE
309564.0,2020-09-22,terça-feira,12:10:00,PE,232,408,SERRA TALHADA,Desobediência às normas de trânsito pelo condutor,Colisão lateral,Com Vítimas Feridas,Pleno dia,Decrescente,Sol,Simples,Reta,Sim,2,0,1,0,1,0,1,2,"-7,98371447","-38,28047709",SPRF-PE,DEL04-PE,UOP01-DEL04-PE
309674.0,2020-09-23,quarta-feira,01:30:00,PE,408,"49,9",NAZARE DA MATA,Animais na Pista,Atropelamento de Animal,Com Vítimas Feridas,Plena Noite,Decrescente,Nublado,Simples,Aclive,Não,3,0,1,2,0,0,3,1,"-7,72110607","-35,2389439",SPRF-PE,DEL01-PE,UOP01-DEL01-PE
309687.0,2020-09-23,quarta-feira,06:40:00,PE,101,76,RECIFE,Sinalização da via insuficiente ou inadequada,Colisão transversal,Com Vítimas Feridas,Pleno dia,Crescente,Céu Claro,Dupla,Reta,Sim,1,0,1,0,0,0,1,1,"-8,11813811","-34,94329214",SPRF-PE,DEL01-PE,UOP01-DEL01-PE
309737.0,2020-09-23,quarta-feira,09:45:00,PE,423,"112,7",PARANATAMA,Falta de Atenção à Condução,Colisão lateral,Sem Vítimas,Pleno dia,Decrescente,Céu Claro,Simples,Reta,Não,2,0,0,0,2,0,0,2,"-8,89529604","-36,62527899",SPRF-PE,DEL03-PE,UOP01-DEL03-PE
309745.0,2020-09-23,quarta-feira,13:15:00,PE,101,103,CABO DE SANTO AGOSTINHO,Desobediência às normas de trânsito pelo condutor,Colisão transversal,Sem Vítimas,Pleno dia,Decrescente,Céu Claro,Dupla,Reta,Sim,2,0,0,0,2,0,0,2,"-8,29749358","-35,06342411",SPRF-PE,DEL01-PE,UOP03-DEL01-PE
309757.0,2020-09-23,quarta-feira,14:00:00,PE,232,"86,7",GRAVATA,Defeito Mecânico no Veículo,Incêndio,Sem Vítimas,Pleno dia,Decrescente,Céu Claro,Dupla,Reta,Não,1,0,0,0,1,0,0,1,"-8,21286855","-35,62011813",SPRF-PE,DEL02-PE,UOP02-DEL02PE
309782.0,2020-09-23,quarta-feira,17:15:00,PE,428,188,PETROLINA,Falta de Atenção à Condução,Colisão traseira,Sem Vítimas,Pleno dia,Decrescente,Céu Claro,Simples,Reta,Sim,2,0,0,0,2,0,0,2,"-9,37577551","-40,49127102",SPRF-PE,DEL06-PE,UOP01-DEL06-PE
309783.0,2020-09-23,quarta-feira,17:30:00,PE,232,"4,8",RECIFE,Não guardar distância de segurança,Colisão lateral,Com Vítimas Feridas,Anoitecer,Crescente,Céu Claro,Dupla,Reta;Declive                  ,Não,2,0,1,0,1,0,1,2,"-8,06840769","-34,94510651",SPRF-PE,DEL01-PE,UOP01-DEL01-PE
309796.0,2020-09-23,quarta-feira,18:20:00,PE,232,"5,8",RECIFE,Falta de Atenção à Condução,Tombamento,Com Vítimas Feridas,Plena Noite,Decrescente,Céu Claro,Dupla,Reta,Sim,1,0,1,0,0,0,1,1,"-8,06795766","-34,94535414",SPRF-PE,DEL01-PE,UOP01-DEL01-PE
309810.0,2020-09-23,quarta-feira,19:30:00,PE,232,5,RECIFE,Não guardar distância de segurança,Colisão lateral,Com Vítimas Feridas,Plena Noite,Decrescente,Céu Claro,Múltipla,Declive,Sim,3,0,2,0,1,0,2,2,"-8,06795766","-34,94535414",SPRF-PE,DEL01-PE,UOP01-DEL01-PE
309818.0,2020-09-23,quarta-feira,20:00:00,PE,101,"82,4",JABOATAO DOS GUARARAPES,Falta de Atenção do Pedestre,Atropelamento de Pedestre,Com Vítimas Feridas,Plena Noite,Decrescente,Céu Claro,Dupla,Curva,Não,2,0,1,0,1,0,1,2,"-8,168383","-34,9376",SPRF-PE,DEL01-PE,UOP03-DEL01-PE
309929.0,2020-09-24,quinta-feira,12:50:00,PE,101,54,PAULISTA,Falta de Atenção à Condução,Colisão lateral,Com Vítimas Feridas,Pleno dia,Decrescente,Sol,Múltipla,Curva,Sim,2,0,1,0,1,0,1,2,"-7,94566586","-34,9044013",SPRF-PE,DEL01-PE,UOP02-DEL01-PE
309948.0,2020-09-24,quinta-feira,14:30:00,PE,408,104,RECIFE,Falta de Atenção à Condução,Colisão traseira,Com Vítimas Feridas,Pleno dia,Crescente,Céu Claro,Dupla,Reta,Sim,4,0,2,0,1,1,2,3,"-8,067693","-34,990675",SPRF-PE,DEL01-PE,UOP01-DEL01-PE
309998.0,2020-09-24,quinta-feira,19:05:00,PE,101,58,RECIFE,Velocidade Incompatível,Colisão traseira,Com Vítimas Feridas,Plena Noite,Decrescente,Céu Claro,Dupla,Reta,Não,6,0,3,0,2,1,3,4,"-7,97063209","-34,92064675",SPRF-PE,DEL01-PE,UOP02-DEL01-PE
310105.0,2020-09-25,sexta-feira,08:00:00,PE,101,90,CABO DE SANTO AGOSTINHO,Desobediência às normas de trânsito pelo condutor,Colisão transversal,Com Vítimas Feridas,Pleno dia,Crescente,Céu Claro,Simples,Interseção de Vias,Sim,2,0,1,0,1,0,1,2,"-8,23234518","-34,97662783",SPRF-PE,DEL01-PE,UOP03-DEL01-PE
310182.0,2020-09-25,sexta-feira,16:50:00,PE,232,509,SALGUEIRO,Falta de Atenção à Condução,Colisão transversal,Com Vítimas Feridas,Pleno dia,Decrescente,Céu Claro,Simples,Reta,Sim,2,0,1,0,1,0,1,2,"-8,06223271","-39,12095006",SPRF-PE,DEL05-PE,UOP01-DEL05-PE
310187.0,2020-09-25,sexta-feira,17:20:00,PE,232,"58,7",POMBOS,Mal Súbito,Saída de leito carroçável,Com Vítimas Feridas,Anoitecer,Crescente,Céu Claro,Dupla,Declive;Ponte;Curva           ,Sim,1,0,0,1,0,0,1,1,"-8,14712433","-35,3972733",SPRF-PE,DEL02-PE,UOP02-DEL02PE
310274.0,2020-09-25,sexta-feira,22:45:00,PE,232,"21,3",MORENO,Condutor Dormindo,Colisão com objeto estático,Com Vítimas Feridas,Plena Noite,Decrescente,Céu Claro,Dupla,Curva,Não,1,0,1,0,0,0,1,1,"-8,09580234","-35,08012588",SPRF-PE,DEL02-PE,UOP02-DEL02PE
310376.0,2020-09-26,sábado,08:10:00,PE,232,39,VITORIA DE SANTO ANTAO,Velocidade Incompatível,Colisão com objeto estático,Sem Vítimas,Pleno dia,Crescente,Céu Claro,Dupla,Curva,Não,1,0,0,0,0,1,0,1,"-8,11725249","-35,2270359",SPRF-PE,DEL02-PE,UOP02-DEL02PE
310378.0,2020-09-26,sábado,13:00:00,PE,104,"60,9",CARUARU,Velocidade Incompatível,Colisão com objeto estático,Com Vítimas Feridas,Pleno dia,Decrescente,Sol,Dupla,Retorno Regulamentado,Sim,2,0,1,1,0,0,2,1,"-8,2438","-35,9752",SPRF-PE,DEL02-PE,UOP01-DEL02-PE
310525.0,2020-09-27,domingo,02:45:00,PE,232,"117,3",CARUARU,Animais na Pista,Saída de leito carroçável,Com Vítimas Feridas,Plena Noite,Decrescente,Chuva,Dupla,Reta,Não,2,0,1,1,0,0,2,1,"-8,29529153","-35,8754959",SPRF-PE,DEL02-PE,UOP03-DEL02-PE
310568.0,2020-09-27,domingo,05:30:00,PE,232,"500,2",VERDEJANTE,Ingestão de álcool e/ou substâncias psicoativas pelo pedestre,Queda de ocupante de veículo,Com Vítimas Fatais,Pleno dia,Decrescente,Céu Claro,Simples,Curva,Não,1,1,0,0,0,0,0,1,"-8,037149","-39,060657",SPRF-PE,DEL05-PE,UOP01-DEL05-PE
310622.0,2020-09-27,domingo,13:20:00,PE,101,150,RIBEIRAO,Desobediência às normas de trânsito pelo condutor,Colisão transversal,Com Vítimas Feridas,Pleno dia,Crescente,Ignorado,Simples,Reta,Sim,3,0,3,0,0,0,3,2,"-8,50426405","-35,37479389",SPRF-PE,DEL01-PE,UOP03-DEL01-PE
310627.0,2020-09-27,domingo,15:00:00,PE,101,106,CABO DE SANTO AGOSTINHO,Falta de Atenção à Condução,Colisão lateral,Com Vítimas Feridas,Pleno dia,Crescente,Céu Claro,Dupla,Curva,Não,3,0,1,0,2,0,1,2,"-8,30807754","-35,07573296",SPRF-PE,DEL01-PE,UOP03-DEL01-PE
310640.0,2020-09-27,domingo,16:00:00,PE,232,"413,8",SERRA TALHADA,Ingestão de Álcool,Colisão traseira,Com Vítimas Fatais,Pleno dia,Crescente,Céu Claro,Simples,Reta,Não,4,2,2,0,0,0,2,3,"-7,98857087","-38,32972307",SPRF-PE,DEL04-PE,UOP01-DEL04-PE
310686.0,2020-09-27,domingo,18:00:00,PE,101,88,JABOATAO DOS GUARARAPES,Falta de Atenção do Pedestre,Atropelamento de Pedestre,Com Vítimas Feridas,Plena Noite,Crescente,Ignorado,Simples,Reta,Não,4,0,3,1,0,0,4,2,"-8,19971387","-34,9785382",SPRF-PE,DEL01-PE,UOP03-DEL01-PE
310715.0,2020-09-27,domingo,19:00:00,PE,101,122,IPOJUCA,Desobediência às normas de trânsito pelo condutor,Colisão transversal,Sem Vítimas,Plena Noite,Decrescente,Nublado,Dupla,Reta,Não,2,0,0,0,0,2,0,2,"-8,35939636","-35,19500398",SPRF-PE,DEL01-PE,UOP03-DEL01-PE
310776.0,2020-09-27,domingo,23:20:00,PE,428,"188,3",PETROLINA,Desobediência às normas de trânsito pelo condutor,Colisão traseira,Com Vítimas Feridas,Plena Noite,Crescente,Céu Claro,Múltipla,Reta,Sim,2,0,0,1,1,0,1,2,"-9,36400596","-40,48266808",SPRF-PE,DEL06-PE,UOP01-DEL06-PE
310800.0,2020-09-28,segunda-feira,00:30:00,PE,232,"172,5",BELO JARDIM,Ingestão de álcool e/ou substâncias psicoativas pelo pedestre,Saída de leito carroçável,Com Vítimas Feridas,Plena Noite,Crescente,Garoa/Chuvisco,Simples,Ponte,Não,3,0,2,1,0,0,3,1,"-8,33854887","-36,360134",SPRF-PE,DEL02-PE,UOP03-DEL02-PE
310804.0,2020-09-28,segunda-feira,05:30:00,PE,408,100,SAO LOURENCO DA MATA,Defeito Mecânico no Veículo,Colisão traseira,Com Vítimas Feridas,Pleno dia,Crescente,Chuva,Dupla,Reta,Não,3,0,1,1,1,0,2,2,"-8,04364056","-35,01674995",SPRF-PE,DEL01-PE,UOP01-DEL01-PE
310841.0,2020-09-28,segunda-feira,09:40:00,PE,101,80,JABOATAO DOS GUARARAPES,Carga excessiva e/ou mal acondicionada,Colisão com objeto em movimento,Com Vítimas Feridas,Pleno dia,Crescente,Céu Claro,Dupla,Retorno Regulamentado,Sim,3,0,2,0,1,0,2,2,"-8,15699071","-34,94121194",SPRF-PE,DEL01-PE,UOP03-DEL01-PE
310880.0,2020-09-28,segunda-feira,12:10:00,PE,428,187,PETROLINA,Falta de Atenção à Condução,Colisão transversal,Com Vítimas Feridas,Pleno dia,Decrescente,Sol,Simples,Reta,Sim,2,0,1,0,1,0,1,2,"-9,36751473","-40,48442342",SPRF-PE,DEL06-PE,UOP01-DEL06-PE
310903.0,2020-09-28,segunda-feira,16:00:00,PE,101,"74,4",RECIFE,Falta de Atenção à Condução,Colisão lateral,Com Vítimas Feridas,Pleno dia,Decrescente,Nublado,Dupla,Reta,Sim,3,0,1,0,2,0,1,3,"-8,105281","-34,948759",SPRF-PE,DEL01-PE,UOP01-DEL01-PE
310965.0,2020-09-26,sábado,13:50:00,PE,232,"122,3",CARUARU,Pista Escorregadia,Colisão com objeto estático,Com Vítimas Feridas,Pleno dia,Crescente,Céu Claro,Dupla,Reta,Não,1,0,1,0,0,0,1,1,"-8,30217741","-35,91946793",SPRF-PE,DEL02-PE,UOP03-DEL02-PE
310975.0,2020-09-29,terça-feira,02:25:00,PE,101,52,PAULISTA,Falta de Atenção à Condução,Colisão com objeto estático,Com Vítimas Fatais,Plena Noite,Decrescente,Céu Claro,Dupla,Curva,Sim,1,1,0,0,0,0,0,1,"-7,92358799","-34,89607201",SPRF-PE,DEL01-PE,UOP02-DEL01-PE
310982.0,2020-09-19,sábado,13:15:00,PE,232,"252,4",ARCOVERDE,Falta de Atenção à Condução,Colisão traseira,Com Vítimas Feridas,Pleno dia,Decrescente,Céu Claro,Simples,Reta,Sim,1,0,0,1,0,0,1,1,"-8,43086","-37,06536",SPRF-PE,DEL03-PE,UOP02-DEL03-PE
311046.0,2020-09-29,terça-feira,14:00:00,PE,101,40,IGARASSU,Falta de Atenção do Pedestre,Atropelamento de Pedestre,Com Vítimas Feridas,Pleno dia,Crescente,Céu Claro,Dupla,Reta,Sim,2,0,0,1,1,0,1,2,"-7,821475","-34,916545",SPRF-PE,DEL01-PE,UOP02-DEL01-PE
311096.0,2020-09-29,terça-feira,08:20:00,PE,428,188,PETROLINA,Falta de Atenção à Condução,Colisão lateral,Com Vítimas Feridas,Pleno dia,Decrescente,Céu Claro,Múltipla,Reta,Sim,2,0,1,0,1,0,1,2,"-9,36400596","-40,48266808",SPRF-PE,DEL06-PE,UOP01-DEL06-PE