id,data_inversa,dia_semana,horario,uf,br,km,municipio,causa_acidente,tipo_acidente,classificacao_acidente,fase_dia,sentido_via,condicao_metereologica,tipo_pista,tracado_via,uso_solo,pessoas,mortos,feridos_leves,feridos_graves,ilesos,ignorados,feridos,veiculos,latitude,longitude,regional,delegacia,uop
311102.0,2020-09-29,terça-feira,18:00:00,PE,408,82,PAUDALHO,Desobediência às normas de trânsito pelo condutor,Colisão frontal,Sem Vítimas,Anoitecer,Crescente,Céu Claro,Múltipla,Reta,Sim,2,0,0,0,2,0,0,2,"-7,94114095","-35,12370495",SPRF-PE,DEL01-PE,UOP01-DEL01-PE
311131.0,2020-09-29,terça-feira,18:40:00,PE,116,21,SALGUEIRO,Desobediência às normas de trânsito pelo condutor,Capotamento,Com Vítimas Feridas,Plena Noite,Crescente,Céu Claro,Simples,Reta,Não,1,0,1,0,0,0,1,1,"-8,026307","-39,143612",SPRF-PE,DEL05-PE,UOP01-DEL05-PE
311197.0,2020-09-30,quarta-feira,09:30:00,PE,423,"96,4",GARANHUNS,Falta de Atenção à Condução,Colisão lateral,Com Vítimas Feridas,Pleno dia,Decrescente,Céu Claro,Simples,Declive,Sim,2,0,1,0,1,0,1,2,"-8,88021822","-36,48651678",SPRF-PE,DEL03-PE,UOP01-DEL03-PE
311279.0,2020-09-30,quarta-feira,18:00:00,PE,428,9,CABROBO,Ingestão de Álcool,Colisão traseira,Sem Vítimas,Plena Noite,Crescente,Céu Claro,Simples,Declive,Não,6,0,0,0,2,4,0,2,"-8,51196425","-39,29895907",SPRF-PE,DEL05-PE,UOP03-DEL05-PE
311305.0,2020-09-30,quarta-feira,21:05:00,PE,408,"95,1",SAO LOURENCO DA MATA,Falta de Atenção do Pedestre,Atropelamento de Pedestre,Com Vítimas Fatais,Plena Noite,Decrescente,Céu Claro,Dupla,Reta;Declive                  ,Não,6,1,1,0,0,4,1,2,"-8,014936","-35,041989",SPRF-PE,DEL01-PE,UOP01-DEL01-PE
311342.0,2020-09-30,quarta-feira,21:30:00,PE,101,4,GOIANA,Defeito Mecânico no Veículo,Capotamento,Sem Vítimas,Plena Noite,Decrescente,Vento,Dupla,Reta,Não,1,0,0,0,0,1,0,1,"-7,53264499","-34,99145786",SPRF-PE,DEL01-PE,UOP02-DEL01-PE
311349.0,2020-10-01,quinta-feira,03:40:00,PE,232,252,ARCOVERDE,Velocidade Incompatível,Colisão traseira,Com Vítimas Feridas,Plena Noite,Decrescente,Céu Claro,Simples,Reta,Sim,1,0,0,1,0,0,1,1,"-8,43086","-37,06536",SPRF-PE,DEL03-PE,UOP02-DEL03-PE
311381.0,2020-10-01,quinta-feira,09:00:00,PE,101,72,RECIFE,Falta de Atenção à Condução,Colisão traseira,Com Vítimas Feridas,Pleno dia,Decrescente,Céu Claro,Dupla,Reta,Sim,1,0,0,1,0,0,1,1,"-8,08493106","-34,9450639",SPRF-PE,DEL01-PE,UOP01-DEL01-PE
311565.0,2020-10-02,sexta-feira,08:50:00,PE,101,"68,3",RECIFE,Falta de Atenção à Condução,Colisão lateral,Sem Vítimas,Pleno dia,Decrescente,Céu Claro,Múltipla,Reta,Sim,2,0,0,0,2,0,0,2,"-8,05074296","-34,94580619",SPRF-PE,DEL01-PE,UOP01-DEL01-PE
311582.0,2020-10-02,sexta-feira,09:55:00,PE,116,"25,7",SALGUEIRO,Falta de Atenção à Condução,Colisão traseira,Com Vítimas Feridas,Pleno dia,Decrescente,Céu Claro,Simples,Reta,Não,2,0,1,0,1,0,1,2,"-8,061417","-39,135975",SPRF-PE,DEL05-PE,UOP01-DEL05-PE
311620.0,2020-10-02,sexta-feira,15:00:00,PE,428,189,PETROLINA,Falta de Atenção à Condução,Colisão traseira,Sem Vítimas,Pleno dia,Decrescente,Sol,Múltipla,Reta,Sim,2,0,0,0,2,0,0,2,"-9,377045","-40,500122",SPRF-PE,DEL06-PE,UOP01-DEL06-PE
311638.0,2020-10-02,sexta-feira,16:00:00,PE,423,"106,1",GARANHUNS,Falta de Atenção à Condução,Queda de ocupante de veículo,Com Vítimas Feridas,Pleno dia,Decrescente,Céu Claro,Simples,Aclive,Não,1,0,1,0,0,0,1,1,"-8,88171776","-36,57279606",SPRF-PE,DEL03-PE,UOP01-DEL03-PE
311664.0,2020-10-02,sexta-feira,15:30:00,PE,232,"410,6",SERRA TALHADA,Falta de Atenção à Condução,Colisão transversal,Com Vítimas Feridas,Pleno dia,Decrescente,Céu Claro,Simples,Curva,Sim,2,0,0,2,0,0,2,2,"-7,98261841","-38,30039606",SPRF-PE,DEL04-PE,UOP01-DEL04-PE
311721.0,2020-10-02,sexta-feira,19:50:00,PE,232,"508,7",SALGUEIRO,Ingestão de Álcool,Tombamento,Com Vítimas Feridas,Plena Noite,Crescente,Céu Claro,Simples,Curva,Sim,1,0,0,1,0,0,1,1,"-8,06223271","-39,12095006",SPRF-PE,DEL05-PE,UOP01-DEL05-PE
311774.0,2020-10-03,sábado,04:00:00,PE,232,"209,9",PESQUEIRA,Ingestão de Álcool,Atropelamento de Pedestre,Com Vítimas Feridas,Plena Noite,Crescente,Céu Claro,Simples,Declive,Sim,2,0,0,2,0,0,2,2,"-8,36666789","-36,68869898",SPRF-PE,DEL02-PE,UOP03-DEL02-PE
311824.0,2020-09-27,domingo,20:00:00,PE,423,103,GARANHUNS,Desobediência às normas de trânsito pelo condutor,Colisão frontal,Com Vítimas Feridas,Plena Noite,Crescente,Nevoeiro/Neblina,Simples,Reta,Não,3,0,2,0,1,0,2,2,"-8,87451577","-36,54667007",SPRF-PE,DEL03-PE,UOP01-DEL03-PE
311873.0,2020-10-03,sábado,12:00:00,PE,407,116,PETROLINA,Desobediência às normas de trânsito pelo condutor,Colisão traseira,Com Vítimas Feridas,Pleno dia,Crescente,Céu Claro,Simples,Reta,Não,2,0,1,0,1,0,1,2,"-9,30684002","-40,57793203",SPRF-PE,DEL06-PE,UOP02-DEL06-PE
311942.0,2020-10-03,sábado,18:05:00,PE,232,16,MORENO,Desobediência às normas de trânsito pelo condutor,Colisão transversal,Com Vítimas Feridas,Plena Noite,Crescente,Céu Claro,Dupla,Reta,Sim,4,0,3,0,0,1,3,3,"-8,09414193","-35,03716601",SPRF-PE,DEL01-PE,UOP01-DEL01-PE
311984.0,2020-10-03,sábado,20:45:00,PE,232,"80,6",GRAVATA,Falta de Atenção à Condução,Colisão com objeto estático,Com Vítimas Feridas,Plena Noite,Decrescente,Céu Claro,Simples,Reta,Sim,1,0,0,1,0,0,1,1,"-8,19579864","-35,56962305",SPRF-PE,DEL02-PE,UOP02-DEL02PE
312062.0,2020-10-04,domingo,05:30:00,PE,428,"178,8",PETROLINA,Desobediência às normas de trânsito pelo condutor,Colisão frontal,Com Vítimas Feridas,Pleno dia,Crescente,Céu Claro,Simples,Reta,Não,3,0,1,1,0,1,2,2,"-9,2842098","-40,4416324",SPRF-PE,DEL06-PE,UOP01-DEL06-PE
312090.0,2020-10-04,domingo,08:00:00,PE,101,50,ABREU E LIMA,Falta de Atenção do Pedestre,Queda de ocupante de veículo,Com Vítimas Feridas,Pleno dia,Crescente,Céu Claro,Múltipla,Reta,Sim,1,0,0,1,0,0,1,1,"-7,90938602","-34,90123228",SPRF-PE,DEL01-PE,UOP02-DEL01-PE
312154.0,2020-10-04,domingo,15:30:00,PE,101,51,ABREU E LIMA,Falta de Atenção à Condução,Colisão com objeto estático,Sem Vítimas,Pleno dia,Crescente,Nublado,Múltipla,Reta,Sim,2,0,0,0,0,2,0,1,"-7,9169968","-34,89689272",SPRF-PE,DEL01-PE,UOP02-DEL01-PE
312176.0,2020-10-04,domingo,17:55:00,PE,101,67,RECIFE,Falta de Atenção do Pedestre,Atropelamento de Pedestre,Com Vítimas Feridas,Anoitecer,Crescente,Céu Claro,Múltipla,Reta,Sim,2,0,1,0,0,1,1,2,"-8,043283","-34,94362",SPRF-PE,DEL01-PE,UOP01-DEL01-PE
312188.0,2020-10-04,domingo,18:00:00,PE,104,"36,7",CARUARU,Desobediência às normas de trânsito pelo condutor,Tombamento,Com Vítimas Feridas,Plena Noite,Decrescente,Céu Claro,Dupla,Declive,Não,3,0,3,0,0,0,3,1,"-8,052739","-36,049232",SPRF-PE,DEL02-PE,UOP01-DEL02-PE
312228.0,2020-10-04,domingo,20:35:00,PE,423,"95,9",GARANHUNS,Falta de Atenção à Condução,Capotamento,Com Vítimas Feridas,Plena Noite,Decrescente,Céu Claro,Simples,Reta,Sim,1,0,0,1,0,0,1,1,"-8,87891989","-36,47796305",SPRF-PE,DEL03-PE,UOP01-DEL03-PE
312248.0,2020-10-04,domingo,21:40:00,PE,116,"24,1",SALGUEIRO,Restrição de Visibilidade,Saída de leito carroçável,Com Vítimas Feridas,Plena Noite,Decrescente,Céu Claro,Simples,Reta,Não,1,0,1,0,0,0,1,1,"-8,052562","-39,13718",SPRF-PE,DEL05-PE,UOP01-DEL05-PE
312293.0,2020-10-05,segunda-feira,04:35:00,PE,232,"182,2",BELO JARDIM,Falta de Atenção à Condução,Queda de ocupante de veículo,Com Vítimas Feridas,Amanhecer,Decrescente,Nublado,Simples,Reta,Não,2,0,2,0,0,0,2,1,"-8,34804728","-36,44664994",SPRF-PE,DEL02-PE,UOP03-DEL02-PE
312294.0,2020-10-05,segunda-feira,04:30:00,PE,232,"182,2",BELO JARDIM,Animais na Pista,Atropelamento de Pedestre,Com Vítimas Feridas,Plena Noite,Decrescente,Nublado,Simples,Reta,Não,1,0,1,0,0,0,1,1,"-8,34804728","-36,44664994",SPRF-PE,DEL02-PE,UOP03-DEL02-PE
312317.0,2020-10-05,segunda-feira,07:30:00,PE,428,"187,7",PETROLINA,Falta de Atenção à Condução,Colisão transversal,Com Vítimas Feridas,Pleno dia,Crescente,Céu Claro,Simples,Reta,Sim,2,0,0,1,1,0,1,2,"-9,372531","-40,487074",SPRF-PE,DEL06-PE,UOP01-DEL06-PE
312338.0,2020-10-05,segunda-feira,09:00:00,PE,232,150,SAO CAITANO,Falta de Atenção à Condução,Colisão transversal,Sem Vítimas,Pleno dia,Decrescente,Céu Claro,Simples,Reta,Não,3,0,0,0,3,0,0,3,"-8,32712286","-36,16299497",SPRF-PE,DEL02-PE,UOP03-DEL02-PE
312354.0,2020-10-05,segunda-feira,10:10:00,PE,101,94,CABO DE SANTO AGOSTINHO,Desobediência às normas de trânsito pelo condutor,Colisão traseira,Com Vítimas Feridas,Pleno dia,Crescente,Nublado,Dupla,Reta,Não,3,0,2,0,1,0,2,2,"-8,24829064","-35,00697936",SPRF-PE,DEL01-PE,UOP03-DEL01-PE
312390.0,2020-10-05,segunda-feira,12:00:00,PE,104,62,CARUARU,Falta de Atenção à Condução,Colisão traseira,Com Vítimas Feridas,Pleno dia,Crescente,Céu Claro,Dupla,Retorno Regulamentado,Sim,2,0,1,0,1,0,1,2,"-8,24722111","-35,97520351",SPRF-PE,DEL02-PE,UOP01-DEL02-PE
312407.0,2020-10-05,segunda-feira,16:45:00,PE,232,56,POMBOS,Condutor Dormindo,Saída de leito carroçável,Com Vítimas Feridas,Pleno dia,Decrescente,Céu Claro,Dupla,Reta,Não,1,0,0,1,0,0,1,1,"-8,13770379","-35,37317634",SPRF-PE,DEL02-PE,UOP02-DEL02PE
312419.0,2020-10-05,segunda-feira,17:30:00,PE,428,183,PETROLINA,Velocidade Incompatível,Colisão frontal,Com Vítimas Feridas,Pleno dia,Decrescente,Céu Claro,Simples,Reta,Não,2,0,1,0,0,1,1,2,"-9,32412987","-40,46211325",SPRF-PE,DEL06-PE,UOP01-DEL06-PE
312420.0,2020-10-05,segunda-feira,17:30:00,PE,232,"232,8",PESQUEIRA,Desobediência às normas de trânsito pelo condutor,Colisão frontal,Com Vítimas Fatais,Anoitecer,Crescente,Céu Claro,Simples,Reta,Sim,3,1,1,1,0,0,2,2,"-8,40328003","-36,89253299",SPRF-PE,DEL03-PE,UOP02-DEL03-PE
312444.0,2020-10-05,segunda-feira,19:15:00,PE,232,"409,9",SERRA TALHADA,Falta de Atenção à Condução,Colisão transversal,Com Vítimas Feridas,Plena Noite,Decrescente,Céu Claro,Simples,Retorno Regulamentado,Sim,3,0,2,0,1,0,2,2,"-7,98220648","-38,29595804",SPRF-PE,DEL04-PE,UOP01-DEL04-PE
312448.0,2020-10-05,segunda-feira,19:10:00,PE,110,244,JATOBA,Ingestão de Álcool,Atropelamento de Pedestre,Com Vítimas Fatais,Plena Noite,Crescente,Céu Claro,Simples,Reta,Não,2,1,0,0,1,0,0,2,"-9,16992489","-38,2694619",SPRF-BA,DEL07-BA,UOP01-DEL07-BA
312489.0,2020-10-06,terça-feira,05:50:00,PE,101,"54,5",PAULISTA,Desobediência às normas de trânsito pelo condutor,Colisão transversal,Com Vítimas Feridas,Amanhecer,Crescente,Céu Claro,Simples,Viaduto,Sim,2,0,1,0,1,0,1,2,"-7,93961103","-34,90356584",SPRF-PE,DEL01-PE,UOP02-DEL01-PE
312497.0,2020-10-06,terça-feira,06:30:00,PE,101,65,RECIFE,Falta de Atenção à Condução,Colisão lateral,Com Vítimas Feridas,Pleno dia,Decrescente,Céu Claro,Dupla,Reta,Sim,3,0,2,0,1,0,2,2,"-8,02478597","-34,94276635",SPRF-PE,DEL01-PE,UOP01-DEL01-PE
312505.0,2020-10-06,terça-feira,07:30:00,PE,104,23,TAQUARITINGA DO NORTE,Desobediência às normas de trânsito pelo condutor,Colisão frontal,Com Vítimas Feridas,Pleno dia,Decrescente,Céu Claro,Simples,Reta,Não,3,0,1,0,2,0,1,3,"-7,97182","-36,109932",SPRF-PE,DEL02-PE,UOP01-DEL02-PE
312582.0,2020-10-06,terça-feira,16:25:00,PE,232,126,CARUARU,Desobediência às normas de trânsito pelo condutor,Colisão traseira,Sem Vítimas,Pleno dia,Crescente,Céu Claro,Dupla,Reta,Sim,2,0,0,0,2,0,0,2,"-8,30819677","-35,95467594",SPRF-PE,DEL02-PE,UOP03-DEL02-PE
312592.0,2020-10-06,terça-feira,17:30:00,PE,101,102,CABO DE SANTO AGOSTINHO,Falta de Atenção à Condução,Tombamento,Com Vítimas Feridas,Pleno dia,Decrescente,Céu Claro,Simples,Reta,Sim,1,0,0,1,0,0,1,1,"-8,28368856","-35,05795866",SPRF-PE,DEL01-PE,UOP03-DEL01-PE
312604.0,2020-10-06,terça-feira,18:55:00,PE,232,142,SAO CAITANO,Falta de Atenção à Condução,Queda de ocupante de veículo,Com Vítimas Feridas,Plena Noite,Decrescente,Céu Claro,Dupla,Aclive,Não,1,0,0,1,0,0,1,1,"-8,32242118","-36,09480698",SPRF-PE,DEL02-PE,UOP03-DEL02-PE
312681.0,2020-10-07,quarta-feira,08:20:00,PE,408,"40,4",ALIANCA,Desobediência às normas de trânsito pelo condutor,Colisão transversal,Com Vítimas Feridas,Pleno dia,Decrescente,Sol,Simples,Reta,Não,2,0,1,0,1,0,1,2,"-7,65342707","-35,25067449",SPRF-PE,DEL01-PE,UOP01-DEL01-PE
312734.0,2020-10-07,quarta-feira,07:00:00,PE,424,"4,9",ARCOVERDE,Velocidade Incompatível,Saída de leito carroçável,Com Vítimas Feridas,Pleno dia,Decrescente,Céu Claro,Simples,Declive,Não,2,0,1,0,0,1,1,2,"-8,46099318","-37,04336835",SPRF-PE,DEL03-PE,UOP02-DEL03-PE
312767.0,2020-10-07,quarta-feira,17:30:00,PE,101,165,AGUA PRETA,Defeito Mecânico no Veículo,Incêndio,Sem Vítimas,Anoitecer,Crescente,Céu Claro,Dupla,Reta,Não,1,0,0,0,1,0,0,1,"-8,5582542","-35,46075797",SPRF-PE,DEL01-PE,UOP03-DEL01-PE
312769.0,2020-10-07,quarta-feira,13:30:00,PE,424,"89,3",GARANHUNS,Falta de Atenção à Condução,Colisão transversal,Com Vítimas Fatais,Pleno dia,Decrescente,Céu Claro,Simples,Curva,Sim,2,1,0,0,1,0,0,2,"-8,89138375","-36,50571483",SPRF-PE,DEL03-PE,UOP01-DEL03-PE
312772.0,2020-10-07,quarta-feira,18:00:00,PE,101,77,RECIFE,Falta de Atenção à Condução,Colisão transversal,Com Vítimas Feridas,Anoitecer,Crescente,Céu Claro,Dupla,Reta,Sim,2,0,0,1,1,0,1,2,"-8,11813811","-34,94329214",SPRF-PE,DEL01-PE,UOP01-DEL01-PE
312795.0,2020-10-07,quarta-feira,19:45:00,PE,104,"84,5",AGRESTINA,Deficiência ou não Acionamento do Sistema de Iluminação/Sinalização do Veículo,Colisão traseira,Com Vítimas Fatais,Plena Noite,Crescente,Céu Claro,Simples,Reta,Não,8,2,1,0,0,5,1,3,"-8,430662","-35,959164",SPRF-PE,DEL02-PE,UOP01-DEL02-PE
312855.0,2020-10-08,quinta-feira,05:20:00,PE,101,56,ABREU E LIMA,Não guardar distância de segurança,Colisão traseira,Sem Vítimas,Pleno dia,Crescente,Céu Claro,Dupla,Reta,Sim,2,0,0,0,2,0,0,2,"-7,9554509","-34,91140727",SPRF-PE,DEL01-PE,UOP02-DEL01-PE
312890.0,2020-10-08,quinta-feira,09:20:00,PE,101,"42,3",IGARASSU,Falta de Atenção à Condução,Colisão transversal,Sem Vítimas,Pleno dia,Decrescente,Céu Claro,Múltipla,Reta,Sim,2,0,0,0,2,0,0,2,"-7,83887431","-34,91196739",SPRF-PE,DEL01-PE,UOP02-DEL01-PE
313005.0,2020-10-08,quinta-feira,21:15:00,PE,101,7,GOIANA,Falta de Atenção à Condução,Colisão traseira,Com Vítimas Feridas,Plena Noite,Crescente,Vento,Dupla,Reta,Sim,3,0,1,0,2,0,1,2,"-7,55997111","-34,99072674",SPRF-PE,DEL01-PE,UOP02-DEL01-PE
313048.0,2020-10-09,sexta-feira,02:30:00,PE,101,"54,9",PAULISTA,Falta de Atenção à Condução,Colisão transversal,Com Vítimas Feridas,Plena Noite,Decrescente,Céu Claro,Dupla,Interseção de Vias;Reta       ,Sim,2,0,1,0,1,0,1,2,"-7,93961103","-34,90356584",SPRF-PE,DEL01-PE,UOP02-DEL01-PE
313081.0,2020-10-09,sexta-feira,08:57:00,PE,407,"126,4",PETROLINA,Desobediência às normas de trânsito pelo condutor,Colisão transversal,Com Vítimas Feridas,Pleno dia,Crescente,Céu Claro,Simples,Curva,Sim,2,0,1,0,1,0,1,2,"-9,38491309","-40,52809509",SPRF-PE,DEL06-PE,UOP01-DEL06-PE
313088.0,2020-10-09,sexta-feira,09:30:00,PE,232,407,SERRA TALHADA,Não guardar distância de segurança,Colisão traseira,Sem Vítimas,Pleno dia,Decrescente,Céu Claro,Simples,Reta,Sim,2,0,0,0,2,0,0,2,"-7,9854402","-38,27148304",SPRF-PE,DEL04-PE,UOP01-DEL04-PE
313133.0,2020-10-09,sexta-feira,12:00:00,PE,104,65,CARUARU,Falta de Atenção à Condução,Colisão traseira,Com Vítimas Feridas,Pleno dia,Crescente,Céu Claro,Múltipla,Reta,Sim,2,0,0,1,0,1,1,2,"-8,280048","-35,981581",SPRF-PE,DEL02-PE,UOP01-DEL02-PE
313142.0,2020-10-09,sexta-feira,12:50:00,PE,101,109,CABO DE SANTO AGOSTINHO,Falta de Atenção à Condução,Saída de leito carroçável,Com Vítimas Feridas,Pleno dia,Crescente,Céu Claro,Múltipla,Curva,Não,2,0,2,0,0,0,2,1,"-8,31012798","-35,09967817",SPRF-PE,DEL01-PE,UOP03-DEL01-PE
313158.0,2020-10-05,segunda-feira,07:05:00,PE,101,153,GAMELEIRA,Mal Súbito,Saída de leito carroçável,Com Vítimas Feridas,Pleno dia,Crescente,Céu Claro,Dupla,Declive;Curva                 ,Não,2,0,2,0,0,0,2,1,"-8,51960799","-35,38997595",SPRF-PE,DEL01-PE,UOP03-DEL01-PE
313187.0,2020-10-09,sexta-feira,16:20:00,PE,407,129,PETROLINA,Não guardar distância de segurança,Colisão traseira,Sem Vítimas,Pleno dia,Crescente,Céu Claro,Simples,Reta,Sim,3,0,0,0,3,0,0,2,"-9,39958299","-40,50459298",SPRF-PE,DEL06-PE,UOP01-DEL06-PE
313193.0,2020-10-09,sexta-feira,17:15:00,PE,101,"91,3",CABO DE SANTO AGOSTINHO,Falta de Atenção à Condução,Colisão transversal,Com Vítimas Feridas,Anoitecer,Crescente,Céu Claro,Dupla,Reta,Sim,2,0,1,0,1,0,1,2,"-8,22399812","-34,99290474",SPRF-PE,DEL01-PE,UOP03-DEL01-PE
313225.0,2020-10-09,sexta-feira,19:00:00,PE,232,4,RECIFE,Desobediência às normas de trânsito pelo condutor,Colisão lateral,Com Vítimas Feridas,Plena Noite,Crescente,Céu Claro,Simples,Reta,Sim,1,0,1,0,0,0,1,1,"-8,064473","-34,936928",SPRF-PE,DEL01-PE,UOP01-DEL01-PE
313236.0,2020-10-09,sexta-feira,18:10:00,PE,104,"76,6",CARUARU,Ingestão de Álcool,Colisão frontal,Sem Vítimas,Plena Noite,Crescente,Céu Claro,Simples,Curva,Não,2,0,0,0,2,0,0,2,"-8,367286","-35,985153",SPRF-PE,DEL02-PE,UOP01-DEL02-PE
313246.0,2020-10-09,sexta-feira,20:00:00,PE,232,"126,9",CARUARU,Ingestão de álcool e/ou substâncias psicoativas pelo pedestre,Atropelamento de Pedestre,Com Vítimas Feridas,Plena Noite,Crescente,Céu Claro,Dupla,Interseção de Vias,Sim,2,0,1,0,0,1,1,2,"-8,30647506","-35,96338034",SPRF-PE,DEL02-PE,UOP03-DEL02-PE
313383.0,2020-10-10,sábado,07:00:00,PE,101,"4,7",GOIANA,Avarias e/ou desgaste excessivo no pneu,Saída de leito carroçável,Com Vítimas Feridas,Pleno dia,Decrescente,Sol,Dupla,Curva,Não,2,0,1,0,1,0,1,1,"-7,53264499","-34,99145786",SPRF-PE,DEL01-PE,UOP02-DEL01-PE
313405.0,2020-10-10,sábado,09:20:00,PE,232,71,GRAVATA,Falta de Atenção à Condução,Colisão transversal,Com Vítimas Feridas,Pleno dia,Crescente,Céu Claro,Dupla,Reta,Sim,4,0,1,1,1,1,2,3,"-8,18344403","-35,49296599",SPRF-PE,DEL02-PE,UOP02-DEL02PE
313431.0,2020-10-10,sábado,12:00:00,PE,423,"94,6",GARANHUNS,Falta de Atenção à Condução,Colisão transversal,Com Vítimas Feridas,Pleno dia,Crescente,Céu Claro,Simples,Reta,Sim,2,0,1,0,1,0,1,2,"-8,874732","-36,46946",SPRF-PE,DEL03-PE,UOP01-DEL03-PE
313440.0,2020-10-08,quinta-feira,03:00:00,PE,423,"91,6",GARANHUNS,Falta de Atenção à Condução,Colisão lateral,Com Vítimas Feridas,Plena Noite,Crescente,Ignorado,Simples,Declive,Sim,3,0,2,1,0,0,3,2,"-8,85375408","-36,46278381",SPRF-PE,DEL03-PE,UOP01-DEL03-PE
313529.0,2020-10-10,sábado,18:07:00,PE,424,69,CAETES,Falta de Atenção à Condução,Colisão lateral,Sem Vítimas,Plena Noite,Decrescente,Céu Claro,Simples,Aclive,Sim,3,0,0,0,3,0,0,2,"-8,77398589","-36,62798492",SPRF-PE,DEL03-PE,UOP01-DEL03-PE
313532.0,2020-10-10,sábado,18:30:00,PE,101,183,PALMARES,Ingestão de Álcool,Atropelamento de Pedestre,Com Vítimas Fatais,Plena Noite,Crescente,Céu Claro,Dupla,Reta,Sim,2,1,0,0,1,0,0,2,"-8,66142762","-35,56549434",SPRF-PE,DEL01-PE,UOP03-DEL01-PE
313579.0,2020-10-10,sábado,19:15:00,PE,101,"1,3",GOIANA,Falta de Atenção à Condução,Saída de leito carroçável,Com Vítimas Feridas,Plena Noite,Crescente,Céu Claro,Dupla,Reta,Não,2,0,2,0,0,0,2,1,"-7,50897414","-34,98748949",SPRF-PE,DEL01-PE,UOP02-DEL01-PE
313687.0,2020-10-10,sábado,21:30:00,PE,428,7,CABROBO,Desobediência às normas de trânsito pelo condutor,Colisão traseira,Com Vítimas Feridas,Plena Noite,Crescente,Céu Claro,Simples,Reta,Não,3,0,2,0,0,1,2,2,"-8,51974841","-39,2828762",SPRF-PE,DEL05-PE,UOP03-DEL05-PE
313754.0,2020-10-10,sábado,21:45:00,PE,423,24,SAO CAITANO,Ingestão de Álcool,Colisão transversal,Sem Vítimas,Plena Noite,Crescente,Céu Claro,Simples,Reta,Não,3,0,0,0,3,0,0,3,"-8,37042699","-36,17255236",SPRF-PE,DEL02-PE,UOP03-DEL02-PE
313777.0,2020-10-11,domingo,01:00:00,PE,101,"63,4",RECIFE,Não guardar distância de segurança,Colisão traseira,Sem Vítimas,Plena Noite,Decrescente,Céu Claro,Múltipla,Reta,Sim,3,0,0,0,3,0,0,2,"-8,013069","-34,938584",SPRF-PE,DEL01-PE,UOP01-DEL01-PE
314035.0,2020-09-28,segunda-feira,18:24:00,PE,,,PETROLINA,Restrição de Visibilidade,Colisão com objeto em movimento,Sem Vítimas,Plena Noite,Não Informado,Céu Claro,Simples,Reta,Sim,2,0,0,0,2,0,0,1,"-9,35880685","-40,48057512",SPRF-PE,DEL06-PE,UOP01-DEL06-PE
314051.0,2020-10-11,domingo,09:45:00,PE,232,433,SERRA TALHADA,Defeito Mecânico no Veículo,Incêndio,Sem Vítimas,Pleno dia,Crescente,Céu Claro,Simples,Reta,Não,1,0,0,0,1,0,0,1,"-8,00807609","-38,49899597",SPRF-PE,DEL04-PE,UOP01-DEL04-PE
314077.0,2020-10-11,domingo,16:00:00,PE,424,"85,3",GARANHUNS,Falta de Atenção à Condução,Saída de leito carroçável,Sem Vítimas,Pleno dia,Crescente,Céu Claro,Simples,Reta,Não,1,0,0,0,0,1,0,1,"-8,85702308","-36,51218326",SPRF-PE,DEL03-PE,UOP01-DEL03-PE
314085.0,2020-10-11,domingo,17:30:00,PE,407,"115,7",PETROLINA,Desobediência às normas de trânsito pelo condutor,Colisão transversal,Sem Vítimas,Anoitecer,Crescente,Céu Claro,Simples,Interseção de Vias,Não,3,0,0,0,1,2,0,2,"-9,30895335","-40,5768013",SPRF-PE,DEL06-PE,UOP02-DEL06-PE
314122.0,2020-10-11,domingo,17:35:00,PE,408,105,RECIFE,Falta de Atenção à Condução,Saída de leito carroçável,Com Vítimas Feridas,Anoitecer,Crescente,Céu Claro,Dupla,Reta,Não,1,0,1,0,0,0,1,1,"-8,0730937","-34,99190714",SPRF-PE,DEL01-PE,UOP01-DEL01-PE
314181.0,2020-10-11,domingo,17:45:00,PE,424,116,GARANHUNS,Desobediência às normas de trânsito pelo condutor,Colisão traseira,Com Vítimas Fatais,Plena Noite,Decrescente,Céu Claro,Simples,Reta,Não,3,1,1,0,0,1,1,3,"-9,02709758","-36,42929795",SPRF-PE,DEL03-PE,UOP01-DEL03-PE
314195.0,2020-10-11,domingo,21:50:00,PE,101,71,RECIFE,Ingestão de Álcool,Colisão lateral,Sem Vítimas,Plena Noite,Crescente,Céu Claro,Dupla,Reta,Sim,2,0,0,0,1,1,0,2,"-8,07663102","-34,94277871",SPRF-PE,DEL01-PE,UOP01-DEL01-PE
314218.0,2020-10-12,segunda-feira,02:20:00,PE,423,75,JUPI,Falta de Atenção à Condução,Capotamento,Sem Vítimas,Plena Noite,Crescente,Céu Claro,Simples,Reta,Não,1,0,0,0,0,1,0,1,"-8,72421234","-36,42879161",SPRF-PE,DEL03-PE,UOP01-DEL03-PE
314255.0,2020-10-12,segunda-feira,09:20:00,PE,101,"44,6",IGARASSU,Falta de Atenção à Condução,Colisão transversal,Sem Vítimas,Pleno dia,Decrescente,Sol,Múltipla,Retorno Regulamentado,Sim,2,0,0,0,2,0,0,2,"-7,85637001","-34,90842109",SPRF-PE,DEL01-PE,UOP02-DEL01-PE
314292.0,2020-10-12,segunda-feira,14:20:00,PE,101,58,PAULISTA,Falta de Atenção do Pedestre,Atropelamento de Pedestre,Sem Vítimas,Pleno dia,Decrescente,Céu Claro,Dupla,Curva,Sim,1,0,0,0,1,0,0,1,"-7,97063209","-34,92064675",SPRF-PE,DEL01-PE,UOP02-DEL01-PE
314318.0,2020-10-12,segunda-feira,16:42:00,PE,101,"43,5",IGARASSU,Avarias e/ou desgaste excessivo no pneu,Engavetamento,Com Vítimas Feridas,Pleno dia,Crescente,Sol,Múltipla,Reta,Sim,9,0,1,0,7,1,1,4,"-7,84753808","-34,90977038",SPRF-PE,DEL01-PE,UOP02-DEL01-PE