id,data_inversa,dia_semana,horario,uf,br,km,municipio,causa_acidente,tipo_acidente,classificacao_acidente,fase_dia,sentido_via,condicao_metereologica,tipo_pista,tracado_via,uso_solo,pessoas,mortos,feridos_leves,feridos_graves,ilesos,ignorados,feridos,veiculos,latitude,longitude,regional,delegacia,uop
314337.0,2020-10-12,segunda-feira,17:45:00,PE,316,"62,8",OURICURI,Desobediência às normas de trânsito pelo condutor,Colisão lateral,Com Vítimas Feridas,Anoitecer,Crescente,Céu Claro,Simples,Curva,Não,3,0,0,1,2,0,1,2,"-7,78406846","-40,23393989",SPRF-PE,DEL05-PE,UOP02-DEL05-PE
314352.0,2020-10-12,segunda-feira,18:00:00,PE,101,90,CABO DE SANTO AGOSTINHO,Falta de Atenção à Condução,Colisão transversal,Com Vítimas Fatais,Plena Noite,Crescente,Céu Claro,Simples,Reta,Sim,2,1,0,0,1,0,0,2,"-8,21612792","-34,98772817",SPRF-PE,DEL01-PE,UOP03-DEL01-PE
314396.0,2020-10-12,segunda-feira,18:50:00,PE,408,"88,9",SAO LOURENCO DA MATA,Animais na Pista,Atropelamento de Animal,Com Vítimas Feridas,Plena Noite,Decrescente,Céu Claro,Dupla,Reta,Não,1,0,1,0,0,0,1,1,"-7,97432974","-35,08598372",SPRF-PE,DEL01-PE,UOP01-DEL01-PE
314411.0,2020-10-12,segunda-feira,20:30:00,PE,101,"107,1",CABO DE SANTO AGOSTINHO,Falta de Atenção do Pedestre,Atropelamento de Pedestre,Com Vítimas Fatais,Plena Noite,Crescente,Céu Claro,Dupla,Reta,Não,2,1,0,0,0,1,0,2,"-8,307911","-35,089167",SPRF-PE,DEL01-PE,UOP03-DEL01-PE
314433.0,2020-10-12,segunda-feira,23:25:00,PE,232,"26,7",MORENO,Animais na Pista,Atropelamento de Animal,Com Vítimas Feridas,Plena Noite,Crescente,Nublado,Dupla,Reta;Declive                  ,Não,1,0,0,1,0,0,1,1,"-8,11374411","-35,116886",SPRF-PE,DEL02-PE,UOP02-DEL02PE
314436.0,2020-10-12,segunda-feira,23:25:00,PE,232,"405,4",SERRA TALHADA,Ingestão de Álcool,Colisão com objeto estático,Com Vítimas Feridas,Plena Noite,Crescente,Céu Claro,Simples,Reta,Não,1,0,1,0,0,0,1,1,"-7,98895584","-38,25355016",SPRF-PE,DEL04-PE,UOP01-DEL04-PE
314449.0,2020-10-13,terça-feira,03:30:00,PE,408,"74,2",PAUDALHO,Falta de Atenção do Pedestre,Atropelamento de Pedestre,Com Vítimas Fatais,Plena Noite,Decrescente,Céu Claro,Dupla,Declive;Reta                  ,Sim,2,1,0,0,0,1,0,2,"-7,899075","-35,172978",SPRF-PE,DEL01-PE,UOP01-DEL01-PE
314561.0,2020-10-13,terça-feira,15:00:00,PE,101,43,IGARASSU,Ingestão de Álcool,Colisão transversal,Sem Vítimas,Pleno dia,Crescente,Céu Claro,Múltipla,Reta,Sim,4,0,0,0,4,0,0,2,"-7,84753808","-34,90977038",SPRF-PE,DEL01-PE,UOP02-DEL01-PE
314562.0,2020-10-13,terça-feira,14:30:00,PE,428,"177,9",PETROLINA,Falta de Atenção à Condução,Colisão transversal,Com Vítimas Feridas,Pleno dia,Crescente,Sol,Simples,Interseção de Vias,Não,3,0,1,0,2,0,1,2,"-9,27622623","-40,43753454",SPRF-PE,DEL06-PE,UOP01-DEL06-PE
314660.0,2020-10-13,terça-feira,23:30:00,PE,232,"128,4",CARUARU,Falta de Atenção à Condução,Queda de ocupante de veículo,Com Vítimas Feridas,Plena Noite,Crescente,Céu Claro,Dupla,Reta,Sim,1,0,0,1,0,0,1,1,"-8,30244085","-35,97812176",SPRF-PE,DEL02-PE,UOP03-DEL02-PE
314695.0,2020-10-14,quarta-feira,09:05:00,PE,101,"12,1",GOIANA,Avarias e/ou desgaste excessivo no pneu,Tombamento,Com Vítimas Feridas,Pleno dia,Decrescente,Sol,Dupla,Reta,Não,3,0,3,0,0,0,3,1,"-7,60243605","-34,9793841",SPRF-PE,DEL01-PE,UOP02-DEL01-PE
314740.0,2020-10-14,quarta-feira,14:15:00,PE,101,90,CABO DE SANTO AGOSTINHO,Defeito Mecânico no Veículo,Saída de leito carroçável,Sem Vítimas,Pleno dia,Crescente,Céu Claro,Múltipla,Reta,Não,1,0,0,0,1,0,0,1,"-8,21612792","-34,98772817",SPRF-PE,DEL01-PE,UOP03-DEL01-PE
314829.0,2020-10-15,quinta-feira,00:10:00,PE,424,"23,2",PEDRA,Condutor Dormindo,Capotamento,Com Vítimas Fatais,Plena Noite,Crescente,Céu Claro,Simples,Reta,Não,1,1,0,0,0,0,0,1,"-8,53329903","-36,91533905",SPRF-PE,DEL03-PE,UOP02-DEL03-PE
314937.0,2020-10-15,quinta-feira,14:40:00,PE,428,126,PETROLINA,Falta de Atenção à Condução,Colisão traseira,Sem Vítimas,Pleno dia,Decrescente,Céu Claro,Dupla,Rotatória,Sim,2,0,0,0,2,0,0,2,"-9,38785","-40,524844",SPRF-PE,DEL06-PE,UOP03-DEL06-PE
314949.0,2020-10-15,quinta-feira,12:30:00,PE,101,115,ESCADA,Falta de Atenção à Condução,Saída de leito carroçável,Com Vítimas Feridas,Pleno dia,Decrescente,Sol,Dupla,Reta,Não,2,0,1,0,1,0,1,1,"-8,33783596","-35,14164006",SPRF-PE,DEL01-PE,UOP03-DEL01-PE
314954.0,2020-10-12,segunda-feira,13:55:00,PE,232,"82,1",GRAVATA,Desobediência às normas de trânsito pelo condutor,Colisão frontal,Com Vítimas Feridas,Pleno dia,Crescente,Céu Claro,Simples,Reta;Aclive                   ,Sim,2,0,1,0,0,1,1,2,"-8,19905415","-35,58715194",SPRF-PE,DEL02-PE,UOP02-DEL02PE
314958.0,2020-10-15,quinta-feira,16:55:00,PE,104,"2,7",TAQUARITINGA DO NORTE,Falta de Atenção à Condução,Colisão transversal,Com Vítimas Feridas,Anoitecer,Decrescente,Céu Claro,Simples,Reta,Não,3,0,3,0,0,0,3,2,"-7,801299","-36,099957",SPRF-PE,DEL02-PE,UOP01-DEL02-PE
314979.0,2020-10-15,quinta-feira,18:20:00,PE,423,80,JUCATI,Defeito Mecânico no Veículo,Incêndio,Sem Vítimas,Plena Noite,Decrescente,Céu Claro,Simples,Reta,Não,1,0,0,0,1,0,0,1,"-8,76622817","-36,42895847",SPRF-PE,DEL03-PE,UOP01-DEL03-PE
315015.0,2020-10-15,quinta-feira,22:00:00,PE,101,"76,1",RECIFE,Agressão Externa,Saída de leito carroçável,Com Vítimas Feridas,Plena Noite,Decrescente,Céu Claro,Dupla,Curva;Viaduto                 ,Sim,2,0,1,1,0,0,2,1,"-8,119234","-34,942903",SPRF-PE,DEL01-PE,UOP01-DEL01-PE
315082.0,2020-10-16,sexta-feira,10:40:00,PE,101,"68,1",RECIFE,Não guardar distância de segurança,Colisão lateral,Com Vítimas Feridas,Pleno dia,Decrescente,Nublado,Simples,Viaduto,Sim,2,0,1,0,1,0,1,2,"-8,05074296","-34,94580619",SPRF-PE,DEL01-PE,UOP01-DEL01-PE
315125.0,2020-10-16,sexta-feira,15:40:00,PE,232,"48,3",VITORIA DE SANTO ANTAO,Defeito Mecânico no Veículo,Saída de leito carroçável,Com Vítimas Feridas,Pleno dia,Decrescente,Sol,Dupla,Reta,Não,1,0,1,0,0,0,1,1,"-8,13875525","-35,29951215",SPRF-PE,DEL02-PE,UOP02-DEL02PE
315135.0,2020-10-16,sexta-feira,16:30:00,PE,232,"9,5",JABOATAO DOS GUARARAPES,Não guardar distância de segurança,Colisão traseira,Com Vítimas Feridas,Pleno dia,Crescente,Nublado,Dupla,Reta,Sim,2,0,0,1,1,0,1,2,"-8,078552","-34,983591",SPRF-PE,DEL01-PE,UOP01-DEL01-PE
315144.0,2020-10-16,sexta-feira,16:45:00,PE,232,94,SAIRE,Defeito Mecânico no Veículo,Capotamento,Com Vítimas Feridas,Pleno dia,Decrescente,Céu Claro,Dupla,Reta,Não,1,0,1,0,0,0,1,1,"-8,22473335","-35,69081624",SPRF-PE,DEL02-PE,UOP02-DEL02PE
315268.0,2020-10-17,sábado,07:55:00,PE,428,185,PETROLINA,Não guardar distância de segurança,Colisão transversal,Com Vítimas Feridas,Pleno dia,Crescente,Céu Claro,Simples,Reta,Não,2,0,0,1,1,0,1,2,"-9,34009199","-40,47032001",SPRF-PE,DEL06-PE,UOP01-DEL06-PE
315270.0,2020-10-17,sábado,06:50:00,PE,101,69,RECIFE,Falta de Atenção à Condução,Colisão lateral,Com Vítimas Feridas,Pleno dia,Crescente,Céu Claro,Dupla,Reta,Sim,2,0,1,0,1,0,1,2,"-8,05951606","-34,94581024",SPRF-PE,DEL01-PE,UOP01-DEL01-PE
315331.0,2020-10-17,sábado,13:30:00,PE,316,258,BELEM DE SAO FRANCISCO,Condutor Dormindo,Saída de leito carroçável,Com Vítimas Feridas,Pleno dia,Crescente,Céu Claro,Simples,Reta,Não,2,0,1,1,0,0,2,1,"-8,749458","-38,958664",SPRF-PE,DEL05-PE,UOP03-DEL05-PE
315383.0,2020-10-17,sábado,19:20:00,PE,101,"49,9",ABREU E LIMA,Falta de Atenção à Condução,Colisão transversal,Com Vítimas Feridas,Plena Noite,Crescente,Céu Claro,Múltipla,Retorno Regulamentado,Sim,2,0,0,1,1,0,1,2,"-7,9005152","-34,90180641",SPRF-PE,DEL01-PE,UOP02-DEL01-PE
315385.0,2020-10-17,sábado,19:00:00,PE,428,"180,5",PETROLINA,Não guardar distância de segurança,Colisão traseira,Com Vítimas Feridas,Plena Noite,Crescente,Céu Claro,Simples,Reta,Não,4,0,2,0,2,0,2,3,"-9,31636852","-40,45825354",SPRF-PE,DEL06-PE,UOP01-DEL06-PE
315389.0,2020-10-17,sábado,20:00:00,PE,423,"94,9",GARANHUNS,Ingestão de Álcool,Colisão lateral,Com Vítimas Feridas,Plena Noite,Decrescente,Céu Claro,Simples,Reta,Sim,2,0,0,1,1,0,1,2,"-8,87926277","-36,47851467",SPRF-PE,DEL03-PE,UOP01-DEL03-PE
315441.0,2020-10-17,sábado,23:30:00,PE,232,"211,9",PESQUEIRA,Desobediência às normas de trânsito pelo condutor,Colisão frontal,Com Vítimas Fatais,Plena Noite,Decrescente,Céu Claro,Simples,Reta,Não,3,1,0,0,2,0,0,2,"-8,36899532","-36,70578682",SPRF-PE,DEL02-PE,UOP03-DEL02-PE
315470.0,2020-10-18,domingo,03:00:00,PE,232,69,GRAVATA,Falta de Atenção à Condução,Saída de leito carroçável,Com Vítimas Feridas,Plena Noite,Decrescente,Céu Claro,Simples,Curva,Não,1,0,1,0,0,0,1,1,"-8,17682892","-35,48274994",SPRF-PE,DEL02-PE,UOP02-DEL02PE
315495.0,2020-10-18,domingo,06:30:00,PE,423,64,CALCADO,Ingestão de Álcool,Saída de leito carroçável,Com Vítimas Feridas,Pleno dia,Crescente,Céu Claro,Simples,Reta,Não,4,0,0,1,2,1,1,4,"-8,66565","-36,36252",SPRF-PE,DEL03-PE,UOP01-DEL03-PE
315506.0,2020-10-18,domingo,06:40:00,PE,232,"103,4",BEZERROS,Falta de Atenção à Condução,Saída de leito carroçável,Com Vítimas Feridas,Pleno dia,Crescente,Céu Claro,Dupla,Reta,Não,2,0,2,0,0,0,2,1,"-8,25219029","-35,76584983",SPRF-PE,DEL02-PE,UOP03-DEL02-PE
315514.0,2020-10-18,domingo,08:15:00,PE,408,89,SAO LOURENCO DA MATA,Falta de Atenção à Condução,Colisão transversal,Com Vítimas Feridas,Pleno dia,Crescente,Céu Claro,Dupla,Reta,Sim,4,0,3,0,1,0,3,2,"-7,983737","-35,07987",SPRF-PE,DEL01-PE,UOP01-DEL01-PE
315541.0,2020-10-18,domingo,12:00:00,PE,232,"208,8",PESQUEIRA,Falta de Atenção à Condução,Colisão lateral,Sem Vítimas,Pleno dia,Crescente,Sol,Simples,Reta,Sim,2,0,0,0,0,2,0,2,"-8,36666789","-36,68869898",SPRF-PE,DEL02-PE,UOP03-DEL02-PE
315554.0,2020-10-18,domingo,14:30:00,PE,104,121,PANELAS,Desobediência às normas de trânsito pelo condutor,Colisão frontal,Com Vítimas Feridas,Pleno dia,Crescente,Céu Claro,Simples,Reta;Declive                  ,Não,2,0,1,0,1,0,1,2,"-8,70717","-36,026234",SPRF-PE,DEL02-PE,UOP01-DEL02-PE
315672.0,2020-10-19,segunda-feira,02:40:00,PE,232,16,JABOATAO DOS GUARARAPES,Velocidade Incompatível,Capotamento,Com Vítimas Feridas,Plena Noite,Crescente,Céu Claro,Dupla,Reta,Não,1,0,1,0,0,0,1,1,"-8,09414193","-35,03716601",SPRF-PE,DEL01-PE,UOP01-DEL01-PE
315741.0,2020-10-19,segunda-feira,12:00:00,PE,316,239,BELEM DE SAO FRANCISCO,Animais na Pista,Atropelamento de Animal,Sem Vítimas,Pleno dia,Crescente,Céu Claro,Simples,Reta,Não,1,0,0,0,1,0,0,1,"-8,63281662","-39,05920281",SPRF-PE,DEL05-PE,UOP03-DEL05-PE
315768.0,2020-10-19,segunda-feira,16:35:00,PE,408,"75,3",PAUDALHO,Não guardar distância de segurança,Colisão traseira,Com Vítimas Feridas,Pleno dia,Decrescente,Céu Claro,Dupla,Declive;Reta                  ,Sim,2,0,1,0,1,0,1,2,"-7,90594592","-35,1732636",SPRF-PE,DEL01-PE,UOP01-DEL01-PE
315882.0,2020-09-17,quinta-feira,20:10:00,PE,232,"193,8",SANHARO,Desobediência às normas de trânsito pelo pedestre,Atropelamento de Pedestre,Com Vítimas Fatais,Plena Noite,Decrescente,Céu Claro,Simples,Aclive,Não,2,1,0,0,1,0,0,2,"-8,35995128","-36,54559793",SPRF-PE,DEL02-PE,UOP03-DEL02-PE
315921.0,2020-10-20,terça-feira,11:35:00,PE,101,"41,6",IGARASSU,Falta de Atenção à Condução,Capotamento,Com Vítimas Feridas,Pleno dia,Decrescente,Sol,Múltipla,Reta,Sim,2,0,2,0,0,0,2,1,"-7,83038346","-34,91426785",SPRF-PE,DEL01-PE,UOP02-DEL01-PE
315933.0,2020-10-20,terça-feira,12:30:00,PE,101,"77,9",RECIFE,Desobediência às normas de trânsito pelo condutor,Atropelamento de Pedestre,Com Vítimas Feridas,Pleno dia,Decrescente,Sol,Dupla,Reta,Sim,2,0,0,1,1,0,1,2,"-8,136479","-34,94746",SPRF-PE,DEL01-PE,UOP01-DEL01-PE
315964.0,2020-10-20,terça-feira,16:00:00,PE,101,"76,8",RECIFE,Desobediência às normas de trânsito pelo condutor,Colisão transversal,Com Vítimas Feridas,Pleno dia,Crescente,Céu Claro,Dupla,Desvio Temporário,Sim,2,0,1,0,1,0,1,2,"-8,11813811","-34,94329214",SPRF-PE,DEL01-PE,UOP01-DEL01-PE
316000.0,2020-10-20,terça-feira,19:10:00,PE,428,"190,5",PETROLINA,Ingestão de Álcool,Colisão traseira,Sem Vítimas,Plena Noite,Decrescente,Céu Claro,Dupla,Reta,Sim,3,0,0,0,2,1,0,3,"-9,37605965","-40,49382106",SPRF-PE,DEL06-PE,UOP01-DEL06-PE
316148.0,2020-10-21,quarta-feira,14:15:00,PE,232,"407,8",SERRA TALHADA,Falta de Atenção à Condução,Colisão transversal,Com Vítimas Feridas,Pleno dia,Decrescente,Sol,Simples,Reta,Sim,3,0,0,2,1,0,2,2,"-7,9854402","-38,27148304",SPRF-PE,DEL04-PE,UOP01-DEL04-PE
316168.0,2020-10-21,quarta-feira,17:00:00,PE,232,"59,9",POMBOS,Ingestão de Álcool,Atropelamento de Pedestre,Com Vítimas Feridas,Pleno dia,Crescente,Céu Claro,Simples,Reta,Sim,2,0,0,1,1,0,1,2,"-8,1471233","-35,39890998",SPRF-PE,DEL02-PE,UOP02-DEL02PE
316184.0,2020-10-21,quarta-feira,18:15:00,PE,232,128,CARUARU,Ingestão de álcool e/ou substâncias psicoativas pelo pedestre,Atropelamento de Pedestre,Com Vítimas Feridas,Plena Noite,Crescente,Céu Claro,Dupla,Reta,Sim,2,0,0,1,0,1,1,2,"-8,30399306","-35,97216301",SPRF-PE,DEL02-PE,UOP03-DEL02-PE
316186.0,2020-10-21,quarta-feira,18:30:00,PE,423,"108,5",CAETES,Desobediência às normas de trânsito pelo condutor,Colisão lateral,Com Vítimas Feridas,Plena Noite,Decrescente,Céu Claro,Simples,Reta,Não,2,0,1,0,1,0,1,2,"-8,88624339","-36,59029116",SPRF-PE,DEL03-PE,UOP01-DEL03-PE
316244.0,2020-03-11,quarta-feira,18:18:00,PE,101,83,JABOATAO DOS GUARARAPES,Animais na Pista,Queda de ocupante de veículo,Com Vítimas Feridas,Anoitecer,Crescente,Ignorado,Dupla,Reta,Não,1,0,0,1,0,0,1,1,"-8,175172","-34,942642",SPRF-PE,DEL01-PE,UOP03-DEL01-PE
316256.0,2020-10-22,quinta-feira,06:30:00,PE,232,"51,4",VITORIA DE SANTO ANTAO,Defeito na Via,Queda de ocupante de veículo,Com Vítimas Feridas,Pleno dia,Decrescente,Céu Claro,Dupla,Reta,Não,1,0,1,0,0,0,1,1,"-8,13823439","-35,33196918",SPRF-PE,DEL02-PE,UOP02-DEL02PE
316421.0,2020-10-23,sexta-feira,00:45:00,PE,104,76,CARUARU,Ingestão de Álcool,Saída de leito carroçável,Sem Vítimas,Plena Noite,Crescente,Céu Claro,Simples,Reta,Não,1,0,0,0,1,0,0,1,"-8,367286","-35,985153",SPRF-PE,DEL02-PE,UOP01-DEL02-PE
316424.0,2020-10-23,sexta-feira,02:15:00,PE,232,503,VERDEJANTE,Ingestão de Álcool,Saída de leito carroçável,Com Vítimas Feridas,Plena Noite,Decrescente,Céu Claro,Simples,Reta,Não,1,0,1,0,0,0,1,1,"-8,04856198","-39,07759201",SPRF-PE,DEL05-PE,UOP01-DEL05-PE
316490.0,2020-10-21,quarta-feira,20:30:00,PE,232,50,VITORIA DE SANTO ANTAO,Velocidade Incompatível,Colisão lateral,Sem Vítimas,Plena Noite,Decrescente,Céu Claro,Dupla,Reta,Não,3,0,0,0,3,0,0,2,"-8,14106223","-35,32322707",SPRF-PE,DEL02-PE,UOP02-DEL02PE
316532.0,2020-08-26,quarta-feira,00:10:00,PE,408,51,NAZARE DA MATA,Desobediência às normas de trânsito pelo condutor,Colisão frontal,Com Vítimas Fatais,Plena Noite,Decrescente,Céu Claro,Simples,Reta;Declive                  ,Não,2,1,0,0,0,1,0,2,"-7,737419","-35,234954",SPRF-PE,DEL01-PE,UOP01-DEL01-PE
316570.0,2020-10-23,sexta-feira,19:05:00,PE,232,135,CARUARU,Animais na Pista,Atropelamento de Animal,Com Vítimas Feridas,Plena Noite,Crescente,Céu Claro,Dupla,Reta,Sim,1,0,0,1,0,0,1,1,"-8,31096592","-36,03308802",SPRF-PE,DEL02-PE,UOP03-DEL02-PE
316635.0,2020-10-23,sexta-feira,23:00:00,PE,232,79,GRAVATA,Falta de Atenção à Condução,Colisão frontal,Com Vítimas Feridas,Plena Noite,Decrescente,Céu Claro,Simples,Reta,Sim,3,0,0,1,1,1,1,3,"-8,19460572","-35,56074803",SPRF-PE,DEL02-PE,UOP02-DEL02PE
316716.0,2020-10-24,sábado,10:50:00,PE,232,417,SERRA TALHADA,Condutor Dormindo,Saída de leito carroçável,Com Vítimas Feridas,Pleno dia,Crescente,Sol,Simples,Reta,Não,1,0,1,0,0,0,1,1,"-8,000298","-38,361745",SPRF-PE,DEL04-PE,UOP01-DEL04-PE
316795.0,2020-10-24,sábado,18:30:00,PE,232,35,MORENO,Falta de Atenção do Pedestre,Atropelamento de Pedestre,Com Vítimas Fatais,Plena Noite,Crescente,Céu Claro,Simples,Reta,Não,2,1,0,0,0,1,0,2,"-8,10907341","-35,19256991",SPRF-PE,DEL02-PE,UOP02-DEL02PE
316807.0,2020-10-24,sábado,18:45:00,PE,101,18,GOIANA,Falta de Atenção à Condução,Colisão com objeto estático,Sem Vítimas,Plena Noite,Decrescente,Vento,Dupla,Reta,Não,1,0,0,0,1,0,0,1,"-7,64778973","-34,95054569",SPRF-PE,DEL01-PE,UOP02-DEL01-PE
316841.0,2020-10-24,sábado,18:00:00,PE,110,"135,1",IBIMIRIM,Desobediência às normas de trânsito pelo condutor,Colisão frontal,Com Vítimas Fatais,Plena Noite,Crescente,Céu Claro,Simples,Reta,Não,2,1,0,0,1,0,0,2,"-8,50690196","-37,587824",SPRF-PE,DEL03-PE,UOP02-DEL03-PE
316847.0,2020-10-24,sábado,21:30:00,PE,101,92,CABO DE SANTO AGOSTINHO,Falta de Atenção à Condução,Colisão traseira,Com Vítimas Feridas,Plena Noite,Crescente,Céu Claro,Simples,Reta,Não,2,0,0,1,1,0,1,2,"-8,23201792","-34,99778611",SPRF-PE,DEL01-PE,UOP03-DEL01-PE
316880.0,2020-10-25,domingo,00:10:00,PE,101,"41,6",IGARASSU,Falta de Atenção à Condução,Colisão lateral,Com Vítimas Feridas,Plena Noite,Decrescente,Nublado,Dupla,Curva,Sim,3,0,2,0,1,0,2,2,"-7,83038346","-34,91426785",SPRF-PE,DEL01-PE,UOP02-DEL01-PE
316902.0,2020-10-25,domingo,02:00:00,PE,232,"259,3",ARCOVERDE,Ingestão de Álcool,Atropelamento de Pedestre,Com Vítimas Fatais,Plena Noite,Crescente,Céu Claro,Simples,Reta,Não,2,1,0,0,0,1,0,2,"-8,40572762","-37,1166453",SPRF-PE,DEL03-PE,UOP02-DEL03-PE
316976.0,2020-10-25,domingo,08:00:00,PE,408,89,SAO LOURENCO DA MATA,Desobediência às normas de trânsito pelo condutor,Colisão traseira,Com Vítimas Feridas,Pleno dia,Decrescente,Céu Claro,Dupla,Rotatória,Não,4,0,2,0,2,0,2,2,"-7,98149086","-35,08112279",SPRF-PE,DEL01-PE,UOP01-DEL01-PE
317007.0,2020-10-25,domingo,10:30:00,PE,101,42,IGARASSU,Falta de Atenção à Condução,Colisão transversal,Sem Vítimas,Pleno dia,Decrescente,Sol,Múltipla,Declive,Sim,5,0,0,0,5,0,0,2,"-7,83887431","-34,91196739",SPRF-PE,DEL01-PE,UOP02-DEL01-PE
317028.0,2020-10-25,domingo,12:30:00,PE,101,112,CABO DE SANTO AGOSTINHO,Velocidade Incompatível,Saída de leito carroçável,Com Vítimas Feridas,Pleno dia,Decrescente,Nublado,Dupla,Curva,Não,1,0,1,0,0,0,1,1,"-8,3278918","-35,119238",SPRF-PE,DEL01-PE,UOP03-DEL01-PE
317048.0,2020-10-25,domingo,17:00:00,PE,101,90,CABO DE SANTO AGOSTINHO,Velocidade Incompatível,Colisão traseira,Com Vítimas Feridas,Amanhecer,Decrescente,Céu Claro,Dupla,Reta,Não,2,0,1,0,1,0,1,2,"-8,21612792","-34,98772817",SPRF-PE,DEL01-PE,UOP03-DEL01-PE
317092.0,2020-10-25,domingo,15:25:00,PE,110,237,PETROLANDIA,Ultrapassagem Indevida,Colisão frontal,Com Vítimas Fatais,Pleno dia,Crescente,Céu Claro,Simples,Reta,Não,7,1,3,3,0,0,6,2,"-9,11906794","-38,27977906",SPRF-BA,DEL07-BA,UOP01-DEL07-BA
317118.0,2020-10-25,domingo,22:20:00,PE,232,181,BELO JARDIM,Condutor Dormindo,Colisão frontal,Com Vítimas Feridas,Plena Noite,Crescente,Céu Claro,Simples,Reta,Sim,3,0,1,1,1,0,2,2,"-8,34627974","-36,43776285",SPRF-PE,DEL02-PE,UOP03-DEL02-PE
317144.0,2020-10-26,segunda-feira,01:35:00,PE,101,"46,6",IGARASSU,Ingestão de Álcool,Colisão transversal,Com Vítimas Feridas,Plena Noite,Crescente,Céu Claro,Múltipla,Retorno Regulamentado;Reta    ,Sim,6,0,1,1,3,1,2,2,"-7,87406004","-34,90588126",SPRF-PE,DEL01-PE,UOP02-DEL01-PE
317233.0,2020-10-26,segunda-feira,12:30:00,PE,101,41,IGARASSU,Falta de Atenção à Condução,Colisão lateral,Com Vítimas Feridas,Pleno dia,Crescente,Sol,Dupla,Curva,Sim,3,0,2,0,1,0,2,2,"-7,83038346","-34,91426785",SPRF-PE,DEL01-PE,UOP02-DEL01-PE
317249.0,2020-09-28,segunda-feira,13:25:00,PE,407,125,PETROLINA,Desobediência às normas de trânsito pelo condutor,Colisão lateral,Com Vítimas Feridas,Pleno dia,Crescente,Céu Claro,Dupla,Reta,Sim,2,0,1,0,0,1,1,2,"-9,37846041","-40,53526547",SPRF-PE,DEL06-PE,UOP01-DEL06-PE
317280.0,2020-10-26,segunda-feira,15:50:00,PE,232,"329,9",CUSTODIA,Falta de Atenção à Condução,Queda de ocupante de veículo,Com Vítimas Feridas,Pleno dia,Crescente,Céu Claro,Simples,Reta,Não,1,0,0,1,0,0,1,1,"-8,0900018","-37,609485",SPRF-PE,DEL03-PE,UOP02-DEL03-PE
317318.0,2020-10-26,segunda-feira,20:00:00,PE,101,"65,4",RECIFE,Desobediência às normas de trânsito pelo condutor,Colisão transversal,Com Vítimas Fatais,Plena Noite,Crescente,Céu Claro,Múltipla,Reta,Sim,3,1,0,0,2,0,0,2,"-8,0285","-34,943036",SPRF-PE,DEL01-PE,UOP01-DEL01-PE
317334.0,2020-10-26,segunda-feira,21:30:00,PE,101,69,RECIFE,Restrição de Visibilidade,Queda de ocupante de veículo,Com Vítimas Feridas,Plena Noite,Crescente,Céu Claro,Dupla,Reta,Sim,1,0,1,0,0,0,1,1,"-8,05951606","-34,94581024",SPRF-PE,DEL01-PE,UOP01-DEL01-PE
317454.0,2020-10-27,terça-feira,17:00:00,PE,232,104,BEZERROS,Desobediência às normas de trânsito pelo condutor,Colisão transversal,Com Vítimas Feridas,Pleno dia,Crescente,Céu Claro,Dupla,Reta,Não,2,0,1,0,1,0,1,2,"-8,26020175","-35,78595942",SPRF-PE,DEL02-PE,UOP03-DEL02-PE
317491.0,2020-10-27,terça-feira,18:30:00,PE,407,129,PETROLINA,Falta de Atenção à Condução,Colisão transversal,Com Vítimas Feridas,Plena Noite,Crescente,Céu Claro,Dupla,Rotatória,Sim,3,0,1,1,0,1,2,2,"-9,39958299","-40,50459298",SPRF-PE,DEL06-PE,UOP01-DEL06-PE
317515.0,2020-10-27,terça-feira,22:15:00,PE,316,"24,9",ARARIPINA,Desobediência às normas de trânsito pelo condutor,Colisão traseira,Com Vítimas Feridas,Plena Noite,Decrescente,Céu Claro,Simples,Curva,Não,3,0,0,1,2,0,1,2,"-7,588004","-40,49662",SPRF-PE,DEL05-PE,UOP02-DEL05-PE
317586.0,2020-10-28,quarta-feira,13:10:00,PE,101,"70,8",RECIFE,Desobediência às normas de trânsito pelo condutor,Colisão transversal,Com Vítimas Feridas,Pleno dia,Crescente,Céu Claro,Simples,Reta,Sim,2,0,1,0,1,0,1,2,"-8,074799","-34,945782",SPRF-PE,DEL01-PE,UOP01-DEL01-PE
317631.0,2020-10-28,quarta-feira,16:00:00,PE,408,"85,5",PAUDALHO,Desobediência às normas de trânsito pelo condutor,Saída de leito carroçável,Com Vítimas Feridas,Pleno dia,Decrescente,Sol,Dupla,Curva,Não,1,0,0,1,0,0,1,1,"-7,956804","-35,09932",SPRF-PE,DEL01-PE,UOP01-DEL01-PE
317642.0,2020-10-28,quarta-feira,18:05:00,PE,408,"95,9",SAO LOURENCO DA MATA,Falta de Atenção à Condução,Colisão com objeto estático,Com Vítimas Feridas,Plena Noite,Crescente,Céu Claro,Dupla,Reta,Não,1,0,1,0,0,0,1,1,"-8,022055","-35,04066",SPRF-PE,DEL01-PE,UOP01-DEL01-PE
317651.0,2020-10-28,quarta-feira,18:50:00,PE,101,63,RECIFE,Falta de Atenção à Condução,Colisão traseira,Sem Vítimas,Plena Noite,Decrescente,Vento,Múltipla,Reta,Sim,2,0,0,0,1,1,0,2,"-8,00800604","-34,93756535",SPRF-PE,DEL01-PE,UOP01-DEL01-PE