id,data_inversa,dia_semana,horario,uf,br,km,municipio,causa_acidente,tipo_acidente,classificacao_acidente,fase_dia,sentido_via,condicao_metereologica,tipo_pista,tracado_via,uso_solo,pessoas,mortos,feridos_leves,feridos_graves,ilesos,ignorados,feridos,veiculos,latitude,longitude,regional,delegacia,uop
317684.0,2020-10-28,quarta-feira,21:10:00,PE,101,"47,4",IGARASSU,Falta de Atenção à Condução,Colisão com objeto estático,Sem Vítimas,Plena Noite,Crescente,Nublado,Dupla,Reta,Sim,2,0,0,0,1,1,0,1,"-7,88290701","-34,90461208",SPRF-PE,DEL01-PE,UOP02-DEL01-PE
317707.0,2020-10-29,quinta-feira,01:30:00,PE,423,"118,5",PARANATAMA,Ingestão de Álcool,Colisão frontal,Com Vítimas Fatais,Plena Noite,Decrescente,Nublado,Simples,Reta,Não,5,1,2,2,0,0,4,2,"-8,91059049","-36,68432057",SPRF-PE,DEL03-PE,UOP01-DEL03-PE
317713.0,2020-10-29,quinta-feira,01:30:00,PE,232,470,MIRANDIBA,Falta de Atenção à Condução,Colisão frontal,Com Vítimas Fatais,Plena Noite,Crescente,Céu Claro,Simples,Reta,Sim,3,1,0,2,0,0,2,2,"-8,01983329","-38,80194613",SPRF-PE,DEL05-PE,UOP01-DEL05-PE
317718.0,2020-10-29,quinta-feira,06:20:00,PE,101,71,RECIFE,Desobediência às normas de trânsito pelo condutor,Colisão transversal,Com Vítimas Feridas,Pleno dia,Decrescente,Céu Claro,Dupla,Reta,Sim,3,0,1,0,2,0,1,2,"-8,07663102","-34,94277871",SPRF-PE,DEL01-PE,UOP01-DEL01-PE
317781.0,2020-10-29,quinta-feira,09:40:00,PE,428,"71,3",SANTA MARIA DA BOA VISTA,Falta de Atenção à Condução,Saída de leito carroçável,Com Vítimas Feridas,Pleno dia,Crescente,Sol,Simples,Reta,Não,3,0,3,0,0,0,3,1,"-8,70240405","-39,76912477",SPRF-PE,DEL06-PE,UOP03-DEL06-PE
317839.0,2020-10-29,quinta-feira,18:10:00,PE,423,"77,5",JUCATI,Defeito Mecânico no Veículo,Incêndio,Sem Vítimas,Plena Noite,Crescente,Céu Claro,Simples,Reta,Não,1,0,0,0,1,0,0,1,"-8,74071255","-36,43087864",SPRF-PE,DEL03-PE,UOP01-DEL03-PE
317849.0,2020-10-29,quinta-feira,18:25:00,PE,101,162,GAMELEIRA,Agressão Externa,Queda de ocupante de veículo,Com Vítimas Feridas,Plena Noite,Crescente,Céu Claro,Dupla,Reta,Não,1,0,0,1,0,0,1,1,"-8,55169716","-35,43739509",SPRF-PE,DEL01-PE,UOP03-DEL01-PE
318028.0,2020-10-30,sexta-feira,16:00:00,PE,101,71,RECIFE,Falta de Atenção à Condução,Queda de ocupante de veículo,Com Vítimas Feridas,Pleno dia,Decrescente,Céu Claro,Simples,Retorno Regulamentado;Curva   ,Não,2,0,2,0,0,0,2,1,"-8,07663102","-34,94277871",SPRF-PE,DEL01-PE,UOP01-DEL01-PE
318030.0,2020-10-30,sexta-feira,16:30:00,PE,101,61,RECIFE,Falta de Atenção à Condução,Colisão traseira,Com Vítimas Feridas,Amanhecer,Decrescente,Céu Claro,Dupla,Reta,Sim,3,0,0,1,2,0,1,2,"-7,99097103","-34,93598295",SPRF-PE,DEL01-PE,UOP02-DEL01-PE
318051.0,2020-10-30,sexta-feira,18:00:00,PE,101,"74,7",RECIFE,Falta de Atenção à Condução,Colisão lateral,Com Vítimas Feridas,Plena Noite,Decrescente,Nublado,Dupla,Reta,Não,2,0,1,0,1,0,1,2,"-8,10886","-34,946968",SPRF-PE,DEL01-PE,UOP01-DEL01-PE
318084.0,2020-10-03,sábado,06:30:00,PE,104,29,TORITAMA,Velocidade Incompatível,Colisão transversal,Com Vítimas Feridas,Pleno dia,Crescente,Céu Claro,Simples,Interseção de Vias,Sim,2,0,1,0,1,0,1,2,"-8,0078","-36,0621",SPRF-PE,DEL02-PE,UOP01-DEL02-PE
318094.0,2020-10-30,sexta-feira,20:15:00,PE,408,77,PAUDALHO,Velocidade Incompatível,Saída de leito carroçável,Com Vítimas Fatais,Plena Noite,Crescente,Nublado,Dupla,Aclive,Sim,1,1,0,0,0,0,0,1,"-7,915654","-35,168972",SPRF-PE,DEL01-PE,UOP01-DEL01-PE
318138.0,2020-10-30,sexta-feira,11:15:00,PE,101,"77,8",RECIFE,Falta de Atenção à Condução,Colisão traseira,Com Vítimas Feridas,Plena Noite,Decrescente,Nublado,Dupla,Curva,Sim,2,0,1,0,0,1,1,2,"-8,126982","-34,94386",SPRF-PE,DEL01-PE,UOP01-DEL01-PE
318180.0,2020-10-31,sábado,05:30:00,PE,104,"129,9",QUIPAPA,Condutor Dormindo,Colisão com objeto estático,Com Vítimas Feridas,Amanhecer,Crescente,Céu Claro,Simples,Reta,Não,6,0,5,1,0,0,6,1,"-8,769944","-36,024506",SPRF-PE,DEL02-PE,UOP01-DEL02-PE
318249.0,2020-10-31,sábado,11:00:00,PE,101,56,PAULISTA,Falta de Atenção à Condução,Colisão traseira,Com Vítimas Feridas,Pleno dia,Decrescente,Sol,Dupla,Reta,Não,3,0,0,1,1,1,1,3,"-7,9554509","-34,91140727",SPRF-PE,DEL01-PE,UOP02-DEL01-PE
318255.0,2020-10-31,sábado,11:30:00,PE,101,34,ITAPISSUMA,Falta de Atenção à Condução,Colisão lateral,Com Vítimas Feridas,Pleno dia,Decrescente,Céu Claro,Múltipla,Reta,Não,3,0,2,0,1,0,2,2,"-7,77092801","-34,93524623",SPRF-PE,DEL01-PE,UOP02-DEL01-PE
318272.0,2020-10-31,sábado,11:40:00,PE,101,"95,6",CABO DE SANTO AGOSTINHO,Falta de Atenção à Condução,Colisão traseira,Com Vítimas Feridas,Pleno dia,Crescente,Sol,Dupla,Reta,Sim,2,0,1,0,1,0,1,2,"-8,25099","-35,01426",SPRF-PE,DEL01-PE,UOP03-DEL01-PE
318288.0,2020-10-31,sábado,14:10:00,PE,232,"147,2",SAO CAITANO,Falta de Atenção à Condução,Colisão com objeto estático,Com Vítimas Fatais,Pleno dia,Decrescente,Céu Claro,Simples,Curva,Sim,2,1,0,1,0,0,1,1,"-8,33373137","-36,13751116",SPRF-PE,DEL02-PE,UOP03-DEL02-PE
318333.0,2020-10-31,sábado,18:15:00,PE,232,"81,1",GRAVATA,Falta de Atenção à Condução,Colisão transversal,Com Vítimas Fatais,Plena Noite,Decrescente,Céu Claro,Dupla,Reta;Declive                  ,Sim,2,1,0,0,0,1,0,2,"-8,19697746","-35,57850408",SPRF-PE,DEL02-PE,UOP02-DEL02PE
318350.0,2020-10-31,sábado,19:20:00,PE,101,68,RECIFE,Desobediência às normas de trânsito pelo condutor,Colisão com objeto em movimento,Com Vítimas Feridas,Plena Noite,Decrescente,Nublado,Dupla,Reta,Sim,3,0,2,0,1,0,2,2,"-8,05074296","-34,94580619",SPRF-PE,DEL01-PE,UOP01-DEL01-PE
318354.0,2020-10-31,sábado,18:20:00,PE,232,"81,1",GRAVATA,Falta de Atenção à Condução,Colisão traseira,Sem Vítimas,Plena Noite,Decrescente,Céu Claro,Dupla,Reta;Declive                  ,Sim,2,0,0,0,2,0,0,2,"-8,19697746","-35,57850408",SPRF-PE,DEL02-PE,UOP02-DEL02PE
318369.0,2020-10-31,sábado,20:00:00,PE,423,105,GARANHUNS,Defeito Mecânico no Veículo,Incêndio,Sem Vítimas,Plena Noite,Decrescente,Céu Claro,Simples,Reta,Não,1,0,0,0,1,0,0,1,"-8,87945755","-36,56404811",SPRF-PE,DEL03-PE,UOP01-DEL03-PE
318394.0,2020-10-31,sábado,21:40:00,PE,101,55,PAULISTA,Ingestão de Álcool,Colisão traseira,Com Vítimas Feridas,Plena Noite,Crescente,Céu Claro,Dupla,Reta,Não,2,0,1,0,1,0,1,2,"-7,93961103","-34,90356584",SPRF-PE,DEL01-PE,UOP02-DEL01-PE
318401.0,2020-10-31,sábado,22:30:00,PE,232,"182,9",BELO JARDIM,Falta de Atenção à Condução,Colisão lateral,Sem Vítimas,Plena Noite,Crescente,Céu Claro,Simples,Reta,Sim,2,0,0,0,1,1,0,2,"-8,34804728","-36,44664994",SPRF-PE,DEL02-PE,UOP03-DEL02-PE
318455.0,2020-11-01,domingo,05:00:00,PE,423,77,JUCATI,Agressão Externa,Saída de leito carroçável,Com Vítimas Fatais,Amanhecer,Crescente,Céu Claro,Simples,Declive,Não,6,1,1,0,0,4,1,1,"-8,740482","-36,43069893",SPRF-PE,DEL03-PE,UOP01-DEL03-PE
318521.0,2020-11-01,domingo,11:00:00,PE,101,"79,5",JABOATAO DOS GUARARAPES,Velocidade Incompatível,Saída de leito carroçável,Com Vítimas Feridas,Pleno dia,Crescente,Céu Claro,Dupla,Curva,Sim,2,0,1,0,1,0,1,1,"-8,147413","-34,944712",SPRF-PE,DEL01-PE,UOP01-DEL01-PE
318549.0,2020-11-01,domingo,14:05:00,PE,232,149,SAO CAITANO,Falta de Atenção à Condução,Saída de leito carroçável,Com Vítimas Fatais,Pleno dia,Crescente,Nublado,Dupla,Curva,Não,1,1,0,0,0,0,0,1,"-8,32735673","-36,1522615",SPRF-PE,DEL02-PE,UOP03-DEL02-PE
318561.0,2020-11-01,domingo,16:10:00,PE,424,"83,3",GARANHUNS,Falta de Atenção à Condução,Colisão com objeto estático,Com Vítimas Feridas,Anoitecer,Decrescente,Nublado,Simples,Declive;Reta                  ,Não,1,0,1,0,0,0,1,1,"-8,84593423","-36,52457016",SPRF-PE,DEL03-PE,UOP01-DEL03-PE
318562.0,2020-11-01,domingo,15:40:00,PE,408,"52,8",NAZARE DA MATA,Desobediência às normas de trânsito pelo condutor,Colisão lateral,Com Vítimas Feridas,Pleno dia,Decrescente,Sol,Simples,Reta,Sim,2,0,1,0,1,0,1,2,"-7,75420779","-35,23280025",SPRF-PE,DEL01-PE,UOP01-DEL01-PE
318563.0,2020-11-01,domingo,16:50:00,PE,232,405,SERRA TALHADA,Falta de Atenção à Condução,Colisão traseira,Sem Vítimas,Pleno dia,Crescente,Céu Claro,Simples,Reta,Não,2,0,0,0,2,0,0,2,"-7,98895584","-38,25355016",SPRF-PE,DEL04-PE,UOP01-DEL04-PE
318656.0,2020-11-02,segunda-feira,01:15:00,PE,316,25,ARARIPINA,Desobediência às normas de trânsito pelo condutor,Colisão transversal,Com Vítimas Fatais,Plena Noite,Decrescente,Chuva,Simples,Reta,Sim,3,1,0,1,0,1,1,2,"-7,59595686","-40,49329368",SPRF-PE,DEL05-PE,UOP02-DEL05-PE
318795.0,2020-11-02,segunda-feira,18:20:00,PE,232,"45,6",VITORIA DE SANTO ANTAO,Não guardar distância de segurança,Colisão traseira,Com Vítimas Feridas,Plena Noite,Decrescente,Céu Claro,Dupla,Reta,Não,2,0,1,0,1,0,1,2,"-8,131881","-35,28658",SPRF-PE,DEL02-PE,UOP02-DEL02PE
318893.0,2020-11-03,terça-feira,07:25:00,PE,428,187,PETROLINA,Falta de Atenção à Condução,Colisão traseira,Sem Vítimas,Pleno dia,Decrescente,Céu Claro,Simples,Reta,Sim,2,0,0,0,2,0,0,2,"-9,36502046","-40,48320293",SPRF-PE,DEL06-PE,UOP01-DEL06-PE
318902.0,2020-11-03,terça-feira,00:30:00,PE,101,"75,2",RECIFE,Falta de Atenção à Condução,Saída de leito carroçável,Sem Vítimas,Plena Noite,Decrescente,Céu Claro,Dupla,Reta,Sim,5,0,0,0,0,5,0,2,"-8,10973523","-34,94660151",SPRF-PE,DEL01-PE,UOP01-DEL01-PE
318929.0,2020-11-03,terça-feira,10:10:00,PE,232,7,RECIFE,Velocidade Incompatível,Saída de leito carroçável,Com Vítimas Feridas,Pleno dia,Crescente,Céu Claro,Dupla,Reta,Não,1,0,1,0,0,0,1,1,"-8,07333497","-34,96184301",SPRF-PE,DEL01-PE,UOP01-DEL01-PE
318939.0,2020-11-03,terça-feira,11:55:00,PE,232,9,RECIFE,Não guardar distância de segurança,Colisão traseira,Sem Vítimas,Pleno dia,Decrescente,Céu Claro,Dupla,Reta,Sim,2,0,0,0,2,0,0,2,"-8,07764447","-34,97863609",SPRF-PE,DEL01-PE,UOP01-DEL01-PE
318945.0,2020-11-03,terça-feira,12:20:00,PE,101,"24,6",IGARASSU,Condutor Dormindo,Saída de leito carroçável,Com Vítimas Feridas,Pleno dia,Crescente,Céu Claro,Dupla,Curva,Não,3,0,0,3,0,0,3,1,"-7,69218298","-34,92211684",SPRF-PE,DEL01-PE,UOP02-DEL01-PE
318953.0,2020-11-03,terça-feira,12:00:00,PE,232,409,SERRA TALHADA,Desobediência às normas de trânsito pelo condutor,Colisão transversal,Com Vítimas Feridas,Pleno dia,Decrescente,Nublado,Múltipla,Interseção de Vias,Sim,2,0,1,0,1,0,1,2,"-7,981944","-38,289467",SPRF-PE,DEL04-PE,UOP01-DEL04-PE
319010.0,2020-11-03,terça-feira,17:10:00,PE,101,82,JABOATAO DOS GUARARAPES,Falta de Atenção do Pedestre,Atropelamento de Pedestre,Com Vítimas Feridas,Anoitecer,Crescente,Céu Claro,Múltipla,Reta,Sim,2,0,0,1,1,0,1,2,"-8,168383","-34,9376",SPRF-PE,DEL01-PE,UOP03-DEL01-PE
319120.0,2020-11-04,quarta-feira,14:35:00,PE,101,"42,8",IGARASSU,Falta de Atenção à Condução,Colisão traseira,Com Vítimas Feridas,Pleno dia,Decrescente,Céu Claro,Múltipla,Reta,Sim,2,0,1,0,1,0,1,2,"-7,83887431","-34,91196739",SPRF-PE,DEL01-PE,UOP02-DEL01-PE
319137.0,2020-11-04,quarta-feira,15:30:00,PE,232,"80,6",GRAVATA,Falta de Atenção à Condução,Tombamento,Com Vítimas Feridas,Pleno dia,Crescente,Sol,Simples,Reta,Sim,2,0,0,1,1,0,1,2,"-8,19579864","-35,56962305",SPRF-PE,DEL02-PE,UOP02-DEL02PE
319200.0,2020-11-04,quarta-feira,22:00:00,PE,101,43,IGARASSU,Falta de Atenção à Condução,Colisão traseira,Com Vítimas Feridas,Plena Noite,Decrescente,Vento,Múltipla,Reta,Sim,2,0,0,1,1,0,1,2,"-7,84753808","-34,90977038",SPRF-PE,DEL01-PE,UOP02-DEL01-PE
319208.0,2020-11-04,quarta-feira,20:10:00,PE,101,50,ABREU E LIMA,Falta de Atenção à Condução,Colisão traseira,Com Vítimas Feridas,Plena Noite,Crescente,Céu Claro,Dupla,Reta,Sim,2,0,1,0,0,1,1,2,"-7,90938602","-34,90123228",SPRF-PE,DEL01-PE,UOP02-DEL01-PE
319278.0,2020-11-05,quinta-feira,10:50:00,PE,232,"126,6",CARUARU,Falta de Atenção à Condução,Colisão com objeto estático,Sem Vítimas,Pleno dia,Decrescente,Céu Claro,Simples,Curva,Sim,1,0,0,0,1,0,0,1,"-8,304105","-35,965436",SPRF-PE,DEL02-PE,UOP03-DEL02-PE
319307.0,2020-11-05,quinta-feira,14:10:00,PE,232,"333,7",CUSTODIA,Falta de Atenção à Condução,Colisão frontal,Com Vítimas Feridas,Pleno dia,Crescente,Céu Claro,Simples,Reta,Sim,2,0,0,1,1,0,1,2,"-8,0886886","-37,62796997",SPRF-PE,DEL03-PE,UOP02-DEL03-PE
319361.0,2020-11-05,quinta-feira,18:20:00,PE,232,516,SALGUEIRO,Animais na Pista,Atropelamento de Animal,Com Vítimas Fatais,Plena Noite,Crescente,Céu Claro,Simples,Reta,Não,2,1,0,0,1,0,0,2,"-8,06595076","-39,18871694",SPRF-PE,DEL05-PE,UOP01-DEL05-PE
319438.0,2020-11-06,sexta-feira,06:40:00,PE,104,"61,7",CARUARU,Falta de Atenção à Condução,Colisão lateral,Com Vítimas Feridas,Pleno dia,Decrescente,Céu Claro,Dupla,Retorno Regulamentado,Sim,3,0,2,0,1,0,2,2,"-8,24591511","-35,97496748",SPRF-PE,DEL02-PE,UOP01-DEL02-PE
319557.0,2020-11-06,sexta-feira,20:00:00,PE,101,"113,8",IPOJUCA,Velocidade Incompatível,Colisão com objeto estático,Com Vítimas Feridas,Pleno dia,Crescente,Chuva,Dupla,Curva,Não,2,0,1,0,1,0,1,2,"-8,33107097","-35,12666499",SPRF-PE,DEL01-PE,UOP03-DEL01-PE
319610.0,2020-11-07,sábado,05:50:00,PE,232,"406,9",SERRA TALHADA,Falta de Atenção à Condução,Queda de ocupante de veículo,Com Vítimas Feridas,Pleno dia,Decrescente,Céu Claro,Simples,Reta,Sim,2,0,1,0,0,1,1,1,"-7,98720861","-38,26249294",SPRF-PE,DEL04-PE,UOP01-DEL04-PE
319624.0,2020-11-07,sábado,07:40:00,PE,101,82,JABOATAO DOS GUARARAPES,Desobediência às normas de trânsito pelo condutor,Colisão transversal,Com Vítimas Feridas,Pleno dia,Crescente,Céu Claro,Múltipla,Reta,Sim,2,0,1,0,1,0,1,2,"-8,168383","-34,9376",SPRF-PE,DEL01-PE,UOP03-DEL01-PE
319635.0,2020-11-07,sábado,08:23:00,PE,101,"7,3",GOIANA,Falta de Atenção à Condução,Colisão transversal,Com Vítimas Feridas,Pleno dia,Crescente,Céu Claro,Múltipla,Reta,Sim,2,0,1,0,0,1,1,2,"-7,55997111","-34,99072674",SPRF-PE,DEL01-PE,UOP02-DEL01-PE
319645.0,2020-11-07,sábado,10:30:00,PE,104,23,TAQUARITINGA DO NORTE,Velocidade Incompatível,Saída de leito carroçável,Com Vítimas Feridas,Pleno dia,Crescente,Céu Claro,Simples,Curva,Não,2,0,2,0,0,0,2,1,"-7,97610775","-36,10427141",SPRF-PE,DEL02-PE,UOP01-DEL02-PE
319710.0,2020-11-07,sábado,17:10:00,PE,428,"139,8",LAGOA GRANDE,Ingestão de Álcool,Colisão traseira,Com Vítimas Feridas,Anoitecer,Crescente,Céu Claro,Simples,Reta,Sim,2,0,1,0,1,0,1,2,"-8,99665237","-40,27201653",SPRF-PE,DEL06-PE,UOP03-DEL06-PE
319742.0,2020-11-07,sábado,17:00:00,PE,232,515,SALGUEIRO,Ingestão de Álcool,Colisão traseira,Com Vítimas Feridas,Anoitecer,Decrescente,Céu Claro,Simples,Declive,Não,2,0,2,0,0,0,2,2,"-8,067704","-39,181833",SPRF-PE,DEL05-PE,UOP01-DEL05-PE
319768.0,2020-11-07,sábado,20:30:00,PE,104,98,CUPIRA,Ingestão de Álcool,Colisão lateral,Sem Vítimas,Plena Noite,Decrescente,Céu Claro,Simples,Reta,Não,2,0,0,0,2,0,0,2,"-8,547956","-35,939072",SPRF-PE,DEL02-PE,UOP01-DEL02-PE
319772.0,2020-11-07,sábado,21:00:00,PE,428,"177,7",PETROLINA,Ingestão de Álcool,Colisão transversal,Com Vítimas Feridas,Plena Noite,Decrescente,Céu Claro,Simples,Interseção de Vias;Reta       ,Não,5,0,0,1,4,0,1,2,"-9,29292069","-40,4462393",SPRF-PE,DEL06-PE,UOP01-DEL06-PE
319774.0,2020-11-07,sábado,21:15:00,PE,101,"68,7",RECIFE,Falta de Atenção do Pedestre,Atropelamento de Pedestre,Com Vítimas Feridas,Plena Noite,Decrescente,Nublado,Dupla,Reta,Sim,4,0,1,0,3,0,1,2,"-8,057125","-34,946158",SPRF-PE,DEL01-PE,UOP01-DEL01-PE
319842.0,2020-11-08,domingo,01:40:00,PE,232,"106,2",BEZERROS,Ingestão de Álcool,Colisão com objeto estático,Com Vítimas Feridas,Plena Noite,Decrescente,Céu Claro,Dupla,Reta,Não,1,0,1,0,0,0,1,1,"-8,26300269","-35,79029821",SPRF-PE,DEL02-PE,UOP03-DEL02-PE
319953.0,2020-11-08,domingo,10:15:00,PE,232,"411,9",SERRA TALHADA,Velocidade Incompatível,Saída de leito carroçável,Com Vítimas Feridas,Pleno dia,Decrescente,Céu Claro,Simples,Reta,Sim,1,0,0,1,0,0,1,1,"-7,97976163","-38,31087404",SPRF-PE,DEL04-PE,UOP01-DEL04-PE
319962.0,2020-11-08,domingo,11:20:00,PE,423,188,ITAIBA,Defeito Mecânico no Veículo,Colisão transversal,Com Vítimas Fatais,Pleno dia,Crescente,Céu Claro,Simples,Reta;Declive                  ,Não,7,3,0,4,0,0,4,2,"-9,13359539","-37,21357599",SPRF-AL,DEL03-AL,UOP02-DEL03-AL
319976.0,2020-11-08,domingo,12:50:00,PE,101,43,IGARASSU,Falta de Atenção à Condução,Colisão traseira,Com Vítimas Feridas,Pleno dia,Decrescente,Céu Claro,Múltipla,Reta;Declive                  ,Sim,2,0,0,1,1,0,1,2,"-7,84753808","-34,90977038",SPRF-PE,DEL01-PE,UOP02-DEL01-PE
319977.0,2020-11-08,domingo,12:20:00,PE,232,15,JABOATAO DOS GUARARAPES,Defeito Mecânico no Veículo,Incêndio,Sem Vítimas,Pleno dia,Decrescente,Céu Claro,Dupla,Reta,Não,1,0,0,0,1,0,0,1,"-8,09137732","-35,02917918",SPRF-PE,DEL01-PE,UOP01-DEL01-PE
320066.0,2020-11-08,domingo,17:30:00,PE,423,161,AGUAS BELAS,Desobediência às normas de trânsito pelo condutor,Colisão frontal,Com Vítimas Fatais,Plena Noite,Crescente,Céu Claro,Simples,Reta,Não,2,1,0,0,0,1,0,2,"-9,09475044","-36,98347867",SPRF-PE,DEL03-PE,UOP01-DEL03-PE
320086.0,2020-11-08,domingo,12:10:00,PE,101,70,RECIFE,Pista Escorregadia,Tombamento,Com Vítimas Feridas,Pleno dia,Decrescente,Céu Claro,Dupla,Curva,Não,1,0,0,1,0,0,1,1,"-8,06776119","-34,94265074",SPRF-PE,DEL01-PE,UOP01-DEL01-PE
320087.0,2020-11-08,domingo,20:55:00,PE,316,51,TRINDADE,Falta de Atenção à Condução,Queda de ocupante de veículo,Com Vítimas Fatais,Plena Noite,Crescente,Céu Claro,Simples,Reta,Sim,1,1,0,0,0,0,0,1,"-7,72294032","-40,31620626",SPRF-PE,DEL05-PE,UOP02-DEL05-PE
320090.0,2020-11-08,domingo,20:10:00,PE,101,"46,6",IGARASSU,Não guardar distância de segurança,Colisão traseira,Com Vítimas Feridas,Plena Noite,Crescente,Garoa/Chuvisco,Múltipla,Reta,Sim,3,0,2,0,1,0,2,2,"-7,88027509","-34,90532583",SPRF-PE,DEL01-PE,UOP02-DEL01-PE
320091.0,2020-11-08,domingo,20:45:00,PE,232,"408,5",SERRA TALHADA,Desobediência às normas de trânsito pelo condutor,Colisão com objeto estático,Com Vítimas Feridas,Plena Noite,Crescente,Céu Claro,Simples,Reta,Sim,2,0,0,2,0,0,2,1,"-7,98371447","-38,28047709",SPRF-PE,DEL04-PE,UOP01-DEL04-PE
320095.0,2020-11-08,domingo,19:00:00,PE,232,514,SALGUEIRO,Falta de Atenção à Condução,Capotamento,Com Vítimas Feridas,Plena Noite,Decrescente,Céu Claro,Simples,Reta,Não,4,0,3,0,0,1,3,1,"-8,07047961","-39,17138084",SPRF-PE,DEL05-PE,UOP01-DEL05-PE
320106.0,2020-11-08,domingo,22:00:00,PE,101,51,ABREU E LIMA,Falta de Atenção à Condução,Capotamento,Sem Vítimas,Plena Noite,Decrescente,Chuva,Dupla,Curva,Sim,1,0,0,0,1,0,0,1,"-7,9169968","-34,89689272",SPRF-PE,DEL01-PE,UOP02-DEL01-PE
320282.0,2020-11-09,segunda-feira,17:40:00,PE,101,"72,5",RECIFE,Defeito na Via,Queda de ocupante de veículo,Com Vítimas Feridas,Anoitecer,Decrescente,Céu Claro,Dupla,Reta,Sim,3,0,0,1,1,1,1,3,"-8,090044","-34,946668",SPRF-PE,DEL01-PE,UOP01-DEL01-PE
320285.0,2020-11-09,segunda-feira,18:30:00,PE,101,57,PAULISTA,Falta de Atenção à Condução,Colisão frontal,Com Vítimas Feridas,Plena Noite,Crescente,Céu Claro,Dupla,Reta,Não,3,0,0,1,2,0,1,3,"-7,93056096","-34,86070812",SPRF-PE,DEL01-PE,UOP02-DEL01-PE
320317.0,2020-11-09,segunda-feira,20:20:00,PE,428,"184,2",PETROLINA,Desobediência às normas de trânsito pelo condutor,Colisão transversal,Com Vítimas Feridas,Plena Noite,Decrescente,Céu Claro,Simples,Interseção de Vias,Sim,2,0,2,0,0,0,2,2,"-9,34644182","-40,47356844",SPRF-PE,DEL06-PE,UOP01-DEL06-PE
320401.0,2020-11-10,terça-feira,10:15:00,PE,101,"50,4",ABREU E LIMA,Falta de Atenção à Condução,Colisão transversal,Com Vítimas Feridas,Pleno dia,Crescente,Nublado,Múltipla,Reta,Sim,3,0,1,0,2,0,1,2,"-7,90938602","-34,90123228",SPRF-PE,DEL01-PE,UOP02-DEL01-PE
320413.0,2020-11-10,terça-feira,10:40:00,PE,101,41,IGARASSU,Falta de Atenção à Condução,Colisão traseira,Sem Vítimas,Pleno dia,Decrescente,Céu Claro,Múltipla,Interseção de Vias,Sim,3,0,0,0,3,0,0,2,"-7,83823531","-34,91215825",SPRF-PE,DEL01-PE,UOP02-DEL01-PE
320417.0,2020-11-07,sábado,14:30:00,PE,116,46,SALGUEIRO,Agressão Externa,Danos eventuais,Sem Vítimas,Pleno dia,Crescente,Céu Claro,Simples,Reta,Não,1,0,0,0,1,0,0,1,"-8,240053","-39,112076",SPRF-PE,DEL05-PE,UOP01-DEL05-PE
320454.0,2020-11-10,terça-feira,15:10:00,PE,101,98,CABO DE SANTO AGOSTINHO,Falta de Atenção à Condução,Colisão traseira,Sem Vítimas,Pleno dia,Decrescente,Céu Claro,Dupla,Reta,Sim,3,0,0,0,3,0,0,3,"-8,25653422","-35,03811793",SPRF-PE,DEL01-PE,UOP03-DEL01-PE
320462.0,2020-11-10,terça-feira,16:00:00,PE,101,83,JABOATAO DOS GUARARAPES,Falta de Atenção à Condução,Colisão lateral,Com Vítimas Feridas,Pleno dia,Decrescente,Nublado,Dupla,Reta,Sim,2,0,1,0,1,0,1,2,"-8,175172","-34,942642",SPRF-PE,DEL01-PE,UOP03-DEL01-PE
320484.0,2020-11-10,terça-feira,18:00:00,PE,232,"410,9",SERRA TALHADA,Falta de Atenção à Condução,Queda de ocupante de veículo,Com Vítimas Feridas,Plena Noite,Crescente,Céu Claro,Simples,Reta,Sim,1,0,0,1,0,0,1,1,"-7,98261841","-38,30039606",SPRF-PE,DEL04-PE,UOP01-DEL04-PE
320503.0,2020-11-10,terça-feira,21:20:00,PE,428,"186,5",PETROLINA,Falta de Atenção à Condução,Colisão traseira,Com Vítimas Feridas,Plena Noite,Crescente,Céu Claro,Simples,Reta,Sim,3,0,1,0,2,0,1,2,"-9,34807826","-40,47441248",SPRF-PE,DEL06-PE,UOP01-DEL06-PE
320550.0,2020-11-10,terça-feira,20:00:00,PE,104,27,TORITAMA,Falta de Atenção à Condução,Colisão traseira,Sem Vítimas,Plena Noite,Decrescente,Céu Claro,Simples,Reta,Não,2,0,0,0,0,2,0,2,"-8,0051","-36,0804",SPRF-PE,DEL02-PE,UOP01-DEL02-PE
320647.0,2020-10-17,sábado,18:00:00,PE,232,82,GRAVATA,Defeito Mecânico no Veículo,Tombamento,Com Vítimas Feridas,Anoitecer,Crescente,Céu Claro,Dupla,Reta,Não,2,0,1,1,0,0,2,1,"-8,19905415","-35,58715194",SPRF-PE,DEL02-PE,UOP02-DEL02PE
320741.0,2020-11-12,quinta-feira,01:00:00,PE,101,55,PAULISTA,Condutor Dormindo,Colisão com objeto estático,Sem Vítimas,Plena Noite,Decrescente,Céu Claro,Dupla,Reta,Sim,1,0,0,0,1,0,0,1,"-7,9554509","-34,91140727",SPRF-PE,DEL01-PE,UOP02-DEL01-PE
320759.0,2020-11-12,quinta-feira,05:30:00,PE,408,"54,2",NAZARE DA MATA,Falta de Atenção à Condução,Colisão lateral,Com Vítimas Feridas,Pleno dia,Decrescente,Sol,Simples,Reta;Aclive                   ,Não,2,0,0,1,1,0,1,2,"-7,76320699","-35,23429891",SPRF-PE,DEL01-PE,UOP01-DEL01-PE
320774.0,2020-11-12,quinta-feira,07:35:00,PE,232,20,MORENO,Objeto estático sobre o leito carroçável,Tombamento,Com Vítimas Feridas,Pleno dia,Decrescente,Sol,Dupla,Reta,Sim,1,0,1,0,0,0,1,1,"-8,09543537","-35,07136107",SPRF-PE,DEL01-PE,UOP01-DEL01-PE