id,data_inversa,dia_semana,horario,uf,br,km,municipio,causa_acidente,tipo_acidente,classificacao_acidente,fase_dia,sentido_via,condicao_metereologica,tipo_pista,tracado_via,uso_solo,pessoas,mortos,feridos_leves,feridos_graves,ilesos,ignorados,feridos,veiculos,latitude,longitude,regional,delegacia,uop
320786.0,2020-11-12,quinta-feira,08:10:00,PE,407,125,PETROLINA,Falta de Atenção à Condução,Colisão transversal,Sem Vítimas,Pleno dia,Crescente,Céu Claro,Dupla,Reta,Sim,3,0,0,0,3,0,0,2,"-9,37739336","-40,53595733",SPRF-PE,DEL06-PE,UOP01-DEL06-PE
320787.0,2020-11-12,quinta-feira,07:15:00,PE,232,"20,3",MORENO,Pista Escorregadia,Colisão traseira,Sem Vítimas,Pleno dia,Decrescente,Sol,Dupla,Retorno Regulamentado,Não,2,0,0,0,2,0,0,2,"-8,09543537","-35,07136107",SPRF-PE,DEL01-PE,UOP01-DEL01-PE
320859.0,2020-11-12,quinta-feira,16:00:00,PE,316,104,OURICURI,Ingestão de Álcool,Colisão lateral,Sem Vítimas,Pleno dia,Decrescente,Céu Claro,Simples,Reta,Não,2,0,0,0,1,1,0,2,"-7,95188563","-39,91377485",SPRF-PE,DEL05-PE,UOP02-DEL05-PE
320887.0,2020-11-12,quinta-feira,18:00:00,PE,428,183,PETROLINA,Falta de Atenção à Condução,Colisão lateral,Com Vítimas Feridas,Anoitecer,Decrescente,Céu Claro,Simples,Retorno Regulamentado,Sim,2,0,1,0,1,0,1,2,"-9,32412987","-40,46211325",SPRF-PE,DEL06-PE,UOP01-DEL06-PE
320888.0,2020-11-12,quinta-feira,18:20:00,PE,428,181,PETROLINA,Animais na Pista,Atropelamento de Animal,Com Vítimas Feridas,Plena Noite,Decrescente,Céu Claro,Simples,Reta,Não,1,0,1,0,0,0,1,1,"-9,30816981","-40,45390137",SPRF-PE,DEL06-PE,UOP01-DEL06-PE
320893.0,2020-11-12,quinta-feira,18:00:00,PE,232,512,SALGUEIRO,Animais na Pista,Atropelamento de Animal,Com Vítimas Feridas,Plena Noite,Crescente,Céu Claro,Simples,Reta,Não,1,0,1,0,0,0,1,1,"-8,07319601","-39,15511499",SPRF-PE,DEL05-PE,UOP01-DEL05-PE
320903.0,2020-11-12,quinta-feira,20:50:00,PE,408,95,SAO LOURENCO DA MATA,Falta de Atenção à Condução,Colisão traseira,Com Vítimas Feridas,Plena Noite,Crescente,Céu Claro,Dupla,Reta,Não,2,0,1,0,0,1,1,2,"-8,01186091","-35,04237616",SPRF-PE,DEL01-PE,UOP01-DEL01-PE
320923.0,2020-11-12,quinta-feira,20:00:00,PE,423,66,CALCADO,Ingestão de Álcool,Colisão frontal,Com Vítimas Fatais,Plena Noite,Decrescente,Céu Claro,Simples,Reta,Não,4,1,2,0,0,1,2,3,"-8,66828922","-36,37382269",SPRF-PE,DEL03-PE,UOP01-DEL03-PE
320983.0,2020-11-13,sexta-feira,08:05:00,PE,101,42,IGARASSU,Mal Súbito,Colisão lateral,Sem Vítimas,Pleno dia,Crescente,Nublado,Múltipla,Reta;Aclive                   ,Sim,3,0,0,0,3,0,0,2,"-7,83887431","-34,91196739",SPRF-PE,DEL01-PE,UOP02-DEL01-PE
321043.0,2020-11-13,sexta-feira,08:30:00,PE,232,"23,3",MORENO,Defeito Mecânico no Veículo,Incêndio,Sem Vítimas,Pleno dia,Decrescente,Sol,Dupla,Reta,Não,1,0,0,0,1,0,0,1,"-8,10001941","-35,09867907",SPRF-PE,DEL02-PE,UOP02-DEL02PE
321044.0,2020-11-13,sexta-feira,12:35:00,PE,101,208,XEXEU,Defeito Mecânico no Veículo,Incêndio,Sem Vítimas,Pleno dia,Decrescente,Céu Claro,Dupla,Reta,Não,1,0,0,0,1,0,0,1,"-8,8339084","-35,64489217",SPRF-PE,DEL01-PE,UOP03-DEL01-PE
321046.0,2020-11-13,sexta-feira,12:30:00,PE,232,133,CARUARU,Sinalização da via insuficiente ou inadequada,Colisão traseira,Sem Vítimas,Pleno dia,Decrescente,Céu Claro,Dupla,Reta,Sim,2,0,0,0,2,0,0,2,"-8,30853497","-36,02442101",SPRF-PE,DEL02-PE,UOP03-DEL02-PE
321049.0,2020-11-13,sexta-feira,13:00:00,PE,232,41,VITORIA DE SANTO ANTAO,Falta de Atenção à Condução,Colisão lateral,Com Vítimas Feridas,Pleno dia,Decrescente,Céu Claro,Dupla,Declive;Reta                  ,Não,2,0,1,0,1,0,1,2,"-8,11394893","-35,243303",SPRF-PE,DEL02-PE,UOP02-DEL02PE
321054.0,2020-11-13,sexta-feira,13:00:00,PE,101,"124,8",ESCADA,Desobediência às normas de trânsito pelo condutor,Colisão transversal,Com Vítimas Feridas,Pleno dia,Crescente,Céu Claro,Múltipla,Reta,Sim,2,0,1,0,0,1,1,2,"-8,361745","-35,213108",SPRF-PE,DEL01-PE,UOP03-DEL01-PE
321083.0,2020-11-13,sexta-feira,15:30:00,PE,232,63,POMBOS,Falta de Atenção à Condução,Colisão lateral,Com Vítimas Feridas,Pleno dia,Decrescente,Sol,Dupla,Reta,Não,2,0,1,0,1,0,1,2,"-8,15805273","-35,42936325",SPRF-PE,DEL02-PE,UOP02-DEL02PE
321196.0,2020-11-13,sexta-feira,22:20:00,PE,232,"252,3",ARCOVERDE,Falta de Atenção à Condução,Colisão lateral,Com Vítimas Feridas,Plena Noite,Crescente,Céu Claro,Dupla,Retorno Regulamentado,Sim,2,0,0,1,1,0,1,2,"-8,43049603","-37,06356883",SPRF-PE,DEL03-PE,UOP02-DEL03-PE
321320.0,2020-11-14,sábado,10:50:00,PE,101,69,RECIFE,Não guardar distância de segurança,Colisão traseira,Sem Vítimas,Pleno dia,Decrescente,Céu Claro,Dupla,Viaduto,Sim,2,0,0,0,2,0,0,2,"-8,05951606","-34,94581024",SPRF-PE,DEL01-PE,UOP01-DEL01-PE
321366.0,2020-11-13,sexta-feira,20:30:00,PE,407,79,PETROLINA,Ingestão de Álcool,Colisão com objeto estático,Com Vítimas Fatais,Plena Noite,Decrescente,Céu Claro,Simples,Reta,Não,1,1,0,0,0,0,0,1,"-9,01251285","-40,69424719",SPRF-PE,DEL06-PE,UOP02-DEL06-PE
321397.0,2020-11-14,sábado,18:20:00,PE,408,"79,7",PAUDALHO,Falta de Atenção à Condução,Colisão com objeto estático,Sem Vítimas,Plena Noite,Crescente,Céu Claro,Dupla,Reta,Sim,1,0,0,0,0,1,0,1,"-7,93058","-35,139948",SPRF-PE,DEL01-PE,UOP01-DEL01-PE
321400.0,2020-11-14,sábado,17:20:00,PE,232,"41,3",VITORIA DE SANTO ANTAO,Falta de Atenção à Condução,Saída de leito carroçável,Com Vítimas Feridas,Anoitecer,Crescente,Céu Claro,Dupla,Reta;Aclive                   ,Não,2,0,0,1,1,0,1,1,"-8,11394893","-35,243303",SPRF-PE,DEL02-PE,UOP02-DEL02PE
321434.0,2020-11-14,sábado,20:30:00,PE,116,"37,5",SALGUEIRO,Desobediência às normas de trânsito pelo condutor,Queda de ocupante de veículo,Com Vítimas Feridas,Plena Noite,Crescente,Nublado,Simples,Ponte,Não,1,0,1,0,0,0,1,1,"-8,162388","-39,107224",SPRF-PE,DEL05-PE,UOP01-DEL05-PE
321482.0,2020-11-14,sábado,23:15:00,PE,424,"93,9",GARANHUNS,Velocidade Incompatível,Saída de leito carroçável,Com Vítimas Feridas,Plena Noite,Crescente,Céu Claro,Simples,Declive,Não,3,0,2,1,0,0,3,1,"-8,91797287","-36,48937225",SPRF-PE,DEL03-PE,UOP01-DEL03-PE
321488.0,2020-11-14,sábado,21:00:00,PE,424,"90,7",GARANHUNS,Ingestão de Álcool,Colisão transversal,Sem Vítimas,Plena Noite,Decrescente,Céu Claro,Simples,Reta,Sim,2,0,0,0,2,0,0,2,"-8,89635706","-36,50157593",SPRF-PE,DEL03-PE,UOP01-DEL03-PE
321491.0,2020-11-15,domingo,00:30:00,PE,101,"55,2",PAULISTA,Falta de Atenção à Condução,Colisão lateral,Com Vítimas Feridas,Plena Noite,Decrescente,Nublado,Dupla,Reta,Não,3,0,1,0,2,0,1,3,"-7,94806621","-34,9062148",SPRF-PE,DEL01-PE,UOP02-DEL01-PE
321517.0,2020-11-15,domingo,06:00:00,PE,232,"152,7",SAO CAITANO,Falta de Atenção à Condução,Saída de leito carroçável,Com Vítimas Feridas,Pleno dia,Crescente,Céu Claro,Simples,Reta,Não,4,0,3,1,0,0,4,1,"-8,32701495","-36,18101",SPRF-PE,DEL02-PE,UOP03-DEL02-PE
321539.0,2020-11-15,domingo,08:30:00,PE,428,167,PETROLINA,Avarias e/ou desgaste excessivo no pneu,Saída de leito carroçável,Com Vítimas Feridas,Pleno dia,Crescente,Céu Claro,Simples,Reta,Não,2,0,2,0,0,0,2,1,"-9,19981284","-40,39111419",SPRF-PE,DEL06-PE,UOP01-DEL06-PE
321585.0,2020-11-15,domingo,13:40:00,PE,104,34,CARUARU,Defeito Mecânico no Veículo,Capotamento,Com Vítimas Feridas,Pleno dia,Decrescente,Céu Claro,Dupla,Reta,Não,1,0,0,1,0,0,1,1,"-8,035022","-36,052402",SPRF-PE,DEL02-PE,UOP01-DEL02-PE
321628.0,2020-11-15,domingo,15:15:00,PE,428,27,CABROBO,Desobediência às normas de trânsito pelo condutor,Colisão frontal,Com Vítimas Feridas,Pleno dia,Decrescente,Céu Claro,Simples,Reta,Não,2,0,1,0,1,0,1,2,"-8,50053191","-39,45543905",SPRF-PE,DEL05-PE,UOP03-DEL05-PE
321659.0,2020-11-15,domingo,16:30:00,PE,428,"41,8",OROCO,Falta de Atenção à Condução,Colisão transversal,Com Vítimas Feridas,Pleno dia,Crescente,Céu Claro,Simples,Reta,Não,5,0,2,0,3,0,2,2,"-8,5660525","-39,57182642",SPRF-PE,DEL05-PE,UOP03-DEL05-PE
321664.0,2020-11-15,domingo,19:30:00,PE,104,66,CARUARU,Falta de Atenção à Condução,Colisão traseira,Com Vítimas Feridas,Plena Noite,Decrescente,Céu Claro,Simples,Viaduto,Sim,3,0,2,0,1,0,2,2,"-8,2937","-35,9864",SPRF-PE,DEL02-PE,UOP01-DEL02-PE
321691.0,2020-11-15,domingo,21:30:00,PE,104,39,CARUARU,Agressão Externa,Queda de ocupante de veículo,Com Vítimas Fatais,Plena Noite,Crescente,Céu Claro,Dupla,Reta,Sim,1,1,0,0,0,0,0,1,"-8,0861","-36,0377",SPRF-PE,DEL02-PE,UOP01-DEL02-PE
321766.0,2020-11-16,segunda-feira,07:00:00,PE,101,"68,2",RECIFE,Falta de Atenção à Condução,Colisão lateral,Com Vítimas Feridas,Pleno dia,Decrescente,Céu Claro,Dupla,Aclive;Viaduto                ,Sim,2,0,1,0,1,0,1,2,"-8,053123","-34,946241",SPRF-PE,DEL01-PE,UOP01-DEL01-PE
321792.0,2020-11-16,segunda-feira,09:30:00,PE,101,46,IGARASSU,Defeito Mecânico no Veículo,Incêndio,Sem Vítimas,Pleno dia,Decrescente,Céu Claro,Múltipla,Reta,Sim,1,0,0,0,1,0,0,1,"-7,87406004","-34,90588126",SPRF-PE,DEL01-PE,UOP02-DEL01-PE
321820.0,2020-11-16,segunda-feira,12:40:00,PE,101,99,CABO DE SANTO AGOSTINHO,Falta de Atenção à Condução,Colisão transversal,Com Vítimas Feridas,Pleno dia,Crescente,Céu Claro,Dupla,Reta,Não,2,0,1,0,1,0,1,2,"-8,26025316","-35,04629883",SPRF-PE,DEL01-PE,UOP03-DEL01-PE
321841.0,2020-11-16,segunda-feira,15:30:00,PE,316,59,TRINDADE,Ingestão de Álcool,Atropelamento de Pedestre,Com Vítimas Fatais,Pleno dia,Crescente,Céu Claro,Simples,Reta,Não,2,1,0,0,0,1,0,2,"-7,76160912","-40,26138334",SPRF-PE,DEL05-PE,UOP02-DEL05-PE
321864.0,2020-11-16,segunda-feira,14:00:00,PE,101,92,CABO DE SANTO AGOSTINHO,Defeito Mecânico no Veículo,Capotamento,Com Vítimas Feridas,Pleno dia,Crescente,Céu Claro,Dupla,Reta,Sim,2,0,0,2,0,0,2,1,"-8,23201792","-34,99778611",SPRF-PE,DEL01-PE,UOP03-DEL01-PE
321874.0,2020-11-16,segunda-feira,17:50:00,PE,101,"45,3",IGARASSU,Falta de Atenção à Condução,Colisão traseira,Com Vítimas Feridas,Plena Noite,Decrescente,Nublado,Dupla,Reta,Sim,5,0,2,0,2,1,2,4,"-7,86521297","-34,90715176",SPRF-PE,DEL01-PE,UOP02-DEL01-PE
321901.0,2020-11-16,segunda-feira,16:15:00,PE,232,"352,4",FLORES,Falta de Atenção à Condução,Saída de leito carroçável,Com Vítimas Feridas,Pleno dia,Crescente,Céu Claro,Simples,Reta,Não,1,0,0,1,0,0,1,1,"-8,06560111","-37,80504513",SPRF-PE,DEL03-PE,UOP02-DEL03-PE
321929.0,2020-11-16,segunda-feira,21:20:00,PE,116,70,CABROBO,Ingestão de Álcool,Colisão frontal,Com Vítimas Feridas,Plena Noite,Decrescente,Céu Claro,Simples,Reta,Não,2,0,0,1,1,0,1,2,"-8,446361","-39,186507",SPRF-PE,DEL05-PE,UOP03-DEL05-PE
321952.0,2020-11-17,terça-feira,06:45:00,PE,423,"132,5",SALOA,Falta de Atenção à Condução,Colisão lateral,Com Vítimas Feridas,Pleno dia,Decrescente,Céu Claro,Simples,Aclive,Não,3,0,1,1,1,0,2,2,"-8,95943517","-36,76461912",SPRF-PE,DEL03-PE,UOP01-DEL03-PE
322012.0,2020-11-17,terça-feira,12:30:00,PE,101,"67,7",RECIFE,Não guardar distância de segurança,Engavetamento,Sem Vítimas,Pleno dia,Crescente,Nublado,Simples,Reta,Sim,3,0,0,0,3,0,0,3,"-8,048936","-34,945339",SPRF-PE,DEL01-PE,UOP01-DEL01-PE
322094.0,2020-11-17,terça-feira,21:00:00,PE,101,79,JABOATAO DOS GUARARAPES,Agressão Externa,Incêndio,Sem Vítimas,Plena Noite,Crescente,Céu Claro,Dupla,Curva,Não,1,0,0,0,0,1,0,1,"-8,14366112","-34,94723453",SPRF-PE,DEL01-PE,UOP01-DEL01-PE
322122.0,2020-11-18,quarta-feira,04:05:00,PE,101,175,JOAQUIM NABUCO,Animais na Pista,Saída de leito carroçável,Com Vítimas Feridas,Amanhecer,Decrescente,Céu Claro,Dupla,Curva,Não,2,0,2,0,0,0,2,1,"-8,60296585","-35,535297",SPRF-PE,DEL01-PE,UOP03-DEL01-PE
322155.0,2020-11-17,terça-feira,17:40:00,PE,,,PAULISTA,Mal Súbito,Saída de leito carroçável,Sem Vítimas,Pleno dia,Não Informado,Céu Claro,Simples,Curva,Não,2,0,0,0,2,0,0,1,"-7,931371","-34,9409637",SPRF-PE,DEL01-PE,UOP02-DEL01-PE
322191.0,2020-11-18,quarta-feira,13:30:00,PE,101,66,RECIFE,Falta de Atenção à Condução,Tombamento,Com Vítimas Feridas,Pleno dia,Decrescente,Céu Claro,Dupla,Reta,Sim,3,0,2,0,1,0,2,2,"-8,03368534","-34,94184125",SPRF-PE,DEL01-PE,UOP01-DEL01-PE
322230.0,2020-11-18,quarta-feira,17:00:00,PE,104,"35,6",CARUARU,Animais na Pista,Atropelamento de Animal,Com Vítimas Feridas,Anoitecer,Crescente,Céu Claro,Dupla,Declive,Não,2,0,1,0,1,0,1,1,"-8,0567","-36,0485",SPRF-PE,DEL02-PE,UOP01-DEL02-PE
322247.0,2020-11-18,quarta-feira,15:50:00,PE,316,"80,7",OURICURI,Falta de Atenção à Condução,Saída de leito carroçável,Com Vítimas Feridas,Pleno dia,Decrescente,Nublado,Simples,Reta,Sim,4,0,4,0,0,0,4,1,"-7,86203027","-40,10893727",SPRF-PE,DEL05-PE,UOP02-DEL05-PE
322276.0,2020-11-18,quarta-feira,19:50:00,PE,101,"50,2",ABREU E LIMA,Falta de Atenção à Condução,Queda de ocupante de veículo,Sem Vítimas,Plena Noite,Crescente,Céu Claro,Múltipla,Reta,Sim,1,0,0,0,0,1,0,1,"-7,90938602","-34,90123228",SPRF-PE,DEL01-PE,UOP02-DEL01-PE
322404.0,2020-10-03,sábado,18:20:00,PE,407,107,PETROLINA,Animais na Pista,Atropelamento de Animal,Com Vítimas Feridas,Plena Noite,Crescente,Céu Claro,Simples,Reta,Não,1,0,0,1,0,0,1,1,"-9,24277694","-40,61551832",SPRF-PE,DEL06-PE,UOP02-DEL06-PE
322458.0,2020-11-19,quinta-feira,17:50:00,PE,101,"68,6",RECIFE,Falta de Atenção à Condução,Colisão traseira,Com Vítimas Feridas,Anoitecer,Decrescente,Céu Claro,Múltipla,Reta,Sim,3,0,1,1,1,0,2,2,"-8,05074296","-34,94580619",SPRF-PE,DEL01-PE,UOP01-DEL01-PE
322464.0,2020-11-19,quinta-feira,17:55:00,PE,428,189,PETROLINA,Falta de Atenção à Condução,Colisão traseira,Com Vítimas Feridas,Plena Noite,Decrescente,Céu Claro,Múltipla,Retorno Regulamentado,Sim,3,0,2,0,0,1,2,2,"-9,37808893","-40,50422257",SPRF-PE,DEL06-PE,UOP01-DEL06-PE
322474.0,2020-11-19,quinta-feira,18:30:00,PE,232,136,CARUARU,Animais na Pista,Atropelamento de Animal,Com Vítimas Fatais,Anoitecer,Crescente,Nublado,Dupla,Reta,Não,2,1,0,1,0,0,1,1,"-8,31275","-36,03952",SPRF-PE,DEL02-PE,UOP03-DEL02-PE
322513.0,2020-11-20,sexta-feira,01:30:00,PE,232,"411,9",SERRA TALHADA,Ingestão de Álcool,Colisão lateral,Sem Vítimas,Plena Noite,Crescente,Nublado,Simples,Curva,Não,2,0,0,0,2,0,0,2,"-7,97976163","-38,31087404",SPRF-PE,DEL04-PE,UOP01-DEL04-PE
322535.0,2020-11-20,sexta-feira,07:36:00,PE,101,69,RECIFE,Falta de Atenção à Condução,Colisão com objeto estático,Com Vítimas Feridas,Pleno dia,Decrescente,Céu Claro,Dupla,Viaduto;Reta                  ,Sim,1,0,1,0,0,0,1,1,"-8,06381387","-34,94387453",SPRF-PE,DEL01-PE,UOP01-DEL01-PE
322536.0,2020-11-20,sexta-feira,07:40:00,PE,101,82,JABOATAO DOS GUARARAPES,Falta de Atenção à Condução,Engavetamento,Com Vítimas Feridas,Pleno dia,Decrescente,Céu Claro,Dupla,Viaduto;Reta                  ,Sim,4,0,1,0,3,0,1,4,"-8,17580461","-34,94340247",SPRF-PE,DEL01-PE,UOP03-DEL01-PE
322555.0,2020-11-19,quinta-feira,10:40:00,PE,,,PAULISTA,Mal Súbito,Saída de leito carroçável,Sem Vítimas,Pleno dia,Não Informado,Céu Claro,Simples,Curva,Não,2,0,0,0,2,0,0,1,"-7,931371","-34,9409637",SPRF-PE,DEL01-PE,UOP02-DEL01-PE
322574.0,2020-11-20,sexta-feira,10:45:00,PE,101,51,ABREU E LIMA,Desobediência às normas de trânsito pelo condutor,Colisão frontal,Com Vítimas Feridas,Pleno dia,Decrescente,Sol,Múltipla,Reta,Sim,3,0,2,0,1,0,2,3,"-7,90598227","-34,90216082",SPRF-PE,DEL01-PE,UOP02-DEL01-PE
322617.0,2020-11-20,sexta-feira,14:55:00,PE,104,"29,2",TORITAMA,Falta de Atenção à Condução,Colisão lateral,Sem Vítimas,Pleno dia,Crescente,Sol,Simples,Reta,Sim,2,0,0,0,2,0,0,2,"-8,0078","-36,0621",SPRF-PE,DEL02-PE,UOP01-DEL02-PE
322686.0,2020-11-20,sexta-feira,19:10:00,PE,101,61,RECIFE,Falta de Atenção à Condução,Tombamento,Com Vítimas Feridas,Plena Noite,Decrescente,Céu Claro,Dupla,Reta,Sim,1,0,1,0,0,0,1,1,"-7,99097103","-34,93598295",SPRF-PE,DEL01-PE,UOP02-DEL01-PE
322771.0,2020-11-21,sábado,05:00:00,PE,408,"64,5",CARPINA,Falta de Atenção à Condução,Queda de ocupante de veículo,Com Vítimas Fatais,Amanhecer,Crescente,Céu Claro,Simples,Reta,Sim,1,1,0,0,0,0,0,1,"-7,849457","-35,234696",SPRF-PE,DEL01-PE,UOP01-DEL01-PE
322788.0,2020-11-21,sábado,06:40:00,PE,232,130,CARUARU,Animais na Pista,Atropelamento de Animal,Com Vítimas Feridas,Pleno dia,Decrescente,Sol,Dupla,Reta,Sim,1,0,1,0,0,0,1,1,"-8,29983303","-35,989662",SPRF-PE,DEL02-PE,UOP03-DEL02-PE
322792.0,2020-11-21,sábado,07:35:00,PE,424,"94,3",GARANHUNS,Falta de Atenção à Condução,Colisão traseira,Com Vítimas Feridas,Pleno dia,Decrescente,Céu Claro,Simples,Aclive,Não,2,0,1,0,1,0,1,2,"-8,91590392","-36,48883344",SPRF-PE,DEL03-PE,UOP01-DEL03-PE
322821.0,2020-11-21,sábado,10:00:00,PE,424,"93,7",GARANHUNS,Mal Súbito,Queda de ocupante de veículo,Com Vítimas Feridas,Pleno dia,Crescente,Céu Claro,Simples,Declive,Não,1,0,1,0,0,0,1,1,"-8,907125","-36,487206",SPRF-PE,DEL03-PE,UOP01-DEL03-PE
322845.0,2020-11-21,sábado,13:10:00,PE,101,"72,8",RECIFE,Não guardar distância de segurança,Colisão traseira,Com Vítimas Feridas,Pleno dia,Crescente,Céu Claro,Dupla,Reta,Não,4,0,1,0,3,0,1,2,"-8,093122","-34,947586",SPRF-PE,DEL01-PE,UOP01-DEL01-PE
322873.0,2020-11-21,sábado,17:05:00,PE,101,"45,4",IGARASSU,Falta de Atenção do Pedestre,Atropelamento de Pedestre,Com Vítimas Feridas,Plena Noite,Decrescente,Céu Claro,Múltipla,Reta,Sim,3,0,0,1,1,1,1,2,"-7,86521297","-34,90715176",SPRF-PE,DEL01-PE,UOP02-DEL01-PE
322900.0,2020-11-21,sábado,18:40:00,PE,428,140,LAGOA GRANDE,Desobediência às normas de trânsito pelo condutor,Colisão transversal,Com Vítimas Fatais,Plena Noite,Crescente,Céu Claro,Simples,Reta,Sim,4,1,0,2,1,0,2,2,"-8,998436","-40,271941",SPRF-PE,DEL06-PE,UOP03-DEL06-PE
323034.0,2020-11-22,domingo,08:40:00,PE,101,103,CABO DE SANTO AGOSTINHO,Falta de Atenção à Condução,Colisão com objeto estático,Sem Vítimas,Pleno dia,Crescente,Céu Claro,Simples,Curva,Sim,1,0,0,0,0,1,0,1,"-8,29241321","-35,05598304",SPRF-PE,DEL01-PE,UOP03-DEL01-PE
323080.0,2020-11-22,domingo,14:30:00,PE,232,"79,5",GRAVATA,Desobediência às normas de trânsito pelo condutor,Colisão transversal,Sem Vítimas,Pleno dia,Decrescente,Céu Claro,Simples,Reta;Declive                  ,Sim,2,0,0,0,1,1,0,2,"-8,19460572","-35,56074803",SPRF-PE,DEL02-PE,UOP02-DEL02PE
323133.0,2020-11-22,domingo,18:20:00,PE,232,"254,5",ARCOVERDE,Ingestão de Álcool,Colisão frontal,Com Vítimas Feridas,Plena Noite,Decrescente,Céu Claro,Simples,Reta,Sim,3,0,1,1,1,0,2,3,"-8,42517412","-37,07252925",SPRF-PE,DEL03-PE,UOP02-DEL03-PE
323182.0,2020-11-22,domingo,21:00:00,PE,316,"62,1",OURICURI,Ingestão de Álcool,Colisão lateral,Sem Vítimas,Plena Noite,Decrescente,Nublado,Simples,Reta,Não,2,0,0,0,2,0,0,2,"-7,77941812","-40,24368806",SPRF-PE,DEL05-PE,UOP02-DEL05-PE
323185.0,2020-11-22,domingo,20:30:00,PE,408,"54,7",NAZARE DA MATA,Falta de Atenção do Pedestre,Atropelamento de Pedestre,Com Vítimas Fatais,Plena Noite,Decrescente,Céu Claro,Simples,Aclive,Não,2,1,0,0,1,0,0,2,"-7,77176315","-35,23566726",SPRF-PE,DEL01-PE,UOP01-DEL01-PE
323192.0,2020-11-22,domingo,20:40:00,PE,110,"220,8",PETROLANDIA,Ingestão de Álcool,Tombamento,Com Vítimas Fatais,Plena Noite,Decrescente,Céu Claro,Simples,Reta,Não,1,1,0,0,0,0,0,1,"-9,00341169","-38,21749439",SPRF-BA,DEL07-BA,UOP01-DEL07-BA
323256.0,2020-11-23,segunda-feira,06:50:00,PE,104,"65,3",CARUARU,Desobediência às normas de trânsito pelo condutor,Colisão lateral,Com Vítimas Feridas,Amanhecer,Crescente,Céu Claro,Dupla,Reta,Sim,2,0,0,1,1,0,1,2,"-8,2867","-35,9838",SPRF-PE,DEL02-PE,UOP01-DEL02-PE
323336.0,2020-11-23,segunda-feira,15:30:00,PE,101,52,ABREU E LIMA,Falta de Atenção à Condução,Colisão lateral,Sem Vítimas,Pleno dia,Decrescente,Céu Claro,Dupla,Reta,Sim,1,0,0,0,0,1,0,1,"-7,92358799","-34,89607201",SPRF-PE,DEL01-PE,UOP02-DEL01-PE
323343.0,2020-11-23,segunda-feira,15:45:00,PE,101,"48,7",ABREU E LIMA,Falta de Atenção do Pedestre,Atropelamento de Pedestre,Com Vítimas Feridas,Pleno dia,Crescente,Céu Claro,Dupla,Reta,Sim,3,0,2,0,0,1,2,2,"-7,89174705","-34,9033493",SPRF-PE,DEL01-PE,UOP02-DEL01-PE
323396.0,2020-11-23,segunda-feira,20:25:00,PE,101,"41,7",IGARASSU,Desobediência às normas de trânsito pelo condutor,Colisão lateral,Com Vítimas Feridas,Plena Noite,Decrescente,Céu Claro,Dupla,Reta,Sim,3,0,3,0,0,0,3,2,"-7,83038346","-34,91426785",SPRF-PE,DEL01-PE,UOP02-DEL01-PE
323412.0,2020-11-23,segunda-feira,20:10:00,PE,232,"412,8",SERRA TALHADA,Ingestão de Álcool,Colisão com objeto estático,Sem Vítimas,Plena Noite,Crescente,Céu Claro,Simples,Reta,Sim,1,0,0,0,0,1,0,1,"-7,98377927","-38,3208774",SPRF-PE,DEL04-PE,UOP01-DEL04-PE
323457.0,2020-11-24,terça-feira,06:10:00,PE,101,"119,5",ESCADA,Falta de Atenção à Condução,Engavetamento,Sem Vítimas,Pleno dia,Crescente,Céu Claro,Dupla,Reta,Não,3,0,0,0,3,0,0,3,"-8,35291472","-35,16929901",SPRF-PE,DEL01-PE,UOP03-DEL01-PE
323459.0,2020-11-24,terça-feira,07:40:00,PE,232,"11,2",JABOATAO DOS GUARARAPES,Agressão Externa,Colisão com objeto estático,Com Vítimas Feridas,Pleno dia,Decrescente,Nublado,Dupla,Declive,Não,1,0,1,0,0,0,1,1,"-8,08328","-34,997077",SPRF-PE,DEL01-PE,UOP01-DEL01-PE
323465.0,2020-11-24,terça-feira,07:55:00,PE,232,409,SERRA TALHADA,Falta de Atenção à Condução,Atropelamento de Pedestre,Com Vítimas Feridas,Pleno dia,Crescente,Céu Claro,Simples,Reta,Não,3,0,2,1,0,0,3,2,"-7,98246729","-38,28695839",SPRF-PE,DEL04-PE,UOP01-DEL04-PE
323524.0,2020-11-24,terça-feira,13:30:00,PE,408,"99,7",SAO LOURENCO DA MATA,Desobediência às normas de trânsito pelo condutor,Colisão lateral,Com Vítimas Feridas,Pleno dia,Crescente,Sol,Dupla,Reta,Não,2,0,1,0,1,0,1,2,"-8,04364056","-35,01674995",SPRF-PE,DEL01-PE,UOP01-DEL01-PE
323553.0,2020-11-24,terça-feira,17:20:00,PE,232,"130,5",CARUARU,Falta de Atenção à Condução,Queda de ocupante de veículo,Com Vítimas Feridas,Anoitecer,Crescente,Céu Claro,Dupla,Declive,Sim,1,0,1,0,0,0,1,1,"-8,29983303","-35,989662",SPRF-PE,DEL02-PE,UOP03-DEL02-PE
323599.0,2020-11-24,terça-feira,19:15:00,PE,101,86,CABO DE SANTO AGOSTINHO,Desobediência às normas de trânsito pelo condutor,Colisão transversal,Sem Vítimas,Plena Noite,Crescente,Nublado,Simples,Reta,Sim,2,0,0,0,1,1,0,2,"-8,18470013","-34,96816895",SPRF-PE,DEL01-PE,UOP03-DEL01-PE
323641.0,2020-11-25,quarta-feira,07:45:00,PE,101,72,RECIFE,Falta de Atenção à Condução,Colisão lateral,Com Vítimas Feridas,Pleno dia,Decrescente,Céu Claro,Dupla,Reta,Sim,5,0,2,0,3,0,2,2,"-8,08487243","-34,9449563",SPRF-PE,DEL01-PE,UOP01-DEL01-PE
323657.0,2020-11-25,quarta-feira,06:40:00,PE,101,88,JABOATAO DOS GUARARAPES,Falta de Atenção à Condução,Colisão lateral,Sem Vítimas,Pleno dia,Decrescente,Céu Claro,Dupla,Reta,Não,2,0,0,0,2,0,0,2,"-8,19971387","-34,9785382",SPRF-PE,DEL01-PE,UOP03-DEL01-PE