id,data_inversa,dia_semana,horario,uf,br,km,municipio,causa_acidente,tipo_acidente,classificacao_acidente,fase_dia,sentido_via,condicao_metereologica,tipo_pista,tracado_via,uso_solo,pessoas,mortos,feridos_leves,feridos_graves,ilesos,ignorados,feridos,veiculos,latitude,longitude,regional,delegacia,uop
323732.0,2020-11-25,quarta-feira,17:25:00,PE,232,"406,2",SERRA TALHADA,Mal Súbito,Atropelamento de Animal,Com Vítimas Feridas,Anoitecer,Decrescente,Céu Claro,Simples,Aclive,Sim,2,0,1,1,0,0,2,1,"-7,98720861","-38,26249294",SPRF-PE,DEL04-PE,UOP01-DEL04-PE
323757.0,2020-11-25,quarta-feira,19:00:00,PE,101,"71,7",RECIFE,Ingestão de álcool e/ou substâncias psicoativas pelo pedestre,Atropelamento de Pedestre,Com Vítimas Feridas,Plena Noite,Crescente,Céu Claro,Dupla,Reta,Sim,2,0,1,1,0,0,2,2,"-8,080328","-34,943243",SPRF-PE,DEL01-PE,UOP01-DEL01-PE
323759.0,2020-11-25,quarta-feira,18:20:00,PE,232,"269,8",SERTANIA,Animais na Pista,Atropelamento de Animal,Com Vítimas Feridas,Plena Noite,Crescente,Céu Claro,Simples,Reta,Não,1,0,1,0,0,0,1,1,"-8,39671683","-37,22547891",SPRF-PE,DEL03-PE,UOP02-DEL03-PE
323767.0,2020-11-25,quarta-feira,19:00:00,PE,423,"82,4",JUCATI,Animais na Pista,Atropelamento de Animal,Com Vítimas Feridas,Plena Noite,Decrescente,Céu Claro,Simples,Reta,Não,1,0,0,1,0,0,1,1,"-8,78236498","-36,43093004",SPRF-PE,DEL03-PE,UOP01-DEL03-PE
323863.0,2020-11-26,quinta-feira,09:45:00,PE,232,113,BEZERROS,Falta de Atenção à Condução,Colisão lateral,Com Vítimas Feridas,Pleno dia,Decrescente,Sol,Dupla,Reta,Sim,4,0,0,1,3,0,1,2,"-8,29906533","-35,8402169",SPRF-PE,DEL02-PE,UOP03-DEL02-PE
323895.0,2020-11-26,quinta-feira,15:10:00,PE,101,"40,9",IGARASSU,Desobediência às normas de trânsito pelo condutor,Colisão transversal,Com Vítimas Feridas,Pleno dia,Decrescente,Céu Claro,Dupla,Reta,Sim,2,0,0,1,1,0,1,2,"-7,821475","-34,916545",SPRF-PE,DEL01-PE,UOP02-DEL01-PE
323898.0,2020-11-26,quinta-feira,15:30:00,PE,101,66,RECIFE,Falta de Atenção à Condução,Colisão lateral,Sem Vítimas,Pleno dia,Crescente,Céu Claro,Dupla,Reta,Sim,2,0,0,0,2,0,0,2,"-8,03368534","-34,94184125",SPRF-PE,DEL01-PE,UOP01-DEL01-PE
323958.0,2020-11-26,quinta-feira,19:45:00,PE,232,525,SALGUEIRO,Animais na Pista,Atropelamento de Animal,Com Vítimas Feridas,Plena Noite,Decrescente,Céu Claro,Simples,Reta,Não,2,0,2,0,0,0,2,1,"-8,069604","-39,26831",SPRF-PE,DEL05-PE,UOP01-DEL05-PE
323965.0,2020-11-26,quinta-feira,17:50:00,PE,424,"89,7",GARANHUNS,Falta de Atenção do Pedestre,Atropelamento de Pedestre,Com Vítimas Feridas,Anoitecer,Crescente,Céu Claro,Simples,Reta,Sim,2,0,0,1,1,0,1,2,"-8,89138375","-36,50571483",SPRF-PE,DEL03-PE,UOP01-DEL03-PE
324025.0,2020-11-27,sexta-feira,08:50:00,PE,101,96,CABO DE SANTO AGOSTINHO,Falta de Atenção à Condução,Colisão traseira,Com Vítimas Feridas,Pleno dia,Decrescente,Céu Claro,Dupla,Reta,Sim,3,0,1,0,2,0,1,2,"-8,26862137","-35,02103632",SPRF-PE,DEL01-PE,UOP03-DEL01-PE
324123.0,2020-11-27,sexta-feira,17:15:00,PE,101,"42,6",IGARASSU,Desobediência às normas de trânsito pelo condutor,Colisão lateral,Com Vítimas Feridas,Anoitecer,Decrescente,Céu Claro,Múltipla,Retorno Regulamentado,Sim,3,0,1,0,2,0,1,2,"-7,83887431","-34,91196739",SPRF-PE,DEL01-PE,UOP02-DEL01-PE
324131.0,2020-11-27,sexta-feira,17:35:00,PE,232,"114,2",BEZERROS,Ingestão de Álcool,Colisão frontal,Sem Vítimas,Anoitecer,Crescente,Céu Claro,Dupla,Reta,Sim,3,0,0,0,3,0,0,2,"-8,30028529","-35,84905306",SPRF-PE,DEL02-PE,UOP03-DEL02-PE
324160.0,2020-11-27,sexta-feira,19:00:00,PE,428,"77,4",SANTA MARIA DA BOA VISTA,Desobediência às normas de trânsito pelo condutor,Saída de leito carroçável,Com Vítimas Feridas,Plena Noite,Decrescente,Céu Claro,Simples,Reta,Não,3,0,3,0,0,0,3,1,"-8,74794993","-39,79718807",SPRF-PE,DEL06-PE,UOP03-DEL06-PE
324175.0,2020-11-27,sexta-feira,20:20:00,PE,101,69,RECIFE,Falta de Atenção à Condução,Tombamento,Com Vítimas Feridas,Plena Noite,Decrescente,Céu Claro,Múltipla,Reta,Sim,1,0,1,0,0,0,1,1,"-8,05951606","-34,94581024",SPRF-PE,DEL01-PE,UOP01-DEL01-PE
324196.0,2020-11-27,sexta-feira,18:42:00,PE,424,"87,7",GARANHUNS,Velocidade Incompatível,Capotamento,Com Vítimas Feridas,Plena Noite,Crescente,Céu Claro,Simples,Curva,Não,2,0,0,1,0,1,1,1,"-8,883999","-36,508494",SPRF-PE,DEL03-PE,UOP01-DEL03-PE
324197.0,2020-11-27,sexta-feira,21:30:00,PE,408,"96,1",SAO LOURENCO DA MATA,Animais na Pista,Atropelamento de Animal,Com Vítimas Feridas,Plena Noite,Crescente,Céu Claro,Dupla,Reta,Não,2,0,1,0,1,0,1,1,"-8,023035","-35,040106",SPRF-PE,DEL01-PE,UOP01-DEL01-PE
324260.0,2020-11-28,sábado,04:45:00,PE,316,"55,6",TRINDADE,Falta de Atenção do Pedestre,Atropelamento de Pedestre,Com Vítimas Feridas,Amanhecer,Decrescente,Ignorado,Simples,Reta,Não,2,0,1,1,0,0,2,2,"-7,74026268","-40,28663631",SPRF-PE,DEL05-PE,UOP02-DEL05-PE
324291.0,2020-11-28,sábado,08:40:00,PE,101,66,RECIFE,Agressão Externa,Colisão lateral,Com Vítimas Feridas,Pleno dia,Decrescente,Céu Claro,Múltipla,Reta,Sim,4,0,1,0,2,1,1,2,"-8,034998","-34,941472",SPRF-PE,DEL01-PE,UOP01-DEL01-PE
324309.0,2020-11-28,sábado,11:00:00,PE,407,122,PETROLINA,Falta de Atenção à Condução,Colisão transversal,Com Vítimas Feridas,Pleno dia,Decrescente,Céu Claro,Simples,Reta,Sim,2,0,0,1,1,0,1,2,"-9,35368726","-40,55051642",SPRF-PE,DEL06-PE,UOP01-DEL06-PE
324320.0,2020-10-01,quinta-feira,10:30:00,PE,232,"96,3",SAIRE,Condutor Dormindo,Saída de leito carroçável,Com Vítimas Feridas,Pleno dia,Decrescente,Céu Claro,Dupla,Reta,Não,2,0,0,1,0,1,1,2,"-8,23076854","-35,70778281",SPRF-PE,DEL02-PE,UOP02-DEL02PE
324387.0,2020-11-28,sábado,17:30:00,PE,101,"77,8",RECIFE,Ingestão de Álcool,Atropelamento de Pedestre,Com Vítimas Feridas,Anoitecer,Decrescente,Céu Claro,Dupla,Reta,Sim,2,0,2,0,0,0,2,2,"-8,130041","-34,944329",SPRF-PE,DEL01-PE,UOP01-DEL01-PE
324394.0,2020-11-28,sábado,14:00:00,PE,316,"89,1",OURICURI,Condutor Dormindo,Saída de leito carroçável,Com Vítimas Feridas,Pleno dia,Decrescente,Céu Claro,Simples,Reta,Não,3,0,2,0,1,0,2,1,"-7,8999264","-40,03811616",SPRF-PE,DEL05-PE,UOP02-DEL05-PE
324413.0,2020-11-28,sábado,19:25:00,PE,232,251,ARCOVERDE,Ingestão de Álcool,Colisão transversal,Com Vítimas Feridas,Plena Noite,Crescente,Céu Claro,Simples,Reta,Sim,2,0,0,1,0,1,1,2,"-8,429241","-37,060127",SPRF-PE,DEL03-PE,UOP02-DEL03-PE
324509.0,2020-11-29,domingo,05:40:00,PE,428,"161,9",PETROLINA,Animais na Pista,Atropelamento de Animal,Com Vítimas Feridas,Amanhecer,Decrescente,Céu Claro,Simples,Reta,Não,2,0,2,0,0,0,2,1,"-9,15495406","-40,3615739",SPRF-PE,DEL06-PE,UOP01-DEL06-PE
324524.0,2020-11-29,domingo,06:30:00,PE,104,68,CARUARU,Falta de Atenção à Condução,Colisão traseira,Com Vítimas Feridas,Amanhecer,Decrescente,Nublado,Dupla,Reta,Sim,5,0,4,0,1,0,4,3,"-8,3107","-35,9904",SPRF-PE,DEL02-PE,UOP01-DEL02-PE
324530.0,2020-11-29,domingo,00:10:00,PE,316,"55,2",TRINDADE,Ingestão de Álcool,Colisão lateral,Com Vítimas Feridas,Plena Noite,Decrescente,Céu Claro,Simples,Reta,Não,3,0,0,2,0,1,2,2,"-7,74026268","-40,28663631",SPRF-PE,DEL05-PE,UOP02-DEL05-PE
324532.0,2020-11-29,domingo,03:50:00,PE,407,"128,3",PETROLINA,Ingestão de Álcool,Colisão com objeto estático,Com Vítimas Fatais,Plena Noite,Decrescente,Céu Claro,Dupla,Curva,Sim,1,1,0,0,0,0,0,1,"-9,39387565","-40,51133888",SPRF-PE,DEL06-PE,UOP01-DEL06-PE
324585.0,2020-11-29,domingo,12:30:00,PE,101,"54,8",PAULISTA,Defeito Mecânico no Veículo,Colisão com objeto estático,Sem Vítimas,Pleno dia,Decrescente,Céu Claro,Múltipla,Reta;Declive                  ,Não,1,0,0,0,1,0,0,1,"-7,93961103","-34,90356584",SPRF-PE,DEL01-PE,UOP02-DEL01-PE
324590.0,2020-10-30,sexta-feira,13:40:00,PE,101,87,JABOATAO DOS GUARARAPES,Ultrapassagem Indevida,Colisão transversal,Com Vítimas Feridas,Pleno dia,Crescente,Céu Claro,Simples,Reta,Não,2,0,0,1,1,0,1,2,"-8,19120206","-34,97449985",SPRF-PE,DEL01-PE,UOP03-DEL01-PE
324599.0,2020-11-29,domingo,14:00:00,PE,232,352,CUSTODIA,Ingestão de Álcool,Colisão transversal,Com Vítimas Feridas,Pleno dia,Decrescente,Céu Claro,Simples,Reta,Não,2,0,0,1,1,0,1,2,"-8,06560111","-37,80504513",SPRF-PE,DEL03-PE,UOP02-DEL03-PE
324614.0,2020-11-29,domingo,15:40:00,PE,408,96,SAO LOURENCO DA MATA,Falta de Atenção à Condução,Capotamento,Com Vítimas Feridas,Pleno dia,Crescente,Céu Claro,Dupla,Declive,Não,2,0,0,1,1,0,1,1,"-8,02062","-35,041045",SPRF-PE,DEL01-PE,UOP01-DEL01-PE
324634.0,2020-11-29,domingo,18:05:00,PE,423,"80,9",JUCATI,Ingestão de Álcool,Colisão transversal,Com Vítimas Feridas,Plena Noite,Crescente,Céu Claro,Simples,Reta,Não,7,0,4,0,2,1,4,3,"-8,76622817","-36,42895847",SPRF-PE,DEL03-PE,UOP01-DEL03-PE
324664.0,2020-11-29,domingo,18:15:00,PE,424,"97,2",GARANHUNS,Desobediência às normas de trânsito pelo condutor,Colisão frontal,Com Vítimas Feridas,Plena Noite,Decrescente,Céu Claro,Simples,Reta,Não,2,0,0,1,0,1,1,2,"-8,93478014","-36,50438092",SPRF-PE,DEL03-PE,UOP01-DEL03-PE
324674.0,2020-11-29,domingo,20:00:00,PE,101,83,JABOATAO DOS GUARARAPES,Ingestão de álcool e/ou substâncias psicoativas pelo pedestre,Colisão lateral,Com Vítimas Feridas,Plena Noite,Decrescente,Nublado,Dupla,Reta,Sim,3,0,1,0,1,1,1,3,"-8,175172","-34,942642",SPRF-PE,DEL01-PE,UOP03-DEL01-PE
324814.0,2020-11-30,segunda-feira,14:00:00,PE,316,"272,9",BELEM DE SAO FRANCISCO,Defeito Mecânico no Veículo,Saída de leito carroçável,Com Vítimas Feridas,Pleno dia,Decrescente,Céu Claro,Simples,Reta,Não,4,0,3,1,0,0,4,1,"-8,69563604","-38,84408298",SPRF-PE,DEL04-PE,UOP03-DEL04-PE
324846.0,2020-11-30,segunda-feira,17:30:00,PE,232,181,BELO JARDIM,Falta de Atenção à Condução,Colisão traseira,Sem Vítimas,Anoitecer,Decrescente,Céu Claro,Simples,Interseção de Vias,Não,2,0,0,0,1,1,0,2,"-8,34751945","-36,44312426",SPRF-PE,DEL02-PE,UOP03-DEL02-PE
324859.0,2020-11-30,segunda-feira,19:15:00,PE,408,96,SAO LOURENCO DA MATA,Falta de Atenção do Pedestre,Atropelamento de Pedestre,Com Vítimas Feridas,Plena Noite,Crescente,Céu Claro,Dupla,Reta,Sim,2,0,1,0,1,0,1,2,"-8,026845","-35,03802007",SPRF-PE,DEL01-PE,UOP01-DEL01-PE
324875.0,2020-11-30,segunda-feira,17:15:00,PE,232,142,SAO CAITANO,Ingestão de Álcool,Colisão lateral,Sem Vítimas,Pleno dia,Crescente,Céu Claro,Dupla,Reta,Não,2,0,0,0,2,0,0,2,"-8,32242118","-36,09480698",SPRF-PE,DEL02-PE,UOP03-DEL02-PE
324925.0,2020-12-01,terça-feira,07:15:00,PE,408,83,PAUDALHO,Condutor Dormindo,Colisão traseira,Com Vítimas Feridas,Pleno dia,Decrescente,Nublado,Dupla,Reta,Sim,3,0,3,0,0,0,3,2,"-7,946073","-35,11444",SPRF-PE,DEL01-PE,UOP01-DEL01-PE
324947.0,2020-12-01,terça-feira,09:30:00,PE,101,"131,7",ESCADA,Falta de Atenção à Condução,Colisão com objeto estático,Com Vítimas Feridas,Pleno dia,Crescente,Céu Claro,Dupla,Reta,Não,5,0,0,2,3,0,2,1,"-8,39874498","-35,26341102",SPRF-PE,DEL01-PE,UOP03-DEL01-PE
324961.0,2020-12-01,terça-feira,11:10:00,PE,101,41,IGARASSU,Desobediência às normas de trânsito pelo condutor,Colisão transversal,Com Vítimas Feridas,Pleno dia,Crescente,Céu Claro,Dupla,Reta,Sim,2,0,0,1,1,0,1,2,"-7,83038346","-34,91426785",SPRF-PE,DEL01-PE,UOP02-DEL01-PE
324973.0,2020-12-01,terça-feira,12:14:00,PE,101,"79,8",JABOATAO DOS GUARARAPES,Falta de Atenção à Condução,Colisão traseira,Com Vítimas Feridas,Pleno dia,Decrescente,Céu Claro,Dupla,Interseção de Vias,Sim,2,0,1,0,0,1,1,2,"-8,154119","-34,941798",SPRF-PE,DEL01-PE,UOP01-DEL01-PE
324976.0,2020-12-01,terça-feira,12:35:00,PE,101,"2,1",GOIANA,Defeito Mecânico no Veículo,Colisão com objeto estático,Com Vítimas Feridas,Pleno dia,Crescente,Céu Claro,Múltipla,Reta,Não,2,0,1,0,1,0,1,1,"-7,51675334","-34,99198357",SPRF-PE,DEL01-PE,UOP02-DEL01-PE
325036.0,2020-12-01,terça-feira,19:00:00,PE,101,"70,1",RECIFE,Ingestão de Álcool,Atropelamento de Pedestre,Com Vítimas Feridas,Plena Noite,Decrescente,Céu Claro,Dupla,Reta,Sim,2,0,0,1,0,1,1,2,"-8,06776119","-34,94265074",SPRF-PE,DEL01-PE,UOP01-DEL01-PE
325056.0,2020-12-01,terça-feira,19:00:00,PE,232,"197,5",SANHARO,Desobediência às normas de trânsito pelo condutor,Colisão frontal,Com Vítimas Feridas,Plena Noite,Crescente,Céu Claro,Simples,Reta,Não,5,0,2,0,3,0,2,4,"-8,36891793","-36,580362",SPRF-PE,DEL02-PE,UOP03-DEL02-PE
325060.0,2020-12-01,terça-feira,20:40:00,PE,428,185,PETROLINA,Falta de Atenção à Condução,Colisão transversal,Com Vítimas Feridas,Plena Noite,Decrescente,Ignorado,Simples,Reta,Sim,2,0,1,0,1,0,1,2,"-9,34807826","-40,47441248",SPRF-PE,DEL06-PE,UOP01-DEL06-PE
325079.0,2020-12-01,terça-feira,18:15:00,PE,423,146,IATI,Falta de Atenção à Condução,Colisão traseira,Sem Vítimas,Plena Noite,Crescente,Céu Claro,Simples,Reta,Não,2,0,0,0,1,1,0,2,"-9,01452294","-36,87513904",SPRF-PE,DEL03-PE,UOP01-DEL03-PE
325137.0,2020-11-12,quinta-feira,10:30:00,PE,232,206,PESQUEIRA,Ultrapassagem Indevida,Colisão frontal,Com Vítimas Feridas,Pleno dia,Crescente,Sol,Simples,Aclive,Não,3,0,1,1,1,0,2,3,"-8,37056848","-36,66177606",SPRF-PE,DEL02-PE,UOP03-DEL02-PE
325274.0,2020-12-03,quinta-feira,04:30:00,PE,232,"33,2",MORENO,Velocidade Incompatível,Saída de leito carroçável,Sem Vítimas,Plena Noite,Crescente,Céu Claro,Dupla,Reta,Sim,1,0,0,0,0,1,0,1,"-8,105794","-35,17758",SPRF-PE,DEL02-PE,UOP02-DEL02PE
325277.0,2020-12-03,quinta-feira,05:45:00,PE,232,7,RECIFE,Defeito Mecânico no Veículo,Tombamento,Com Vítimas Feridas,Pleno dia,Crescente,Nublado,Dupla,Reta,Não,2,0,2,0,0,0,2,1,"-8,07333497","-34,96184301",SPRF-PE,DEL01-PE,UOP01-DEL01-PE
325342.0,2020-10-29,quinta-feira,16:00:00,PE,101,75,RECIFE,Falta de Atenção à Condução,Colisão transversal,Com Vítimas Feridas,Pleno dia,Crescente,Ignorado,Dupla,Reta,Sim,2,0,1,0,0,1,1,2,"-8,10973523","-34,94660151",SPRF-PE,DEL01-PE,UOP01-DEL01-PE
325384.0,2020-12-03,quinta-feira,17:30:00,PE,101,82,JABOATAO DOS GUARARAPES,Sinalização da via insuficiente ou inadequada,Colisão traseira,Com Vítimas Feridas,Anoitecer,Crescente,Céu Claro,Simples,Curva,Sim,2,0,1,0,1,0,1,2,"-8,168383","-34,9376",SPRF-PE,DEL01-PE,UOP03-DEL01-PE
325389.0,2020-12-03,quinta-feira,19:00:00,PE,104,66,CARUARU,Falta de Atenção à Condução,Colisão lateral,Sem Vítimas,Plena Noite,Decrescente,Nublado,Dupla,Reta,Não,2,0,0,0,2,0,0,2,"-8,2937","-35,9864",SPRF-PE,DEL02-PE,UOP01-DEL02-PE
325468.0,2020-12-04,sexta-feira,08:05:00,PE,423,97,GARANHUNS,Não guardar distância de segurança,Colisão traseira,Com Vítimas Feridas,Pleno dia,Crescente,Céu Claro,Simples,Reta,Não,2,0,1,0,1,0,1,2,"-8,8796227","-36,49484286",SPRF-PE,DEL03-PE,UOP01-DEL03-PE
325558.0,2020-12-04,sexta-feira,16:20:00,PE,316,78,OURICURI,Falta de Atenção à Condução,Colisão traseira,Com Vítimas Feridas,Pleno dia,Decrescente,Céu Claro,Simples,Reta,Não,2,0,2,0,0,0,2,2,"-7,85014392","-40,12241694",SPRF-PE,DEL05-PE,UOP02-DEL05-PE
325582.0,2020-12-04,sexta-feira,17:10:00,PE,232,"5,9",RECIFE,Desobediência às normas de trânsito pelo condutor,Tombamento,Com Vítimas Feridas,Anoitecer,Crescente,Céu Claro,Dupla,Reta,Não,1,0,1,0,0,0,1,1,"-8,06795766","-34,94535414",SPRF-PE,DEL01-PE,UOP01-DEL01-PE
325588.0,2020-12-04,sexta-feira,18:18:00,PE,428,10,CABROBO,Ingestão de Álcool,Colisão transversal,Com Vítimas Feridas,Plena Noite,Crescente,Céu Claro,Simples,Interseção de Vias,Sim,3,0,2,0,1,0,2,2,"-8,5091915","-39,30745984",SPRF-PE,DEL05-PE,UOP03-DEL05-PE
325593.0,2020-12-04,sexta-feira,19:15:00,PE,101,"54,5",PAULISTA,Falta de Atenção à Condução,Colisão frontal,Com Vítimas Feridas,Plena Noite,Decrescente,Céu Claro,Dupla,Interseção de Vias,Sim,2,0,0,1,1,0,1,2,"-7,930901","-34,85658824",SPRF-PE,DEL01-PE,UOP02-DEL01-PE
325607.0,2020-12-04,sexta-feira,20:34:00,PE,101,68,RECIFE,Não guardar distância de segurança,Colisão traseira,Com Vítimas Feridas,Plena Noite,Decrescente,Céu Claro,Dupla,Reta,Sim,2,0,1,0,0,1,1,2,"-8,05074296","-34,94580619",SPRF-PE,DEL01-PE,UOP01-DEL01-PE
325627.0,2020-12-04,sexta-feira,21:10:00,PE,407,"127,9",PETROLINA,Falta de Atenção à Condução,Colisão traseira,Com Vítimas Feridas,Plena Noite,Decrescente,Céu Claro,Simples,Reta,Não,3,0,1,0,2,0,1,2,"-9,3908678","-40,52038627",SPRF-PE,DEL06-PE,UOP01-DEL06-PE
325633.0,2020-12-04,sexta-feira,21:50:00,PE,101,"82,3",JABOATAO DOS GUARARAPES,Desobediência às normas de trânsito pelo condutor,Colisão transversal,Sem Vítimas,Plena Noite,Decrescente,Céu Claro,Dupla,Reta,Sim,2,0,0,0,1,1,0,2,"-8,168383","-34,9376",SPRF-PE,DEL01-PE,UOP03-DEL01-PE
325678.0,2020-12-05,sábado,03:00:00,PE,104,75,CARUARU,Desobediência às normas de trânsito pelo condutor,Colisão frontal,Com Vítimas Feridas,Plena Noite,Decrescente,Céu Claro,Simples,Curva,Não,3,0,1,0,2,0,1,2,"-8,358562","-35,985699",SPRF-PE,DEL02-PE,UOP01-DEL02-PE
325753.0,2020-11-22,domingo,11:35:00,PE,407,"61,8",PETROLINA,Desobediência às normas de trânsito pelo condutor,Colisão transversal,Com Vítimas Feridas,Pleno dia,Crescente,Céu Claro,Simples,Reta,Não,2,0,0,1,1,0,1,2,"-8,86114469","-40,7759038",SPRF-PE,DEL06-PE,UOP02-DEL06-PE
325761.0,2020-12-05,sábado,12:20:00,PE,232,194,SANHARO,Ingestão de Álcool,Colisão transversal,Sem Vítimas,Pleno dia,Crescente,Sol,Simples,Reta,Sim,3,0,0,0,3,0,0,2,"-8,36209062","-36,55441109",SPRF-PE,DEL02-PE,UOP03-DEL02-PE
325769.0,2020-11-25,quarta-feira,06:45:00,PE,407,"126,3",PETROLINA,Desobediência às normas de trânsito pelo condutor,Colisão lateral,Com Vítimas Feridas,Pleno dia,Decrescente,Céu Claro,Dupla,Interseção de Vias,Não,2,0,0,1,1,0,1,2,"-9,38491309","-40,52809509",SPRF-PE,DEL06-PE,UOP01-DEL06-PE
325772.0,2020-12-05,sábado,13:15:00,PE,101,68,RECIFE,Falta de Atenção à Condução,Colisão com objeto estático,Com Vítimas Feridas,Pleno dia,Crescente,Céu Claro,Dupla,Reta,Sim,2,0,2,0,0,0,2,1,"-8,053933","-34,946546",SPRF-PE,DEL01-PE,UOP01-DEL01-PE
325884.0,2020-12-05,sábado,19:30:00,PE,101,147,RIBEIRAO,Condutor Dormindo,Capotamento,Com Vítimas Feridas,Plena Noite,Crescente,Céu Claro,Dupla,Reta,Não,1,0,1,0,0,0,1,1,"-8,47458903","-35,37134167",SPRF-PE,DEL01-PE,UOP03-DEL01-PE
325965.0,2020-12-06,domingo,02:00:00,PE,101,135,ESCADA,Condutor Dormindo,Colisão com objeto estático,Com Vítimas Feridas,Plena Noite,Crescente,Céu Claro,Dupla,Reta,Não,1,0,1,0,0,0,1,1,"-8,41147616","-35,29599797",SPRF-PE,DEL01-PE,UOP03-DEL01-PE
325970.0,2020-12-06,domingo,03:30:00,PE,101,"3,5",GOIANA,Falta de Atenção à Condução,Tombamento,Com Vítimas Feridas,Plena Noite,Crescente,Céu Claro,Múltipla,Reta,Não,1,0,1,0,0,0,1,1,"-7,52387351","-34,99333161",SPRF-PE,DEL01-PE,UOP02-DEL01-PE
325977.0,2020-12-06,domingo,05:00:00,PE,232,"128,2",CARUARU,Ingestão de Álcool,Colisão frontal,Com Vítimas Feridas,Pleno dia,Decrescente,Céu Claro,Múltipla,Reta,Sim,3,0,0,1,2,0,1,2,"-8,30399306","-35,97216301",SPRF-PE,DEL02-PE,UOP03-DEL02-PE
325995.0,2020-12-06,domingo,06:30:00,PE,101,"72,2",RECIFE,Desobediência às normas de trânsito pelo condutor,Colisão transversal,Com Vítimas Feridas,Pleno dia,Crescente,Sol,Dupla,Interseção de Vias,Sim,2,0,0,1,1,0,1,2,"-8,10146485","-34,94901577",SPRF-PE,DEL01-PE,UOP01-DEL01-PE
326097.0,2020-12-06,domingo,15:35:00,PE,101,50,ABREU E LIMA,Falta de Atenção à Condução,Colisão traseira,Com Vítimas Feridas,Pleno dia,Decrescente,Sol,Múltipla,Reta,Sim,2,0,1,0,1,0,1,2,"-7,90938602","-34,90123228",SPRF-PE,DEL01-PE,UOP02-DEL01-PE
326098.0,2020-12-06,domingo,15:00:00,PE,104,35,CARUARU,Falta de Atenção à Condução,Colisão com objeto estático,Com Vítimas Feridas,Pleno dia,Crescente,Sol,Dupla,Reta,Não,3,0,2,0,1,0,2,1,"-8,0567","-36,0485",SPRF-PE,DEL02-PE,UOP01-DEL02-PE
326104.0,2020-12-06,domingo,17:15:00,PE,232,"9,5",RECIFE,Desobediência às normas de trânsito pelo condutor,Colisão traseira,Com Vítimas Feridas,Anoitecer,Decrescente,Sol,Dupla,Reta,Sim,4,0,1,0,3,0,1,3,"-8,07764447","-34,97863609",SPRF-PE,DEL01-PE,UOP01-DEL01-PE
326171.0,2020-11-21,sábado,20:00:00,PE,428,"53,9",OROCO,Condutor Dormindo,Queda de ocupante de veículo,Com Vítimas Fatais,Plena Noite,Decrescente,Nublado,Simples,Aclive,Não,1,1,0,0,0,0,0,1,"-8,61591731","-39,64558611",SPRF-PE,DEL06-PE,UOP03-DEL06-PE
326337.0,2020-12-07,segunda-feira,15:10:00,PE,101,"65,5",RECIFE,Falta de Atenção à Condução,Colisão traseira,Com Vítimas Feridas,Pleno dia,Crescente,Céu Claro,Dupla,Reta,Não,2,0,1,0,1,0,1,2,"-8,02478597","-34,94276635",SPRF-PE,DEL01-PE,UOP01-DEL01-PE
326351.0,2020-12-07,segunda-feira,16:20:00,PE,104,"119,5",PANELAS,Velocidade Incompatível,Saída de leito carroçável,Com Vítimas Fatais,Pleno dia,Decrescente,Céu Claro,Simples,Declive,Não,1,1,0,0,0,0,0,1,"-8,69612969","-36,02099419",SPRF-PE,DEL02-PE,UOP01-DEL02-PE
326398.0,2020-12-07,segunda-feira,18:40:00,PE,116,"39,5",SALGUEIRO,Desobediência às normas de trânsito pelo condutor,Saída de leito carroçável,Com Vítimas Feridas,Plena Noite,Decrescente,Céu Claro,Simples,Reta,Não,1,0,1,0,0,0,1,1,"-8,179874","-39,102428",SPRF-PE,DEL05-PE,UOP01-DEL05-PE
326434.0,2020-12-08,terça-feira,01:30:00,PE,232,"59,9",POMBOS,Falta de Atenção à Condução,Tombamento,Com Vítimas Feridas,Plena Noite,Decrescente,Céu Claro,Dupla,Reta;Declive                  ,Sim,1,0,0,1,0,0,1,1,"-8,1471233","-35,39890998",SPRF-PE,DEL02-PE,UOP02-DEL02PE
326485.0,2020-12-08,terça-feira,09:50:00,PE,232,69,GRAVATA,Defeito Mecânico no Veículo,Queda de ocupante de veículo,Com Vítimas Feridas,Pleno dia,Decrescente,Céu Claro,Múltipla,Curva,Não,2,0,2,0,0,0,2,1,"-8,17240309","-35,47993595",SPRF-PE,DEL02-PE,UOP02-DEL02PE
326496.0,2020-11-28,sábado,16:40:00,PE,101,96,CABO DE SANTO AGOSTINHO,Falta de Atenção à Condução,Colisão lateral,Com Vítimas Feridas,Pleno dia,Decrescente,Nublado,Dupla,Reta;Declive;Retorno Regulamen,Sim,3,0,2,0,1,0,2,2,"-8,25146993","-35,021805",SPRF-PE,DEL01-PE,UOP03-DEL01-PE
326673.0,2020-12-09,quarta-feira,06:44:00,PE,101,"43,7",IGARASSU,Falta de Atenção à Condução,Engavetamento,Sem Vítimas,Pleno dia,Decrescente,Garoa/Chuvisco,Múltipla,Reta,Sim,3,0,0,0,2,1,0,3,"-7,84753808","-34,90977038",SPRF-PE,DEL01-PE,UOP02-DEL01-PE
326703.0,2020-12-09,quarta-feira,12:00:00,PE,101,"45,2",IGARASSU,Não guardar distância de segurança,Colisão traseira,Com Vítimas Feridas,Pleno dia,Decrescente,Céu Claro,Múltipla,Reta,Sim,2,0,0,1,1,0,1,2,"-7,86521297","-34,90715176",SPRF-PE,DEL01-PE,UOP02-DEL01-PE
326721.0,2020-12-09,quarta-feira,14:00:00,PE,101,"153,2",RIBEIRAO,Defeito Mecânico no Veículo,Incêndio,Sem Vítimas,Pleno dia,Decrescente,Céu Claro,Dupla,Reta,Não,1,0,0,0,0,1,0,1,"-8,51960799","-35,38997595",SPRF-PE,DEL01-PE,UOP03-DEL01-PE