id,data_inversa,dia_semana,horario,uf,br,km,municipio,causa_acidente,tipo_acidente,classificacao_acidente,fase_dia,sentido_via,condicao_metereologica,tipo_pista,tracado_via,uso_solo,pessoas,mortos,feridos_leves,feridos_graves,ilesos,ignorados,feridos,veiculos,latitude,longitude,regional,delegacia,uop
326735.0,2020-12-09,quarta-feira,15:00:00,PE,101,"70,3",RECIFE,Não guardar distância de segurança,Colisão traseira,Com Vítimas Feridas,Pleno dia,Crescente,Sol,Múltipla,Reta,Sim,2,0,1,0,0,1,1,2,"-8,06776119","-34,94265074",SPRF-PE,DEL01-PE,UOP01-DEL01-PE
326745.0,2020-12-09,quarta-feira,12:00:00,PE,316,353,PETROLANDIA,Defeito Mecânico no Veículo,Incêndio,Sem Vítimas,Pleno dia,Crescente,Sol,Simples,Reta,Não,1,0,0,0,1,0,0,1,"-8,88336709","-38,27402105",SPRF-PE,DEL04-PE,UOP03-DEL04-PE
326817.0,2020-12-09,quarta-feira,23:45:00,PE,407,"127,3",PETROLINA,Falta de Atenção à Condução,Colisão transversal,Com Vítimas Feridas,Plena Noite,Crescente,Céu Claro,Simples,Interseção de Vias,Sim,2,0,1,0,1,0,1,2,"-9,3908678","-40,52038627",SPRF-PE,DEL06-PE,UOP01-DEL06-PE
326847.0,2020-12-10,quinta-feira,06:40:00,PE,232,9,RECIFE,Falta de Atenção à Condução,Queda de ocupante de veículo,Com Vítimas Feridas,Pleno dia,Decrescente,Céu Claro,Dupla,Reta,Sim,1,0,0,1,0,0,1,1,"-8,07764447","-34,97863609",SPRF-PE,DEL01-PE,UOP01-DEL01-PE
327000.0,2020-12-10,quinta-feira,20:40:00,PE,407,"124,3",PETROLINA,Avarias e/ou desgaste excessivo no pneu,Queda de ocupante de veículo,Com Vítimas Feridas,Plena Noite,Decrescente,Céu Claro,Dupla,Reta,Sim,1,0,1,0,0,0,1,1,"-9,37555738","-40,5377309",SPRF-PE,DEL06-PE,UOP01-DEL06-PE
327016.0,2020-12-10,quinta-feira,23:20:00,PE,232,149,SAO CAITANO,Restrição de Visibilidade,Saída de leito carroçável,Sem Vítimas,Plena Noite,Decrescente,Céu Claro,Dupla,Reta,Não,1,0,0,0,1,0,0,1,"-8,32744699","-36,15405",SPRF-PE,DEL02-PE,UOP03-DEL02-PE
327018.0,2020-12-10,quinta-feira,22:50:00,PE,407,"128,5",PETROLINA,Desobediência às normas de trânsito pelo condutor,Colisão traseira,Com Vítimas Fatais,Plena Noite,Decrescente,Céu Claro,Simples,Viaduto,Sim,3,1,1,0,0,1,1,2,"-9,39656864","-40,50627201",SPRF-PE,DEL06-PE,UOP01-DEL06-PE
327069.0,2020-12-11,sexta-feira,07:40:00,PE,232,"8,7",RECIFE,Falta de Atenção à Condução,Colisão traseira,Com Vítimas Feridas,Pleno dia,Decrescente,Céu Claro,Dupla,Reta,Sim,2,0,1,0,1,0,1,2,"-8,07583727","-34,97015791",SPRF-PE,DEL01-PE,UOP01-DEL01-PE
327076.0,2020-12-11,sexta-feira,07:30:00,PE,408,"64,6",CARPINA,Ultrapassagem Indevida,Colisão frontal,Com Vítimas Feridas,Pleno dia,Decrescente,Céu Claro,Múltipla,Reta,Sim,2,0,2,0,0,0,2,2,"-7,848957","-35,235037",SPRF-PE,DEL01-PE,UOP01-DEL01-PE
327094.0,2020-12-11,sexta-feira,10:20:00,PE,101,"67,1",RECIFE,Falta de Atenção à Condução,Tombamento,Com Vítimas Feridas,Pleno dia,Decrescente,Céu Claro,Dupla,Reta,Sim,1,0,1,0,0,0,1,1,"-8,043769","-34,943602",SPRF-PE,DEL01-PE,UOP01-DEL01-PE
327096.0,2020-12-11,sexta-feira,03:00:00,PE,424,"88,5",GARANHUNS,Ingestão de Álcool,Capotamento,Sem Vítimas,Plena Noite,Crescente,Céu Claro,Simples,Reta,Sim,1,0,0,0,0,1,0,1,"-8,88827288","-36,50758982",SPRF-PE,DEL03-PE,UOP01-DEL03-PE
327136.0,2020-12-11,sexta-feira,14:20:00,PE,101,83,JABOATAO DOS GUARARAPES,Desobediência às normas de trânsito pelo condutor,Colisão lateral,Sem Vítimas,Pleno dia,Decrescente,Céu Claro,Dupla,Interseção de Vias,Não,2,0,0,0,2,0,0,2,"-8,175172","-34,942642",SPRF-PE,DEL01-PE,UOP03-DEL01-PE
327214.0,2020-12-11,sexta-feira,20:00:00,PE,101,83,JABOATAO DOS GUARARAPES,Falta de Atenção à Condução,Colisão traseira,Com Vítimas Feridas,Plena Noite,Crescente,Céu Claro,Simples,Reta,Sim,3,0,2,0,1,0,2,2,"-8,180698","-34,947988",SPRF-PE,DEL01-PE,UOP03-DEL01-PE
327222.0,2020-12-11,sexta-feira,21:10:00,PE,232,"45,1",VITORIA DE SANTO ANTAO,Falta de Atenção do Pedestre,Atropelamento de Pedestre,Com Vítimas Fatais,Plena Noite,Crescente,Céu Claro,Dupla,Reta,Sim,2,1,0,0,1,0,0,2,"-8,128181","-35,281677",SPRF-PE,DEL02-PE,UOP02-DEL02PE
327328.0,2020-12-12,sábado,10:00:00,PE,104,"80,7",AGRESTINA,Falta de Atenção à Condução,Colisão lateral,Com Vítimas Feridas,Pleno dia,Crescente,Sol,Simples,Reta,Não,2,0,1,0,0,1,1,2,"-8,397874","-35,973396",SPRF-PE,DEL02-PE,UOP01-DEL02-PE
327352.0,2020-12-12,sábado,11:37:00,PE,316,223,BELEM DE SAO FRANCISCO,Agressão Externa,Colisão com objeto em movimento,Sem Vítimas,Pleno dia,Crescente,Céu Claro,Simples,Reta,Não,1,0,0,0,1,0,0,1,"-8,56749083","-39,18827592",SPRF-PE,DEL05-PE,UOP03-DEL05-PE
327369.0,2020-12-12,sábado,14:50:00,PE,408,74,PAUDALHO,Ingestão de Álcool,Colisão lateral,Com Vítimas Feridas,Pleno dia,Decrescente,Céu Claro,Múltipla,Reta,Sim,5,0,2,0,3,0,2,2,"-7,89701706","-35,17300548",SPRF-PE,DEL01-PE,UOP01-DEL01-PE
327381.0,2020-12-12,sábado,16:00:00,PE,407,"114,2",PETROLINA,Falta de Atenção à Condução,Saída de leito carroçável,Com Vítimas Fatais,Pleno dia,Crescente,Céu Claro,Simples,Reta,Não,1,1,0,0,0,0,0,1,"-9,2984927","-40,58289528",SPRF-PE,DEL06-PE,UOP02-DEL06-PE
327489.0,2020-12-12,sábado,23:30:00,PE,407,"119,1",PETROLINA,Ingestão de Álcool,Colisão frontal,Com Vítimas Fatais,Plena Noite,Decrescente,Céu Claro,Simples,Reta,Não,2,1,0,0,0,1,0,2,"-9,314647","-40,57336",SPRF-PE,DEL06-PE,UOP02-DEL06-PE
327531.0,2020-12-13,domingo,00:15:00,PE,423,166,AGUAS BELAS,Defeito Mecânico no Veículo,Tombamento,Com Vítimas Feridas,Plena Noite,Crescente,Nublado,Simples,Reta,Não,45,0,16,1,28,0,17,1,"-9,12609311","-37,01493996",SPRF-AL,DEL03-AL,UOP02-DEL03-AL
327585.0,2020-12-13,domingo,07:30:00,PE,423,"42,4",CACHOEIRINHA,Falta de Atenção à Condução,Capotamento,Com Vítimas Feridas,Pleno dia,Crescente,Céu Claro,Simples,Reta,Não,14,0,2,3,0,9,5,1,"-8,51479","-36,254331",SPRF-PE,DEL03-PE,UOP01-DEL03-PE
327614.0,2020-12-13,domingo,09:00:00,PE,424,"91,9",GARANHUNS,Falta de Atenção à Condução,Capotamento,Com Vítimas Feridas,Pleno dia,Crescente,Nublado,Simples,Curva,Sim,2,0,1,0,1,0,1,1,"-8,91182532","-36,49327755",SPRF-PE,DEL03-PE,UOP01-DEL03-PE
327620.0,2020-12-13,domingo,13:00:00,PE,,,PETROLINA,Velocidade Incompatível,Colisão lateral,Com Vítimas Feridas,Pleno dia,Não Informado,Céu Claro,Simples,Reta,Sim,2,0,1,0,1,0,1,2,"-9,35896531","-40,48041344",SPRF-PE,DEL06-PE,UOP01-DEL06-PE
327627.0,2020-12-13,domingo,12:10:00,PE,423,"63,3",LAJEDO,Falta de Atenção à Condução,Capotamento,Com Vítimas Feridas,Pleno dia,Decrescente,Nublado,Simples,Reta,Não,4,0,3,0,1,0,3,1,"-8,66219547","-36,34708912",SPRF-PE,DEL03-PE,UOP01-DEL03-PE
327628.0,2020-12-13,domingo,13:30:00,PE,428,"54,9",SANTA MARIA DA BOA VISTA,Velocidade Incompatível,Saída de leito carroçável,Com Vítimas Fatais,Pleno dia,Decrescente,Sol,Simples,Curva,Não,1,1,0,0,0,0,0,1,"-8,61293109","-39,65428303",SPRF-PE,DEL06-PE,UOP03-DEL06-PE
327659.0,2020-12-13,domingo,15:10:00,PE,424,"96,1",GARANHUNS,Falta de Atenção à Condução,Colisão transversal,Com Vítimas Fatais,Pleno dia,Crescente,Céu Claro,Simples,Aclive,Não,2,1,0,0,0,1,0,2,"-8,93022089","-36,49644306",SPRF-PE,DEL03-PE,UOP01-DEL03-PE
327660.0,2020-12-13,domingo,14:30:00,PE,104,22,TAQUARITINGA DO NORTE,Ingestão de Álcool,Colisão traseira,Sem Vítimas,Pleno dia,Decrescente,Céu Claro,Simples,Reta,Não,2,0,0,0,1,1,0,2,"-7,967257","-36,116974",SPRF-PE,DEL02-PE,UOP01-DEL02-PE
327696.0,2020-12-13,domingo,18:20:00,PE,101,50,ABREU E LIMA,Falta de Atenção do Pedestre,Atropelamento de Pedestre,Sem Vítimas,Plena Noite,Crescente,Nublado,Dupla,Reta,Sim,1,0,0,0,1,0,0,1,"-7,90938602","-34,90123228",SPRF-PE,DEL01-PE,UOP02-DEL01-PE
327708.0,2020-12-13,domingo,19:30:00,PE,101,"0,4",GOIANA,Falta de Atenção à Condução,Saída de leito carroçável,Com Vítimas Feridas,Plena Noite,Decrescente,Nublado,Múltipla,Reta,Não,1,0,1,0,0,0,1,1,"-7,5001955","-34,985073",SPRF-PE,DEL01-PE,UOP02-DEL01-PE
327734.0,2020-12-13,domingo,21:10:00,PE,101,96,CABO DE SANTO AGOSTINHO,Ingestão de Álcool,Colisão lateral,Sem Vítimas,Plena Noite,Crescente,Nublado,Dupla,Reta;Declive                  ,Sim,2,0,0,0,2,0,0,2,"-8,25146993","-35,021805",SPRF-PE,DEL01-PE,UOP03-DEL01-PE
327757.0,2020-12-13,domingo,22:30:00,PE,101,51,ABREU E LIMA,Falta de Atenção à Condução,Colisão traseira,Com Vítimas Feridas,Plena Noite,Crescente,Chuva,Dupla,Reta,Sim,2,0,1,0,0,1,1,2,"-7,9169968","-34,89689272",SPRF-PE,DEL01-PE,UOP02-DEL01-PE
327781.0,2020-12-13,domingo,21:00:00,PE,428,"178,9",PETROLINA,Objeto estático sobre o leito carroçável,Tombamento,Com Vítimas Feridas,Plena Noite,Decrescente,Céu Claro,Simples,Reta,Não,1,0,0,1,0,0,1,1,"-9,30251606","-40,45091987",SPRF-PE,DEL06-PE,UOP01-DEL06-PE
327800.0,2020-12-14,segunda-feira,02:50:00,PE,232,"12,5",JABOATAO DOS GUARARAPES,Defeito Mecânico no Veículo,Incêndio,Sem Vítimas,Plena Noite,Crescente,Nublado,Dupla,Reta,Não,1,0,0,0,1,0,0,1,"-8,08577691","-35,00345603",SPRF-PE,DEL01-PE,UOP01-DEL01-PE
327925.0,2020-12-14,segunda-feira,17:10:00,PE,408,100,SAO LOURENCO DA MATA,Falta de Atenção à Condução,Saída de leito carroçável,Com Vítimas Feridas,Anoitecer,Decrescente,Céu Claro,Dupla,Reta,Sim,1,0,1,0,0,0,1,1,"-8,04364056","-35,01674995",SPRF-PE,DEL01-PE,UOP01-DEL01-PE
327928.0,2020-12-14,segunda-feira,16:54:00,PE,101,"47,8",IGARASSU,Falta de Atenção à Condução,Colisão traseira,Sem Vítimas,Anoitecer,Crescente,Nublado,Dupla,Reta,Sim,2,0,0,0,2,0,0,2,"-7,88290701","-34,90461208",SPRF-PE,DEL01-PE,UOP02-DEL01-PE
327943.0,2020-12-14,segunda-feira,19:30:00,PE,232,"12,7",JABOATAO DOS GUARARAPES,Defeito na Via,Saída de leito carroçável,Com Vítimas Feridas,Plena Noite,Crescente,Céu Claro,Dupla,Reta,Não,1,0,1,0,0,0,1,1,"-8,08577691","-35,00345603",SPRF-PE,DEL01-PE,UOP01-DEL01-PE
327948.0,2020-12-14,segunda-feira,18:50:00,PE,232,118,CARUARU,Animais na Pista,Atropelamento de Animal,Sem Vítimas,Plena Noite,Crescente,Céu Claro,Dupla,Reta,Não,1,0,0,0,1,0,0,1,"-8,29431633","-35,88437194",SPRF-PE,DEL02-PE,UOP03-DEL02-PE
328017.0,2020-12-15,terça-feira,07:00:00,PE,104,68,CARUARU,Desobediência às normas de trânsito pelo condutor,Colisão lateral,Com Vítimas Feridas,Pleno dia,Decrescente,Céu Claro,Dupla,Curva,Sim,4,0,0,1,2,1,1,2,"-8,3107","-35,9904",SPRF-PE,DEL02-PE,UOP01-DEL02-PE
328041.0,2020-12-15,terça-feira,11:10:00,PE,407,"128,9",PETROLINA,Desobediência às normas de trânsito pelo condutor,Colisão transversal,Com Vítimas Feridas,Pleno dia,Decrescente,Sol,Simples,Rotatória,Sim,2,0,1,0,1,0,1,2,"-9,39869168","-40,50486793",SPRF-PE,DEL06-PE,UOP01-DEL06-PE
328123.0,2020-12-15,terça-feira,18:22:00,PE,104,"79,2",AGRESTINA,Falta de Atenção à Condução,Colisão transversal,Com Vítimas Feridas,Plena Noite,Crescente,Nublado,Simples,Reta,Não,2,0,1,0,1,0,1,2,"-8,389074","-35,974712",SPRF-PE,DEL02-PE,UOP01-DEL02-PE
328177.0,2020-12-16,quarta-feira,03:30:00,PE,104,"29,7",TORITAMA,Falta de Atenção à Condução,Saída de leito carroçável,Com Vítimas Feridas,Plena Noite,Decrescente,Céu Claro,Simples,Reta,Sim,5,0,3,0,2,0,3,2,"-8,00679173","-36,06897354",SPRF-PE,DEL02-PE,UOP01-DEL02-PE
328184.0,2020-12-16,quarta-feira,06:20:00,PE,101,"48,1",ABREU E LIMA,Falta de Atenção à Condução,Colisão traseira,Com Vítimas Feridas,Pleno dia,Crescente,Sol,Múltipla,Reta,Sim,2,0,1,0,1,0,1,2,"-7,89380952","-34,90337502",SPRF-PE,DEL01-PE,UOP02-DEL01-PE
328188.0,2020-12-16,quarta-feira,06:25:00,PE,232,8,RECIFE,Falta de Atenção à Condução,Colisão lateral,Sem Vítimas,Pleno dia,Crescente,Céu Claro,Dupla,Reta,Sim,3,0,0,0,0,3,0,2,"-8,07583727","-34,97015791",SPRF-PE,DEL01-PE,UOP01-DEL01-PE
328196.0,2020-12-16,quarta-feira,07:30:00,PE,428,184,PETROLINA,Desobediência às normas de trânsito pelo condutor,Colisão transversal,Com Vítimas Feridas,Pleno dia,Crescente,Céu Claro,Simples,Interseção de Vias,Sim,2,0,2,0,0,0,2,2,"-9,33211208","-40,46621385",SPRF-PE,DEL06-PE,UOP01-DEL06-PE
328218.0,2020-12-16,quarta-feira,09:15:00,PE,408,"99,7",SAO LOURENCO DA MATA,Defeito na Via,Saída de leito carroçável,Com Vítimas Feridas,Pleno dia,Crescente,Céu Claro,Dupla,Aclive,Não,1,0,1,0,0,0,1,1,"-8,04133634","-35,02531212",SPRF-PE,DEL01-PE,UOP01-DEL01-PE
328256.0,2020-12-13,domingo,07:00:00,PE,232,140,SAO CAITANO,Falta de Atenção à Condução,Colisão traseira,Com Vítimas Feridas,Pleno dia,Decrescente,Sol,Dupla,Reta,Não,3,0,1,0,2,0,1,2,"-8,32046632","-36,07694496",SPRF-PE,DEL02-PE,UOP03-DEL02-PE
328307.0,2020-12-16,quarta-feira,17:30:00,PE,101,"66,8",RECIFE,Falta de Atenção à Condução,Colisão traseira,Com Vítimas Feridas,Plena Noite,Crescente,Céu Claro,Dupla,Reta,Sim,2,0,1,0,1,0,1,2,"-8,03840344","-34,9418897",SPRF-PE,DEL01-PE,UOP01-DEL01-PE
328311.0,2020-12-16,quarta-feira,16:00:00,PE,407,120,PETROLINA,Desobediência às normas de trânsito pelo condutor,Colisão traseira,Com Vítimas Feridas,Pleno dia,Decrescente,Céu Claro,Simples,Reta,Não,2,0,1,0,1,0,1,2,"-9,33807091","-40,55965785",SPRF-PE,DEL06-PE,UOP01-DEL06-PE
328339.0,2020-12-16,quarta-feira,19:00:00,PE,408,"86,5",PAUDALHO,Animais na Pista,Atropelamento de Animal,Com Vítimas Feridas,Plena Noite,Crescente,Nublado,Dupla,Reta,Não,1,0,0,1,0,0,1,1,"-7,96010995","-35,09554697",SPRF-PE,DEL01-PE,UOP01-DEL01-PE
328368.0,2020-12-16,quarta-feira,20:00:00,PE,232,"342,8",CUSTODIA,Deficiência ou não Acionamento do Sistema de Iluminação/Sinalização do Veículo,Colisão traseira,Com Vítimas Fatais,Plena Noite,Crescente,Chuva,Simples,Reta,Não,2,1,0,0,0,1,0,2,"-8,08800862","-37,71457501",SPRF-PE,DEL03-PE,UOP02-DEL03-PE
328403.0,2020-12-17,quinta-feira,07:00:00,PE,232,"8,2",RECIFE,Falta de Atenção à Condução,Colisão lateral,Com Vítimas Feridas,Pleno dia,Decrescente,Céu Claro,Dupla,Reta,Sim,3,0,1,0,2,0,1,2,"-8,07583727","-34,97015791",SPRF-PE,DEL01-PE,UOP01-DEL01-PE
328405.0,2020-12-17,quinta-feira,07:30:00,PE,101,"43,4",IGARASSU,Não guardar distância de segurança,Colisão traseira,Com Vítimas Feridas,Pleno dia,Crescente,Céu Claro,Múltipla,Reta,Sim,2,0,1,0,1,0,1,2,"-7,84753808","-34,90977038",SPRF-PE,DEL01-PE,UOP02-DEL01-PE
328413.0,2020-12-17,quinta-feira,07:40:00,PE,101,"67,3",RECIFE,Falta de Atenção à Condução,Colisão lateral,Com Vítimas Feridas,Pleno dia,Crescente,Sol,Múltipla,Reta,Sim,3,0,2,0,0,1,2,2,"-8,042334","-34,943096",SPRF-PE,DEL01-PE,UOP01-DEL01-PE
328437.0,2020-12-17,quinta-feira,10:20:00,PE,232,132,CARUARU,Ingestão de Álcool,Colisão traseira,Com Vítimas Feridas,Pleno dia,Crescente,Sol,Múltipla,Aclive,Sim,2,0,1,0,1,0,1,2,"-8,3036244","-36,00710089",SPRF-PE,DEL02-PE,UOP03-DEL02-PE
328484.0,2020-12-17,quinta-feira,14:20:00,PE,101,70,RECIFE,Desobediência às normas de trânsito pelo condutor,Colisão transversal,Com Vítimas Feridas,Pleno dia,Crescente,Sol,Múltipla,Reta,Sim,2,0,1,0,1,0,1,2,"-8,06776119","-34,94265074",SPRF-PE,DEL01-PE,UOP01-DEL01-PE
328501.0,2020-12-17,quinta-feira,14:55:00,PE,101,54,PAULISTA,Falta de Atenção à Condução,Queda de ocupante de veículo,Com Vítimas Feridas,Pleno dia,Decrescente,Céu Claro,Dupla,Reta,Sim,1,0,1,0,0,0,1,1,"-7,93961103","-34,90356584",SPRF-PE,DEL01-PE,UOP02-DEL01-PE
328517.0,2020-12-17,quinta-feira,17:20:00,PE,232,5,RECIFE,Falta de Atenção à Condução,Colisão lateral,Com Vítimas Feridas,Anoitecer,Crescente,Céu Claro,Múltipla,Aclive,Sim,3,0,2,0,1,0,2,2,"-8,06795766","-34,94535414",SPRF-PE,DEL01-PE,UOP01-DEL01-PE
328521.0,2020-12-17,quinta-feira,16:40:00,PE,101,"50,8",ABREU E LIMA,Falta de Atenção à Condução,Colisão transversal,Com Vítimas Feridas,Pleno dia,Crescente,Céu Claro,Múltipla,Retorno Regulamentado,Sim,2,0,1,0,0,1,1,2,"-7,90938602","-34,90123228",SPRF-PE,DEL01-PE,UOP02-DEL01-PE
328567.0,2020-12-17,quinta-feira,22:30:00,PE,232,"71,6",GRAVATA,Falta de Atenção à Condução,Colisão com objeto estático,Com Vítimas Feridas,Plena Noite,Decrescente,Céu Claro,Dupla,Reta,Não,1,0,1,0,0,0,1,1,"-8,18601491","-35,49768448",SPRF-PE,DEL02-PE,UOP02-DEL02PE
328723.0,2020-12-18,sexta-feira,18:15:00,PE,232,"77,2",GRAVATA,Ingestão de Álcool,Colisão transversal,Com Vítimas Feridas,Plena Noite,Decrescente,Céu Claro,Simples,Reta,Sim,2,0,1,0,1,0,1,2,"-8,19343863","-35,54300692",SPRF-PE,DEL02-PE,UOP02-DEL02PE
328739.0,2020-12-18,sexta-feira,20:12:00,PE,101,"159,9",GAMELEIRA,Ingestão de Álcool,Saída de leito carroçável,Com Vítimas Feridas,Plena Noite,Decrescente,Céu Claro,Dupla,Curva,Não,4,0,4,0,0,0,4,1,"-8,55252537","-35,41389482",SPRF-PE,DEL01-PE,UOP03-DEL01-PE
328774.0,2020-12-19,sábado,00:00:00,PE,232,79,GRAVATA,Desobediência às normas de trânsito pelo condutor,Colisão frontal,Com Vítimas Fatais,Plena Noite,Decrescente,Céu Claro,Simples,Aclive,Sim,4,1,1,0,0,2,1,3,"-8,19460572","-35,56074803",SPRF-PE,DEL02-PE,UOP02-DEL02PE
328778.0,2020-12-18,sexta-feira,22:10:00,PE,232,150,SAO CAITANO,Desobediência às normas de trânsito pelo condutor,Colisão frontal,Com Vítimas Feridas,Plena Noite,Crescente,Céu Claro,Simples,Curva;Aclive                  ,Não,2,0,0,1,1,0,1,2,"-8,32712286","-36,16299497",SPRF-PE,DEL02-PE,UOP03-DEL02-PE
328811.0,2020-12-19,sábado,06:00:00,PE,101,43,IGARASSU,Falta de Atenção à Condução,Colisão traseira,Sem Vítimas,Pleno dia,Crescente,Sol,Múltipla,Reta,Sim,2,0,0,0,2,0,0,2,"-7,84753808","-34,90977038",SPRF-PE,DEL01-PE,UOP02-DEL01-PE
328830.0,2020-12-19,sábado,07:40:00,PE,101,"74,5",RECIFE,Falta de Atenção à Condução,Engavetamento,Com Vítimas Feridas,Pleno dia,Decrescente,Céu Claro,Dupla,Curva,Sim,6,0,1,0,5,0,1,4,"-8,105831","-34,948625",SPRF-PE,DEL01-PE,UOP01-DEL01-PE
328833.0,2020-12-19,sábado,08:09:00,PE,101,87,CABO DE SANTO AGOSTINHO,Falta de Atenção à Condução,Engavetamento,Sem Vítimas,Pleno dia,Crescente,Céu Claro,Múltipla,Reta,Sim,3,0,0,0,3,0,0,3,"-8,19120206","-34,97449985",SPRF-PE,DEL01-PE,UOP03-DEL01-PE
328877.0,2020-12-19,sábado,10:40:00,PE,101,46,IGARASSU,Falta de Atenção à Condução,Colisão lateral,Com Vítimas Feridas,Pleno dia,Crescente,Céu Claro,Múltipla,Reta,Não,3,0,1,0,1,1,1,2,"-7,87406004","-34,90588126",SPRF-PE,DEL01-PE,UOP02-DEL01-PE
328888.0,2020-12-19,sábado,11:35:00,PE,424,"98,8",GARANHUNS,Ingestão de Álcool,Colisão lateral,Com Vítimas Feridas,Pleno dia,Crescente,Céu Claro,Simples,Reta,Não,2,0,1,0,0,1,1,2,"-8,951714","-36,507836",SPRF-PE,DEL03-PE,UOP01-DEL03-PE
328902.0,2020-12-19,sábado,13:30:00,PE,101,"68,1",RECIFE,Falta de Atenção à Condução,Colisão traseira,Com Vítimas Feridas,Pleno dia,Decrescente,Sol,Simples,Rotatória,Sim,3,0,2,0,0,1,2,2,"-8,051976","-34,945903",SPRF-PE,DEL01-PE,UOP01-DEL01-PE
328904.0,2020-11-29,domingo,05:40:00,PE,101,25,IGARASSU,Velocidade Incompatível,Saída de leito carroçável,Com Vítimas Fatais,Pleno dia,Crescente,Sol,Dupla,Curva,Não,1,1,0,0,0,0,0,1,"-7,7009082","-34,9229207",SPRF-PE,DEL01-PE,UOP02-DEL01-PE
328915.0,2020-12-19,sábado,14:30:00,PE,101,"51,6",PAULISTA,Falta de Atenção à Condução,Colisão traseira,Com Vítimas Feridas,Pleno dia,Decrescente,Sol,Dupla,Reta,Sim,2,0,0,1,1,0,1,2,"-7,9169968","-34,89689272",SPRF-PE,DEL01-PE,UOP02-DEL01-PE
328936.0,2020-12-19,sábado,16:00:00,PE,232,173,BELO JARDIM,Falta de Atenção à Condução,Saída de leito carroçável,Com Vítimas Feridas,Pleno dia,Crescente,Céu Claro,Simples,Aclive,Não,1,0,1,0,0,0,1,1,"-8,33916255","-36,36917103",SPRF-PE,DEL02-PE,UOP03-DEL02-PE
328937.0,2020-12-19,sábado,14:30:00,PE,408,"65,1",CARPINA,Velocidade Incompatível,Saída de leito carroçável,Sem Vítimas,Pleno dia,Decrescente,Céu Claro,Múltipla,Reta,Sim,1,0,0,0,0,1,0,1,"-7,85059029","-35,23198016",SPRF-PE,DEL01-PE,UOP01-DEL01-PE
328940.0,2020-12-19,sábado,15:00:00,PE,232,149,SAO CAITANO,Ingestão de Álcool,Colisão com objeto estático,Com Vítimas Feridas,Pleno dia,Crescente,Céu Claro,Simples,Reta,Não,1,0,1,0,0,0,1,1,"-8,32744699","-36,15405",SPRF-PE,DEL02-PE,UOP03-DEL02-PE
329003.0,2020-12-19,sábado,19:25:00,PE,428,191,PETROLINA,Ingestão de Álcool,Colisão traseira,Sem Vítimas,Plena Noite,Crescente,Nublado,Dupla,Reta,Sim,2,0,0,0,1,1,0,2,"-9,37766429","-40,50269795",SPRF-PE,DEL06-PE,UOP01-DEL06-PE
329045.0,2020-12-19,sábado,21:00:00,PE,232,414,SERRA TALHADA,Ingestão de Álcool,Colisão traseira,Sem Vítimas,Plena Noite,Decrescente,Céu Claro,Simples,Reta,Sim,3,0,0,0,3,0,0,2,"-7,99236282","-38,33750809",SPRF-PE,DEL04-PE,UOP01-DEL04-PE
329050.0,2020-12-19,sábado,22:40:00,PE,101,45,IGARASSU,Ingestão de Álcool,Colisão frontal,Com Vítimas Feridas,Plena Noite,Decrescente,Vento,Múltipla,Declive,Sim,2,0,1,0,1,0,1,2,"-7,86521297","-34,90715176",SPRF-PE,DEL01-PE,UOP02-DEL01-PE
329061.0,2020-12-19,sábado,23:00:00,PE,101,"66,8",RECIFE,Velocidade Incompatível,Colisão traseira,Com Vítimas Feridas,Plena Noite,Decrescente,Garoa/Chuvisco,Dupla,Reta,Sim,3,0,2,0,1,0,2,2,"-8,041156","-34,942653",SPRF-PE,DEL01-PE,UOP01-DEL01-PE
329097.0,2020-12-20,domingo,01:10:00,PE,232,"23,5",MORENO,Defeito Mecânico no Veículo,Saída de leito carroçável,Com Vítimas Fatais,Plena Noite,Crescente,Chuva,Dupla,Reta,Não,7,2,2,3,0,0,5,1,"-8,0992185","-35,09713887",SPRF-PE,DEL02-PE,UOP02-DEL02PE
329119.0,2020-12-20,domingo,03:30:00,PE,232,110,BEZERROS,Velocidade Incompatível,Saída de leito carroçável,Com Vítimas Fatais,Plena Noite,Crescente,Chuva,Dupla,Curva,Não,3,1,0,2,0,0,2,1,"-8,28634529","-35,81755579",SPRF-PE,DEL02-PE,UOP03-DEL02-PE
329173.0,2020-12-20,domingo,09:00:00,PE,428,"191,5",PETROLINA,Falta de Atenção à Condução,Colisão frontal,Com Vítimas Feridas,Pleno dia,Decrescente,Sol,Simples,Interseção de Vias,Sim,2,0,1,0,1,0,1,2,"-9,38438721","-40,51911419",SPRF-PE,DEL06-PE,UOP01-DEL06-PE
329174.0,2020-12-20,domingo,09:00:00,PE,428,188,PETROLINA,Velocidade Incompatível,Colisão com objeto estático,Com Vítimas Feridas,Pleno dia,Decrescente,Sol,Simples,Rotatória,Sim,1,0,0,1,0,0,1,1,"-9,37505569","-40,4886961",SPRF-PE,DEL06-PE,UOP01-DEL06-PE
329176.0,2020-12-20,domingo,08:00:00,PE,101,"96,6",CABO DE SANTO AGOSTINHO,Defeito Mecânico no Veículo,Incêndio,Sem Vítimas,Pleno dia,Crescente,Céu Claro,Dupla,Reta,Não,1,0,0,0,1,0,0,1,"-8,25146993","-35,021805",SPRF-PE,DEL01-PE,UOP03-DEL01-PE
329182.0,2020-12-20,domingo,10:00:00,PE,232,"200,5",SANHARO,Ingestão de Álcool,Saída de leito carroçável,Com Vítimas Feridas,Pleno dia,Decrescente,Céu Claro,Simples,Aclive,Não,2,0,1,1,0,0,2,1,"-8,37040756","-36,60754002",SPRF-PE,DEL02-PE,UOP03-DEL02-PE
329204.0,2020-12-20,domingo,12:00:00,PE,101,"69,7",RECIFE,Falta de Atenção à Condução,Saída de leito carroçável,Com Vítimas Feridas,Pleno dia,Crescente,Céu Claro,Simples,Curva,Não,1,0,0,1,0,0,1,1,"-8,05951606","-34,94581024",SPRF-PE,DEL01-PE,UOP01-DEL01-PE