id,data_inversa,dia_semana,horario,uf,br,km,municipio,causa_acidente,tipo_acidente,classificacao_acidente,fase_dia,sentido_via,condicao_metereologica,tipo_pista,tracado_via,uso_solo,pessoas,mortos,feridos_leves,feridos_graves,ilesos,ignorados,feridos,veiculos,latitude,longitude,regional,delegacia,uop
329228.0,2020-12-20,domingo,00:10:00,PE,101,81,JABOATAO DOS GUARARAPES,Animais na Pista,Atropelamento de Animal,Com Vítimas Feridas,Plena Noite,Decrescente,Céu Claro,Dupla,Reta,Sim,1,0,1,0,0,0,1,1,"-8,1597489","-34,94024569",SPRF-PE,DEL01-PE,UOP03-DEL01-PE
329256.0,2020-12-20,domingo,17:00:00,PE,104,67,CARUARU,Ingestão de Álcool,Colisão traseira,Sem Vítimas,Pleno dia,Decrescente,Céu Claro,Dupla,Reta,Sim,2,0,0,0,2,0,0,2,"-8,3016","-35,9882",SPRF-PE,DEL02-PE,UOP01-DEL02-PE
329309.0,2020-12-20,domingo,18:40:00,PE,101,"45,6",IGARASSU,Velocidade Incompatível,Atropelamento de Pedestre,Com Vítimas Fatais,Plena Noite,Crescente,Céu Claro,Múltipla,Reta,Sim,2,1,0,0,0,1,0,2,"-7,86521297","-34,90715176",SPRF-PE,DEL01-PE,UOP02-DEL01-PE
329354.0,2020-12-20,domingo,22:30:00,PE,428,"10,5",CABROBO,Ingestão de Álcool,Colisão com objeto estático,Com Vítimas Feridas,Plena Noite,Crescente,Céu Claro,Simples,Reta,Sim,1,0,0,1,0,0,1,1,"-8,5091915","-39,30745984",SPRF-PE,DEL05-PE,UOP03-DEL05-PE
329398.0,2020-12-20,domingo,23:00:00,PE,407,"92,4",PETROLINA,Falta de Atenção à Condução,Capotamento,Com Vítimas Fatais,Plena Noite,Decrescente,Céu Claro,Simples,Reta;Declive                  ,Não,1,1,0,0,0,0,0,1,"-9,11550286","-40,64329326",SPRF-PE,DEL06-PE,UOP02-DEL06-PE
329520.0,2020-12-21,segunda-feira,12:15:00,PE,116,29,SALGUEIRO,Desobediência às normas de trânsito pelo condutor,Colisão frontal,Com Vítimas Feridas,Pleno dia,Crescente,Céu Claro,Simples,Reta,Não,6,0,3,2,1,0,5,2,"-8,09494","-39,124596",SPRF-PE,DEL05-PE,UOP01-DEL05-PE
329596.0,2020-12-21,segunda-feira,22:00:00,PE,104,"68,7",CARUARU,Ingestão de Álcool,Saída de leito carroçável,Com Vítimas Fatais,Plena Noite,Decrescente,Céu Claro,Dupla,Reta,Não,1,1,0,0,0,0,0,1,"-8,3107","-35,9904",SPRF-PE,DEL02-PE,UOP01-DEL02-PE
329662.0,2020-12-22,terça-feira,09:00:00,PE,232,14,JABOATAO DOS GUARARAPES,Velocidade Incompatível,Colisão traseira,Com Vítimas Feridas,Pleno dia,Crescente,Sol,Dupla,Declive,Não,3,0,2,0,1,0,2,2,"-8,09025488","-35,02052302",SPRF-PE,DEL01-PE,UOP01-DEL01-PE
329875.0,2020-12-23,quarta-feira,08:20:00,PE,232,"5,4",RECIFE,Falta de Atenção à Condução,Colisão traseira,Com Vítimas Feridas,Pleno dia,Decrescente,Céu Claro,Dupla,Reta,Sim,2,0,1,0,1,0,1,2,"-8,06795766","-34,94535414",SPRF-PE,DEL01-PE,UOP01-DEL01-PE
329903.0,2020-12-23,quarta-feira,09:30:00,PE,101,101,CABO DE SANTO AGOSTINHO,Falta de Atenção do Pedestre,Atropelamento de Pedestre,Sem Vítimas,Pleno dia,Decrescente,Céu Claro,Simples,Reta,Sim,2,0,0,0,1,1,0,2,"-8,28825709","-35,04044294",SPRF-PE,DEL01-PE,UOP03-DEL01-PE
330037.0,2020-12-23,quarta-feira,20:00:00,PE,316,28,ARARIPINA,Não guardar distância de segurança,Colisão traseira,Com Vítimas Feridas,Plena Noite,Crescente,Nublado,Simples,Aclive,Não,4,0,1,0,2,1,1,2,"-7,61746864","-40,48060285",SPRF-PE,DEL05-PE,UOP02-DEL05-PE
330054.0,2020-12-23,quarta-feira,21:00:00,PE,101,87,JABOATAO DOS GUARARAPES,Desobediência às normas de trânsito pelo condutor,Colisão frontal,Sem Vítimas,Plena Noite,Decrescente,Céu Claro,Simples,Reta,Sim,2,0,0,0,1,1,0,2,"-8,20401459","-34,961586",SPRF-PE,DEL01-PE,UOP03-DEL01-PE
330077.0,2020-12-23,quarta-feira,22:40:00,PE,101,"52,2",ABREU E LIMA,Não guardar distância de segurança,Colisão traseira,Com Vítimas Feridas,Plena Noite,Crescente,Céu Claro,Dupla,Curva,Não,3,0,1,0,1,1,1,2,"-7,92358799","-34,89607201",SPRF-PE,DEL01-PE,UOP02-DEL01-PE
330129.0,2020-12-24,quinta-feira,06:40:00,PE,101,"65,2",RECIFE,Não guardar distância de segurança,Colisão traseira,Com Vítimas Feridas,Pleno dia,Crescente,Céu Claro,Múltipla,Reta,Sim,2,0,1,0,0,1,1,2,"-8,027441","-34,943047",SPRF-PE,DEL01-PE,UOP01-DEL01-PE
330136.0,2020-12-24,quinta-feira,07:25:00,PE,408,"101,4",SAO LOURENCO DA MATA,Pista Escorregadia,Colisão com objeto estático,Com Vítimas Feridas,Pleno dia,Crescente,Chuva,Dupla,Reta,Não,3,0,3,0,0,0,3,2,"-8,04133634","-35,02531212",SPRF-PE,DEL01-PE,UOP01-DEL01-PE
330262.0,2020-12-24,quinta-feira,15:50:00,PE,101,"32,3",ITAPISSUMA,Restrição de Visibilidade,Saída de leito carroçável,Com Vítimas Feridas,Pleno dia,Crescente,Céu Claro,Dupla,Reta,Não,3,0,2,0,1,0,2,1,"-7,75294197","-34,93621562",SPRF-PE,DEL01-PE,UOP02-DEL01-PE
330370.0,2020-12-25,sexta-feira,01:15:00,PE,428,"140,4",PETROLINA,Falta de Atenção à Condução,Colisão com objeto estático,Sem Vítimas,Plena Noite,Decrescente,Céu Claro,Simples,Ponte,Sim,1,0,0,0,1,0,0,1,"-8,992364","-40,270164",SPRF-PE,DEL06-PE,UOP01-DEL06-PE
330372.0,2020-12-25,sexta-feira,02:35:00,PE,423,"60,4",LAJEDO,Ingestão de Álcool,Colisão traseira,Com Vítimas Feridas,Plena Noite,Crescente,Céu Claro,Simples,Reta,Sim,4,0,2,1,1,0,3,2,"-8,65394006","-36,32109791",SPRF-PE,DEL03-PE,UOP01-DEL03-PE
330393.0,2020-12-25,sexta-feira,05:30:00,PE,408,"96,8",SAO LOURENCO DA MATA,Velocidade Incompatível,Saída de leito carroçável,Com Vítimas Feridas,Amanhecer,Crescente,Céu Claro,Dupla,Reta,Não,1,0,1,0,0,0,1,1,"-8,02062","-35,041045",SPRF-PE,DEL01-PE,UOP01-DEL01-PE
330394.0,2020-12-25,sexta-feira,05:15:00,PE,101,"69,2",RECIFE,Defeito Mecânico no Veículo,Saída de leito carroçável,Com Vítimas Feridas,Amanhecer,Crescente,Chuva,Dupla,Reta,Sim,2,0,2,0,0,0,2,1,"-8,05951606","-34,94581024",SPRF-PE,DEL01-PE,UOP01-DEL01-PE
330403.0,2020-12-25,sexta-feira,06:35:00,PE,232,"32,9",VITORIA DE SANTO ANTAO,Falta de Atenção à Condução,Saída de leito carroçável,Com Vítimas Feridas,Pleno dia,Decrescente,Nublado,Dupla,Reta,Não,1,0,1,0,0,0,1,1,"-8,105511","-35,17424",SPRF-PE,DEL02-PE,UOP02-DEL02PE
330414.0,2020-12-25,sexta-feira,07:00:00,PE,232,"30,9",MORENO,Falta de Atenção à Condução,Colisão lateral,Com Vítimas Feridas,Pleno dia,Crescente,Céu Claro,Dupla,Declive;Curva                 ,Não,3,0,2,0,0,1,2,2,"-8,11063325","-35,15197001",SPRF-PE,DEL02-PE,UOP02-DEL02PE
330427.0,2020-12-25,sexta-feira,09:10:00,PE,428,"188,7",PETROLINA,Velocidade Incompatível,Colisão com objeto estático,Sem Vítimas,Pleno dia,Crescente,Sol,Simples,Reta,Sim,1,0,0,0,0,1,0,1,"-9,37622716","-40,4940176",SPRF-PE,DEL06-PE,UOP01-DEL06-PE
330464.0,2020-12-25,sexta-feira,10:44:00,PE,316,50,TRINDADE,Defeito Mecânico no Veículo,Incêndio,Sem Vítimas,Pleno dia,Decrescente,Céu Claro,Simples,Declive,Não,1,0,0,0,0,1,0,1,"-7,71748397","-40,32289498",SPRF-PE,DEL05-PE,UOP02-DEL05-PE
330467.0,2020-12-25,sexta-feira,14:10:00,PE,232,"38,1",VITORIA DE SANTO ANTAO,Falta de Atenção à Condução,Saída de leito carroçável,Com Vítimas Feridas,Pleno dia,Crescente,Céu Claro,Dupla,Reta,Não,3,0,3,0,0,0,3,1,"-8,11486109","-35,21852698",SPRF-PE,DEL02-PE,UOP02-DEL02PE
330470.0,2020-12-25,sexta-feira,15:00:00,PE,232,8,RECIFE,Falta de Atenção à Condução,Colisão lateral,Com Vítimas Feridas,Pleno dia,Crescente,Céu Claro,Simples,Reta,Sim,3,0,1,1,1,0,2,2,"-8,075782","-34,970468",SPRF-PE,DEL01-PE,UOP01-DEL01-PE
330481.0,2020-12-25,sexta-feira,15:45:00,PE,428,191,PETROLINA,Objeto estático sobre o leito carroçável,Colisão com objeto estático,Com Vítimas Feridas,Pleno dia,Decrescente,Céu Claro,Dupla,Reta,Sim,1,0,1,0,0,0,1,1,"-9,38179961","-40,51382672",SPRF-PE,DEL06-PE,UOP01-DEL06-PE
330535.0,2020-12-25,sexta-feira,17:20:00,PE,232,99,BEZERROS,Velocidade Incompatível,Capotamento,Com Vítimas Feridas,Plena Noite,Decrescente,Céu Claro,Dupla,Reta,Sim,2,0,2,0,0,0,2,1,"-8,2367277","-35,73401605",SPRF-PE,DEL02-PE,UOP02-DEL02PE
330545.0,2020-12-25,sexta-feira,22:10:00,PE,232,78,GRAVATA,Condutor Dormindo,Colisão com objeto estático,Com Vítimas Feridas,Plena Noite,Decrescente,Céu Claro,Múltipla,Reta,Sim,6,0,4,2,0,0,6,1,"-8,19343658","-35,55186505",SPRF-PE,DEL02-PE,UOP02-DEL02PE
330553.0,2020-12-25,sexta-feira,21:40:00,PE,232,"5,4",RECIFE,Falta de Atenção à Condução,Saída de leito carroçável,Sem Vítimas,Plena Noite,Decrescente,Céu Claro,Dupla,Reta,Sim,1,0,0,0,0,1,0,1,"-8,06958","-34,949424",SPRF-PE,DEL01-PE,UOP01-DEL01-PE
330580.0,2020-12-26,sábado,03:10:00,PE,407,"124,3",PETROLINA,Desobediência às normas de trânsito pelo condutor,Colisão frontal,Com Vítimas Feridas,Plena Noite,Crescente,Céu Claro,Dupla,Interseção de Vias,Sim,3,0,0,2,0,1,2,2,"-9,36929881","-40,54137139",SPRF-PE,DEL06-PE,UOP01-DEL06-PE
330636.0,2020-12-26,sábado,11:30:00,PE,101,76,RECIFE,Falta de Atenção à Condução,Colisão traseira,Com Vítimas Feridas,Pleno dia,Crescente,Céu Claro,Dupla,Curva,Sim,3,0,0,1,2,0,1,3,"-8,11813811","-34,94329214",SPRF-PE,DEL01-PE,UOP01-DEL01-PE
330661.0,2020-12-26,sábado,16:10:00,PE,104,28,TORITAMA,Falta de Atenção à Condução,Saída de leito carroçável,Com Vítimas Feridas,Pleno dia,Crescente,Sol,Simples,Reta,Não,4,0,3,0,0,1,3,2,"-8,0065","-36,0709",SPRF-PE,DEL02-PE,UOP01-DEL02-PE
330679.0,2020-12-26,sábado,18:20:00,PE,232,"109,8",BEZERROS,Falta de Atenção à Condução,Saída de leito carroçável,Com Vítimas Feridas,Plena Noite,Crescente,Céu Claro,Dupla,Curva,Não,1,0,1,0,0,0,1,1,"-8,28036785","-35,81085313",SPRF-PE,DEL02-PE,UOP03-DEL02-PE
330692.0,2020-12-26,sábado,17:15:00,PE,232,"88,9",GRAVATA,Condutor Dormindo,Colisão traseira,Com Vítimas Feridas,Anoitecer,Crescente,Céu Claro,Dupla,Reta,Não,3,0,1,0,2,0,1,2,"-8,215178","-35,637814",SPRF-PE,DEL02-PE,UOP02-DEL02PE
330694.0,2020-12-26,sábado,18:50:00,PE,101,"98,1",CABO DE SANTO AGOSTINHO,Desobediência às normas de trânsito pelo condutor,Colisão transversal,Com Vítimas Feridas,Plena Noite,Decrescente,Céu Claro,Dupla,Reta,Sim,2,0,0,1,1,0,1,2,"-8,273522","-35,02576",SPRF-PE,DEL01-PE,UOP03-DEL01-PE
330750.0,2020-12-27,domingo,01:30:00,PE,316,"29,7",ARARIPINA,Falta de Atenção à Condução,Capotamento,Sem Vítimas,Plena Noite,Crescente,Ignorado,Simples,Reta,Não,1,0,0,0,0,1,0,1,"-7,62085439","-40,47266074",SPRF-PE,DEL05-PE,UOP02-DEL05-PE
330762.0,2020-12-27,domingo,05:00:00,PE,101,190,PALMARES,Defeito Mecânico no Veículo,Capotamento,Com Vítimas Feridas,Amanhecer,Crescente,Chuva,Dupla,Reta,Não,2,0,1,1,0,0,2,1,"-8,69573052","-35,6103118",SPRF-PE,DEL01-PE,UOP03-DEL01-PE
330834.0,2020-12-27,domingo,13:15:00,PE,232,"24,3",MORENO,Falta de Atenção à Condução,Colisão lateral,Com Vítimas Feridas,Pleno dia,Decrescente,Céu Claro,Dupla,Retorno Regulamentado;Reta    ,Não,4,0,0,1,1,2,1,3,"-8,10482918","-35,10351264",SPRF-PE,DEL02-PE,UOP02-DEL02PE
330940.0,2020-12-27,domingo,22:45:00,PE,232,"69,9",GRAVATA,Condutor Dormindo,Saída de leito carroçável,Com Vítimas Feridas,Plena Noite,Decrescente,Chuva,Simples,Curva,Não,1,0,1,0,0,0,1,1,"-8,17710503","-35,48036814",SPRF-PE,DEL02-PE,UOP02-DEL02PE
330967.0,2020-12-28,segunda-feira,06:20:00,PE,232,"6,3",RECIFE,Não guardar distância de segurança,Colisão traseira,Sem Vítimas,Pleno dia,Decrescente,Céu Claro,Dupla,Reta,Sim,5,0,0,0,5,0,0,5,"-8,07079525","-34,9535389",SPRF-PE,DEL01-PE,UOP01-DEL01-PE
330970.0,2020-12-28,segunda-feira,07:55:00,PE,101,43,IGARASSU,Agressão Externa,Colisão com objeto estático,Sem Vítimas,Pleno dia,Decrescente,Céu Claro,Múltipla,Retorno Regulamentado,Sim,2,0,0,0,2,0,0,2,"-7,84753808","-34,90977038",SPRF-PE,DEL01-PE,UOP02-DEL01-PE
330996.0,2020-12-28,segunda-feira,09:20:00,PE,104,68,CARUARU,Desobediência às normas de trânsito pelo condutor,Colisão lateral,Com Vítimas Feridas,Pleno dia,Decrescente,Céu Claro,Dupla,Reta,Não,2,0,1,0,1,0,1,2,"-8,3107","-35,9904",SPRF-PE,DEL02-PE,UOP01-DEL02-PE
331009.0,2020-12-28,segunda-feira,07:20:00,PE,101,"70,5",RECIFE,Falta de Atenção à Condução,Colisão traseira,Com Vítimas Feridas,Pleno dia,Crescente,Céu Claro,Dupla,Reta,Sim,3,0,1,0,2,0,1,1,"-8,06776119","-34,94265074",SPRF-PE,DEL01-PE,UOP01-DEL01-PE
331061.0,2020-12-28,segunda-feira,17:45:00,PE,101,120,ESCADA,Falta de Atenção à Condução,Saída de leito carroçável,Com Vítimas Feridas,Anoitecer,Crescente,Céu Claro,Múltipla,Reta,Não,1,0,1,0,0,0,1,1,"-8,35341615","-35,17830299",SPRF-PE,DEL01-PE,UOP03-DEL01-PE
331089.0,2020-12-28,segunda-feira,19:10:00,PE,101,92,CABO DE SANTO AGOSTINHO,Defeito Mecânico no Veículo,Colisão com objeto estático,Com Vítimas Feridas,Plena Noite,Decrescente,Céu Claro,Múltipla,Curva,Sim,1,0,1,0,0,0,1,1,"-8,23201792","-34,99778611",SPRF-PE,DEL01-PE,UOP03-DEL01-PE
331106.0,2020-12-28,segunda-feira,17:10:00,PE,101,85,JABOATAO DOS GUARARAPES,Defeito Mecânico no Veículo,Saída de leito carroçável,Com Vítimas Feridas,Anoitecer,Decrescente,Céu Claro,Múltipla,Reta,Não,3,0,0,1,2,0,1,2,"-8,17971749","-34,95798111",SPRF-PE,DEL01-PE,UOP03-DEL01-PE
331127.0,2020-11-20,sexta-feira,10:30:00,PE,407,"99,7",PETROLINA,Defeito Mecânico no Veículo,Colisão com objeto estático,Com Vítimas Feridas,Pleno dia,Decrescente,Céu Claro,Simples,Reta,Não,1,0,0,1,0,0,1,1,"-9,16794101","-40,63520122",SPRF-PE,DEL06-PE,UOP02-DEL06-PE
331146.0,2020-12-29,terça-feira,07:00:00,PE,428,"183,7",PETROLINA,Falta de Atenção à Condução,Colisão traseira,Com Vítimas Feridas,Pleno dia,Crescente,Céu Claro,Simples,Reta,Sim,2,0,1,1,0,0,2,2,"-9,32412987","-40,46211325",SPRF-PE,DEL06-PE,UOP01-DEL06-PE
331165.0,2020-12-13,domingo,19:20:00,PE,424,"76,2",CAETES,Falta de Atenção à Condução,Colisão lateral,Com Vítimas Feridas,Plena Noite,Decrescente,Nublado,Simples,Declive,Não,3,0,1,0,2,0,1,2,"-8,80996529","-36,5762862",SPRF-PE,DEL03-PE,UOP01-DEL03-PE
331173.0,2020-12-29,terça-feira,05:20:00,PE,424,"8,3",ARCOVERDE,Ingestão de Álcool,Saída de leito carroçável,Sem Vítimas,Pleno dia,Crescente,Céu Claro,Simples,Reta,Não,1,0,0,0,1,0,0,1,"-8,49209998","-37,02686998",SPRF-PE,DEL03-PE,UOP02-DEL03-PE
331192.0,2020-12-29,terça-feira,11:38:00,PE,101,"69,5",RECIFE,Falta de Atenção à Condução,Colisão lateral,Com Vítimas Feridas,Pleno dia,Crescente,Sol,Múltipla,Reta,Sim,2,0,1,0,1,0,1,2,"-8,05951606","-34,94581024",SPRF-PE,DEL01-PE,UOP01-DEL01-PE
331277.0,2020-12-29,terça-feira,18:25:00,PE,101,203,XEXEU,Desobediência às normas de trânsito pelo condutor,Colisão frontal,Com Vítimas Feridas,Plena Noite,Decrescente,Céu Claro,Dupla,Reta;Aclive                   ,Não,3,0,0,2,1,0,2,2,"-8,79726501","-35,62641334",SPRF-PE,DEL01-PE,UOP03-DEL01-PE
331278.0,2020-12-29,terça-feira,19:30:00,PE,428,190,PETROLINA,Desobediência às normas de trânsito pelo condutor,Colisão transversal,Com Vítimas Feridas,Plena Noite,Crescente,Céu Claro,Dupla,Interseção de Vias,Sim,2,0,1,0,1,0,1,2,"-9,37605965","-40,49382106",SPRF-PE,DEL06-PE,UOP01-DEL06-PE
331319.0,2020-12-30,quarta-feira,05:40:00,PE,408,73,PAUDALHO,Animais na Pista,Atropelamento de Animal,Com Vítimas Feridas,Amanhecer,Crescente,Céu Claro,Dupla,Declive,Sim,1,0,1,0,0,0,1,1,"-7,892066","-35,176026",SPRF-PE,DEL01-PE,UOP01-DEL01-PE
331358.0,2020-12-30,quarta-feira,09:20:00,PE,101,"155,8",RIBEIRAO,Defeito Mecânico no Veículo,Incêndio,Sem Vítimas,Pleno dia,Decrescente,Céu Claro,Dupla,Reta,Não,1,0,0,0,1,0,0,1,"-8,5370679","-35,3919616",SPRF-PE,DEL01-PE,UOP03-DEL01-PE
331363.0,2020-12-30,quarta-feira,09:00:00,PE,104,45,CARUARU,Condutor Dormindo,Saída de leito carroçável,Com Vítimas Feridas,Pleno dia,Crescente,Sol,Dupla,Reta,Não,2,0,1,1,0,0,2,1,"-8,1203","-35,999",SPRF-PE,DEL02-PE,UOP01-DEL02-PE
331371.0,2020-12-30,quarta-feira,11:30:00,PE,101,52,PAULISTA,Falta de Atenção à Condução,Colisão lateral,Com Vítimas Feridas,Pleno dia,Decrescente,Nublado,Dupla,Reta,Sim,2,0,1,0,1,0,1,2,"-7,92358799","-34,89607201",SPRF-PE,DEL01-PE,UOP02-DEL01-PE
331423.0,2020-12-30,quarta-feira,16:40:00,PE,232,204,PESQUEIRA,Ultrapassagem Indevida,Colisão frontal,Com Vítimas Feridas,Pleno dia,Crescente,Sol,Simples,Aclive,Não,5,0,5,0,0,0,5,2,"-8,37237557","-36,64377902",SPRF-PE,DEL02-PE,UOP03-DEL02-PE
331476.0,2020-12-30,quarta-feira,19:30:00,PE,408,66,CARPINA,Falta de Atenção à Condução,Colisão traseira,Sem Vítimas,Plena Noite,Decrescente,Nublado,Dupla,Reta,Sim,2,0,0,0,2,0,0,2,"-7,85456416","-35,22363707",SPRF-PE,DEL01-PE,UOP01-DEL01-PE
331550.0,2020-12-31,quinta-feira,07:40:00,PE,101,12,GOIANA,Pista Escorregadia,Capotamento,Com Vítimas Feridas,Pleno dia,Crescente,Chuva,Dupla,Reta,Não,2,0,1,0,0,1,1,1,"-7,60243605","-34,9793841",SPRF-PE,DEL01-PE,UOP02-DEL01-PE
331554.0,2020-12-31,quinta-feira,09:40:00,PE,101,"5,2",GOIANA,Acessar a via sem observar a presença dos outros veículos,Colisão transversal,Com Vítimas Fatais,Pleno dia,Decrescente,Céu Claro,Dupla,Reta,Não,4,1,1,0,2,0,1,2,"-7,541764","-34,991394",SPRF-PE,DEL01-PE,UOP02-DEL01-PE
331559.0,2020-12-31,quinta-feira,10:10:00,PE,101,"70,3",RECIFE,Falta de Atenção à Condução,Colisão transversal,Com Vítimas Feridas,Pleno dia,Crescente,Nublado,Múltipla,Curva,Sim,4,0,1,0,3,0,1,2,"-8,070481","-34,942647",SPRF-PE,DEL01-PE,UOP01-DEL01-PE
331574.0,2020-12-31,quinta-feira,10:30:00,PE,232,"57,9",POMBOS,Falta de Atenção à Condução,Colisão traseira,Com Vítimas Feridas,Pleno dia,Crescente,Chuva,Dupla,Reta,Não,6,0,1,2,3,0,3,2,"-8,1418034","-35,38334727",SPRF-PE,DEL02-PE,UOP02-DEL02PE
331604.0,2020-12-31,quinta-feira,14:55:00,PE,101,"49,9",ABREU E LIMA,Falta de Atenção à Condução,Colisão lateral,Com Vítimas Feridas,Pleno dia,Crescente,Sol,Dupla,Reta,Sim,3,0,1,0,1,1,1,3,"-7,9005152","-34,90180641",SPRF-PE,DEL01-PE,UOP02-DEL01-PE
331620.0,2020-12-31,quinta-feira,15:20:00,PE,101,"90,4",CABO DE SANTO AGOSTINHO,Falta de Atenção à Condução,Colisão transversal,Com Vítimas Feridas,Pleno dia,Decrescente,Nublado,Simples,Reta,Sim,2,0,1,0,1,0,1,2,"-8,21726693","-34,96501923",SPRF-PE,DEL01-PE,UOP03-DEL01-PE
331684.0,2020-12-31,quinta-feira,21:30:00,PE,232,"179,3",BELO JARDIM,Falta de Atenção à Condução,Colisão frontal,Com Vítimas Feridas,Plena Noite,Crescente,Garoa/Chuvisco,Simples,Reta,Sim,3,0,0,1,0,2,1,2,"-8,34353242","-36,4199731",SPRF-PE,DEL02-PE,UOP03-DEL02-PE
331685.0,2020-12-31,quinta-feira,22:30:00,PE,232,408,SERRA TALHADA,Desobediência às normas de trânsito pelo condutor,Colisão transversal,Com Vítimas Feridas,Plena Noite,Decrescente,Céu Claro,Simples,Declive,Sim,3,0,1,1,0,1,2,2,"-7,98371447","-38,28047709",SPRF-PE,DEL04-PE,UOP01-DEL04-PE
332448.0,2020-09-08,terça-feira,04:50:00,PE,101,40,IGARASSU,Animais na Pista,Atropelamento de Animal,Sem Vítimas,Pleno dia,Crescente,Ignorado,Dupla,Reta,Sim,2,0,0,0,0,2,0,1,"-7,821475","-34,916545",SPRF-PE,DEL01-PE,UOP02-DEL01-PE
339403.0,2020-11-16,segunda-feira,01:15:00,PE,316,"105,2",BODOCO,Falta de Atenção à Condução,Tombamento,Com Vítimas Feridas,Plena Noite,Crescente,Nublado,Simples,Reta,Não,32,0,21,3,8,0,24,1,"-7,95538676","-39,9055009",SPRF-PE,DEL05-PE,UOP02-DEL05-PE
341214.0,2020-11-28,sábado,10:30:00,PE,232,70,GRAVATA,Condutor Dormindo,Capotamento,Com Vítimas Feridas,Pleno dia,Crescente,Céu Claro,Dupla,Reta,Sim,1,0,0,1,0,0,1,1,"-8,19483963","-35,55587769",SPRF-PE,DEL02-PE,UOP02-DEL02PE
342077.0,2020-12-24,quinta-feira,14:00:00,PE,101,50,ABREU E LIMA,Falta de Atenção do Pedestre,Atropelamento de Pedestre,Com Vítimas Feridas,Pleno dia,Crescente,Céu Claro,Múltipla,Reta,Sim,2,0,0,1,1,0,1,2,"-7,90629526","-34,90215898",SPRF-PE,DEL01-PE,UOP02-DEL01-PE
344276.0,2020-09-21,segunda-feira,18:30:00,PE,232,413,SERRA TALHADA,Iluminação deficiente,Queda de ocupante de veículo,Sem Vítimas,Plena Noite,Crescente,Ignorado,Simples,Reta,Sim,1,0,0,0,0,1,0,1,"-7,98595804","-38,32484376",SPRF-PE,DEL04-PE,UOP01-DEL04-PE
345785.0,2020-02-17,segunda-feira,08:30:00,PE,101,"62,8",RECIFE,Desobediência às normas de trânsito pelo condutor,Colisão traseira,Sem Vítimas,Pleno dia,Crescente,Sol,Dupla,Reta,Sim,2,0,0,0,1,1,0,2,"-8,00800604","-34,93756535",SPRF-PE,DEL01-PE,UOP02-DEL01-PE
350613.0,2020-12-05,sábado,20:20:00,PE,407,129,PETROLINA,Condutor deixou de manter distância do veículo da frente,Colisão traseira,Com Vítimas Feridas,Plena Noite,Crescente,Ignorado,Dupla,Reta,Sim,2,0,0,1,0,1,1,2,"-9,40500666","-40,50426548",SPRF-PE,DEL06-PE,UOP01-DEL06-PE
354482.0,2020-10-28,quarta-feira,13:30:00,PE,423,"95,3",GARANHUNS,Mal Súbito,Colisão frontal,Com Vítimas Feridas,Pleno dia,Crescente,Nublado,Simples,Curva,Sim,2,0,1,0,1,0,1,2,"-8,87891989","-36,47796305",SPRF-PE,DEL03-PE,UOP01-DEL03-PE
358876.0,2020-03-05,quinta-feira,10:50:00,PE,232,"408,7",SERRA TALHADA,Desobediência às normas de trânsito pelo condutor,Colisão transversal,Com Vítimas Feridas,Pleno dia,Decrescente,Sol,Simples,Interseção de Vias,Não,3,0,0,2,0,1,2,2,"-7,98335397","-38,28252554",SPRF-PE,DEL04-PE,UOP01-DEL04-PE
375943.0,2020-07-24,sexta-feira,07:40:00,PE,428,138,LAGOA GRANDE,Ausência de reação do condutor,Capotamento,Com Vítimas Feridas,Pleno dia,Crescente,Ignorado,Simples,Reta,Não,3,0,0,1,0,2,1,2,"-8,98338872","-40,25496316",SPRF-PE,DEL06-PE,UOP03-DEL06-PE
384831.0,2020-10-19,segunda-feira,17:30:00,PE,104,28,TORITAMA,Condutor Dormindo,Colisão frontal,Com Vítimas Feridas,Anoitecer,Crescente,Nublado,Simples,Reta,Sim,6,0,3,3,0,0,6,2,"-8,0065","-36,0709",SPRF-PE,DEL02-PE,UOP01-DEL02-PE
387892.0,2020-05-21,quinta-feira,10:14:00,PE,104,21,TAQUARITINGA DO NORTE,Pista Escorregadia,Saída de leito carroçável,Com Vítimas Feridas,Pleno dia,Crescente,Chuva,Simples,Reta,Não,1,0,1,0,0,0,1,1,"-7,964189","-36,124378",SPRF-PE,DEL02-PE,UOP01-DEL02-PE
388252.0,2020-10-04,domingo,05:30:00,PE,101,51,ABREU E LIMA,Não guardar distância de segurança,Colisão traseira,Com Vítimas Feridas,Pleno dia,Decrescente,Céu Claro,Múltipla,Reta,Sim,2,0,0,1,1,0,1,2,"-7,9169968","-34,89689272",SPRF-PE,DEL01-PE,UOP02-DEL01-PE
443858.0,2020-04-09,quinta-feira,23:30:00,PE,104,106,CUPIRA,Trafegar com motocicleta (ou similar) entre as faixas,Colisão frontal,Com Vítimas Fatais,Plena Noite,Crescente,Céu Claro,Simples,Reta,Não,2,1,0,0,1,0,0,2,"-8,612906","-35,967182",SPRF-PE,DEL02-PE,UOP01-DEL02-PE
448894.0,2020-02-03,segunda-feira,07:10:00,PE,232,"412,3",SERRA TALHADA,Conversão proibida,Tombamento,Com Vítimas Feridas,Pleno dia,Decrescente,Garoa/Chuvisco,Simples,Reta,Sim,3,0,0,2,1,0,2,2,"-7,98377927","-38,3208774",SPRF-PE,DEL04-PE,UOP01-DEL04-PE
563955.0,2020-03-13,sexta-feira,19:00:00,PE,232,109,BEZERROS,Falta de Atenção à Condução,Saída de leito carroçável,Com Vítimas Feridas,Plena Noite,Crescente,Céu Claro,Dupla,Curva,Não,3,0,3,0,0,0,3,1,"-8,28036785","-35,81085313",SPRF-PE,DEL02-PE,UOP03-DEL02-PE