id,data_inversa,dia_semana,horario,uf,br,km,municipio,causa_acidente,tipo_acidente,classificacao_acidente,fase_dia,sentido_via,condicao_metereologica,tipo_pista,tracado_via,uso_solo,pessoas,mortos,feridos_leves,feridos_graves,ilesos,ignorados,feridos,veiculos,latitude,longitude,regional,delegacia,uop
331952.0,2021-01-02,sábado,05:00:00,PE,424,"3,1",ARCOVERDE,Transitar na contramão,Colisão lateral,Com Vítimas Feridas,Amanhecer,Crescente,Céu Claro,Simples,Reta,Não,2,0,0,1,1,0,1,2,"-8,45381694","-37,0485949",SPRF-PE,DEL03-PE,UOP02-DEL03-PE
332459.0,2021-01-04,segunda-feira,15:30:00,PE,232,"171,9",BELO JARDIM,Transitar na contramão,Colisão frontal,Com Vítimas Fatais,Pleno dia,Crescente,Nublado,Simples,Reta;Aclive                   ,Não,3,1,0,0,2,0,0,3,"-8,34239456","-36,35216713",SPRF-PE,DEL02-PE,UOP03-DEL02-PE
332471.0,2021-01-04,segunda-feira,15:10:00,PE,101,119,IPOJUCA,Acostamento em desnível,Tombamento,Sem Vítimas,Pleno dia,Decrescente,Nublado,Dupla,Reta,Não,1,0,0,0,1,0,0,1,"-8,35291472","-35,16929901",SPRF-PE,DEL01-PE,UOP03-DEL01-PE
332750.0,2021-01-06,quarta-feira,12:05:00,PE,101,"139,3",RIBEIRAO,Condutor deixou de manter distância do veículo da frente,Colisão traseira,Com Vítimas Feridas,Pleno dia,Decrescente,Céu Claro,Dupla,Reta,Não,4,0,2,0,2,0,2,2,"-8,42830525","-35,32242771",SPRF-PE,DEL01-PE,UOP03-DEL01-PE
332782.0,2021-01-06,quarta-feira,11:40:00,PE,407,"129,9",PETROLINA,Manobra de mudança de faixa,Colisão com objeto,Com Vítimas Fatais,Pleno dia,Crescente,Céu Claro,Dupla,Ponte;Reta                    ,Sim,2,1,0,0,1,0,0,2,"-9,4078306","-40,50459298",SPRF-PE,DEL06-PE,UOP01-DEL06-PE
333041.0,2021-01-08,sexta-feira,03:00:00,PE,232,330,CUSTODIA,Ingestão de álcool pelo condutor,Colisão traseira,Com Vítimas Fatais,Plena Noite,Decrescente,Céu Claro,Simples,Reta,Não,2,1,0,0,0,1,0,2,"-8,09001886","-37,61071801",SPRF-PE,DEL03-PE,UOP02-DEL03-PE
333144.0,2021-01-08,sexta-feira,16:15:00,PE,101,67,RECIFE,Acessar a via sem observar a presença dos outros veículos,Colisão lateral mesmo sentido,Sem Vítimas,Pleno dia,Crescente,Céu Claro,Dupla,Interseção de Vias,Sim,2,0,0,0,2,0,0,2,"-8,042334","-34,943096",SPRF-PE,DEL01-PE,UOP01-DEL01-PE
333264.0,2021-01-09,sábado,06:00:00,PE,101,189,PALMARES,Acessar a via sem observar a presença dos outros veículos,Colisão traseira,Com Vítimas Feridas,Pleno dia,Crescente,Céu Claro,Dupla,Reta,Não,2,0,1,0,1,0,1,2,"-8,69036647","-35,60430503",SPRF-PE,DEL01-PE,UOP03-DEL01-PE
333509.0,2021-01-10,domingo,08:00:00,PE,316,355,PETROLANDIA,Ultrapassagem Indevida,Colisão frontal,Com Vítimas Feridas,Pleno dia,Crescente,Céu Claro,Simples,Reta,Não,6,0,0,4,1,1,4,3,"-8,89140761","-38,25779483",SPRF-PE,DEL04-PE,UOP03-DEL04-PE
334103.0,2021-01-12,terça-feira,23:00:00,PE,104,"127,3",PANELAS,Velocidade Incompatível,Colisão frontal,Com Vítimas Fatais,Plena Noite,Decrescente,Nublado,Simples,Curva;Declive                 ,Não,4,1,0,1,2,0,1,2,"-8,754761","-36,024864",SPRF-PE,DEL02-PE,UOP01-DEL02-PE
334374.0,2021-01-14,quinta-feira,14:20:00,PE,232,"101,7",BEZERROS,Mal súbito do condutor,Colisão traseira,Com Vítimas Feridas,Pleno dia,Decrescente,Céu Claro,Dupla,Declive;Reta                  ,Sim,3,0,2,0,1,0,2,2,"-8,24194679","-35,75097313",SPRF-PE,DEL02-PE,UOP02-DEL02PE
334378.0,2021-01-14,quinta-feira,15:27:00,PE,101,"48,5",ABREU E LIMA,Manobra de mudança de faixa,Colisão lateral mesmo sentido,Com Vítimas Feridas,Pleno dia,Decrescente,Céu Claro,Múltipla,Reta,Sim,3,0,1,0,0,2,1,3,"-7,89174705","-34,9033493",SPRF-PE,DEL01-PE,UOP02-DEL01-PE
334446.0,2021-01-15,sexta-feira,01:30:00,PE,428,"61,9",SANTA MARIA DA BOA VISTA,Ingestão de álcool pelo condutor,Colisão lateral,Com Vítimas Feridas,Plena Noite,Crescente,Céu Claro,Simples,Reta,Não,2,0,1,0,1,0,1,2,"-8,63437585","-39,71140213",SPRF-PE,DEL06-PE,UOP03-DEL06-PE
334579.0,2021-01-15,sexta-feira,13:05:00,PE,101,"50,9",ABREU E LIMA,Pedestre cruzava a pista fora da faixa,Colisão traseira,Com Vítimas Feridas,Pleno dia,Crescente,Céu Claro,Múltipla,Reta,Sim,3,0,0,1,1,1,1,3,"-7,9169968","-34,89689272",SPRF-PE,DEL01-PE,UOP02-DEL01-PE
334592.0,2021-01-15,sexta-feira,11:00:00,PE,316,247,BELEM DE SAO FRANCISCO,Ultrapassagem Indevida,Colisão lateral sentido oposto,Com Vítimas Feridas,Pleno dia,Crescente,Céu Claro,Simples,Declive,Não,3,0,2,0,1,0,2,2,"-8,66553272","-38,99467286",SPRF-PE,DEL05-PE,UOP03-DEL05-PE
335034.0,2021-01-17,domingo,16:40:00,PE,428,"119,7",LAGOA GRANDE,Acessar a via sem observar a presença dos outros veículos,Capotamento,Com Vítimas Feridas,Pleno dia,Crescente,Céu Claro,Simples,Reta,Não,7,0,5,0,1,1,5,3,"-8,92429277","-40,09832608",SPRF-PE,DEL06-PE,UOP03-DEL06-PE
335139.0,2021-01-18,segunda-feira,06:15:00,PE,101,"166,5",RIBEIRAO,Ausência de reação do condutor,Colisão com objeto,Com Vítimas Feridas,Pleno dia,Decrescente,Céu Claro,Dupla,Curva,Não,2,0,1,0,0,1,1,1,"-8,56126018","-35,46857977",SPRF-PE,DEL01-PE,UOP03-DEL01-PE
335365.0,2021-01-19,terça-feira,11:30:00,PE,101,"83,4",JABOATAO DOS GUARARAPES,Manobra de mudança de faixa,Colisão lateral mesmo sentido,Com Vítimas Feridas,Pleno dia,Crescente,Sol,Dupla,Retorno Regulamentado,Não,2,0,1,0,1,0,1,2,"-8,175172","-34,942642",SPRF-PE,DEL01-PE,UOP03-DEL01-PE
335472.0,2021-01-19,terça-feira,23:30:00,PE,101,130,ESCADA,Condutor deixou de manter distância do veículo da frente,Colisão traseira,Com Vítimas Feridas,Plena Noite,Crescente,Nublado,Dupla,Reta,Não,2,0,1,0,1,0,1,2,"-8,392345","-35,257055",SPRF-PE,DEL01-PE,UOP03-DEL01-PE
335574.0,2021-01-20,quarta-feira,14:30:00,PE,101,"122,9",ESCADA,Condutor deixou de manter distância do veículo da frente,Colisão traseira,Com Vítimas Feridas,Pleno dia,Decrescente,Céu Claro,Dupla,Reta,Não,2,0,1,0,1,0,1,2,"-8,35939636","-35,19500398",SPRF-PE,DEL01-PE,UOP03-DEL01-PE
335596.0,2021-01-20,quarta-feira,17:05:00,PE,232,411,SERRA TALHADA,Acessar a via sem observar a presença dos outros veículos,Colisão transversal,Com Vítimas Feridas,Pleno dia,Decrescente,Céu Claro,Simples,Reta,Sim,2,0,1,0,1,0,1,2,"-7,97976163","-38,31087404",SPRF-PE,DEL04-PE,UOP01-DEL04-PE
335629.0,2021-01-20,quarta-feira,20:05:00,PE,101,77,RECIFE,Velocidade Incompatível,Atropelamento de Pedestre,Com Vítimas Feridas,Plena Noite,Decrescente,Céu Claro,Dupla,Reta,Sim,5,0,0,2,1,2,2,2,"-8,126982","-34,94386",SPRF-PE,DEL01-PE,UOP01-DEL01-PE
335846.0,2021-01-22,sexta-feira,03:55:00,PE,101,"77,7",RECIFE,Entrada inopinada do pedestre,Atropelamento de Pedestre,Com Vítimas Fatais,Plena Noite,Decrescente,Céu Claro,Dupla,Reta,Sim,2,1,0,0,0,1,0,2,"-8,130989","-34,944929",SPRF-PE,DEL01-PE,UOP01-DEL01-PE
335938.0,2021-01-22,sexta-feira,16:30:00,PE,116,82,BELEM DE SAO FRANCISCO,Carga excessiva e/ou mal acondicionada,Tombamento,Com Vítimas Feridas,Pleno dia,Decrescente,Céu Claro,Dupla,Rotatória,Não,2,0,1,0,1,0,1,1,"-8,54875802","-39,22532777",SPRF-PE,DEL05-PE,UOP03-DEL05-PE
336124.0,2021-01-23,sábado,09:35:00,PE,101,"193,7",PALMARES,Chuva,Saída de leito carroçável,Sem Vítimas,Pleno dia,Crescente,Chuva,Dupla,Curva,Não,1,0,0,0,1,0,0,1,"-8,72157295","-35,60951373",SPRF-PE,DEL01-PE,UOP03-DEL01-PE
336423.0,2021-01-24,domingo,22:50:00,PE,101,36,ITAPISSUMA,Condutor Dormindo,Colisão traseira,Com Vítimas Feridas,Plena Noite,Crescente,Nublado,Dupla,Aclive;Reta                   ,Não,2,0,0,1,0,1,1,2,"-7,788367","-34,92981702",SPRF-PE,DEL01-PE,UOP02-DEL01-PE
336504.0,2021-01-25,segunda-feira,09:00:00,PE,408,"68,6",CARPINA,Manobra de mudança de faixa,Colisão lateral mesmo sentido,Com Vítimas Feridas,Pleno dia,Crescente,Céu Claro,Dupla,Reta,Não,7,0,0,1,5,1,1,2,"-7,86263797","-35,20765997",SPRF-PE,DEL01-PE,UOP01-DEL01-PE
336819.0,2021-01-26,terça-feira,22:40:00,PE,110,256,JATOBA,Animais na Pista,Atropelamento de Animal,Com Vítimas Feridas,Plena Noite,Crescente,Céu Claro,Simples,Reta,Não,2,0,1,0,1,0,1,1,"-9,26271509","-38,23011208",SPRF-BA,DEL07-BA,UOP01-DEL07-BA
336981.0,2021-01-28,quinta-feira,02:00:00,PE,101,157,GAMELEIRA,Acessar a via sem observar a presença dos outros veículos,Colisão traseira,Sem Vítimas,Plena Noite,Crescente,Nublado,Dupla,Reta,Não,3,0,0,0,1,2,0,3,"-8,55352976","-35,3964161",SPRF-PE,DEL01-PE,UOP03-DEL01-PE
336985.0,2021-01-28,quinta-feira,02:05:00,PE,104,30,TORITAMA,Iluminação deficiente,Colisão frontal,Com Vítimas Fatais,Plena Noite,Crescente,Céu Claro,Simples,Reta,Sim,2,1,0,0,1,0,0,2,"-8,00798164","-36,06090546",SPRF-PE,DEL02-PE,UOP01-DEL02-PE
337090.0,2021-01-28,quinta-feira,15:30:00,PE,423,"109,8",PARANATAMA,Acessar a via sem observar a presença dos outros veículos,Colisão traseira,Com Vítimas Feridas,Pleno dia,Crescente,Chuva,Simples,Declive,Não,2,0,1,0,1,0,1,2,"-8,888511","-36,599037",SPRF-PE,DEL03-PE,UOP01-DEL03-PE
337128.0,2021-01-28,quinta-feira,20:30:00,PE,232,"222,1",PESQUEIRA,Pista esburacada,Saída de leito carroçável,Com Vítimas Feridas,Plena Noite,Crescente,Nublado,Simples,Reta,Não,1,0,0,1,0,0,1,1,"-8,402492","-36,800259",SPRF-PE,DEL03-PE,UOP02-DEL03-PE
337156.0,2021-01-28,quinta-feira,19:20:00,PE,423,162,AGUAS BELAS,Mal súbito do condutor,Saída de leito carroçável,Com Vítimas Feridas,Plena Noite,Crescente,Céu Claro,Simples,Reta,Não,1,0,0,1,0,0,1,1,"-9,10003012","-36,99084592",SPRF-PE,DEL03-PE,UOP01-DEL03-PE
337243.0,2021-01-29,sexta-feira,13:00:00,PE,316,58,TRINDADE,Acessar a via sem observar a presença dos outros veículos,Colisão frontal,Com Vítimas Fatais,Pleno dia,Decrescente,Chuva,Simples,Interseção de Vias,Não,2,1,0,0,1,0,0,2,"-7,75370631","-40,26496546",SPRF-PE,DEL05-PE,UOP02-DEL05-PE
337330.0,2021-01-29,sexta-feira,20:15:00,PE,101,"34,5",IGARASSU,Manobra de mudança de faixa,Colisão lateral mesmo sentido,Com Vítimas Feridas,Plena Noite,Decrescente,Céu Claro,Dupla,Reta,Não,2,0,1,0,0,1,1,2,"-7,77092801","-34,93524623",SPRF-PE,DEL01-PE,UOP02-DEL01-PE
337394.0,2021-01-30,sábado,05:15:00,PE,101,"140,9",RIBEIRAO,Animais na Pista,Saída de leito carroçável,Com Vítimas Feridas,Amanhecer,Decrescente,Céu Claro,Dupla,Reta,Não,1,0,1,0,0,0,1,1,"-8,43501897","-35,32815204",SPRF-PE,DEL01-PE,UOP03-DEL01-PE
337821.0,2021-01-31,domingo,20:40:00,PE,423,151,IATI,Transitar na contramão,Colisão lateral sentido oposto,Com Vítimas Feridas,Plena Noite,Crescente,Céu Claro,Simples,Declive,Não,4,0,2,0,1,1,2,2,"-9,0414635","-36,91156637",SPRF-PE,DEL03-PE,UOP01-DEL03-PE
338088.0,2021-02-02,terça-feira,06:40:00,PE,101,54,PAULISTA,Reação tardia ou ineficiente do condutor,Colisão lateral,Com Vítimas Feridas,Pleno dia,Crescente,Céu Claro,Dupla,Reta,Sim,3,0,1,0,1,1,1,3,"-7,93961103","-34,90356584",SPRF-PE,DEL01-PE,UOP02-DEL01-PE
338157.0,2021-02-02,terça-feira,15:00:00,PE,101,80,JABOATAO DOS GUARARAPES,Área urbana sem a presença de local apropriado para a travessia de pedestres,Atropelamento de Pedestre,Com Vítimas Feridas,Pleno dia,Crescente,Céu Claro,Dupla,Declive;Reta                  ,Sim,2,0,1,0,0,1,1,2,"-8,15112589","-34,9428866",SPRF-PE,DEL01-PE,UOP03-DEL01-PE
338233.0,2021-02-02,terça-feira,21:00:00,PE,101,119,ESCADA,Pedestre andava na pista,Atropelamento de Pedestre,Com Vítimas Feridas,Plena Noite,Decrescente,Céu Claro,Dupla,Reta,Não,2,0,0,1,1,0,1,2,"-8,35291472","-35,16929901",SPRF-PE,DEL01-PE,UOP03-DEL01-PE
338294.0,2021-02-03,quarta-feira,10:10:00,PE,101,"42,4",IGARASSU,Avarias e/ou desgaste excessivo no pneu,Colisão lateral,Sem Vítimas,Pleno dia,Crescente,Céu Claro,Múltipla,Reta,Sim,2,0,0,0,2,0,0,2,"-7,83887431","-34,91196739",SPRF-PE,DEL01-PE,UOP02-DEL01-PE
338349.0,2021-02-03,quarta-feira,15:45:00,PE,232,"81,9",GRAVATA,Demais falhas mecânicas ou elétricas,Colisão com objeto,Sem Vítimas,Pleno dia,Crescente,Céu Claro,Dupla,Reta,Sim,1,0,0,0,1,0,0,1,"-8,19697746","-35,57850408",SPRF-PE,DEL02-PE,UOP02-DEL02PE
338395.0,2021-02-03,quarta-feira,20:00:00,PE,101,"43,9",IGARASSU,Manobra de mudança de faixa,Colisão com objeto,Sem Vítimas,Plena Noite,Decrescente,Céu Claro,Múltipla,Reta,Sim,2,0,0,0,1,1,0,2,"-7,84753808","-34,90977038",SPRF-PE,DEL01-PE,UOP02-DEL01-PE
338400.0,2021-02-03,quarta-feira,19:50:00,PE,232,6,RECIFE,Manobra de mudança de faixa,Colisão transversal,Com Vítimas Feridas,Plena Noite,Crescente,Nublado,Dupla,Reta,Sim,2,0,1,0,1,0,1,2,"-8,07079525","-34,9535389",SPRF-PE,DEL01-PE,UOP01-DEL01-PE
338688.0,2021-02-05,sexta-feira,10:58:00,PE,232,"9,4",RECIFE,Condutor deixou de manter distância do veículo da frente,Colisão traseira,Com Vítimas Feridas,Pleno dia,Decrescente,Sol,Dupla,Reta,Sim,2,0,1,0,1,0,1,2,"-8,07764447","-34,97863609",SPRF-PE,DEL01-PE,UOP01-DEL01-PE
338766.0,2021-02-05,sexta-feira,15:20:00,PE,116,83,BELEM DE SAO FRANCISCO,Curva acentuada,Tombamento,Com Vítimas Feridas,Pleno dia,Decrescente,Céu Claro,Simples,Rotatória,Não,1,0,1,0,0,0,1,1,"-8,550911","-39,226807",SPRF-PE,DEL05-PE,UOP03-DEL05-PE
338845.0,2021-02-06,sábado,03:50:00,PE,116,26,SALGUEIRO,Problema com o freio,Saída de leito carroçável,Com Vítimas Feridas,Plena Noite,Crescente,Céu Claro,Simples,Reta,Sim,1,0,0,1,0,0,1,1,"-8,069921","-39,13364",SPRF-PE,DEL05-PE,UOP01-DEL05-PE
338934.0,2021-02-06,sábado,13:40:00,PE,101,"59,6",RECIFE,Acesso irregular,Colisão traseira,Com Vítimas Feridas,Pleno dia,Decrescente,Céu Claro,Dupla,Curva,Sim,5,0,0,1,4,0,1,5,"-7,97708575","-34,92607318",SPRF-PE,DEL01-PE,UOP02-DEL01-PE
339294.0,2021-02-07,domingo,21:00:00,PE,232,"99,8",BEZERROS,Ingestão de álcool pelo condutor,Colisão frontal,Com Vítimas Feridas,Plena Noite,Crescente,Céu Claro,Simples,Reta,Sim,5,0,0,2,2,1,2,3,"-8,2367277","-35,73401605",SPRF-PE,DEL02-PE,UOP02-DEL02PE
339410.0,2021-02-08,segunda-feira,10:00:00,PE,101,"83,7",JABOATAO DOS GUARARAPES,Acessar a via sem observar a presença dos outros veículos,Colisão traseira,Com Vítimas Feridas,Pleno dia,Decrescente,Céu Claro,Dupla,Reta,Sim,4,0,1,0,3,0,1,3,"-8,175172","-34,942642",SPRF-PE,DEL01-PE,UOP03-DEL01-PE
339620.0,2021-02-09,terça-feira,14:25:00,PE,232,"73,8",GRAVATA,Condutor deixou de manter distância do veículo da frente,Colisão traseira,Com Vítimas Feridas,Pleno dia,Decrescente,Céu Claro,Dupla,Reta,Não,4,0,0,2,2,0,2,3,"-8,19060018","-35,50931093",SPRF-PE,DEL02-PE,UOP02-DEL02PE
339734.0,2021-02-10,quarta-feira,04:30:00,PE,101,35,IGARASSU,Pista Escorregadia,Saída de leito carroçável,Com Vítimas Feridas,Amanhecer,Decrescente,Nublado,Múltipla,Reta,Não,1,0,1,0,0,0,1,1,"-7,77952193","-34,93231384",SPRF-PE,DEL01-PE,UOP02-DEL01-PE
339864.0,2021-02-10,quarta-feira,17:30:00,PE,428,"20,2",CABROBO,Ingestão de álcool pelo condutor,Colisão transversal,Com Vítimas Fatais,Anoitecer,Decrescente,Céu Claro,Simples,Reta,Não,4,1,3,0,0,0,3,3,"-8,49337421","-39,39765603",SPRF-PE,DEL05-PE,UOP03-DEL05-PE
340067.0,2021-02-11,quinta-feira,16:40:00,PE,101,197,XEXEU,Velocidade Incompatível,Tombamento,Com Vítimas Feridas,Pleno dia,Decrescente,Céu Claro,Múltipla,Reta,Não,1,0,0,1,0,0,1,1,"-8,75523097","-35,60154384",SPRF-PE,DEL01-PE,UOP03-DEL01-PE
340214.0,2021-02-12,sexta-feira,14:20:00,PE,101,"41,1",IGARASSU,Acostamento em desnível,Tombamento,Com Vítimas Feridas,Pleno dia,Crescente,Nublado,Dupla,Reta,Sim,1,0,1,0,0,0,1,1,"-7,83038346","-34,91426785",SPRF-PE,DEL01-PE,UOP02-DEL01-PE
340221.0,2021-02-12,sexta-feira,15:05:00,PE,428,186,PETROLINA,Acessar a via sem observar a presença dos outros veículos,Colisão transversal,Sem Vítimas,Pleno dia,Decrescente,Céu Claro,Simples,Rotatória,Sim,3,0,0,0,2,1,0,3,"-9,34807826","-40,47441248",SPRF-PE,DEL06-PE,UOP01-DEL06-PE
340460.0,2021-02-13,sábado,13:00:00,PE,116,"29,5",SALGUEIRO,Ultrapassagem Indevida,Colisão lateral mesmo sentido,Com Vítimas Fatais,Pleno dia,Crescente,Céu Claro,Simples,Reta,Não,2,1,0,0,1,0,0,2,"-8,09500588","-39,12480354",SPRF-PE,DEL05-PE,UOP01-DEL05-PE
340775.0,2021-02-14,domingo,20:30:00,PE,232,202,PESQUEIRA,Acessar a via sem observar a presença dos outros veículos,Colisão traseira,Com Vítimas Fatais,Plena Noite,Crescente,Nublado,Simples,Reta,Não,4,1,0,0,2,1,0,3,"-8,37139106","-36,62566",SPRF-PE,DEL02-PE,UOP03-DEL02-PE
341079.0,2021-02-16,terça-feira,14:26:00,PE,428,"173,3",PETROLINA,Manobra de mudança de faixa,Saída de leito carroçável,Sem Vítimas,Pleno dia,Crescente,Chuva,Simples,Reta,Não,1,0,0,0,1,0,0,1,"-9,25846","-40,42842",SPRF-PE,DEL06-PE,UOP01-DEL06-PE
341129.0,2021-02-16,terça-feira,18:15:00,PE,408,"49,2",NAZARE DA MATA,Acessar a via sem observar a presença dos outros veículos,Colisão transversal,Sem Vítimas,Plena Noite,Decrescente,Céu Claro,Simples,Curva,Não,2,0,0,0,1,1,0,2,"-7,72110607","-35,2389439",SPRF-PE,DEL01-PE,UOP01-DEL01-PE
341241.0,2021-02-17,quarta-feira,12:30:00,PE,232,"6,2",RECIFE,Manobra de mudança de faixa,Colisão transversal,Sem Vítimas,Pleno dia,Crescente,Céu Claro,Dupla,Reta,Sim,2,0,0,0,0,2,0,2,"-8,071226","-34,95511",SPRF-PE,DEL01-PE,UOP01-DEL01-PE
341426.0,2021-02-18,quinta-feira,13:40:00,PE,428,"168,9",PETROLINA,Mal súbito do condutor,Saída de leito carroçável,Com Vítimas Fatais,Pleno dia,Decrescente,Nublado,Simples,Reta,Não,2,1,1,0,0,0,1,2,"-9,22277","-40,409147",SPRF-PE,DEL06-PE,UOP01-DEL06-PE
341448.0,2021-02-18,quinta-feira,16:30:00,PE,101,"54,6",PAULISTA,Objeto estático sobre o leito carroçável,Colisão lateral,Com Vítimas Feridas,Pleno dia,Crescente,Sol,Dupla,Reta,Não,2,0,1,0,0,1,1,2,"-7,93961103","-34,90356584",SPRF-PE,DEL01-PE,UOP02-DEL01-PE
341718.0,2021-02-19,sexta-feira,19:30:00,PE,232,5,RECIFE,Frear bruscamente,Colisão traseira,Com Vítimas Feridas,Plena Noite,Crescente,Céu Claro,Múltipla,Reta,Sim,3,0,1,0,2,0,1,2,"-8,06795766","-34,94535414",SPRF-PE,DEL01-PE,UOP01-DEL01-PE
341794.0,2021-02-20,sábado,07:05:00,PE,101,71,RECIFE,Manobra de mudança de faixa,Colisão lateral mesmo sentido,Com Vítimas Feridas,Pleno dia,Crescente,Sol,Dupla,Reta,Sim,2,0,1,0,0,1,1,2,"-8,06776119","-34,94265074",SPRF-PE,DEL01-PE,UOP01-DEL01-PE
341870.0,2021-02-20,sábado,15:30:00,PE,101,"72,2",RECIFE,Ingestão de álcool ou de substâncias psicoativas pelo pedestre,Atropelamento de Pedestre,Com Vítimas Fatais,Pleno dia,Decrescente,Céu Claro,Dupla,Curva,Sim,2,1,1,0,0,0,1,2,"-8,08493106","-34,9450639",SPRF-PE,DEL01-PE,UOP01-DEL01-PE
341897.0,2021-02-20,sábado,16:40:00,PE,101,"159,1",GAMELEIRA,Carga excessiva e/ou mal acondicionada,Tombamento,Sem Vítimas,Pleno dia,Decrescente,Céu Claro,Dupla,Curva,Não,1,0,0,0,1,0,0,1,"-8,55252537","-35,41389482",SPRF-PE,DEL01-PE,UOP03-DEL01-PE
342049.0,2021-02-21,domingo,09:00:00,PE,116,"34,4",SALGUEIRO,Ultrapassagem Indevida,Colisão lateral mesmo sentido,Com Vítimas Feridas,Pleno dia,Crescente,Céu Claro,Simples,Reta,Não,3,0,1,0,2,0,1,2,"-8,135853","-39,113209",SPRF-PE,DEL05-PE,UOP01-DEL05-PE
342056.0,2021-02-21,domingo,12:30:00,PE,116,14,SALGUEIRO,Avarias e/ou desgaste excessivo no pneu,Saída de leito carroçável,Com Vítimas Feridas,Pleno dia,Crescente,Céu Claro,Simples,Declive,Não,2,0,1,0,1,0,1,1,"-7,96237","-39,1346",SPRF-PE,DEL05-PE,UOP01-DEL05-PE
342197.0,2021-02-22,segunda-feira,02:00:00,PE,101,"154,2",RIBEIRAO,Reação tardia ou ineficiente do condutor,Tombamento,Sem Vítimas,Plena Noite,Decrescente,Céu Claro,Dupla,Curva,Não,1,0,0,0,1,0,0,1,"-8,52860711","-35,38883966",SPRF-PE,DEL01-PE,UOP03-DEL01-PE
342219.0,2021-02-18,quinta-feira,12:15:00,PE,232,"14,8",JABOATAO DOS GUARARAPES,Carga excessiva e/ou mal acondicionada,Colisão com objeto,Sem Vítimas,Pleno dia,Crescente,Céu Claro,Dupla,Reta,Não,2,0,0,0,2,0,0,2,"-8,09025488","-35,02052302",SPRF-PE,DEL01-PE,UOP01-DEL01-PE
342330.0,2021-02-12,sexta-feira,19:50:00,PE,428,"184,1",PETROLINA,Acessar a via sem observar a presença dos outros veículos,Colisão transversal,Com Vítimas Feridas,Plena Noite,Crescente,Céu Claro,Simples,Reta,Não,2,0,0,1,1,0,1,2,"-9,33211208","-40,46621385",SPRF-PE,DEL06-PE,UOP01-DEL06-PE
342360.0,2021-02-22,segunda-feira,19:00:00,PE,423,177,AGUAS BELAS,Acessar a via sem observar a presença dos outros veículos,Colisão transversal,Sem Vítimas,Plena Noite,Crescente,Céu Claro,Simples,Reta,Não,2,0,0,0,1,1,0,2,"-9,13016345","-37,11460498",SPRF-AL,DEL03-AL,UOP02-DEL03-AL
342438.0,2021-02-13,sábado,10:35:00,PE,232,"209,9",PESQUEIRA,Entrada inopinada do pedestre,Atropelamento de Pedestre,Com Vítimas Feridas,Pleno dia,Crescente,Nublado,Simples,Reta,Sim,2,0,0,1,1,0,1,2,"-8,36666789","-36,68869898",SPRF-PE,DEL02-PE,UOP03-DEL02-PE
342440.0,2021-02-23,terça-feira,11:25:00,PE,232,"39,4",VITORIA DE SANTO ANTAO,Reação tardia ou ineficiente do condutor,Colisão lateral mesmo sentido,Com Vítimas Feridas,Pleno dia,Crescente,Sol,Dupla,Reta,Sim,4,0,2,0,2,0,2,2,"-8,11725249","-35,2270359",SPRF-PE,DEL02-PE,UOP02-DEL02PE
342468.0,2021-02-23,terça-feira,14:35:00,PE,104,67,CARUARU,Velocidade Incompatível,Tombamento,Com Vítimas Feridas,Pleno dia,Decrescente,Céu Claro,Dupla,Rotatória,Sim,1,0,1,0,0,0,1,1,"-8,3016","-35,9882",SPRF-PE,DEL02-PE,UOP01-DEL02-PE
342471.0,2021-02-23,terça-feira,15:33:00,PE,424,"91,5",GARANHUNS,Acessar a via sem observar a presença dos outros veículos,Colisão transversal,Com Vítimas Feridas,Pleno dia,Decrescente,Céu Claro,Simples,Reta,Sim,4,0,0,1,3,0,1,2,"-8,90409633","-36,49974647",SPRF-PE,DEL03-PE,UOP01-DEL03-PE
342481.0,2021-02-23,terça-feira,16:40:00,PE,232,134,CARUARU,Condutor deixou de manter distância do veículo da frente,Colisão lateral,Sem Vítimas,Pleno dia,Crescente,Céu Claro,Simples,Reta,Não,2,0,0,0,2,0,0,2,"-8,30853497","-36,02442101",SPRF-PE,DEL02-PE,UOP03-DEL02-PE
342555.0,2021-02-24,quarta-feira,02:15:00,PE,101,29,IGARASSU,Ingestão de álcool pelo condutor,Colisão traseira,Sem Vítimas,Plena Noite,Crescente,Céu Claro,Dupla,Reta,Não,2,0,0,0,2,0,0,2,"-7,73151057","-34,94173765",SPRF-PE,DEL01-PE,UOP02-DEL01-PE
342600.0,2021-02-13,sábado,07:00:00,PE,101,88,CABO DE SANTO AGOSTINHO,Ingestão de álcool pelo condutor,Colisão transversal,Com Vítimas Feridas,Pleno dia,Decrescente,Nublado,Simples,Reta,Sim,3,0,1,1,1,0,2,2,"-8,19971387","-34,9785382",SPRF-PE,DEL01-PE,UOP03-DEL01-PE
342640.0,2021-02-24,quarta-feira,14:00:00,PE,101,"46,5",IGARASSU,Manobra de mudança de faixa,Colisão lateral,Sem Vítimas,Pleno dia,Crescente,Sol,Múltipla,Reta,Sim,2,0,0,0,2,0,0,2,"-7,87406004","-34,90588126",SPRF-PE,DEL01-PE,UOP02-DEL01-PE