id,data_inversa,dia_semana,horario,uf,br,km,municipio,causa_acidente,tipo_acidente,classificacao_acidente,fase_dia,sentido_via,condicao_metereologica,tipo_pista,tracado_via,uso_solo,pessoas,mortos,feridos_leves,feridos_graves,ilesos,ignorados,feridos,veiculos,latitude,longitude,regional,delegacia,uop
342699.0,2021-02-24,quarta-feira,19:00:00,PE,101,83,JABOATAO DOS GUARARAPES,Acessar a via sem observar a presença dos outros veículos,Colisão lateral,Com Vítimas Feridas,Plena Noite,Decrescente,Nublado,Dupla,Reta,Sim,3,0,1,1,0,1,2,2,"-8,175172","-34,942642",SPRF-PE,DEL01-PE,UOP03-DEL01-PE
342892.0,2021-02-25,quinta-feira,18:45:00,PE,101,"39,2",IGARASSU,Pedestre cruzava a pista fora da faixa,Atropelamento de Pedestre,Com Vítimas Fatais,Plena Noite,Crescente,Céu Claro,Dupla,Declive,Não,2,1,0,0,1,0,0,2,"-7,81259899","-34,91890497",SPRF-PE,DEL01-PE,UOP02-DEL01-PE
342943.0,2021-02-26,sexta-feira,03:50:00,PE,101,28,IGARASSU,Chuva,Colisão com objeto,Sem Vítimas,Plena Noite,Decrescente,Chuva,Dupla,Reta,Não,1,0,0,0,1,0,0,1,"-7,72056385","-34,94127124",SPRF-PE,DEL01-PE,UOP02-DEL01-PE
342970.0,2021-02-26,sexta-feira,06:50:00,PE,101,"95,8",CABO DE SANTO AGOSTINHO,Condutor deixou de manter distância do veículo da frente,Colisão traseira,Com Vítimas Feridas,Pleno dia,Crescente,Chuva,Dupla,Reta,Não,4,0,2,0,2,0,2,2,"-8,25099","-35,01426",SPRF-PE,DEL01-PE,UOP03-DEL01-PE
343018.0,2021-02-26,sexta-feira,11:30:00,PE,232,33,MORENO,Reação tardia ou ineficiente do condutor,Saída de leito carroçável,Com Vítimas Feridas,Pleno dia,Crescente,Céu Claro,Dupla,Reta,Não,1,0,0,1,0,0,1,1,"-8,10539025","-35,17523495",SPRF-PE,DEL02-PE,UOP02-DEL02PE
343099.0,2021-02-26,sexta-feira,18:55:00,PE,232,"28,3",MORENO,Carga excessiva e/ou mal acondicionada,Colisão com objeto,Sem Vítimas,Plena Noite,Decrescente,Nublado,Dupla,Reta,Não,2,0,0,0,2,0,0,2,"-8,11290892","-35,13442099",SPRF-PE,DEL02-PE,UOP02-DEL02PE
343228.0,2021-02-11,quinta-feira,19:01:00,PE,101,73,RECIFE,Acessar a via sem observar a presença dos outros veículos,Colisão transversal,Com Vítimas Feridas,Plena Noite,Crescente,Céu Claro,Dupla,Retorno Regulamentado,Sim,2,0,1,0,0,1,1,2,"-8,099158","-34,950067",SPRF-PE,DEL01-PE,UOP01-DEL01-PE
343239.0,2021-02-27,sábado,12:30:00,PE,232,11,JABOATAO DOS GUARARAPES,Ultrapassagem Indevida,Colisão lateral mesmo sentido,Com Vítimas Feridas,Pleno dia,Crescente,Nublado,Dupla,Reta,Sim,2,0,0,1,1,0,1,2,"-8,08327","-34,997552",SPRF-PE,DEL01-PE,UOP01-DEL01-PE
343283.0,2021-02-27,sábado,16:10:00,PE,101,36,IGARASSU,Manobra de mudança de faixa,Queda de ocupante de veículo,Com Vítimas Feridas,Pleno dia,Decrescente,Nublado,Dupla,Declive,Não,2,0,1,0,0,1,1,2,"-7,78981924","-34,92927074",SPRF-PE,DEL01-PE,UOP02-DEL01-PE
343308.0,2021-02-27,sábado,14:00:00,PE,104,119,PANELAS,Demais falhas mecânicas ou elétricas,Saída de leito carroçável,Com Vítimas Feridas,Pleno dia,Decrescente,Céu Claro,Simples,Declive,Não,1,0,1,0,0,0,1,1,"-8,69214","-36,023621",SPRF-PE,DEL02-PE,UOP01-DEL02-PE
343396.0,2021-02-28,domingo,03:50:00,PE,116,80,CABROBO,Animais na Pista,Saída de leito carroçável,Com Vítimas Feridas,Plena Noite,Crescente,Nublado,Simples,Reta,Não,1,0,1,0,0,0,1,1,"-8,525343","-39,218342",SPRF-PE,DEL05-PE,UOP03-DEL05-PE
343637.0,2021-03-01,segunda-feira,09:15:00,PE,232,"75,1",GRAVATA,Demais falhas mecânicas ou elétricas,Tombamento,Com Vítimas Feridas,Pleno dia,Crescente,Chuva,Dupla,Reta;Declive                  ,Não,1,0,0,1,0,0,1,1,"-8,19737799","-35,525476",SPRF-PE,DEL02-PE,UOP02-DEL02PE
343691.0,2021-02-09,terça-feira,15:30:00,PE,104,"67,1",CARUARU,Reação tardia ou ineficiente do condutor,Colisão traseira,Com Vítimas Feridas,Pleno dia,Decrescente,Céu Claro,Dupla,Reta,Sim,3,0,2,0,1,0,2,2,"-8,3016","-35,9882",SPRF-PE,DEL02-PE,UOP01-DEL02-PE
343731.0,2021-03-01,segunda-feira,19:15:00,PE,101,"115,2",IPOJUCA,Ausência de sinalização,Colisão traseira,Com Vítimas Feridas,Plena Noite,Crescente,Chuva,Dupla,Reta,Não,2,0,1,0,1,0,1,2,"-8,33783596","-35,14164006",SPRF-PE,DEL01-PE,UOP03-DEL01-PE
343769.0,2021-03-02,terça-feira,04:00:00,PE,101,189,PALMARES,Acumulo de água sobre o pavimento,Tombamento,Sem Vítimas,Plena Noite,Crescente,Chuva,Dupla,Curva,Sim,1,0,0,0,1,0,0,1,"-8,69036647","-35,60430503",SPRF-PE,DEL01-PE,UOP03-DEL01-PE
343865.0,2021-03-02,terça-feira,16:55:00,PE,408,"99,5",SAO LOURENCO DA MATA,Condutor deixou de manter distância do veículo da frente,Colisão traseira,Com Vítimas Feridas,Pleno dia,Decrescente,Céu Claro,Dupla,Aclive,Não,2,0,1,0,1,0,1,2,"-8,04133634","-35,02531212",SPRF-PE,DEL01-PE,UOP01-DEL01-PE
343899.0,2021-03-02,terça-feira,18:45:00,PE,232,"161,9",TACAIMBO,Transitar na contramão,Colisão transversal,Com Vítimas Fatais,Plena Noite,Decrescente,Céu Claro,Simples,Reta,Não,3,1,0,1,0,1,1,2,"-8,33605","-36,267948",SPRF-PE,DEL02-PE,UOP03-DEL02-PE
344231.0,2021-03-04,quinta-feira,17:35:00,PE,232,76,GRAVATA,Acessar a via sem observar a presença dos outros veículos,Colisão lateral mesmo sentido,Com Vítimas Feridas,Anoitecer,Decrescente,Céu Claro,Dupla,Declive,Sim,2,0,1,0,1,0,1,2,"-8,19541469","-35,53424693",SPRF-PE,DEL02-PE,UOP02-DEL02PE
344239.0,2021-03-04,quinta-feira,16:35:00,PE,101,51,ABREU E LIMA,Reação tardia ou ineficiente do condutor,Colisão com objeto,Sem Vítimas,Pleno dia,Crescente,Céu Claro,Múltipla,Reta,Sim,2,0,0,0,0,2,0,2,"-7,9169968","-34,89689272",SPRF-PE,DEL01-PE,UOP02-DEL01-PE
344273.0,2021-03-04,quinta-feira,19:45:00,PE,104,"66,8",CARUARU,Acessar a via sem observar a presença dos outros veículos,Colisão transversal,Com Vítimas Feridas,Plena Noite,Decrescente,Céu Claro,Dupla,Declive,Sim,2,0,1,0,1,0,1,2,"-8,2937","-35,9864",SPRF-PE,DEL02-PE,UOP01-DEL02-PE
344346.0,2021-03-05,sexta-feira,07:25:00,PE,101,91,JABOATAO DOS GUARARAPES,Manobra de mudança de faixa,Colisão lateral mesmo sentido,Com Vítimas Feridas,Pleno dia,Decrescente,Céu Claro,Dupla,Ponte;Reta                    ,Sim,4,0,1,0,3,0,1,2,"-8,22399812","-34,99290474",SPRF-PE,DEL01-PE,UOP03-DEL01-PE
344375.0,2021-03-05,sexta-feira,10:00:00,PE,423,"173,6",AGUAS BELAS,Entrada inopinada do pedestre,Atropelamento de Pedestre,Com Vítimas Fatais,Pleno dia,Crescente,Céu Claro,Simples,Reta,Não,2,1,0,0,1,0,0,2,"-9,1288795","-37,07829703",SPRF-AL,DEL03-AL,UOP02-DEL03-AL
344475.0,2021-03-05,sexta-feira,19:30:00,PE,316,"57,2",TRINDADE,Acessar a via sem observar a presença dos outros veículos,Colisão lateral mesmo sentido,Com Vítimas Feridas,Plena Noite,Crescente,Ignorado,Simples,Reta,Sim,2,0,0,1,1,0,1,2,"-7,74765771","-40,2710428",SPRF-PE,DEL05-PE,UOP02-DEL05-PE
344676.0,2021-03-06,sábado,16:30:00,PE,232,224,PESQUEIRA,Reação tardia ou ineficiente do condutor,Capotamento,Sem Vítimas,Pleno dia,Decrescente,Céu Claro,Simples,Curva,Não,1,0,0,0,1,0,0,1,"-8,40514489","-36,81936399",SPRF-PE,DEL03-PE,UOP02-DEL03-PE
344818.0,2021-03-07,domingo,10:30:00,PE,316,218,BELEM DE SAO FRANCISCO,Velocidade Incompatível,Saída de leito carroçável,Com Vítimas Feridas,Pleno dia,Decrescente,Céu Claro,Simples,Rotatória,Não,1,0,1,0,0,0,1,1,"-8,5471118","-39,22861041",SPRF-PE,DEL05-PE,UOP03-DEL05-PE
345027.0,2021-03-08,segunda-feira,10:00:00,PE,101,"71,3",RECIFE,Acessar a via sem observar a presença dos outros veículos,Colisão traseira,Com Vítimas Feridas,Pleno dia,Decrescente,Céu Claro,Dupla,Reta,Sim,4,0,2,0,1,1,2,3,"-8,07663102","-34,94277871",SPRF-PE,DEL01-PE,UOP01-DEL01-PE
345278.0,2021-03-09,terça-feira,16:30:00,PE,101,"34,1",IGARASSU,Demais falhas mecânicas ou elétricas,Incêndio,Sem Vítimas,Pleno dia,Decrescente,Céu Claro,Dupla,Reta,Não,1,0,0,0,1,0,0,1,"-7,77092801","-34,93524623",SPRF-PE,DEL01-PE,UOP02-DEL01-PE
345451.0,2021-03-10,quarta-feira,11:15:00,PE,428,"138,9",LAGOA GRANDE,Ultrapassagem Indevida,Colisão frontal,Com Vítimas Fatais,Pleno dia,Decrescente,Sol,Simples,Reta,Sim,3,1,0,1,0,1,1,3,"-8,99202442","-40,2695784",SPRF-PE,DEL06-PE,UOP03-DEL06-PE
345505.0,2021-03-10,quarta-feira,15:30:00,PE,101,52,ABREU E LIMA,Carga excessiva e/ou mal acondicionada,Tombamento,Com Vítimas Feridas,Pleno dia,Decrescente,Céu Claro,Dupla,Curva,Sim,1,0,1,0,0,0,1,1,"-7,92358799","-34,89607201",SPRF-PE,DEL01-PE,UOP02-DEL01-PE
345583.0,2021-03-11,quinta-feira,08:10:00,PE,423,"76,1",JUCATI,Reação tardia ou ineficiente do condutor,Colisão lateral mesmo sentido,Com Vítimas Feridas,Pleno dia,Crescente,Céu Claro,Simples,Curva,Não,1,0,1,0,0,0,1,1,"-8,73183901","-36,43146015",SPRF-PE,DEL03-PE,UOP01-DEL03-PE
345992.0,2021-03-13,sábado,07:40:00,PE,232,384,CALUMBI,Acostamento em desnível,Tombamento,Sem Vítimas,Pleno dia,Crescente,Céu Claro,Simples,Declive,Não,1,0,0,0,1,0,0,1,"-8,03828375","-38,08568995",SPRF-PE,DEL04-PE,UOP01-DEL04-PE
346073.0,2021-03-13,sábado,18:50:00,PE,101,66,RECIFE,Condutor deixou de manter distância do veículo da frente,Colisão traseira,Sem Vítimas,Plena Noite,Decrescente,Céu Claro,Dupla,Viaduto,Sim,2,0,0,0,0,2,0,2,"-8,03368534","-34,94184125",SPRF-PE,DEL01-PE,UOP01-DEL01-PE
346291.0,2021-02-22,segunda-feira,16:30:00,PE,104,67,CARUARU,Carga excessiva e/ou mal acondicionada,Engavetamento,Sem Vítimas,Pleno dia,Decrescente,Nublado,Dupla,Reta,Sim,3,0,0,0,3,0,0,3,"-8,3016","-35,9882",SPRF-PE,DEL02-PE,UOP01-DEL02-PE
346355.0,2021-03-15,segunda-feira,07:30:00,PE,101,97,CABO DE SANTO AGOSTINHO,Manobra de mudança de faixa,Colisão lateral mesmo sentido,Com Vítimas Feridas,Pleno dia,Decrescente,Céu Claro,Múltipla,Reta,Sim,2,0,1,0,1,0,1,2,"-8,25331064","-35,0296397",SPRF-PE,DEL01-PE,UOP03-DEL01-PE
346400.0,2021-03-15,segunda-feira,13:50:00,PE,104,82,AGRESTINA,Condutor Dormindo,Colisão frontal,Com Vítimas Feridas,Pleno dia,Crescente,Céu Claro,Simples,Reta,Não,4,0,2,2,0,0,4,2,"-8,414513","-35,967102",SPRF-PE,DEL02-PE,UOP01-DEL02-PE
346499.0,2021-03-16,terça-feira,08:00:00,PE,101,"46,8",IGARASSU,Condutor deixou de manter distância do veículo da frente,Colisão traseira,Com Vítimas Feridas,Pleno dia,Crescente,Nublado,Múltipla,Reta,Sim,4,0,2,0,2,0,2,4,"-7,87406004","-34,90588126",SPRF-PE,DEL01-PE,UOP02-DEL01-PE
346564.0,2021-03-16,terça-feira,16:00:00,PE,232,132,CARUARU,Ingestão de álcool pelo condutor,Colisão lateral mesmo sentido,Com Vítimas Feridas,Pleno dia,Decrescente,Céu Claro,Dupla,Reta,Não,2,0,1,0,1,0,1,2,"-8,3036244","-36,00710089",SPRF-PE,DEL02-PE,UOP03-DEL02-PE
346843.0,2021-03-18,quinta-feira,08:25:00,PE,101,"70,6",RECIFE,Acessar a via sem observar a presença dos outros veículos,Atropelamento de Pedestre,Com Vítimas Fatais,Pleno dia,Crescente,Nublado,Múltipla,Reta,Sim,3,1,0,0,1,1,0,2,"-8,074387","-34,942798",SPRF-PE,DEL01-PE,UOP01-DEL01-PE
346952.0,2021-03-18,quinta-feira,23:55:00,PE,407,"116,9",PETROLINA,Condutor Dormindo,Colisão traseira,Com Vítimas Feridas,Plena Noite,Crescente,Nublado,Simples,Reta,Não,2,0,1,0,1,0,1,2,"-9,30684002","-40,57793203",SPRF-PE,DEL06-PE,UOP02-DEL06-PE
346963.0,2021-03-19,sexta-feira,01:30:00,PE,232,"95,3",SAIRE,Demais falhas mecânicas ou elétricas,Tombamento,Com Vítimas Feridas,Plena Noite,Decrescente,Céu Claro,Dupla,Declive,Não,2,0,2,0,0,0,2,2,"-8,22740988","-35,69941904",SPRF-PE,DEL02-PE,UOP02-DEL02PE
346989.0,2021-03-19,sexta-feira,07:10:00,PE,423,"28,5",SAO CAITANO,Ultrapassagem Indevida,Colisão traseira,Sem Vítimas,Pleno dia,Crescente,Sol,Simples,Reta,Não,2,0,0,0,2,0,0,2,"-8,38567362","-36,13962446",SPRF-PE,DEL02-PE,UOP03-DEL02-PE
347043.0,2021-03-19,sexta-feira,14:00:00,PE,101,115,CABO DE SANTO AGOSTINHO,Demais falhas mecânicas ou elétricas,Capotamento,Com Vítimas Feridas,Pleno dia,Decrescente,Céu Claro,Múltipla,Reta,Não,1,0,1,0,0,0,1,1,"-8,33783596","-35,14164006",SPRF-PE,DEL01-PE,UOP03-DEL01-PE
347055.0,2021-03-15,segunda-feira,20:15:00,PE,101,"79,9",JABOATAO DOS GUARARAPES,Manobra de mudança de faixa,Queda de ocupante de veículo,Com Vítimas Feridas,Plena Noite,Decrescente,Céu Claro,Dupla,Reta,Não,4,0,2,0,1,1,2,3,"-8,150269","-34,943151",SPRF-PE,DEL01-PE,UOP01-DEL01-PE
347526.0,2021-03-22,segunda-feira,04:25:00,PE,101,"93,6",CABO DE SANTO AGOSTINHO,Demais falhas mecânicas ou elétricas,Incêndio,Sem Vítimas,Plena Noite,Decrescente,Céu Claro,Dupla,Reta,Não,1,0,0,0,1,0,0,1,"-8,2396419","-35,00335418",SPRF-PE,DEL01-PE,UOP03-DEL01-PE
347564.0,2021-03-22,segunda-feira,10:02:00,PE,101,"84,4",JABOATAO DOS GUARARAPES,Carga excessiva e/ou mal acondicionada,Colisão frontal,Com Vítimas Feridas,Pleno dia,Decrescente,Céu Claro,Dupla,Reta,Não,3,0,2,0,1,0,2,2,"-8,17778559","-34,95087297",SPRF-PE,DEL01-PE,UOP03-DEL01-PE
347684.0,2021-03-23,terça-feira,02:30:00,PE,232,"269,8",SERTANIA,Animais na Pista,Tombamento,Com Vítimas Feridas,Plena Noite,Crescente,Céu Claro,Simples,Reta,Não,1,0,1,0,0,0,1,1,"-8,40520693","-37,20955497",SPRF-PE,DEL03-PE,UOP02-DEL03-PE
347742.0,2021-02-11,quinta-feira,14:30:00,PE,232,190,BELO JARDIM,Reação tardia ou ineficiente do condutor,Colisão traseira,Com Vítimas Feridas,Pleno dia,Crescente,Céu Claro,Simples,Reta,Não,3,0,1,1,0,1,2,2,"-8,35015509","-36,45964862",SPRF-PE,DEL02-PE,UOP03-DEL02-PE
347772.0,2021-03-23,terça-feira,15:00:00,PE,101,30,IGARASSU,Entrada inopinada do pedestre,Queda de ocupante de veículo,Com Vítimas Fatais,Pleno dia,Decrescente,Céu Claro,Dupla,Curva,Sim,3,1,0,0,1,1,0,3,"-7,73816195","-34,94265811",SPRF-PE,DEL01-PE,UOP02-DEL01-PE
347847.0,2021-03-24,quarta-feira,00:30:00,PE,101,79,JABOATAO DOS GUARARAPES,Velocidade Incompatível,Tombamento,Com Vítimas Feridas,Plena Noite,Decrescente,Garoa/Chuvisco,Dupla,Curva,Não,1,0,1,0,0,0,1,1,"-8,144228","-34,947304",SPRF-PE,DEL01-PE,UOP01-DEL01-PE
347850.0,2021-03-23,terça-feira,21:30:00,PE,423,142,IATI,Ingestão de álcool pelo condutor,Colisão frontal,Com Vítimas Fatais,Plena Noite,Crescente,Céu Claro,Simples,Reta,Não,4,2,1,0,1,0,1,2,"-8,99343116","-36,84577286",SPRF-PE,DEL03-PE,UOP01-DEL03-PE
347866.0,2021-03-24,quarta-feira,06:20:00,PE,101,86,JABOATAO DOS GUARARAPES,Reação tardia ou ineficiente do condutor,Colisão traseira,Com Vítimas Feridas,Pleno dia,Crescente,Chuva,Dupla,Reta,Não,3,0,1,0,2,0,1,3,"-8,18470013","-34,96816895",SPRF-PE,DEL01-PE,UOP03-DEL01-PE
347884.0,2021-03-24,quarta-feira,09:00:00,PE,101,86,JABOATAO DOS GUARARAPES,Chuva,Eventos atípicos,Com Vítimas Feridas,Pleno dia,Crescente,Chuva,Dupla,Reta,Não,1,0,1,0,0,0,1,1,"-8,1847001339","-34,9681689505",SPRF-PE,DEL01-PE,UOP03-DEL01-PE
347894.0,2021-03-24,quarta-feira,09:50:00,PE,408,36,ALIANCA,Chuva,Colisão lateral sentido oposto,Com Vítimas Fatais,Pleno dia,Crescente,Chuva,Simples,Curva,Não,4,1,1,1,1,0,2,2,"-7,61947891","-35,24140725",SPRF-PE,DEL01-PE,UOP01-DEL01-PE
347937.0,2021-03-24,quarta-feira,15:40:00,PE,316,139,PARNAMIRIM,Mal súbito do condutor,Colisão frontal,Com Vítimas Fatais,Pleno dia,Crescente,Sol,Simples,Declive;Reta                  ,Não,3,1,0,0,1,1,0,3,"-8,0760505","-39,62486222",SPRF-PE,DEL05-PE,UOP02-DEL05-PE
348231.0,2021-03-26,sexta-feira,09:15:00,PE,232,"135,7",CARUARU,Velocidade Incompatível,Colisão traseira,Com Vítimas Feridas,Pleno dia,Decrescente,Céu Claro,Dupla,Reta,Não,4,0,3,0,1,0,3,3,"-8,31273862","-36,03901863",SPRF-PE,DEL02-PE,UOP03-DEL02-PE
348323.0,2021-03-26,sexta-feira,19:00:00,PE,101,67,RECIFE,Trafegar com motocicleta (ou similar) entre as faixas,Colisão lateral mesmo sentido,Com Vítimas Fatais,Plena Noite,Crescente,Nublado,Dupla,Reta,Sim,5,1,0,1,1,2,1,4,"-8,04514","-34,94441",SPRF-PE,DEL01-PE,UOP01-DEL01-PE
348501.0,2021-03-27,sábado,19:00:00,PE,423,"114,6",PARANATAMA,Condutor deixou de manter distância do veículo da frente,Colisão traseira,Com Vítimas Feridas,Plena Noite,Crescente,Chuva,Simples,Reta,Não,2,0,0,1,1,0,1,2,"-8,8998297","-36,64277108",SPRF-PE,DEL03-PE,UOP01-DEL03-PE
348767.0,2021-03-29,segunda-feira,04:35:00,PE,232,"292,8",SERTANIA,Animais na Pista,Saída de leito carroçável,Com Vítimas Feridas,Plena Noite,Crescente,Nublado,Simples,Reta,Não,2,0,1,0,1,0,1,1,"-8,2909552","-37,37963148",SPRF-PE,DEL03-PE,UOP02-DEL03-PE
348923.0,2021-03-30,terça-feira,05:30:00,PE,101,204,XEXEU,Declive acentuado,Saída de leito carroçável,Com Vítimas Feridas,Pleno dia,Decrescente,Céu Claro,Dupla,Curva;Declive                 ,Sim,1,0,0,1,0,0,1,1,"-8,80610905","-35,62758381",SPRF-PE,DEL01-PE,UOP03-DEL01-PE
348941.0,2021-03-30,terça-feira,07:45:00,PE,101,77,RECIFE,Manobra de mudança de faixa,Colisão traseira,Com Vítimas Feridas,Pleno dia,Crescente,Nublado,Dupla,Reta,Sim,2,0,1,0,0,1,1,2,"-8,126982","-34,94386",SPRF-PE,DEL01-PE,UOP01-DEL01-PE
349116.0,2021-03-31,quarta-feira,06:50:00,PE,232,"8,5",RECIFE,Manobra de mudança de faixa,Colisão lateral mesmo sentido,Com Vítimas Feridas,Pleno dia,Crescente,Céu Claro,Múltipla,Reta,Sim,2,0,1,0,1,0,1,2,"-8,07583727","-34,97015791",SPRF-PE,DEL01-PE,UOP01-DEL01-PE
349285.0,2021-04-01,quinta-feira,03:20:00,PE,101,"45,1",IGARASSU,Condutor Dormindo,Colisão com objeto,Com Vítimas Feridas,Plena Noite,Decrescente,Céu Claro,Múltipla,Reta,Sim,1,0,0,1,0,0,1,1,"-7,86521297","-34,90715176",SPRF-PE,DEL01-PE,UOP02-DEL01-PE
349455.0,2021-01-22,sexta-feira,04:00:00,PE,101,62,RECIFE,Manobra de mudança de faixa,Tombamento,Com Vítimas Feridas,Amanhecer,Decrescente,Vento,Simples,Reta,Sim,2,0,0,2,0,0,2,1,"-7,99905898","-34,93899295",SPRF-PE,DEL01-PE,UOP02-DEL01-PE
349831.0,2021-03-08,segunda-feira,06:40:00,PE,232,139,CARUARU,Entrada inopinada do pedestre,Atropelamento de Pedestre,Com Vítimas Fatais,Pleno dia,Decrescente,Sol,Dupla,Aclive,Não,3,1,0,0,2,0,0,2,"-8,319793","-36,068249",SPRF-PE,DEL02-PE,UOP03-DEL02-PE
349994.0,2021-04-05,segunda-feira,00:30:00,PE,428,"7,5",CABROBO,Demais falhas mecânicas ou elétricas,Incêndio,Sem Vítimas,Plena Noite,Crescente,Ignorado,Simples,Reta,Não,1,0,0,0,1,0,0,1,"-8,51974841","-39,2828762",SPRF-PE,DEL05-PE,UOP03-DEL05-PE
350004.0,2021-04-05,segunda-feira,03:30:00,PE,232,441,SAO JOSE DO BELMONTE,Problema com o freio,Incêndio,Sem Vítimas,Amanhecer,Decrescente,Nublado,Simples,Declive,Não,1,0,0,0,0,1,0,1,"-8,01292062","-38,56799502",SPRF-PE,DEL04-PE,UOP01-DEL04-PE
350333.0,2021-04-06,terça-feira,19:50:00,PE,316,106,OURICURI,Transitar na contramão,Colisão frontal,Com Vítimas Feridas,Plena Noite,Decrescente,Ignorado,Simples,Reta,Não,6,0,3,2,0,1,5,2,"-7,94145577","-39,9386279",SPRF-PE,DEL05-PE,UOP02-DEL05-PE
350479.0,2021-04-07,quarta-feira,18:15:00,PE,423,48,CACHOEIRINHA,Ingestão de álcool pelo condutor,Colisão frontal,Com Vítimas Feridas,Plena Noite,Crescente,Céu Claro,Simples,Reta,Não,7,0,0,3,3,1,3,4,"-8,55743702","-36,27516696",SPRF-PE,DEL03-PE,UOP01-DEL03-PE
350587.0,2021-04-08,quinta-feira,06:00:00,PE,423,117,PARANATAMA,Condutor deixou de manter distância do veículo da frente,Saída de leito carroçável,Sem Vítimas,Pleno dia,Decrescente,Céu Claro,Simples,Reta,Não,1,0,0,0,1,0,0,1,"-8,90662085","-36,66901104",SPRF-PE,DEL03-PE,UOP01-DEL03-PE
350784.0,2021-04-09,sexta-feira,15:25:00,PE,101,68,RECIFE,Condutor deixou de manter distância do veículo da frente,Engavetamento,Com Vítimas Feridas,Pleno dia,Decrescente,Nublado,Dupla,Viaduto,Sim,7,0,3,1,3,0,4,4,"-8,05074296","-34,94580619",SPRF-PE,DEL01-PE,UOP01-DEL01-PE
350823.0,2021-04-09,sexta-feira,17:51:00,PE,232,183,BELO JARDIM,Acessar a via sem observar a presença dos outros veículos,Colisão transversal,Com Vítimas Feridas,Anoitecer,Decrescente,Céu Claro,Simples,Reta,Não,4,0,0,1,2,1,1,4,"-8,34981605","-36,45554399",SPRF-PE,DEL02-PE,UOP03-DEL02-PE
350866.0,2021-04-09,sexta-feira,21:35:00,PE,101,68,RECIFE,Reação tardia ou ineficiente do condutor,Colisão traseira,Com Vítimas Feridas,Plena Noite,Decrescente,Nublado,Dupla,Viaduto,Sim,2,0,1,0,1,0,1,2,"-8,05133","-34,945921",SPRF-PE,DEL01-PE,UOP01-DEL01-PE
350981.0,2021-04-10,sábado,11:20:00,PE,101,"35,7",ITAPISSUMA,Manobra de mudança de faixa,Colisão lateral mesmo sentido,Com Vítimas Fatais,Pleno dia,Decrescente,Chuva,Dupla,Aclive,Não,2,1,0,0,1,0,0,2,"-7,77952193","-34,93231384",SPRF-PE,DEL01-PE,UOP02-DEL01-PE
351000.0,2021-04-10,sábado,15:45:00,PE,101,35,IGARASSU,Reação tardia ou ineficiente do condutor,Colisão traseira,Com Vítimas Feridas,Pleno dia,Decrescente,Chuva,Dupla,Declive,Não,2,0,1,0,0,1,1,2,"-7,77952193","-34,93231384",SPRF-PE,DEL01-PE,UOP02-DEL01-PE
351283.0,2021-04-11,domingo,19:50:00,PE,232,217,PESQUEIRA,Transitar na contramão,Colisão lateral sentido oposto,Com Vítimas Feridas,Plena Noite,Crescente,Céu Claro,Simples,Aclive,Não,4,0,1,1,2,0,2,2,"-8,393354","-36,760697",SPRF-PE,DEL03-PE,UOP02-DEL03-PE
351375.0,2021-04-12,segunda-feira,10:30:00,PE,101,"73,8",RECIFE,Condutor deixou de manter distância do veículo da frente,Colisão traseira,Com Vítimas Feridas,Pleno dia,Decrescente,Nublado,Dupla,Reta,Sim,3,0,1,0,1,1,1,3,"-8,093369","-34,947464",SPRF-PE,DEL01-PE,UOP01-DEL01-PE
351434.0,2021-04-12,segunda-feira,15:23:00,PE,101,"35,5",IGARASSU,Problema com o freio,Colisão traseira,Sem Vítimas,Pleno dia,Decrescente,Nublado,Dupla,Reta,Não,3,0,0,0,3,0,0,3,"-7,77952193","-34,93231384",SPRF-PE,DEL01-PE,UOP02-DEL01-PE
351473.0,2021-04-12,segunda-feira,19:45:00,PE,232,"242,2",ARCOVERDE,Condutor Dormindo,Saída de leito carroçável,Com Vítimas Feridas,Plena Noite,Crescente,Ignorado,Simples,Reta,Não,1,0,0,1,0,0,1,1,"-8,41530367","-36,98020602",SPRF-PE,DEL03-PE,UOP02-DEL03-PE
351567.0,2021-03-17,quarta-feira,18:00:00,PE,101,49,ABREU E LIMA,Trafegar com motocicleta (ou similar) entre as faixas,Colisão lateral mesmo sentido,Com Vítimas Feridas,Anoitecer,Decrescente,Ignorado,Múltipla,Reta,Sim,2,0,0,1,1,0,1,2,"-7,9005152","-34,90180641",SPRF-PE,DEL01-PE,UOP02-DEL01-PE
351570.0,2021-03-17,quarta-feira,11:30:00,PE,101,"42,6",IGARASSU,Acesso irregular,Colisão transversal,Com Vítimas Feridas,Pleno dia,Decrescente,Sol,Múltipla,Declive,Sim,2,0,0,1,1,0,1,2,"-7,83887431","-34,91196739",SPRF-PE,DEL01-PE,UOP02-DEL01-PE
351608.0,2021-03-27,sábado,15:35:00,PE,101,41,IGARASSU,Manobra de mudança de faixa,Colisão lateral mesmo sentido,Com Vítimas Feridas,Pleno dia,Crescente,Sol,Múltipla,Reta,Sim,6,0,1,2,2,1,3,4,"-7,83038346","-34,91426785",SPRF-PE,DEL01-PE,UOP02-DEL01-PE
351732.0,2021-04-14,quarta-feira,11:30:00,PE,408,"86,7",PAUDALHO,Carga excessiva e/ou mal acondicionada,Tombamento,Com Vítimas Feridas,Pleno dia,Crescente,Céu Claro,Dupla,Declive;Reta                  ,Não,1,0,1,0,0,0,1,1,"-7,965157","-35,092719",SPRF-PE,DEL01-PE,UOP01-DEL01-PE
351877.0,2021-03-17,quarta-feira,07:50:00,PE,101,"70,5",RECIFE,Acessar a via sem observar a presença dos outros veículos,Colisão transversal,Com Vítimas Feridas,Pleno dia,Crescente,Céu Claro,Simples,Reta,Sim,2,0,1,0,1,0,1,2,"-8,072312","-34,942798",SPRF-PE,DEL01-PE,UOP01-DEL01-PE