id,data_inversa,dia_semana,horario,uf,br,km,municipio,causa_acidente,tipo_acidente,classificacao_acidente,fase_dia,sentido_via,condicao_metereologica,tipo_pista,tracado_via,uso_solo,pessoas,mortos,feridos_leves,feridos_graves,ilesos,ignorados,feridos,veiculos,latitude,longitude,regional,delegacia,uop
352008.0,2021-04-15,quinta-feira,18:10:00,PE,232,"169,7",TACAIMBO,Ultrapassagem Indevida,Colisão frontal,Com Vítimas Feridas,Plena Noite,Decrescente,Chuva,Simples,Curva,Não,3,0,1,1,1,0,2,2,"-8,3399573","-36,334402",SPRF-PE,DEL02-PE,UOP03-DEL02-PE
352201.0,2021-03-16,terça-feira,07:20:00,PE,232,134,CARUARU,Condutor deixou de manter distância do veículo da frente,Colisão transversal,Com Vítimas Feridas,Pleno dia,Decrescente,Céu Claro,Dupla,Reta,Sim,2,0,1,0,1,0,1,2,"-8,30853497","-36,02442101",SPRF-PE,DEL02-PE,UOP03-DEL02-PE
352503.0,2021-04-18,domingo,10:10:00,PE,101,44,IGARASSU,Velocidade Incompatível,Colisão traseira,Com Vítimas Feridas,Pleno dia,Crescente,Nublado,Múltipla,Declive;Reta                  ,Sim,3,0,2,0,1,0,2,3,"-7,85637001","-34,90842109",SPRF-PE,DEL01-PE,UOP02-DEL01-PE
352573.0,2021-04-18,domingo,18:45:00,PE,101,"189,5",PALMARES,Pedestre andava na pista,Atropelamento de Pedestre,Com Vítimas Fatais,Plena Noite,Crescente,Chuva,Dupla,Curva,Sim,2,1,0,0,0,1,0,2,"-8,69036647","-35,60430503",SPRF-PE,DEL01-PE,UOP01-DEL01-PE
352627.0,2021-04-18,domingo,22:20:00,PE,101,189,PALMARES,Velocidade Incompatível,Saída de leito carroçável,Com Vítimas Feridas,Plena Noite,Decrescente,Chuva,Dupla,Curva;Declive                 ,Sim,1,0,0,1,0,0,1,1,"-8,69036647","-35,60430503",SPRF-PE,DEL01-PE,UOP01-DEL01-PE
352851.0,2021-04-19,segunda-feira,18:05:00,PE,101,"79,8",JABOATAO DOS GUARARAPES,Problema com o freio,Colisão transversal,Com Vítimas Feridas,Plena Noite,Decrescente,Céu Claro,Dupla,Reta,Sim,3,0,0,2,1,0,2,3,"-8,14923782","-34,94337916",SPRF-PE,DEL01-PE,UOP01-DEL01-PE
352956.0,2021-04-20,terça-feira,14:50:00,PE,232,"22,3",MORENO,Condutor deixou de manter distância do veículo da frente,Colisão traseira,Com Vítimas Feridas,Pleno dia,Crescente,Céu Claro,Dupla,Reta,Não,6,0,2,0,4,0,2,2,"-8,097553","-35,090746",SPRF-PE,DEL01-PE,UOP01-DEL01-PE
352957.0,2021-04-20,terça-feira,15:00:00,PE,101,"43,9",IGARASSU,Condutor deixou de manter distância do veículo da frente,Colisão traseira,Com Vítimas Feridas,Pleno dia,Crescente,Céu Claro,Múltipla,Reta,Não,4,0,2,0,1,1,2,3,"-7,84753808","-34,90977038",SPRF-PE,DEL01-PE,UOP02-DEL01-PE
353170.0,2021-04-21,quarta-feira,18:20:00,PE,101,"79,7",JABOATAO DOS GUARARAPES,Ingestão de álcool pelo condutor,Colisão traseira,Com Vítimas Feridas,Plena Noite,Crescente,Céu Claro,Dupla,Reta,Sim,6,0,1,0,4,1,1,5,"-8,14366112","-34,94723453",SPRF-PE,DEL01-PE,UOP01-DEL01-PE
353239.0,2021-04-22,quinta-feira,00:15:00,PE,110,108,SERTANIA,Curva acentuada,Tombamento,Com Vítimas Fatais,Plena Noite,Decrescente,Céu Claro,Simples,Curva,Não,2,1,1,0,0,0,1,1,"-8,41044284","-37,37850199",SPRF-PE,DEL03-PE,UOP02-DEL03-PE
353600.0,2021-04-24,sábado,06:00:00,PE,104,"118,3",PANELAS,Demais falhas mecânicas ou elétricas,Tombamento,Com Vítimas Feridas,Pleno dia,Crescente,Nublado,Simples,Curva,Não,1,0,0,1,0,0,1,1,"-8,687511","-36,017384",SPRF-PE,DEL02-PE,UOP01-DEL02-PE
353610.0,2021-04-24,sábado,07:45:00,PE,232,15,JABOATAO DOS GUARARAPES,Ingestão de álcool pelo condutor,Colisão lateral mesmo sentido,Sem Vítimas,Pleno dia,Crescente,Céu Claro,Dupla,Reta,Não,2,0,0,0,2,0,0,2,"-8,09137732","-35,02917918",SPRF-PE,DEL01-PE,UOP01-DEL01-PE
353826.0,2021-04-25,domingo,14:15:00,PE,101,"40,5",IGARASSU,Reação tardia ou ineficiente do condutor,Colisão traseira,Com Vítimas Feridas,Pleno dia,Decrescente,Céu Claro,Dupla,Reta,Sim,2,0,0,1,0,1,1,2,"-7,821475","-34,916545",SPRF-PE,DEL01-PE,UOP02-DEL01-PE
354103.0,2021-04-26,segunda-feira,21:30:00,PE,232,"509,3",SALGUEIRO,Ingestão de álcool pelo condutor,Colisão frontal,Com Vítimas Fatais,Plena Noite,Crescente,Céu Claro,Simples,Reta,Sim,2,1,0,0,1,0,0,2,"-8,06449154","-39,1298447",SPRF-PE,DEL05-PE,UOP01-DEL05-PE
354157.0,2021-02-20,sábado,00:50:00,PE,423,132,SALOA,Velocidade Incompatível,Tombamento,Com Vítimas Fatais,Plena Noite,Crescente,Céu Claro,Simples,Declive;Curva                 ,Não,1,1,0,0,0,0,0,1,"-8,9612481","-36,73240198",SPRF-PE,DEL03-PE,UOP01-DEL03-PE
354338.0,2021-04-28,quarta-feira,10:40:00,PE,101,80,JABOATAO DOS GUARARAPES,Reação tardia ou ineficiente do condutor,Colisão traseira,Sem Vítimas,Pleno dia,Crescente,Nublado,Simples,Reta,Sim,2,0,0,0,1,1,0,2,"-8,15112589","-34,9428866",SPRF-PE,DEL01-PE,UOP01-DEL01-PE
354546.0,2021-04-29,quinta-feira,16:40:00,PE,232,"118,4",CARUARU,Ausência de reação do condutor,Colisão lateral mesmo sentido,Com Vítimas Feridas,Pleno dia,Decrescente,Céu Claro,Simples,Curva,Não,2,0,1,0,1,0,1,2,"-8,29431633","-35,88437194",SPRF-PE,DEL02-PE,UOP03-DEL02-PE
354677.0,2021-04-30,sexta-feira,11:05:00,PE,407,129,PETROLINA,Manobra de mudança de faixa,Colisão lateral mesmo sentido,Com Vítimas Feridas,Pleno dia,Decrescente,Céu Claro,Dupla,Reta,Sim,2,0,1,0,1,0,1,2,"-9,39958299","-40,50459298",SPRF-PE,DEL06-PE,UOP01-DEL06-PE
354781.0,2021-04-30,sexta-feira,17:40:00,PE,232,62,POMBOS,Problema com o freio,Colisão traseira,Com Vítimas Feridas,Anoitecer,Decrescente,Céu Claro,Dupla,Reta,Não,5,0,3,0,2,0,3,2,"-8,15598579","-35,42308007",SPRF-PE,DEL02-PE,UOP02-DEL02PE
355126.0,2021-05-02,domingo,02:45:00,PE,423,"172,3",AGUAS BELAS,Acumulo de água sobre o pavimento,Colisão lateral mesmo sentido,Sem Vítimas,Plena Noite,Crescente,Garoa/Chuvisco,Simples,Reta,Não,2,0,0,0,2,0,0,2,"-9,12811042","-37,06924697",SPRF-AL,DEL03-AL,UOP02-DEL03-AL
355214.0,2021-05-02,domingo,16:30:00,PE,428,"70,1",SANTA MARIA DA BOA VISTA,Velocidade Incompatível,Capotamento,Com Vítimas Feridas,Pleno dia,Crescente,Céu Claro,Simples,Curva,Não,2,0,2,0,0,0,2,1,"-8,6904","-39,76666",SPRF-PE,DEL06-PE,UOP03-DEL06-PE
355247.0,2021-05-02,domingo,19:30:00,PE,232,"211,1",PESQUEIRA,Chuva,Colisão frontal,Com Vítimas Fatais,Plena Noite,Decrescente,Garoa/Chuvisco,Simples,Reta,Sim,2,1,0,0,1,0,0,2,"-8,36899532","-36,70578682",SPRF-PE,DEL03-PE,UOP02-DEL03-PE
355283.0,2021-05-02,domingo,21:50:00,PE,232,"274,9",SERTANIA,Velocidade Incompatível,Capotamento,Com Vítimas Fatais,Plena Noite,Crescente,Chuva,Simples,Curva,Não,2,2,0,0,0,0,0,1,"-8,38396122","-37,24935312",SPRF-PE,DEL03-PE,UOP02-DEL03-PE
355316.0,2021-05-03,segunda-feira,07:45:00,PE,407,"125,6",PETROLINA,Manobra de mudança de faixa,Colisão lateral mesmo sentido,Com Vítimas Feridas,Pleno dia,Crescente,Céu Claro,Dupla,Retorno Regulamentado,Não,2,0,0,1,1,0,1,2,"-9,37739336","-40,53595733",SPRF-PE,DEL06-PE,UOP01-DEL06-PE
355432.0,2021-05-03,segunda-feira,18:05:00,PE,232,"211,3",PESQUEIRA,Transitar na contramão,Colisão lateral sentido oposto,Com Vítimas Fatais,Plena Noite,Crescente,Chuva,Simples,Reta,Sim,2,1,0,0,1,0,0,2,"-8,36899532","-36,70578682",SPRF-PE,DEL03-PE,UOP02-DEL03-PE
355439.0,2021-05-03,segunda-feira,18:50:00,PE,428,"155,9",PETROLINA,Ultrapassagem Indevida,Colisão frontal,Com Vítimas Fatais,Plena Noite,Decrescente,Céu Claro,Simples,Reta,Não,2,1,0,0,1,0,0,2,"-9,10860107","-40,33416488",SPRF-PE,DEL06-PE,UOP01-DEL06-PE
355666.0,2021-05-04,terça-feira,23:20:00,PE,232,"19,1",MORENO,Velocidade Incompatível,Colisão traseira,Com Vítimas Feridas,Plena Noite,Crescente,Chuva,Dupla,Curva,Não,4,0,1,0,3,0,1,2,"-8,098228","-35,06475",SPRF-PE,DEL01-PE,UOP01-DEL01-PE
355954.0,2021-05-06,quinta-feira,15:50:00,PE,101,76,RECIFE,Animais na Pista,Atropelamento de Animal,Sem Vítimas,Pleno dia,Crescente,Nublado,Dupla,Reta,Sim,1,0,0,0,1,0,0,1,"-8,127828","-34,944069",SPRF-PE,DEL01-PE,UOP01-DEL01-PE
355966.0,2021-05-06,quinta-feira,17:00:00,PE,407,"75,9",PETROLINA,Demais falhas mecânicas ou elétricas,Tombamento,Com Vítimas Feridas,Pleno dia,Decrescente,Céu Claro,Simples,Curva,Não,2,0,2,0,0,0,2,1,"-8,97042107","-40,71596513",SPRF-PE,DEL06-PE,UOP02-DEL06-PE
356071.0,2021-04-23,sexta-feira,16:50:00,PE,101,54,PAULISTA,Acessar a via sem observar a presença dos outros veículos,Colisão frontal,Com Vítimas Feridas,Pleno dia,Crescente,Céu Claro,Múltipla,Curva,Não,2,0,0,1,1,0,1,2,"-7,93961103","-34,90356584",SPRF-PE,DEL01-PE,UOP02-DEL01-PE
356114.0,2021-05-07,sexta-feira,09:40:00,PE,101,"43,7",IGARASSU,Pedestre cruzava a pista fora da faixa,Atropelamento de Pedestre,Com Vítimas Feridas,Pleno dia,Decrescente,Sol,Múltipla,Reta;Aclive                   ,Sim,2,0,1,0,1,0,1,2,"-7,84753808","-34,90977038",SPRF-PE,DEL01-PE,UOP02-DEL01-PE
356382.0,2021-05-08,sábado,11:50:00,PE,101,"45,8",IGARASSU,Pedestre andava na pista,Atropelamento de Pedestre,Com Vítimas Fatais,Pleno dia,Crescente,Nublado,Dupla,Reta,Sim,2,1,0,0,1,0,0,2,"-7,86521297","-34,90715176",SPRF-PE,DEL01-PE,UOP02-DEL01-PE
356401.0,2021-05-08,sábado,14:40:00,PE,316,100,OURICURI,Transitar na contramão,Tombamento,Com Vítimas Feridas,Pleno dia,Crescente,Céu Claro,Simples,Aclive,Não,1,0,1,0,0,0,1,1,"-7,93798009","-39,94691304",SPRF-PE,DEL05-PE,UOP02-DEL05-PE
356648.0,2021-05-09,domingo,15:30:00,PE,232,434,SERRA TALHADA,Transitar na contramão,Colisão lateral sentido oposto,Sem Vítimas,Pleno dia,Decrescente,Céu Claro,Simples,Reta,Não,2,0,0,0,2,0,0,2,"-8,00974762","-38,50744192",SPRF-PE,DEL04-PE,UOP01-DEL04-PE
356749.0,2021-05-09,domingo,16:40:00,PE,232,"214,5",PESQUEIRA,Transitar na contramão,Colisão lateral sentido oposto,Com Vítimas Fatais,Pleno dia,Crescente,Chuva,Simples,Reta,Não,2,1,0,0,1,0,0,2,"-8,3804455","-36,73076279",SPRF-PE,DEL03-PE,UOP02-DEL03-PE
356776.0,2021-05-10,segunda-feira,01:30:00,PE,232,16,JABOATAO DOS GUARARAPES,Ausência de reação do condutor,Colisão traseira,Sem Vítimas,Plena Noite,Decrescente,Chuva,Dupla,Reta,Não,3,0,0,0,3,0,0,2,"-8,09414193","-35,03716601",SPRF-PE,DEL01-PE,UOP01-DEL01-PE
356837.0,2021-05-10,segunda-feira,10:00:00,PE,101,"46,5",IGARASSU,Frear bruscamente,Colisão com objeto,Sem Vítimas,Pleno dia,Crescente,Chuva,Múltipla,Reta,Sim,1,0,0,0,1,0,0,1,"-7,87406004","-34,90588126",SPRF-PE,DEL01-PE,UOP02-DEL01-PE
356928.0,2021-05-10,segunda-feira,18:30:00,PE,101,"32,7",IGARASSU,Manobra de mudança de faixa,Colisão lateral mesmo sentido,Com Vítimas Feridas,Plena Noite,Decrescente,Céu Claro,Dupla,Retorno Regulamentado,Não,2,0,0,1,0,1,1,2,"-7,75972891","-34,93565237",SPRF-PE,DEL01-PE,UOP02-DEL01-PE
357033.0,2021-04-17,sábado,02:30:00,PE,232,173,BELO JARDIM,Transitar na contramão,Colisão frontal,Com Vítimas Feridas,Plena Noite,Decrescente,Céu Claro,Simples,Reta,Não,2,0,0,1,1,0,1,2,"-8,33916255","-36,36917103",SPRF-PE,DEL02-PE,UOP03-DEL02-PE
357054.0,2021-05-11,terça-feira,09:30:00,PE,428,1,BELEM DE SAO FRANCISCO,Demais falhas mecânicas ou elétricas,Incêndio,Sem Vítimas,Pleno dia,Crescente,Nublado,Simples,Reta,Não,1,0,0,0,1,0,0,1,"-8,54390248","-39,23498024",SPRF-PE,DEL05-PE,UOP01-DEL05-PE
357094.0,2021-05-03,segunda-feira,07:40:00,PE,101,152,RIBEIRAO,Reação tardia ou ineficiente do condutor,Tombamento,Com Vítimas Feridas,Pleno dia,Decrescente,Céu Claro,Dupla,Interseção de Vias,Sim,1,0,1,0,0,0,1,1,"-8,510038","-35,385747",SPRF-PE,DEL01-PE,UOP01-DEL01-PE
357105.0,2021-05-11,terça-feira,01:00:00,PE,232,356,FLORES,Velocidade Incompatível,Saída de leito carroçável,Com Vítimas Feridas,Plena Noite,Decrescente,Garoa/Chuvisco,Simples,Curva,Não,1,0,1,0,0,0,1,1,"-8,04849067","-37,84054579",SPRF-PE,DEL04-PE,UOP01-DEL04-PE
357286.0,2021-05-12,quarta-feira,09:40:00,PE,101,"175,6",JOAQUIM NABUCO,Demais falhas mecânicas ou elétricas,Incêndio,Sem Vítimas,Pleno dia,Crescente,Céu Claro,Dupla,Reta,Não,1,0,0,0,1,0,0,1,"-8,605658","-35,540172",SPRF-PE,DEL01-PE,UOP01-DEL01-PE
357365.0,2021-05-12,quarta-feira,22:10:00,PE,101,"71,9",RECIFE,Chuva,Colisão traseira,Com Vítimas Feridas,Plena Noite,Crescente,Chuva,Dupla,Reta,Sim,2,0,1,0,1,0,1,2,"-8,085116","-34,945505",SPRF-PE,DEL01-PE,UOP01-DEL01-PE
357393.0,2021-03-10,quarta-feira,11:20:00,PE,423,105,GARANHUNS,Transitar na contramão,Colisão lateral sentido oposto,Com Vítimas Feridas,Pleno dia,Crescente,Sol,Simples,Reta,Não,3,0,0,2,1,0,2,2,"-8,87945755","-36,56404811",SPRF-PE,DEL03-PE,UOP01-DEL03-PE
357515.0,2021-03-05,sexta-feira,20:35:00,PE,232,"255,4",ARCOVERDE,Transitar na contramão,Colisão frontal,Com Vítimas Fatais,Plena Noite,Decrescente,Céu Claro,Simples,Reta,Sim,2,1,0,0,1,0,0,2,"-8,4124021","-37,08493608",SPRF-PE,DEL03-PE,UOP02-DEL03-PE
357753.0,2021-05-14,sexta-feira,23:20:00,PE,101,70,RECIFE,Ausência de reação do condutor,Colisão traseira,Sem Vítimas,Plena Noite,Decrescente,Chuva,Simples,Curva,Não,2,0,0,0,1,1,0,2,"-8,06776119","-34,94265074",SPRF-PE,DEL01-PE,UOP01-DEL01-PE
357970.0,2021-05-15,sábado,20:15:00,PE,423,"94,5",GARANHUNS,Ingestão de álcool pelo condutor,Colisão transversal,Sem Vítimas,Plena Noite,Crescente,Nublado,Simples,Interseção de Vias;Reta       ,Sim,4,0,0,0,4,0,0,2,"-8,874732","-36,46946",SPRF-PE,DEL03-PE,UOP01-DEL03-PE
357978.0,2021-05-15,sábado,23:15:00,PE,232,"401,8",SERRA TALHADA,Condutor Dormindo,Saída de leito carroçável,Com Vítimas Feridas,Plena Noite,Decrescente,Nublado,Simples,Reta,Não,2,0,1,1,0,0,2,1,"-8,01192014","-38,23408003",SPRF-PE,DEL04-PE,UOP01-DEL04-PE
358027.0,2021-05-16,domingo,06:55:00,PE,232,"10,2",JABOATAO DOS GUARARAPES,Manobra de mudança de faixa,Colisão lateral mesmo sentido,Com Vítimas Feridas,Pleno dia,Decrescente,Nublado,Múltipla,Reta,Sim,5,0,3,0,1,1,3,3,"-8,079686","-34,989267",SPRF-PE,DEL01-PE,UOP01-DEL01-PE
358079.0,2021-05-16,domingo,13:41:00,PE,232,"163,6",TACAIMBO,Entrada inopinada do pedestre,Atropelamento de Pedestre,Com Vítimas Feridas,Pleno dia,Crescente,Céu Claro,Simples,Reta,Sim,2,0,0,1,1,0,1,2,"-8,33443735","-36,2833786",SPRF-PE,DEL02-PE,UOP03-DEL02-PE
358218.0,2021-05-16,domingo,22:15:00,PE,232,102,BEZERROS,Problema com o freio,Capotamento,Com Vítimas Feridas,Plena Noite,Crescente,Céu Claro,Simples,Reta,Sim,2,0,0,2,0,0,2,1,"-8,24710671","-35,75844018",SPRF-PE,DEL02-PE,UOP02-DEL02PE
358230.0,2021-05-16,domingo,18:30:00,PE,101,"134,5",ESCADA,Acessar a via sem observar a presença dos outros veículos,Colisão lateral mesmo sentido,Com Vítimas Fatais,Plena Noite,Decrescente,Céu Claro,Dupla,Reta,Não,4,1,0,1,1,1,1,3,"-8,40994907","-35,28708799",SPRF-PE,DEL01-PE,UOP01-DEL01-PE
358255.0,2021-04-01,quinta-feira,14:20:00,PE,232,155,SAO CAITANO,Manobra de mudança de faixa,Colisão frontal,Com Vítimas Fatais,Pleno dia,Crescente,Céu Claro,Simples,Reta,Não,3,1,0,0,1,1,0,3,"-8,32878441","-36,20816698",SPRF-PE,DEL02-PE,UOP03-DEL02-PE
358405.0,2021-05-17,segunda-feira,17:30:00,PE,316,356,PETROLANDIA,Ausência de reação do condutor,Colisão traseira,Com Vítimas Fatais,Anoitecer,Decrescente,Garoa/Chuvisco,Simples,Reta,Não,2,1,0,0,0,1,0,2,"-8,895462","-38,248286",SPRF-PE,DEL04-PE,UOP01-DEL04-PE
358609.0,2021-05-19,quarta-feira,04:30:00,PE,232,"221,8",PESQUEIRA,Ausência de reação do condutor,Capotamento,Com Vítimas Feridas,Plena Noite,Crescente,Céu Claro,Simples,Reta,Não,1,0,1,0,0,0,1,1,"-8,40095324","-36,79199096",SPRF-PE,DEL03-PE,UOP02-DEL03-PE
358615.0,2021-05-19,quarta-feira,06:10:00,PE,232,"60,7",POMBOS,Objeto estático sobre o leito carroçável,Colisão com objeto,Sem Vítimas,Pleno dia,Crescente,Céu Claro,Dupla,Reta,Sim,1,0,0,0,1,0,0,1,"-8,14788448","-35,40768085",SPRF-PE,DEL02-PE,UOP02-DEL02PE
358619.0,2021-05-19,quarta-feira,07:00:00,PE,232,"126,5",CARUARU,Animais na Pista,Colisão traseira,Com Vítimas Feridas,Pleno dia,Crescente,Sol,Dupla,Reta,Sim,3,0,1,0,2,0,1,3,"-8,30819677","-35,95467594",SPRF-PE,DEL02-PE,UOP03-DEL02-PE
358947.0,2021-05-20,quinta-feira,19:30:00,PE,407,116,PETROLINA,Deficiência do Sistema de Iluminação/Sinalização,Colisão traseira,Com Vítimas Feridas,Plena Noite,Crescente,Céu Claro,Simples,Reta,Não,3,0,1,0,1,1,1,3,"-9,31144","-40,57527",SPRF-PE,DEL06-PE,UOP02-DEL06-PE
358960.0,2021-05-20,quinta-feira,18:00:00,PE,101,"163,5",AGUA PRETA,Velocidade Incompatível,Tombamento,Com Vítimas Feridas,Plena Noite,Decrescente,Nublado,Dupla,Curva,Não,2,0,1,1,0,0,2,1,"-8,553815","-35,449797",SPRF-PE,DEL01-PE,UOP01-DEL01-PE
359029.0,2021-05-21,sexta-feira,08:00:00,PE,101,"51,2",PAULISTA,Ausência de reação do condutor,Engavetamento,Com Vítimas Feridas,Pleno dia,Decrescente,Nublado,Múltipla,Reta,Sim,5,0,1,0,2,2,1,5,"-7,9169968","-34,89689272",SPRF-PE,DEL01-PE,UOP02-DEL01-PE
359246.0,2021-05-22,sábado,08:20:00,PE,232,439,SERRA TALHADA,Ultrapassagem Indevida,Colisão frontal,Com Vítimas Fatais,Pleno dia,Decrescente,Céu Claro,Simples,Curva,Não,2,1,0,0,1,0,0,2,"-8,01044513","-38,55081401",SPRF-PE,DEL04-PE,UOP01-DEL04-PE
359381.0,2021-05-22,sábado,21:30:00,PE,316,83,OURICURI,Ultrapassagem Indevida,Colisão frontal,Com Vítimas Feridas,Plena Noite,Decrescente,Céu Claro,Simples,Reta,Sim,4,0,0,2,1,1,2,3,"-7,87468608","-40,08532003",SPRF-PE,DEL05-PE,UOP02-DEL05-PE
359666.0,2021-05-24,segunda-feira,07:00:00,PE,232,8,JABOATAO DOS GUARARAPES,Condutor deixou de manter distância do veículo da frente,Colisão traseira,Com Vítimas Feridas,Pleno dia,Decrescente,Sol,Dupla,Reta,Sim,5,0,1,0,4,0,1,4,"-8,08195464","-34,99545022",SPRF-PE,DEL01-PE,UOP01-DEL01-PE
359894.0,2021-05-25,terça-feira,14:10:00,PE,232,"81,7",GRAVATA,Reação tardia ou ineficiente do condutor,Colisão traseira,Com Vítimas Feridas,Pleno dia,Decrescente,Céu Claro,Simples,Reta,Sim,2,0,1,0,1,0,1,2,"-8,19697746","-35,57850408",SPRF-PE,DEL02-PE,UOP02-DEL02PE
359960.0,2021-05-25,terça-feira,20:50:00,PE,101,"191,9",PALMARES,Condutor deixou de manter distância do veículo da frente,Colisão traseira,Sem Vítimas,Plena Noite,Crescente,Nublado,Dupla,Aclive,Não,2,0,0,0,2,0,0,2,"-8,70426509","-35,60781436",SPRF-PE,DEL01-PE,UOP01-DEL01-PE
360084.0,2021-05-26,quarta-feira,16:00:00,PE,407,"115,5",PETROLINA,Reação tardia ou ineficiente do condutor,Colisão traseira,Sem Vítimas,Pleno dia,Decrescente,Céu Claro,Simples,Interseção de Vias,Não,4,0,0,0,3,1,0,3,"-9,2990308","-40,58250065",SPRF-PE,DEL06-PE,UOP02-DEL06-PE
360360.0,2021-05-27,quinta-feira,22:00:00,PE,428,"160,9",PETROLINA,Ingestão de álcool pelo condutor,Colisão lateral sentido oposto,Com Vítimas Feridas,Plena Noite,Decrescente,Céu Claro,Simples,Reta,Não,2,0,0,1,1,0,1,2,"-9,163262","-40,366531",SPRF-PE,DEL06-PE,UOP01-DEL06-PE
360427.0,2021-05-28,sexta-feira,07:25:00,PE,232,450,SAO JOSE DO BELMONTE,Reação tardia ou ineficiente do condutor,Colisão transversal,Com Vítimas Feridas,Pleno dia,Crescente,Céu Claro,Simples,Reta,Não,2,0,1,0,1,0,1,2,"-7,98214482","-38,63480402",SPRF-PE,DEL04-PE,UOP01-DEL04-PE
360518.0,2021-05-28,sexta-feira,18:20:00,PE,101,80,JABOATAO DOS GUARARAPES,Acessar a via sem observar a presença dos outros veículos,Colisão transversal,Com Vítimas Feridas,Plena Noite,Crescente,Nublado,Dupla,Reta,Sim,2,0,1,0,1,0,1,2,"-8,15112589","-34,9428866",SPRF-PE,DEL01-PE,UOP01-DEL01-PE
360696.0,2021-05-29,sábado,08:50:00,PE,101,73,RECIFE,Acessar a via sem observar a presença dos outros veículos,Colisão lateral mesmo sentido,Com Vítimas Feridas,Pleno dia,Decrescente,Céu Claro,Dupla,Curva,Sim,2,0,1,0,0,1,1,2,"-8,093369","-34,947464",SPRF-PE,DEL01-PE,UOP01-DEL01-PE
360943.0,2021-05-23,domingo,00:45:00,PE,232,"394,3",SERRA TALHADA,Manobra de mudança de faixa,Colisão frontal,Com Vítimas Feridas,Plena Noite,Decrescente,Céu Claro,Simples,Reta,Não,3,0,2,0,1,0,2,2,"-8,02740225","-38,17500114",SPRF-PE,DEL04-PE,UOP01-DEL04-PE
360959.0,2021-04-15,quinta-feira,15:00:00,PE,428,108,SANTA MARIA DA BOA VISTA,Mal súbito do condutor,Colisão lateral sentido oposto,Com Vítimas Feridas,Pleno dia,Crescente,Céu Claro,Simples,Reta,Não,3,0,2,0,0,1,2,3,"-8,87327346","-40,01846372",SPRF-PE,DEL06-PE,UOP03-DEL06-PE
361117.0,2021-05-31,segunda-feira,07:20:00,PE,101,"127,8",ESCADA,Reação tardia ou ineficiente do condutor,Atropelamento de Pedestre,Com Vítimas Feridas,Pleno dia,Decrescente,Sol,Dupla,Reta,Sim,3,0,0,2,1,0,2,2,"-8,37472564","-35,23663257",SPRF-PE,DEL01-PE,UOP01-DEL01-PE
361227.0,2021-03-13,sábado,20:30:00,PE,101,"42,6",IGARASSU,Manobra de mudança de faixa,Colisão transversal,Com Vítimas Feridas,Plena Noite,Decrescente,Vento,Múltipla,Declive,Sim,16,0,12,2,2,0,14,2,"-7,83887431","-34,91196739",SPRF-PE,DEL01-PE,UOP02-DEL01-PE
361290.0,2021-05-31,segunda-feira,21:00:00,PE,101,"8,6",GOIANA,Transitar na contramão,Colisão frontal,Com Vítimas Fatais,Plena Noite,Decrescente,Vento,Dupla,Reta,Não,2,1,0,0,0,1,0,2,"-7,56898134","-34,98959891",SPRF-PE,DEL01-PE,UOP02-DEL01-PE
361299.0,2021-06-01,terça-feira,00:30:00,PE,232,13,JABOATAO DOS GUARARAPES,Acessar a via sem observar a presença dos outros veículos,Colisão lateral mesmo sentido,Com Vítimas Fatais,Amanhecer,Decrescente,Chuva,Dupla,Declive,Não,3,1,0,1,0,1,1,2,"-8,08678","-35,005311",SPRF-PE,DEL01-PE,UOP01-DEL01-PE
361538.0,2021-06-02,quarta-feira,00:30:00,PE,428,"93,7",SANTA MARIA DA BOA VISTA,Transitar na contramão,Tombamento,Sem Vítimas,Plena Noite,Decrescente,Ignorado,Simples,Reta,Não,2,0,0,0,1,1,0,2,"-8,80627","-39,90485",SPRF-PE,DEL06-PE,UOP03-DEL06-PE
361542.0,2021-06-02,quarta-feira,11:00:00,PE,101,"77,4",RECIFE,Desrespeitar a preferência no cruzamento,Tombamento,Com Vítimas Feridas,Pleno dia,Crescente,Céu Claro,Dupla,Reta,Não,2,0,1,0,0,1,1,2,"-8,126982","-34,94386",SPRF-PE,DEL01-PE,UOP01-DEL01-PE
361570.0,2021-06-02,quarta-feira,13:10:00,PE,423,"84,2",SAO JOAO,Reação tardia ou ineficiente do condutor,Saída de leito carroçável,Sem Vítimas,Pleno dia,Crescente,Céu Claro,Simples,Declive,Não,1,0,0,0,1,0,0,1,"-8,798195","-36,43809",SPRF-PE,DEL03-PE,UOP01-DEL03-PE
361720.0,2021-06-03,quinta-feira,06:00:00,PE,101,77,RECIFE,Condutor deixou de manter distância do veículo da frente,Colisão traseira,Com Vítimas Feridas,Pleno dia,Decrescente,Nublado,Dupla,Retorno Regulamentado,Sim,2,0,1,0,1,0,1,2,"-8,13137","-34,945335",SPRF-PE,DEL01-PE,UOP01-DEL01-PE
361751.0,2021-06-03,quinta-feira,07:50:00,PE,101,"62,3",RECIFE,Manobra de mudança de faixa,Colisão com objeto,Sem Vítimas,Pleno dia,Crescente,Céu Claro,Dupla,Reta,Sim,2,0,0,0,1,1,0,2,"-7,99905898","-34,93899295",SPRF-PE,DEL01-PE,UOP02-DEL01-PE