id,data_inversa,dia_semana,horario,uf,br,km,municipio,causa_acidente,tipo_acidente,classificacao_acidente,fase_dia,sentido_via,condicao_metereologica,tipo_pista,tracado_via,uso_solo,pessoas,mortos,feridos_leves,feridos_graves,ilesos,ignorados,feridos,veiculos,latitude,longitude,regional,delegacia,uop
361781.0,2021-06-03,quinta-feira,10:53:00,PE,408,65,CARPINA,Ausência de reação do condutor,Colisão traseira,Com Vítimas Feridas,Pleno dia,Decrescente,Céu Claro,Dupla,Reta,Sim,2,0,0,1,1,0,1,2,"-7,85059029","-35,23198016",SPRF-PE,DEL01-PE,UOP01-DEL01-PE
362172.0,2021-06-05,sábado,12:50:00,PE,423,"68,4",JUPI,Manobra de mudança de faixa,Colisão lateral mesmo sentido,Com Vítimas Feridas,Pleno dia,Crescente,Chuva,Simples,Aclive,Não,2,0,1,0,1,0,1,2,"-8,67263685","-36,39346504",SPRF-PE,DEL03-PE,UOP01-DEL03-PE
362192.0,2021-06-05,sábado,15:00:00,PE,428,"108,4",SANTA MARIA DA BOA VISTA,Ausência de reação do condutor,Colisão frontal,Com Vítimas Fatais,Pleno dia,Crescente,Céu Claro,Simples,Reta,Não,3,2,0,0,1,0,0,2,"-8,87327346","-40,01846372",SPRF-PE,DEL06-PE,UOP03-DEL06-PE
362286.0,2021-06-05,sábado,19:50:00,PE,316,60,TRINDADE,Ingestão de álcool pelo condutor,Colisão traseira,Com Vítimas Feridas,Plena Noite,Decrescente,Céu Claro,Simples,Reta,Sim,2,0,1,0,0,1,1,2,"-7,77005418","-40,2584535",SPRF-PE,DEL05-PE,UOP02-DEL05-PE
362539.0,2021-06-07,segunda-feira,02:00:00,PE,232,"25,5",MORENO,Ingestão de álcool pelo condutor,Colisão frontal,Sem Vítimas,Plena Noite,Decrescente,Nublado,Dupla,Reta,Não,2,0,0,0,2,0,0,2,"-8,113733","-35,113137",SPRF-PE,DEL01-PE,UOP01-DEL01-PE
362605.0,2021-06-07,segunda-feira,08:30:00,PE,101,"32,9",IGARASSU,Ausência de reação do condutor,Colisão traseira,Sem Vítimas,Pleno dia,Decrescente,Nublado,Dupla,Reta,Não,2,0,0,0,2,0,0,2,"-7,7603842","-34,93543983",SPRF-PE,DEL01-PE,UOP02-DEL01-PE
362702.0,2021-06-07,segunda-feira,17:10:00,PE,101,94,CABO DE SANTO AGOSTINHO,Carga excessiva e/ou mal acondicionada,Tombamento,Sem Vítimas,Plena Noite,Decrescente,Nublado,Dupla,Interseção de Vias;Rotatória  ,Sim,1,0,0,0,1,0,0,1,"-8,24829064","-35,00697936",SPRF-PE,DEL01-PE,UOP01-DEL01-PE
362769.0,2021-06-08,terça-feira,05:00:00,PE,428,1,BELEM DE SAO FRANCISCO,Acessar a via sem observar a presença dos outros veículos,Colisão traseira,Com Vítimas Feridas,Amanhecer,Crescente,Céu Claro,Simples,Reta,Não,2,0,1,0,1,0,1,2,"-8,54390248","-39,23498024",SPRF-PE,DEL05-PE,UOP01-DEL05-PE
362862.0,2021-06-08,terça-feira,15:05:00,PE,101,"65,9",RECIFE,Reação tardia ou ineficiente do condutor,Colisão traseira,Com Vítimas Feridas,Pleno dia,Decrescente,Chuva,Múltipla,Reta,Sim,2,0,0,1,1,0,1,2,"-8,032878","-34,941928",SPRF-PE,DEL01-PE,UOP01-DEL01-PE
362957.0,2021-06-09,quarta-feira,01:00:00,PE,101,"8,3",GOIANA,Ingestão de álcool e/ou substâncias psicoativas pelo pedestre,Colisão frontal,Com Vítimas Feridas,Plena Noite,Decrescente,Chuva,Dupla,Curva,Não,2,0,1,0,1,0,1,2,"-7,56898134","-34,98959891",SPRF-PE,DEL01-PE,UOP02-DEL01-PE
363001.0,2021-06-09,quarta-feira,06:30:00,PE,101,124,ESCADA,Reação tardia ou ineficiente do condutor,Colisão traseira,Com Vítimas Feridas,Pleno dia,Crescente,Céu Claro,Dupla,Reta,Sim,2,0,0,1,1,0,1,2,"-8,361745","-35,213108",SPRF-PE,DEL01-PE,UOP01-DEL01-PE
363101.0,2021-05-27,quinta-feira,16:00:00,PE,110,"104,1",SERTANIA,Curva acentuada,Colisão frontal,Com Vítimas Fatais,Pleno dia,Crescente,Céu Claro,Simples,Curva,Não,4,1,0,0,2,1,0,2,"-8,3988809","-37,34819098",SPRF-PE,DEL03-PE,UOP02-DEL03-PE
363187.0,2021-06-10,quinta-feira,06:15:00,PE,232,407,SERRA TALHADA,Neblina,Colisão traseira,Com Vítimas Feridas,Amanhecer,Crescente,Nublado,Simples,Reta,Não,5,0,3,0,2,0,3,2,"-7,9854402","-38,27148304",SPRF-PE,DEL04-PE,UOP01-DEL04-PE
363364.0,2021-06-11,sexta-feira,03:20:00,PE,232,59,POMBOS,Acesso irregular,Colisão transversal,Com Vítimas Fatais,Plena Noite,Crescente,Céu Claro,Dupla,Reta,Sim,2,1,0,0,1,0,0,2,"-8,1471233","-35,39890998",SPRF-PE,DEL02-PE,UOP02-DEL02PE
363413.0,2021-06-11,sexta-feira,08:20:00,PE,423,"94,7",GARANHUNS,Reação tardia ou ineficiente do condutor,Colisão traseira,Com Vítimas Feridas,Pleno dia,Decrescente,Céu Claro,Simples,Reta,Sim,2,0,1,0,0,1,1,2,"-8,874732","-36,46946",SPRF-PE,DEL03-PE,UOP01-DEL03-PE
363414.0,2021-06-11,sexta-feira,09:50:00,PE,428,"187,9",PETROLINA,Condutor deixou de manter distância do veículo da frente,Colisão traseira,Sem Vítimas,Pleno dia,Crescente,Céu Claro,Simples,Rotatória,Sim,2,0,0,0,2,0,0,2,"-9,35604301","-40,47854198",SPRF-PE,DEL06-PE,UOP01-DEL06-PE
363503.0,2021-06-11,sexta-feira,17:30:00,PE,101,"68,2",RECIFE,Manobra de mudança de faixa,Colisão lateral mesmo sentido,Sem Vítimas,Amanhecer,Crescente,Nublado,Simples,Rotatória,Sim,2,0,0,0,2,0,0,2,"-8,039699","-34,89618301",SPRF-PE,DEL01-PE,UOP01-DEL01-PE
363671.0,2021-06-12,sábado,10:40:00,PE,101,70,RECIFE,Ingestão de álcool pelo condutor,Saída de leito carroçável,Sem Vítimas,Pleno dia,Decrescente,Céu Claro,Dupla,Curva,Sim,4,0,0,0,1,3,0,2,"-8,06776119","-34,94265074",SPRF-PE,DEL01-PE,UOP01-DEL01-PE
363689.0,2021-06-12,sábado,12:30:00,PE,101,70,RECIFE,Obras na pista,Colisão lateral mesmo sentido,Com Vítimas Feridas,Pleno dia,Decrescente,Céu Claro,Simples,Em Obras,Sim,2,0,1,0,1,0,1,2,"-8,06776119","-34,94265074",SPRF-PE,DEL01-PE,UOP01-DEL01-PE
363726.0,2021-06-12,sábado,17:45:00,PE,316,"3,4",ARARIPINA,Manobra de mudança de faixa,Colisão frontal,Com Vítimas Fatais,Anoitecer,Decrescente,Céu Claro,Simples,Reta,Não,2,1,0,0,1,0,0,2,"-7,45623884","-40,63650592",SPRF-PE,DEL05-PE,UOP02-DEL05-PE
364025.0,2021-06-13,domingo,23:00:00,PE,428,"141,9",PETROLINA,Ingestão de álcool pelo condutor,Colisão lateral sentido oposto,Com Vítimas Feridas,Plena Noite,Crescente,Céu Claro,Simples,Reta,Sim,2,0,0,1,1,0,1,2,"-8,99987394","-40,2721263",SPRF-PE,DEL06-PE,UOP01-DEL06-PE
364123.0,2021-06-14,segunda-feira,07:30:00,PE,428,"137,8",LAGOA GRANDE,Demais falhas mecânicas ou elétricas,Colisão traseira,Com Vítimas Feridas,Pleno dia,Crescente,Céu Claro,Simples,Reta,Não,2,0,1,0,1,0,1,2,"-8,97889942","-40,24736375",SPRF-PE,DEL06-PE,UOP03-DEL06-PE
364129.0,2021-06-14,segunda-feira,09:00:00,PE,101,"167,8",AGUA PRETA,Condutor deixou de manter distância do veículo da frente,Colisão traseira,Sem Vítimas,Pleno dia,Decrescente,Nublado,Dupla,Reta,Não,2,0,0,0,2,0,0,2,"-8,56679186","-35,47528312",SPRF-PE,DEL01-PE,UOP01-DEL01-PE
364206.0,2021-06-14,segunda-feira,16:40:00,PE,232,179,BELO JARDIM,Transitar na contramão,Colisão frontal,Com Vítimas Feridas,Pleno dia,Crescente,Céu Claro,Simples,Reta,Sim,4,0,1,0,3,0,1,4,"-8,34363029","-36,42454863",SPRF-PE,DEL02-PE,UOP03-DEL02-PE
364235.0,2021-06-14,segunda-feira,20:00:00,PE,428,"168,5",PETROLINA,Desvio temporário,Colisão frontal,Com Vítimas Fatais,Plena Noite,Crescente,Céu Claro,Simples,Reta,Não,2,1,0,0,1,0,0,2,"-9,20669407","-40,39689092",SPRF-PE,DEL06-PE,UOP01-DEL06-PE
364241.0,2021-05-18,terça-feira,06:00:00,PE,232,121,CARUARU,Velocidade Incompatível,Colisão traseira,Com Vítimas Feridas,Pleno dia,Decrescente,Sol,Dupla,Reta,Não,2,0,1,0,1,0,1,2,"-8,30018257","-35,91071184",SPRF-PE,DEL02-PE,UOP03-DEL02-PE
364304.0,2021-06-15,terça-feira,08:00:00,PE,101,96,CABO DE SANTO AGOSTINHO,Acesso irregular,Colisão transversal,Com Vítimas Feridas,Pleno dia,Decrescente,Céu Claro,Dupla,Reta,Sim,2,0,1,0,1,0,1,2,"-8,25146993","-35,021805",SPRF-PE,DEL01-PE,UOP01-DEL01-PE
364335.0,2021-06-15,terça-feira,11:55:00,PE,232,408,SERRA TALHADA,Acessar a via sem observar a presença dos outros veículos,Colisão transversal,Com Vítimas Feridas,Pleno dia,Crescente,Céu Claro,Simples,Reta,Sim,3,0,0,2,1,0,2,2,"-7,98371447","-38,28047709",SPRF-PE,DEL04-PE,UOP01-DEL04-PE
364354.0,2021-06-15,terça-feira,14:30:00,PE,423,"81,6",JUCATI,Condutor deixou de manter distância do veículo da frente,Colisão traseira,Sem Vítimas,Pleno dia,Decrescente,Nublado,Simples,Reta,Não,2,0,0,0,2,0,0,2,"-8,77445381","-36,42734142",SPRF-PE,DEL03-PE,UOP01-DEL03-PE
364510.0,2021-05-31,segunda-feira,17:45:00,PE,232,"126,2",CARUARU,Reação tardia ou ineficiente do condutor,Colisão lateral mesmo sentido,Com Vítimas Feridas,Plena Noite,Decrescente,Chuva,Dupla,Declive,Sim,7,0,1,3,2,1,4,6,"-8,30819677","-35,95467594",SPRF-PE,DEL02-PE,UOP03-DEL02-PE
364527.0,2021-06-16,quarta-feira,12:40:00,PE,110,"221,2",PETROLANDIA,Manobra de mudança de faixa,Colisão transversal,Com Vítimas Fatais,Pleno dia,Decrescente,Céu Claro,Simples,Reta,Não,3,1,1,0,1,0,1,2,"-9,00936293","-38,22421706",SPRF-BA,DEL07-BA,UOP01-DEL07-BA
364539.0,2021-05-19,quarta-feira,19:00:00,PE,101,"9,5",GOIANA,Velocidade Incompatível,Colisão com objeto,Com Vítimas Fatais,Plena Noite,Decrescente,Céu Claro,Dupla,Declive;Reta                  ,Não,3,1,2,0,0,0,2,1,"-7,57788903","-34,98847822",SPRF-PE,DEL01-PE,UOP02-DEL01-PE
364572.0,2021-06-16,quarta-feira,22:40:00,PE,232,15,JABOATAO DOS GUARARAPES,Condutor Dormindo,Saída de leito carroçável,Com Vítimas Feridas,Plena Noite,Decrescente,Céu Claro,Dupla,Curva,Não,1,0,1,0,0,0,1,1,"-8,09137732","-35,02917918",SPRF-PE,DEL01-PE,UOP01-DEL01-PE
364656.0,2021-06-17,quinta-feira,12:30:00,PE,101,82,JABOATAO DOS GUARARAPES,Condutor deixou de manter distância do veículo da frente,Colisão traseira,Sem Vítimas,Pleno dia,Decrescente,Céu Claro,Dupla,Interseção de Vias,Sim,2,0,0,0,2,0,0,2,"-8,168383","-34,9376",SPRF-PE,DEL01-PE,UOP01-DEL01-PE
364689.0,2021-06-17,quinta-feira,15:20:00,PE,101,68,RECIFE,Reação tardia ou ineficiente do condutor,Engavetamento,Sem Vítimas,Pleno dia,Crescente,Sol,Múltipla,Declive,Sim,4,0,0,0,3,1,0,4,"-8,05074296","-34,94580619",SPRF-PE,DEL01-PE,UOP01-DEL01-PE
364729.0,2021-06-17,quinta-feira,18:20:00,PE,101,"64,5",RECIFE,Manobra de mudança de faixa,Colisão lateral mesmo sentido,Com Vítimas Feridas,Plena Noite,Crescente,Nublado,Dupla,Reta,Sim,3,0,2,0,1,0,2,2,"-8,0162921","-34,94045886",SPRF-PE,DEL01-PE,UOP01-DEL01-PE
365044.0,2021-06-19,sábado,02:50:00,PE,101,178,JOAQUIM NABUCO,Ausência de reação do condutor,Colisão traseira,Com Vítimas Feridas,Plena Noite,Crescente,Nublado,Dupla,Reta,Não,4,0,1,0,1,2,1,3,"-8,62108477","-35,55116105",SPRF-PE,DEL01-PE,UOP01-DEL01-PE
365075.0,2021-06-19,sábado,09:40:00,PE,232,130,CARUARU,Manobra de mudança de faixa,Colisão lateral mesmo sentido,Com Vítimas Feridas,Pleno dia,Crescente,Céu Claro,Dupla,Reta,Sim,2,0,1,0,1,0,1,2,"-8,30117613","-35,99843996",SPRF-PE,DEL02-PE,UOP03-DEL02-PE
365087.0,2021-06-19,sábado,07:30:00,PE,101,"95,3",CABO DE SANTO AGOSTINHO,Velocidade Incompatível,Colisão com objeto,Com Vítimas Feridas,Pleno dia,Decrescente,Garoa/Chuvisco,Simples,Curva,Sim,1,0,1,0,0,0,1,1,"-8,25099","-35,01426",SPRF-PE,DEL01-PE,UOP01-DEL01-PE
365364.0,2021-06-20,domingo,16:30:00,PE,232,68,GRAVATA,Demais falhas mecânicas ou elétricas,Eventos atípicos,Sem Vítimas,Pleno dia,Decrescente,Céu Claro,Simples,Curva,Não,1,0,0,0,1,0,0,1,"-8,172659","-35,470528",SPRF-PE,DEL02-PE,UOP02-DEL02PE
365521.0,2021-06-21,segunda-feira,08:30:00,PE,232,410,SERRA TALHADA,Reação tardia ou ineficiente do condutor,Colisão transversal,Com Vítimas Feridas,Pleno dia,Decrescente,Céu Claro,Simples,Reta,Sim,3,0,1,1,1,0,2,2,"-7,98261841","-38,30039606",SPRF-PE,DEL04-PE,UOP01-DEL04-PE
365546.0,2021-06-21,segunda-feira,12:50:00,PE,101,68,RECIFE,Condutor deixou de manter distância do veículo da frente,Tombamento,Com Vítimas Feridas,Pleno dia,Decrescente,Céu Claro,Múltipla,Viaduto,Sim,3,0,1,1,1,0,2,2,"-8,05074296","-34,94580619",SPRF-PE,DEL01-PE,UOP01-DEL01-PE
365548.0,2021-06-21,segunda-feira,12:05:00,PE,428,"178,1",PETROLINA,Acessar a via sem observar a presença dos outros veículos,Colisão lateral mesmo sentido,Com Vítimas Feridas,Pleno dia,Decrescente,Céu Claro,Simples,Reta,Não,3,0,1,0,1,1,1,3,"-9,2842098","-40,4416324",SPRF-PE,DEL06-PE,UOP01-DEL06-PE
365559.0,2021-06-21,segunda-feira,14:30:00,PE,101,"57,5",RECIFE,Velocidade Incompatível,Colisão traseira,Com Vítimas Feridas,Pleno dia,Decrescente,Nublado,Dupla,Reta,Não,3,0,1,0,1,1,1,3,"-7,96346213","-34,91513486",SPRF-PE,DEL01-PE,UOP02-DEL01-PE
365647.0,2021-06-21,segunda-feira,19:50:00,PE,104,65,CARUARU,Demais falhas na via,Colisão lateral mesmo sentido,Com Vítimas Feridas,Plena Noite,Decrescente,Céu Claro,Múltipla,Interseção de Vias,Sim,2,0,1,0,1,0,1,2,"-8,2867","-35,9838",SPRF-PE,DEL02-PE,UOP01-DEL02-PE
365794.0,2021-06-22,terça-feira,18:15:00,PE,316,"51,3",TRINDADE,Transitar na contramão,Colisão lateral sentido oposto,Com Vítimas Feridas,Plena Noite,Decrescente,Nublado,Simples,Reta,Não,2,0,1,0,1,0,1,2,"-7,72294032","-40,31620626",SPRF-PE,DEL05-PE,UOP02-DEL05-PE
365862.0,2021-06-23,quarta-feira,06:30:00,PE,423,"95,6",GARANHUNS,Ausência de reação do condutor,Colisão lateral sentido oposto,Com Vítimas Feridas,Pleno dia,Decrescente,Nublado,Simples,Curva,Sim,2,0,1,0,1,0,1,2,"-8,87891989","-36,47796305",SPRF-PE,DEL03-PE,UOP01-DEL03-PE
366042.0,2021-06-23,quarta-feira,19:30:00,PE,423,"49,6",CACHOEIRINHA,Reação tardia ou ineficiente do condutor,Colisão frontal,Com Vítimas Fatais,Plena Noite,Decrescente,Chuva,Simples,Reta,Não,3,1,1,0,1,0,1,3,"-8,56557215","-36,27905975",SPRF-PE,DEL03-PE,UOP01-DEL03-PE
366054.0,2021-06-24,quinta-feira,04:30:00,PE,428,"148,6",PETROLINA,Ingestão de álcool pelo condutor,Colisão frontal,Com Vítimas Feridas,Plena Noite,Decrescente,Nublado,Simples,Reta,Não,3,0,0,1,1,1,1,2,"-9,068236","-40,31028",SPRF-PE,DEL06-PE,UOP01-DEL06-PE
366284.0,2021-06-25,sexta-feira,07:30:00,PE,232,8,RECIFE,Condutor deixou de manter distância do veículo da frente,Colisão traseira,Com Vítimas Feridas,Pleno dia,Decrescente,Céu Claro,Dupla,Reta,Sim,2,0,0,1,1,0,1,2,"-8,07583727","-34,97015791",SPRF-PE,DEL01-PE,UOP01-DEL01-PE
366330.0,2021-06-25,sexta-feira,09:40:00,PE,101,"64,1",RECIFE,Ausência de reação do condutor,Colisão traseira,Sem Vítimas,Pleno dia,Crescente,Sol,Dupla,Reta,Sim,2,0,0,0,2,0,0,2,"-8,01627","-34,941959",SPRF-PE,DEL01-PE,UOP01-DEL01-PE
366589.0,2021-06-19,sábado,05:00:00,PE,101,"43,9",IGARASSU,Reação tardia ou ineficiente do condutor,Colisão lateral mesmo sentido,Sem Vítimas,Amanhecer,Crescente,Céu Claro,Múltipla,Reta,Sim,2,0,0,0,2,0,0,2,"-7,8555414","-34,9088337",SPRF-PE,DEL01-PE,UOP02-DEL01-PE
367062.0,2021-06-28,segunda-feira,16:30:00,PE,104,"67,3",CARUARU,Mal súbito do condutor,Colisão com objeto,Sem Vítimas,Pleno dia,Decrescente,Céu Claro,Dupla,Reta,Sim,4,0,0,0,3,1,0,4,"-8,3016","-35,9882",SPRF-PE,DEL02-PE,UOP01-DEL02-PE
367271.0,2021-06-29,terça-feira,20:10:00,PE,101,37,IGARASSU,Acessar a via sem observar a presença dos outros veículos,Colisão transversal,Sem Vítimas,Plena Noite,Crescente,Nublado,Dupla,Reta;Aclive                   ,Não,2,0,0,0,2,0,0,2,"-7,79726705","-34,9274932",SPRF-PE,DEL01-PE,UOP02-DEL01-PE
367371.0,2021-06-02,quarta-feira,22:15:00,PE,232,"73,9",GRAVATA,Iluminação deficiente,Colisão traseira,Com Vítimas Feridas,Plena Noite,Crescente,Nublado,Simples,Reta,Não,6,0,1,1,2,2,2,4,"-8,19060018","-35,50931093",SPRF-PE,DEL02-PE,UOP02-DEL02PE
367410.0,2021-06-30,quarta-feira,16:30:00,PE,232,221,PESQUEIRA,Transitar na contramão,Colisão lateral sentido oposto,Com Vítimas Feridas,Pleno dia,Decrescente,Céu Claro,Simples,Reta,Não,4,0,1,1,2,0,2,2,"-8,40095324","-36,79199096",SPRF-PE,DEL03-PE,UOP02-DEL03-PE
367654.0,2021-07-01,quinta-feira,19:45:00,PE,423,"21,9",SAO CAITANO,Ingestão de álcool pelo condutor,Colisão frontal,Com Vítimas Feridas,Plena Noite,Crescente,Céu Claro,Simples,Reta,Não,3,0,1,1,1,0,2,2,"-8,34587741","-36,16528759",SPRF-PE,DEL02-PE,UOP03-DEL02-PE
367778.0,2021-07-02,sexta-feira,13:05:00,PE,101,"9,5",GOIANA,Condutor deixou de manter distância do veículo da frente,Colisão traseira,Com Vítimas Feridas,Pleno dia,Crescente,Céu Claro,Dupla,Reta,Não,2,0,1,0,1,0,1,2,"-7,57788903","-34,98847822",SPRF-PE,DEL01-PE,UOP02-DEL01-PE
368132.0,2021-07-03,sábado,19:30:00,PE,101,"85,1",JABOATAO DOS GUARARAPES,Acessar a via sem observar a presença dos outros veículos,Tombamento,Com Vítimas Feridas,Plena Noite,Decrescente,Chuva,Dupla,Reta,Sim,1,0,1,0,0,0,1,1,"-8,18065563","-34,95965322",SPRF-PE,DEL01-PE,UOP01-DEL01-PE
368179.0,2021-07-04,domingo,01:01:00,PE,316,76,OURICURI,Manobra de mudança de faixa,Colisão frontal,Com Vítimas Fatais,Plena Noite,Decrescente,Chuva,Simples,Reta,Não,2,1,0,0,1,0,0,2,"-7,83927563","-40,13676572",SPRF-PE,DEL05-PE,UOP02-DEL05-PE
368317.0,2021-07-04,domingo,18:45:00,PE,407,"68,9",PETROLINA,Condutor Dormindo,Colisão transversal,Com Vítimas Feridas,Plena Noite,Crescente,Céu Claro,Simples,Reta,Não,2,0,0,1,1,0,1,2,"-8,9139989","-40,74412076",SPRF-PE,DEL06-PE,UOP02-DEL06-PE
368379.0,2021-07-04,domingo,22:00:00,PE,232,"136,7",CARUARU,Condutor deixou de manter distância do veículo da frente,Colisão traseira,Com Vítimas Fatais,Plena Noite,Crescente,Céu Claro,Dupla,Aclive,Não,2,1,0,0,1,0,0,2,"-8,31339932","-36,04175591",SPRF-PE,DEL02-PE,UOP03-DEL02-PE
368423.0,2021-07-05,segunda-feira,05:35:00,PE,232,"38,1",VITORIA DE SANTO ANTAO,Velocidade Incompatível,Engavetamento,Com Vítimas Fatais,Amanhecer,Decrescente,Garoa/Chuvisco,Dupla,Aclive,Não,9,1,2,0,5,1,2,7,"-8,115526","-35,219997",SPRF-PE,DEL01-PE,UOP01-DEL01-PE
368428.0,2021-07-05,segunda-feira,05:30:00,PE,101,"64,7",RECIFE,Velocidade Incompatível,Colisão lateral mesmo sentido,Sem Vítimas,Pleno dia,Crescente,Céu Claro,Dupla,Reta,Não,3,0,0,0,2,1,0,3,"-8,0162921","-34,94045886",SPRF-PE,DEL01-PE,UOP01-DEL01-PE
368430.0,2021-07-05,segunda-feira,05:50:00,PE,101,85,JABOATAO DOS GUARARAPES,Demais falhas mecânicas ou elétricas,Incêndio,Sem Vítimas,Pleno dia,Decrescente,Céu Claro,Dupla,Reta,Não,1,0,0,0,1,0,0,1,"-8,18065563","-34,95965322",SPRF-PE,DEL01-PE,UOP01-DEL01-PE
368481.0,2021-07-05,segunda-feira,09:15:00,PE,101,"9,3",GOIANA,Reação tardia ou ineficiente do condutor,Colisão com objeto,Com Vítimas Feridas,Pleno dia,Decrescente,Sol,Dupla,Reta,Não,1,0,0,1,0,0,1,1,"-7,57788903","-34,98847822",SPRF-PE,DEL01-PE,UOP02-DEL01-PE
368511.0,2021-04-23,sexta-feira,14:35:00,PE,101,33,ITAPISSUMA,Animais na Pista,Colisão transversal,Com Vítimas Feridas,Pleno dia,Decrescente,Céu Claro,Múltipla,Reta,Não,4,0,0,3,1,0,3,2,"-7,761909","-34,935654",SPRF-PE,DEL01-PE,UOP02-DEL01-PE
368558.0,2021-07-05,segunda-feira,16:30:00,PE,232,8,RECIFE,Deficiência do Sistema de Iluminação/Sinalização,Colisão transversal,Com Vítimas Feridas,Pleno dia,Crescente,Céu Claro,Múltipla,Retorno Regulamentado,Sim,3,0,2,0,1,0,2,2,"-8,07583727","-34,97015791",SPRF-PE,DEL01-PE,UOP01-DEL01-PE
368868.0,2021-07-06,terça-feira,21:00:00,PE,104,"23,5",TAQUARITINGA DO NORTE,Condutor Dormindo,Saída de leito carroçável,Com Vítimas Feridas,Plena Noite,Decrescente,Céu Claro,Simples,Curva,Não,1,0,1,0,0,0,1,1,"-7,97182","-36,109932",SPRF-PE,DEL02-PE,UOP01-DEL02-PE
368914.0,2021-07-07,quarta-feira,08:40:00,PE,232,"164,5",TACAIMBO,Condutor deixou de manter distância do veículo da frente,Colisão traseira,Com Vítimas Fatais,Pleno dia,Decrescente,Céu Claro,Simples,Reta;Declive                  ,Não,2,1,0,0,1,0,0,2,"-8,336103","-36,293479",SPRF-PE,DEL02-PE,UOP03-DEL02-PE
369026.0,2021-07-07,quarta-feira,18:50:00,PE,428,"183,3",PETROLINA,Velocidade Incompatível,Colisão frontal,Com Vítimas Feridas,Plena Noite,Crescente,Céu Claro,Simples,Reta,Sim,2,0,0,1,1,0,1,2,"-9,337566","-40,468917",SPRF-PE,DEL06-PE,UOP01-DEL06-PE
369244.0,2021-07-08,quinta-feira,20:00:00,PE,423,"61,9",LAJEDO,Velocidade Incompatível,Colisão traseira,Com Vítimas Fatais,Plena Noite,Decrescente,Céu Claro,Simples,Reta,Sim,4,3,0,0,1,0,0,2,"-8,65805731","-36,32866993",SPRF-PE,DEL03-PE,UOP01-DEL03-PE
369264.0,2021-07-08,quinta-feira,23:00:00,PE,428,1,CABROBO,Ingestão de álcool pelo condutor,Colisão frontal,Com Vítimas Feridas,Plena Noite,Decrescente,Céu Claro,Simples,Reta,Não,2,0,1,0,0,1,1,2,"-8,54390248","-39,23498024",SPRF-PE,DEL05-PE,UOP01-DEL05-PE
369658.0,2021-07-10,sábado,15:30:00,PE,101,"37,8",IGARASSU,Demais falhas mecânicas ou elétricas,Saída de leito carroçável,Com Vítimas Feridas,Pleno dia,Crescente,Céu Claro,Dupla,Declive,Não,1,0,1,0,0,0,1,1,"-7,79726705","-34,9274932",SPRF-PE,DEL01-PE,UOP02-DEL01-PE
370035.0,2021-07-11,domingo,22:20:00,PE,232,"22,3",MORENO,Ausência de reação do condutor,Saída de leito carroçável,Com Vítimas Feridas,Plena Noite,Decrescente,Nublado,Dupla,Reta,Não,2,0,1,0,1,0,1,1,"-8,09712273","-35,088592",SPRF-PE,DEL01-PE,UOP01-DEL01-PE
370051.0,2021-07-11,domingo,23:00:00,PE,232,133,CARUARU,Reação tardia ou ineficiente do condutor,Colisão traseira,Com Vítimas Feridas,Plena Noite,Crescente,Nublado,Múltipla,Reta,Sim,2,0,0,1,1,0,1,2,"-8,30607988","-36,01576003",SPRF-PE,DEL02-PE,UOP03-DEL02-PE
370089.0,2021-04-25,domingo,08:30:00,PE,407,96,PETROLINA,Reação tardia ou ineficiente do condutor,Colisão traseira,Com Vítimas Feridas,Pleno dia,Decrescente,Céu Claro,Simples,Reta,Não,3,0,0,1,1,1,1,2,"-9,152055","-40,636392",SPRF-PE,DEL06-PE,UOP02-DEL06-PE
370115.0,2021-07-12,segunda-feira,07:24:00,PE,101,"42,6",IGARASSU,Reação tardia ou ineficiente do condutor,Colisão traseira,Sem Vítimas,Pleno dia,Decrescente,Chuva,Múltipla,Reta,Sim,2,0,0,0,1,1,0,2,"-7,83887431","-34,91196739",SPRF-PE,DEL01-PE,UOP02-DEL01-PE
370176.0,2021-07-12,segunda-feira,13:10:00,PE,101,"67,6",RECIFE,Trafegar com motocicleta (ou similar) entre as faixas,Colisão lateral mesmo sentido,Com Vítimas Feridas,Pleno dia,Decrescente,Sol,Dupla,Reta,Sim,3,0,1,0,1,1,1,2,"-8,05951606","-34,94581024",SPRF-PE,DEL01-PE,UOP01-DEL01-PE
370378.0,2021-07-13,terça-feira,15:30:00,PE,101,72,RECIFE,Desrespeitar a preferência no cruzamento,Colisão transversal,Com Vítimas Feridas,Pleno dia,Crescente,Céu Claro,Múltipla,Interseção de Vias,Sim,2,0,1,0,1,0,1,2,"-8,08781477","-34,94706988",SPRF-PE,DEL01-PE,UOP01-DEL01-PE
370401.0,2021-07-13,terça-feira,16:45:00,PE,428,"189,7",PETROLINA,Ingestão de álcool pelo condutor,Colisão traseira,Sem Vítimas,Pleno dia,Crescente,Céu Claro,Dupla,Retorno Regulamentado,Sim,2,0,0,0,2,0,0,2,"-9,3776756","-40,503636",SPRF-PE,DEL06-PE,UOP01-DEL06-PE
370478.0,2021-07-14,quarta-feira,00:20:00,PE,428,"113,8",SANTA MARIA DA BOA VISTA,Condutor Dormindo,Colisão traseira,Com Vítimas Feridas,Plena Noite,Crescente,Nublado,Simples,Reta,Não,4,0,1,1,2,0,2,2,"-8,90863198","-40,05589698",SPRF-PE,DEL06-PE,UOP03-DEL06-PE