id,data_inversa,dia_semana,horario,uf,br,km,municipio,causa_acidente,tipo_acidente,classificacao_acidente,fase_dia,sentido_via,condicao_metereologica,tipo_pista,tracado_via,uso_solo,pessoas,mortos,feridos_leves,feridos_graves,ilesos,ignorados,feridos,veiculos,latitude,longitude,regional,delegacia,uop
370569.0,2021-06-24,quinta-feira,21:10:00,PE,232,"30,5",MORENO,Objeto estático sobre o leito carroçável,Colisão com objeto,Com Vítimas Feridas,Plena Noite,Decrescente,Nublado,Dupla,Curva,Não,6,0,3,0,3,0,3,2,"-8,110665","-35,156435",SPRF-PE,DEL01-PE,UOP01-DEL01-PE
370989.0,2021-07-16,sexta-feira,16:00:00,PE,101,"34,8",IGARASSU,Transitar na contramão,Colisão frontal,Com Vítimas Fatais,Pleno dia,Crescente,Céu Claro,Dupla,Reta,Não,2,1,0,0,1,0,0,2,"-7,77092801","-34,93524623",SPRF-PE,DEL01-PE,UOP02-DEL01-PE
371004.0,2021-07-16,sexta-feira,16:00:00,PE,232,"269,4",SERTANIA,Manobra de mudança de faixa,Colisão lateral mesmo sentido,Com Vítimas Feridas,Pleno dia,Crescente,Céu Claro,Simples,Reta,Não,3,0,1,1,1,0,2,2,"-8,40520693","-37,20955497",SPRF-PE,DEL03-PE,UOP02-DEL03-PE
371311.0,2021-07-17,sábado,22:40:00,PE,316,"103,8",BODOCO,Animais na Pista,Atropelamento de Animal,Com Vítimas Fatais,Plena Noite,Decrescente,Céu Claro,Simples,Declive;Reta                  ,Não,3,1,0,1,1,0,1,2,"-7,948398","-39,922055",SPRF-PE,DEL05-PE,UOP02-DEL05-PE
371334.0,2021-06-27,domingo,20:00:00,PE,101,210,XEXEU,Ingestão de álcool pelo condutor,Colisão lateral mesmo sentido,Com Vítimas Feridas,Plena Noite,Crescente,Garoa/Chuvisco,Múltipla,Reta,Não,2,0,1,0,1,0,1,2,"-8,847467","-35,633133",SPRF-PE,DEL01-PE,UOP01-DEL01-PE
371421.0,2021-06-20,domingo,18:00:00,PE,232,177,BELO JARDIM,Ultrapassagem Indevida,Colisão frontal,Com Vítimas Fatais,Plena Noite,Crescente,Céu Claro,Simples,Reta,Não,3,2,0,0,1,0,0,2,"-8,34884045","-36,4032249",SPRF-PE,DEL02-PE,UOP03-DEL02-PE
371535.0,2021-07-18,domingo,23:30:00,PE,101,"48,4",ABREU E LIMA,Ingestão de álcool pelo condutor,Colisão traseira,Sem Vítimas,Plena Noite,Decrescente,Vento,Múltipla,Reta,Sim,2,0,0,0,1,1,0,2,"-7,89174705","-34,9033493",SPRF-PE,DEL01-PE,UOP02-DEL01-PE
371627.0,2021-07-19,segunda-feira,13:10:00,PE,101,"70,8",RECIFE,Obstrução na via,Colisão lateral mesmo sentido,Sem Vítimas,Pleno dia,Decrescente,Nublado,Múltipla,Reta,Sim,2,0,0,0,2,0,0,2,"-8,06776119","-34,94265074",SPRF-PE,DEL01-PE,UOP01-DEL01-PE
371750.0,2021-06-25,sexta-feira,18:00:00,PE,316,100,OURICURI,Transitar na contramão,Colisão frontal,Com Vítimas Fatais,Plena Noite,Crescente,Céu Claro,Simples,Reta,Não,3,1,1,0,1,0,1,3,"-7,93798009","-39,94691304",SPRF-PE,DEL05-PE,UOP02-DEL05-PE
371761.0,2021-07-20,terça-feira,08:35:00,PE,423,"78,2",JUCATI,Reação tardia ou ineficiente do condutor,Engavetamento,Com Vítimas Feridas,Pleno dia,Crescente,Chuva,Simples,Reta,Não,9,0,4,0,5,0,4,5,"-8,74910298","-36,43120556",SPRF-PE,DEL03-PE,UOP01-DEL03-PE
371841.0,2021-07-20,terça-feira,11:40:00,PE,101,"50,9",ABREU E LIMA,Manobra de mudança de faixa,Colisão lateral mesmo sentido,Com Vítimas Feridas,Pleno dia,Crescente,Céu Claro,Múltipla,Reta,Sim,2,0,0,1,1,0,1,2,"-7,90938602","-34,90123228",SPRF-PE,DEL01-PE,UOP02-DEL01-PE
371845.0,2021-07-20,terça-feira,17:10:00,PE,232,145,SAO CAITANO,Manobra de mudança de faixa,Colisão transversal,Sem Vítimas,Anoitecer,Decrescente,Céu Claro,Dupla,Reta,Sim,2,0,0,0,2,0,0,2,"-8,32868","-36,120811",SPRF-PE,DEL02-PE,UOP03-DEL02-PE
371961.0,2021-07-21,quarta-feira,09:20:00,PE,104,85,AGRESTINA,Velocidade Incompatível,Capotamento,Com Vítimas Feridas,Pleno dia,Decrescente,Garoa/Chuvisco,Simples,Reta,Sim,2,0,2,0,0,0,2,1,"-8,438719","-35,955177",SPRF-PE,DEL02-PE,UOP01-DEL02-PE
372010.0,2021-07-21,quarta-feira,16:40:00,PE,101,40,IGARASSU,Trafegar com motocicleta (ou similar) entre as faixas,Colisão lateral mesmo sentido,Com Vítimas Feridas,Anoitecer,Crescente,Chuva,Dupla,Reta,Sim,3,0,0,2,1,0,2,2,"-7,82228148","-34,91639614",SPRF-PE,DEL01-PE,UOP02-DEL01-PE
372288.0,2021-07-23,sexta-feira,06:30:00,PE,232,"211,5",PESQUEIRA,Conversão proibida,Colisão lateral mesmo sentido,Com Vítimas Feridas,Pleno dia,Crescente,Céu Claro,Simples,Declive,Sim,2,0,1,0,1,0,1,2,"-8,36899532","-36,70578682",SPRF-PE,DEL03-PE,UOP02-DEL03-PE
372403.0,2021-07-23,sexta-feira,18:20:00,PE,232,53,POMBOS,Transitar na contramão,Tombamento,Com Vítimas Feridas,Plena Noite,Decrescente,Garoa/Chuvisco,Simples,Curva,Não,2,0,1,0,1,0,1,2,"-8,13014263","-35,3484723",SPRF-PE,DEL02-PE,UOP02-DEL02PE
372415.0,2021-07-23,sexta-feira,19:10:00,PE,101,70,RECIFE,Condutor deixou de manter distância do veículo da frente,Colisão traseira,Sem Vítimas,Plena Noite,Decrescente,Garoa/Chuvisco,Dupla,Reta,Sim,2,0,0,0,2,0,0,2,"-8,066658","-34,942119",SPRF-PE,DEL01-PE,UOP01-DEL01-PE
372516.0,2021-07-24,sábado,06:00:00,PE,316,98,OURICURI,Demais falhas mecânicas ou elétricas,Incêndio,Sem Vítimas,Amanhecer,Decrescente,Nublado,Simples,Reta;Declive                  ,Não,1,0,0,0,1,0,0,1,"-7,93103611","-39,96348504",SPRF-PE,DEL05-PE,UOP02-DEL05-PE
372855.0,2021-07-25,domingo,14:10:00,PE,423,"117,7",PARANATAMA,Condutor deixou de manter distância do veículo da frente,Colisão traseira,Sem Vítimas,Pleno dia,Decrescente,Chuva,Simples,Declive,Não,3,0,0,0,1,2,0,3,"-8,908585","-36,676846",SPRF-PE,DEL03-PE,UOP01-DEL03-PE
372917.0,2021-07-25,domingo,18:30:00,PE,423,"104,7",GARANHUNS,Ingestão de álcool pelo condutor,Colisão frontal,Com Vítimas Feridas,Plena Noite,Crescente,Chuva,Simples,Declive;Reta                  ,Não,3,0,1,0,2,0,1,2,"-8,87705776","-36,55534007",SPRF-PE,DEL03-PE,UOP01-DEL03-PE
373044.0,2021-07-26,segunda-feira,12:00:00,PE,101,"19,7",GOIANA,Condutor Dormindo,Saída de leito carroçável,Com Vítimas Fatais,Pleno dia,Decrescente,Nublado,Dupla,Reta,Não,4,2,0,1,1,0,1,2,"-7,65403379","-34,94408281",SPRF-PE,DEL01-PE,UOP02-DEL01-PE
373131.0,2021-07-26,segunda-feira,20:50:00,PE,423,79,JUCATI,Pedestre cruzava a pista fora da faixa,Atropelamento de Pedestre,Com Vítimas Fatais,Plena Noite,Decrescente,Chuva,Simples,Reta,Sim,2,1,0,0,1,0,0,2,"-8,75775101","-36,43052006",SPRF-PE,DEL03-PE,UOP01-DEL03-PE
373262.0,2021-07-27,terça-feira,17:00:00,PE,101,48,ABREU E LIMA,Trafegar com motocicleta (ou similar) entre as faixas,Tombamento,Com Vítimas Feridas,Anoitecer,Crescente,Céu Claro,Múltipla,Reta,Sim,2,0,0,1,1,0,1,2,"-7,89174705","-34,9033493",SPRF-PE,DEL01-PE,UOP02-DEL01-PE
373264.0,2021-07-27,terça-feira,18:25:00,PE,101,"100,2",CABO DE SANTO AGOSTINHO,Ultrapassagem Indevida,Colisão transversal,Com Vítimas Feridas,Plena Noite,Crescente,Nublado,Simples,Reta,Sim,4,0,1,0,1,2,1,3,"-8,28770021","-35,03980458",SPRF-PE,DEL01-PE,UOP01-DEL01-PE
373298.0,2021-07-27,terça-feira,22:40:00,PE,232,"387,8",SERRA TALHADA,Demais falhas mecânicas ou elétricas,Incêndio,Sem Vítimas,Plena Noite,Crescente,Céu Claro,Simples,Curva,Não,1,0,0,0,1,0,0,1,"-8,03271406","-38,11706543",SPRF-PE,DEL04-PE,UOP01-DEL04-PE
373431.0,2021-07-28,quarta-feira,18:00:00,PE,232,10,RECIFE,Condutor deixou de manter distância do veículo da frente,Colisão traseira,Com Vítimas Feridas,Plena Noite,Decrescente,Nublado,Dupla,Reta,Não,3,0,2,0,0,1,2,2,"-8,07917241","-34,98718609",SPRF-PE,DEL01-PE,UOP01-DEL01-PE
373504.0,2021-07-29,quinta-feira,05:40:00,PE,101,81,JABOATAO DOS GUARARAPES,Reação tardia ou ineficiente do condutor,Colisão traseira,Sem Vítimas,Pleno dia,Crescente,Céu Claro,Dupla,Reta,Sim,2,0,0,0,2,0,0,2,"-8,1597489","-34,94024569",SPRF-PE,DEL01-PE,UOP01-DEL01-PE
373700.0,2021-07-30,sexta-feira,04:50:00,PE,101,"42,3",IGARASSU,Manobra de mudança de faixa,Colisão traseira,Com Vítimas Feridas,Amanhecer,Crescente,Nublado,Múltipla,Reta,Sim,6,0,4,0,2,0,4,2,"-7,83887431","-34,91196739",SPRF-PE,DEL01-PE,UOP02-DEL01-PE
374132.0,2021-07-31,sábado,20:30:00,PE,316,60,TRINDADE,Ingestão de álcool pelo condutor,Colisão lateral sentido oposto,Com Vítimas Fatais,Plena Noite,Decrescente,Céu Claro,Simples,Reta,Não,2,1,0,0,1,0,0,2,"-7,77005418","-40,2584535",SPRF-PE,DEL05-PE,UOP02-DEL05-PE
374258.0,2021-08-01,domingo,12:00:00,PE,428,"3,6",CABROBO,Ingestão de álcool ou de substâncias psicoativas pelo pedestre,Atropelamento de Pedestre,Com Vítimas Fatais,Pleno dia,Decrescente,Nublado,Simples,Reta,Não,2,1,0,0,0,1,0,2,"-8,533078","-39,256583",SPRF-PE,DEL05-PE,UOP01-DEL05-PE
374474.0,2021-08-02,segunda-feira,10:30:00,PE,423,"126,9",SALOA,Velocidade Incompatível,Colisão lateral sentido oposto,Com Vítimas Feridas,Pleno dia,Crescente,Garoa/Chuvisco,Simples,Curva,Não,2,0,1,0,1,0,1,2,"-8,9599","-36,723872",SPRF-PE,DEL03-PE,UOP01-DEL03-PE
374570.0,2021-08-02,segunda-feira,21:20:00,PE,101,"71,2",RECIFE,Condutor deixou de manter distância do veículo da frente,Colisão traseira,Com Vítimas Feridas,Plena Noite,Crescente,Chuva,Dupla,Reta,Sim,2,0,1,0,1,0,1,2,"-8,080268","-34,943299",SPRF-PE,DEL01-PE,UOP01-DEL01-PE
374650.0,2021-08-03,terça-feira,11:25:00,PE,232,136,CARUARU,Animais na Pista,Tombamento,Sem Vítimas,Pleno dia,Decrescente,Chuva,Dupla,Declive,Sim,1,0,0,0,1,0,0,1,"-8,31339932","-36,04175591",SPRF-PE,DEL02-PE,UOP03-DEL02-PE
374807.0,2021-08-04,quarta-feira,11:45:00,PE,232,"236,9",PESQUEIRA,Problema com o freio,Tombamento,Com Vítimas Feridas,Pleno dia,Decrescente,Céu Claro,Simples,Curva,Não,1,0,1,0,0,0,1,1,"-8,4130238","-36,92650506",SPRF-PE,DEL03-PE,UOP02-DEL03-PE
374865.0,2021-08-04,quarta-feira,15:00:00,PE,116,53,SALGUEIRO,Ausência de reação do condutor,Saída de leito carroçável,Com Vítimas Feridas,Pleno dia,Crescente,Céu Claro,Simples,Reta,Não,1,0,1,0,0,0,1,1,"-8,302283","-39,122154",SPRF-PE,DEL05-PE,UOP01-DEL05-PE
374992.0,2021-07-25,domingo,16:20:00,PE,232,"521,8",SALGUEIRO,Acessar a via sem observar a presença dos outros veículos,Colisão traseira,Com Vítimas Feridas,Pleno dia,Decrescente,Sol,Simples,Reta,Não,2,0,0,1,1,0,1,2,"-8,06509887","-39,23283702",SPRF-PE,DEL05-PE,UOP01-DEL05-PE
375251.0,2021-08-06,sexta-feira,16:00:00,PE,232,"6,7",RECIFE,Condutor deixou de manter distância do veículo da frente,Colisão traseira,Com Vítimas Feridas,Pleno dia,Decrescente,Céu Claro,Dupla,Reta,Não,10,0,1,1,8,0,2,4,"-8,07079525","-34,9535389",SPRF-PE,DEL01-PE,UOP01-DEL01-PE
375326.0,2021-08-06,sexta-feira,18:25:00,PE,232,"459,8",SAO JOSE DO BELMONTE,Transitar na contramão,Colisão frontal,Com Vítimas Fatais,Plena Noite,Decrescente,Céu Claro,Simples,Reta,Não,3,2,0,0,1,0,0,2,"-8,02357769","-38,71470451",SPRF-PE,DEL05-PE,UOP01-DEL05-PE
375386.0,2021-08-07,sábado,02:25:00,PE,232,"360,2",FLORES,Ausência de reação do condutor,Colisão traseira,Com Vítimas Feridas,Plena Noite,Decrescente,Céu Claro,Simples,Aclive,Não,2,0,1,0,1,0,1,2,"-8,04483011","-37,876587",SPRF-PE,DEL04-PE,UOP01-DEL04-PE
375497.0,2021-08-07,sábado,13:00:00,PE,104,"31,8",TORITAMA,Afundamento ou ondulação no pavimento,Tombamento,Sem Vítimas,Pleno dia,Crescente,Céu Claro,Simples,Curva,Sim,1,0,0,0,1,0,0,1,"-8,0208","-36,0528",SPRF-PE,DEL02-PE,UOP01-DEL02-PE
375614.0,2021-08-07,sábado,21:40:00,PE,232,256,ARCOVERDE,Transitar na contramão,Colisão frontal,Com Vítimas Feridas,Plena Noite,Decrescente,Nublado,Simples,Interseção de Vias,Sim,3,0,0,2,1,0,2,2,"-8,41536571","-37,08179042",SPRF-PE,DEL03-PE,UOP02-DEL03-PE
375828.0,2021-07-23,sexta-feira,14:42:00,PE,232,"7,1",RECIFE,Condutor deixou de manter distância do veículo da frente,Engavetamento,Com Vítimas Feridas,Pleno dia,Decrescente,Garoa/Chuvisco,Dupla,Reta,Não,4,0,0,1,3,0,1,4,"-8,073688","-34,962683",SPRF-PE,DEL01-PE,UOP01-DEL01-PE
376003.0,2021-08-09,segunda-feira,10:10:00,PE,101,35,IGARASSU,Manobra de mudança de faixa,Colisão lateral mesmo sentido,Com Vítimas Feridas,Pleno dia,Decrescente,Céu Claro,Dupla,Declive,Não,4,0,1,0,3,0,1,2,"-7,77952193","-34,93231384",SPRF-PE,DEL01-PE,UOP02-DEL01-PE
376062.0,2021-08-09,segunda-feira,16:00:00,PE,101,68,RECIFE,Ausência de reação do condutor,Engavetamento,Com Vítimas Feridas,Pleno dia,Decrescente,Chuva,Dupla,Viaduto,Sim,4,0,1,0,3,0,1,4,"-8,051219","-34,945985",SPRF-PE,DEL01-PE,UOP01-DEL01-PE
376305.0,2021-07-23,sexta-feira,07:45:00,PE,101,"58,2",RECIFE,Acessar a via sem observar a presença dos outros veículos,Colisão transversal,Com Vítimas Feridas,Pleno dia,Decrescente,Céu Claro,Dupla,Interseção de Vias;Reta       ,Sim,3,0,1,0,2,0,1,2,"-7,99198707","-34,93639654",SPRF-PE,DEL01-PE,UOP02-DEL01-PE
376360.0,2021-08-10,terça-feira,23:45:00,PE,232,7,RECIFE,Manobra de mudança de faixa,Colisão com objeto,Sem Vítimas,Plena Noite,Crescente,Chuva,Dupla,Reta,Não,2,0,0,0,2,0,0,2,"-8,07341","-34,962071",SPRF-PE,DEL01-PE,UOP01-DEL01-PE
376414.0,2021-08-11,quarta-feira,09:00:00,PE,101,"32,8",IGARASSU,Acessar a via sem observar a presença dos outros veículos,Colisão lateral mesmo sentido,Com Vítimas Feridas,Pleno dia,Crescente,Chuva,Dupla,Retorno Regulamentado,Não,2,0,0,1,1,0,1,2,"-7,75294197","-34,93621562",SPRF-PE,DEL01-PE,UOP02-DEL01-PE
376428.0,2021-08-11,quarta-feira,10:00:00,PE,232,"9,2",JABOATAO DOS GUARARAPES,Acessar a via sem observar a presença dos outros veículos,Colisão lateral mesmo sentido,Sem Vítimas,Pleno dia,Decrescente,Chuva,Dupla,Reta;Aclive                   ,Sim,2,0,0,0,2,0,0,2,"-8,187239","-34,972262",SPRF-PE,DEL01-PE,UOP01-DEL01-PE
376442.0,2021-08-11,quarta-feira,11:15:00,PE,101,86,JABOATAO DOS GUARARAPES,Condutor deixou de manter distância do veículo da frente,Engavetamento,Sem Vítimas,Pleno dia,Decrescente,Chuva,Dupla,Aclive;Reta                   ,Não,5,0,0,0,3,2,0,3,"-8,18470013","-34,96816895",SPRF-PE,DEL01-PE,UOP01-DEL01-PE
376449.0,2021-08-11,quarta-feira,12:30:00,PE,232,90,SAIRE,Ausência de reação do condutor,Saída de leito carroçável,Com Vítimas Feridas,Pleno dia,Crescente,Chuva,Dupla,Reta,Não,3,0,0,2,1,0,2,1,"-8,2172915","-35,65572305",SPRF-PE,DEL02-PE,UOP02-DEL02PE
376609.0,2021-08-12,quinta-feira,08:00:00,PE,101,"59,9",RECIFE,Velocidade Incompatível,Colisão traseira,Sem Vítimas,Pleno dia,Crescente,Nublado,Dupla,Reta,Não,3,0,0,0,2,1,0,3,"-7,97708575","-34,92607318",SPRF-PE,DEL01-PE,UOP02-DEL01-PE
376727.0,2021-08-12,quinta-feira,22:00:00,PE,423,78,JUCATI,Reação tardia ou ineficiente do condutor,Colisão lateral sentido oposto,Sem Vítimas,Plena Noite,Crescente,Ignorado,Simples,Declive,Não,2,0,0,0,1,1,0,2,"-8,74910298","-36,43120556",SPRF-PE,DEL03-PE,UOP01-DEL03-PE
376842.0,2021-08-13,sexta-feira,13:50:00,PE,101,"66,7",RECIFE,Reação tardia ou ineficiente do condutor,Tombamento,Com Vítimas Fatais,Pleno dia,Crescente,Céu Claro,Dupla,Viaduto,Sim,2,1,0,0,0,1,0,2,"-8,03368534","-34,94184125",SPRF-PE,DEL01-PE,UOP01-DEL01-PE
377155.0,2021-08-14,sábado,22:20:00,PE,423,"76,4",JUCATI,Condutor Dormindo,Colisão frontal,Com Vítimas Feridas,Plena Noite,Crescente,Chuva,Simples,Aclive,Não,2,0,1,0,1,0,1,2,"-8,73183901","-36,43146015",SPRF-PE,DEL03-PE,UOP01-DEL03-PE
377199.0,2021-08-15,domingo,04:35:00,PE,232,"236,3",PESQUEIRA,Reação tardia ou ineficiente do condutor,Saída de leito carroçável,Com Vítimas Feridas,Amanhecer,Decrescente,Céu Claro,Simples,Curva,Não,2,0,1,1,0,0,2,1,"-8,4130238","-36,92650506",SPRF-PE,DEL03-PE,UOP02-DEL03-PE
377463.0,2021-08-16,segunda-feira,05:00:00,PE,101,151,RIBEIRAO,Reação tardia ou ineficiente do condutor,Saída de leito carroçável,Com Vítimas Feridas,Pleno dia,Decrescente,Céu Claro,Dupla,Curva,Não,1,0,1,0,0,0,1,1,"-8,50224498","-35,38851271",SPRF-PE,DEL01-PE,UOP01-DEL01-PE
377608.0,2021-08-17,terça-feira,07:15:00,PE,232,"257,3",ARCOVERDE,Reação tardia ou ineficiente do condutor,Colisão frontal,Com Vítimas Feridas,Pleno dia,Crescente,Sol,Simples,Curva,Não,4,0,0,3,1,0,3,2,"-8,40876559","-37,10231195",SPRF-PE,DEL03-PE,UOP02-DEL03-PE
377667.0,2021-08-17,terça-feira,13:20:00,PE,232,"12,8",JABOATAO DOS GUARARAPES,Manobra de mudança de faixa,Colisão traseira,Com Vítimas Feridas,Pleno dia,Crescente,Céu Claro,Dupla,Reta,Não,2,0,1,0,1,0,1,2,"-8,08706","-35,007988",SPRF-PE,DEL01-PE,UOP01-DEL01-PE
377714.0,2021-08-17,terça-feira,19:30:00,PE,101,"47,4",IGARASSU,Reação tardia ou ineficiente do condutor,Colisão lateral mesmo sentido,Com Vítimas Feridas,Plena Noite,Crescente,Vento,Múltipla,Reta,Sim,3,0,1,0,1,1,1,2,"-7,88290701","-34,90461208",SPRF-PE,DEL01-PE,UOP02-DEL01-PE
377762.0,2021-08-18,quarta-feira,07:00:00,PE,101,"57,4",PAULISTA,Condutor deixou de manter distância do veículo da frente,Colisão traseira,Com Vítimas Feridas,Pleno dia,Decrescente,Céu Claro,Dupla,Reta,Não,3,0,2,0,0,1,2,2,"-7,96346213","-34,91513486",SPRF-PE,DEL01-PE,UOP02-DEL01-PE
378041.0,2021-08-19,quinta-feira,16:40:00,PE,232,9,JABOATAO DOS GUARARAPES,Condutor deixou de manter distância do veículo da frente,Colisão traseira,Com Vítimas Feridas,Pleno dia,Crescente,Chuva,Dupla,Reta,Sim,2,0,1,0,1,0,1,2,"-8,07764447","-34,97863609",SPRF-PE,DEL01-PE,UOP01-DEL01-PE
378078.0,2021-08-19,quinta-feira,18:12:00,PE,424,"67,3",CAETES,Pedestre andava na pista,Atropelamento de Pedestre,Com Vítimas Fatais,Plena Noite,Decrescente,Garoa/Chuvisco,Simples,Reta,Não,3,1,0,1,0,1,1,3,"-8,765004","-36,640788",SPRF-PE,DEL03-PE,UOP01-DEL03-PE
378079.0,2021-08-19,quinta-feira,15:05:00,PE,423,132,SALOA,Velocidade Incompatível,Tombamento,Com Vítimas Feridas,Pleno dia,Crescente,Céu Claro,Simples,Curva;Declive                 ,Não,1,0,1,0,0,0,1,1,"-8,95943517","-36,76461912",SPRF-PE,DEL03-PE,UOP01-DEL03-PE
378278.0,2021-08-20,sexta-feira,18:20:00,PE,101,"76,8",RECIFE,Entrada inopinada do pedestre,Atropelamento de Pedestre,Com Vítimas Feridas,Plena Noite,Decrescente,Nublado,Dupla,Reta,Sim,3,0,0,1,1,1,1,3,"-8,126775","-34,943827",SPRF-PE,DEL01-PE,UOP01-DEL01-PE
378302.0,2021-08-20,sexta-feira,20:10:00,PE,407,"124,4",PETROLINA,Carga excessiva e/ou mal acondicionada,Tombamento,Com Vítimas Feridas,Plena Noite,Decrescente,Céu Claro,Dupla,Rotatória,Sim,1,0,1,0,0,0,1,1,"-9,36929881","-40,54137139",SPRF-PE,DEL06-PE,UOP01-DEL06-PE
378338.0,2021-08-20,sexta-feira,23:50:00,PE,424,83,GARANHUNS,Reação tardia ou ineficiente do condutor,Colisão frontal,Com Vítimas Fatais,Plena Noite,Crescente,Nevoeiro/Neblina,Simples,Declive,Não,3,1,0,0,2,0,0,2,"-8,84593423","-36,52457016",SPRF-PE,DEL03-PE,UOP01-DEL03-PE
378358.0,2021-08-21,sábado,04:50:00,PE,423,"35,5",CACHOEIRINHA,Transitar na contramão,Colisão frontal,Com Vítimas Feridas,Amanhecer,Decrescente,Nublado,Simples,Reta,Não,4,0,3,0,1,0,3,2,"-8,45893975","-36,21477956",SPRF-PE,DEL02-PE,UOP03-DEL02-PE
378653.0,2021-08-22,domingo,12:28:00,PE,101,29,IGARASSU,Demais falhas mecânicas ou elétricas,Incêndio,Sem Vítimas,Pleno dia,Decrescente,Céu Claro,Dupla,Aclive,Não,1,0,0,0,1,0,0,1,"-7,72939697","-34,94185854",SPRF-PE,DEL01-PE,UOP02-DEL01-PE
378671.0,2021-08-22,domingo,13:15:00,PE,232,"210,9",PESQUEIRA,Entrada inopinada do pedestre,Atropelamento de Pedestre,Com Vítimas Fatais,Pleno dia,Crescente,Chuva,Simples,Reta,Sim,6,1,0,0,4,1,0,2,"-8,36537624","-36,69766903",SPRF-PE,DEL03-PE,UOP02-DEL03-PE
378779.0,2021-08-22,domingo,20:00:00,PE,101,"91,4",CABO DE SANTO AGOSTINHO,Acessar a via sem observar a presença dos outros veículos,Colisão traseira,Sem Vítimas,Plena Noite,Crescente,Garoa/Chuvisco,Dupla,Interseção de Vias,Sim,3,0,0,0,3,0,0,3,"-8,23327096","-34,97701675",SPRF-PE,DEL01-PE,UOP01-DEL01-PE
378952.0,2021-08-23,segunda-feira,16:50:00,PE,232,388,SERRA TALHADA,Pedestre cruzava a pista fora da faixa,Atropelamento de Pedestre,Com Vítimas Fatais,Anoitecer,Crescente,Céu Claro,Simples,Reta,Sim,2,1,0,0,1,0,0,2,"-8,03239638","-38,12052799",SPRF-PE,DEL04-PE,UOP01-DEL04-PE
379262.0,2021-08-24,terça-feira,03:00:00,PE,316,"14,7",ARARIPINA,Condutor deixou de manter distância do veículo da frente,Colisão traseira,Com Vítimas Feridas,Plena Noite,Decrescente,Ignorado,Simples,Reta,Sim,2,0,0,1,1,0,1,2,"-7,517979","-40,567833",SPRF-PE,DEL05-PE,UOP02-DEL05-PE
379368.0,2021-08-26,quinta-feira,06:45:00,PE,101,"81,8",JABOATAO DOS GUARARAPES,Manobra de mudança de faixa,Colisão lateral mesmo sentido,Com Vítimas Feridas,Pleno dia,Crescente,Céu Claro,Dupla,Reta,Sim,2,0,0,1,1,0,1,2,"-8,1597489","-34,94024569",SPRF-PE,DEL01-PE,UOP01-DEL01-PE
379396.0,2021-08-26,quinta-feira,08:20:00,PE,423,"76,3",JUCATI,Demais falhas mecânicas ou elétricas,Tombamento,Com Vítimas Feridas,Pleno dia,Crescente,Sol,Simples,Curva;Declive                 ,Não,1,0,1,0,0,0,1,1,"-8,73041569","-36,43166184",SPRF-PE,DEL03-PE,UOP01-DEL03-PE
379404.0,2021-08-26,quinta-feira,09:00:00,PE,232,"9,4",RECIFE,Reação tardia ou ineficiente do condutor,Engavetamento,Com Vítimas Feridas,Pleno dia,Crescente,Céu Claro,Dupla,Reta,Sim,5,0,1,0,4,0,1,4,"-8,077242","-34,975656",SPRF-PE,DEL01-PE,UOP01-DEL01-PE
379440.0,2021-08-26,quinta-feira,13:30:00,PE,428,188,PETROLINA,Manobra de mudança de faixa,Colisão lateral mesmo sentido,Com Vítimas Feridas,Pleno dia,Decrescente,Céu Claro,Simples,Reta,Sim,2,0,1,0,1,0,1,2,"-9,36400596","-40,48266808",SPRF-PE,DEL06-PE,UOP01-DEL06-PE
379459.0,2021-08-26,quinta-feira,15:50:00,PE,232,210,PESQUEIRA,Manobra de mudança de faixa,Colisão frontal,Com Vítimas Feridas,Pleno dia,Decrescente,Sol,Simples,Aclive;Curva                  ,Sim,2,0,0,1,1,0,1,2,"-8,36537624","-36,69766903",SPRF-PE,DEL03-PE,UOP02-DEL03-PE
379598.0,2021-08-27,sexta-feira,12:00:00,PE,101,3,JABOATAO DOS GUARARAPES,Mal súbito do condutor,Colisão frontal,Com Vítimas Feridas,Pleno dia,Crescente,Céu Claro,Simples,Reta,Sim,2,0,0,1,1,0,1,2,"-8,204887","-34,961434",SPRF-PE,DEL01-PE,UOP02-DEL01-PE
379766.0,2021-08-28,sábado,05:00:00,PE,101,93,CABO DE SANTO AGOSTINHO,Ingestão de álcool e/ou substâncias psicoativas pelo pedestre,Colisão frontal,Com Vítimas Feridas,Amanhecer,Decrescente,Céu Claro,Simples,Reta,Sim,2,0,1,0,1,0,1,2,"-8,24757858","-34,99875069",SPRF-PE,DEL01-PE,UOP01-DEL01-PE
379807.0,2021-08-28,sábado,11:45:00,PE,101,50,ABREU E LIMA,Ausência de reação do condutor,Colisão lateral mesmo sentido,Sem Vítimas,Pleno dia,Decrescente,Sol,Múltipla,Reta,Sim,2,0,0,0,1,1,0,2,"-7,90938602","-34,90123228",SPRF-PE,DEL01-PE,UOP02-DEL01-PE
380001.0,2021-08-29,domingo,05:30:00,PE,316,100,OURICURI,Transitar na contramão,Colisão frontal,Com Vítimas Feridas,Amanhecer,Crescente,Céu Claro,Simples,Reta,Não,5,0,2,0,3,0,2,2,"-7,93798009","-39,94691304",SPRF-PE,DEL05-PE,UOP02-DEL05-PE
380031.0,2021-08-29,domingo,06:45:00,PE,423,38,CACHOEIRINHA,Velocidade Incompatível,Atropelamento de Pedestre,Com Vítimas Fatais,Pleno dia,Crescente,Nublado,Simples,Reta,Sim,3,1,0,0,1,1,0,3,"-8,48957335","-36,23249049",SPRF-PE,DEL02-PE,UOP03-DEL02-PE