id,data_inversa,dia_semana,horario,uf,br,km,municipio,causa_acidente,tipo_acidente,classificacao_acidente,fase_dia,sentido_via,condicao_metereologica,tipo_pista,tracado_via,uso_solo,pessoas,mortos,feridos_leves,feridos_graves,ilesos,ignorados,feridos,veiculos,latitude,longitude,regional,delegacia,uop
380174.0,2021-08-29,domingo,15:20:00,PE,116,91,BELEM DE SAO FRANCISCO,Transitar na contramão,Colisão frontal,Com Vítimas Feridas,Pleno dia,Decrescente,Céu Claro,Simples,Reta,Sim,2,0,0,1,1,0,1,2,"-8,622099","-39,240944",SPRF-PE,DEL05-PE,UOP01-DEL05-PE
380209.0,2021-08-30,segunda-feira,02:30:00,PE,101,"192,6",PALMARES,Condutor Dormindo,Colisão traseira,Com Vítimas Feridas,Plena Noite,Decrescente,Nublado,Dupla,Reta,Não,3,0,1,0,2,0,1,2,"-8,71282291","-35,60955915",SPRF-PE,DEL01-PE,UOP01-DEL01-PE
380380.0,2021-08-30,segunda-feira,19:50:00,PE,423,"96,5",GARANHUNS,Ingestão de álcool pelo condutor,Colisão traseira,Sem Vítimas,Plena Noite,Decrescente,Nublado,Simples,Declive;Reta                  ,Sim,2,0,0,0,2,0,0,2,"-8,88021822","-36,48651678",SPRF-PE,DEL03-PE,UOP01-DEL03-PE
380520.0,2021-08-31,terça-feira,15:35:00,PE,232,"90,2",SAIRE,Velocidade Incompatível,Tombamento,Com Vítimas Feridas,Pleno dia,Crescente,Céu Claro,Dupla,Curva,Não,2,0,0,2,0,0,2,1,"-8,2172915","-35,65572305",SPRF-PE,DEL02-PE,UOP02-DEL02PE
380645.0,2021-08-02,segunda-feira,18:20:00,PE,232,"412,5",SERRA TALHADA,Reação tardia ou ineficiente do condutor,Colisão frontal,Com Vítimas Feridas,Plena Noite,Crescente,Céu Claro,Simples,Reta,Sim,2,0,0,1,1,0,1,2,"-7,9887211","-38,2556476",SPRF-PE,DEL04-PE,UOP01-DEL04-PE
380861.0,2021-09-02,quinta-feira,13:50:00,PE,101,"41,7",IGARASSU,Mal súbito do condutor,Colisão traseira,Com Vítimas Feridas,Pleno dia,Decrescente,Céu Claro,Múltipla,Curva,Não,2,0,1,0,1,0,1,2,"-7,83038346","-34,91426785",SPRF-PE,DEL01-PE,UOP02-DEL01-PE
380973.0,2021-09-03,sexta-feira,05:30:00,PE,407,87,PETROLINA,Condutor Dormindo,Colisão traseira,Com Vítimas Feridas,Amanhecer,Crescente,Céu Claro,Simples,Reta,Não,16,0,15,0,1,0,15,2,"-9,0669548","-40,66823662",SPRF-PE,DEL06-PE,UOP02-DEL06-PE
381010.0,2021-09-03,sexta-feira,08:15:00,PE,101,127,ESCADA,Manobra de mudança de faixa,Colisão lateral mesmo sentido,Sem Vítimas,Pleno dia,Decrescente,Céu Claro,Múltipla,Reta,Sim,3,0,0,0,3,0,0,3,"-8,38731502","-35,40567398",SPRF-PE,DEL01-PE,UOP01-DEL01-PE
381180.0,2021-09-03,sexta-feira,21:35:00,PE,101,"67,1",RECIFE,Demais falhas mecânicas ou elétricas,Saída de leito carroçável,Sem Vítimas,Plena Noite,Crescente,Nublado,Dupla,Reta,Sim,1,0,0,0,1,0,0,1,"-8,044457","-34,944022",SPRF-PE,DEL01-PE,UOP01-DEL01-PE
381215.0,2021-09-04,sábado,02:00:00,PE,232,"265,8",SERTANIA,Faróis desregulados,Tombamento,Com Vítimas Feridas,Plena Noite,Crescente,Céu Claro,Simples,Reta,Não,2,0,1,0,0,1,1,2,"-8,40839508","-37,17389501",SPRF-PE,DEL03-PE,UOP02-DEL03-PE
381320.0,2021-09-04,sábado,05:40:00,PE,232,450,SAO JOSE DO BELMONTE,Acessar a via sem observar a presença dos outros veículos,Colisão transversal,Com Vítimas Feridas,Amanhecer,Decrescente,Céu Claro,Simples,Reta,Não,4,0,0,2,1,1,2,2,"-7,98214482","-38,63480402",SPRF-PE,DEL04-PE,UOP01-DEL04-PE
381415.0,2021-09-04,sábado,20:00:00,PE,232,172,BELO JARDIM,Condutor deixou de manter distância do veículo da frente,Colisão traseira,Com Vítimas Feridas,Plena Noite,Decrescente,Céu Claro,Simples,Aclive,Não,3,0,1,0,2,0,1,3,"-8,33854887","-36,360134",SPRF-PE,DEL02-PE,UOP03-DEL02-PE
381460.0,2021-09-04,sábado,21:15:00,PE,407,"129,1",PETROLINA,Ingestão de álcool pelo condutor,Colisão lateral mesmo sentido,Sem Vítimas,Plena Noite,Decrescente,Céu Claro,Dupla,Reta,Sim,2,0,0,0,2,0,0,2,"-9,39958299","-40,50459298",SPRF-PE,DEL06-PE,UOP01-DEL06-PE
381684.0,2021-09-05,domingo,20:00:00,PE,407,123,PETROLINA,Objeto estático sobre o leito carroçável,Colisão traseira,Sem Vítimas,Plena Noite,Crescente,Céu Claro,Simples,Reta,Sim,2,0,0,0,1,1,0,2,"-9,36149178","-40,54594462",SPRF-PE,DEL06-PE,UOP01-DEL06-PE
381723.0,2021-09-05,domingo,22:00:00,PE,407,3,AFRANIO,Velocidade Incompatível,Tombamento,Com Vítimas Fatais,Plena Noite,Decrescente,Céu Claro,Simples,Curva,Não,1,1,0,0,0,0,0,1,"-8,45230007","-41,02269401",SPRF-PE,DEL06-PE,UOP02-DEL06-PE
381725.0,2021-09-05,domingo,18:50:00,PE,232,"480,3",VERDEJANTE,Ingestão de álcool e/ou substâncias psicoativas pelo pedestre,Colisão frontal,Com Vítimas Fatais,Plena Noite,Decrescente,Céu Claro,Simples,Declive,Não,3,1,0,1,0,1,1,2,"-8,014677","-38,895066",SPRF-PE,DEL05-PE,UOP01-DEL05-PE
381854.0,2021-09-06,segunda-feira,14:10:00,PE,232,"4,3",RECIFE,Velocidade Incompatível,Tombamento,Sem Vítimas,Pleno dia,Crescente,Céu Claro,Dupla,Interseção de Vias,Sim,1,0,0,0,1,0,0,1,"-8,064473","-34,936928",SPRF-PE,DEL01-PE,UOP01-DEL01-PE
381857.0,2021-09-06,segunda-feira,14:30:00,PE,232,"25,5",MORENO,Demais falhas mecânicas ou elétricas,Capotamento,Com Vítimas Feridas,Pleno dia,Decrescente,Céu Claro,Dupla,Reta,Não,2,0,2,0,0,0,2,1,"-8,11191765","-35,10836516",SPRF-PE,DEL01-PE,UOP01-DEL01-PE
381959.0,2021-09-06,segunda-feira,22:50:00,PE,316,16,ARARIPINA,Transitar na contramão,Colisão lateral sentido oposto,Com Vítimas Fatais,Plena Noite,Decrescente,Céu Claro,Simples,Reta,Não,2,1,0,0,0,1,0,2,"-7,53197392","-40,55660391",SPRF-PE,DEL05-PE,UOP02-DEL05-PE
381979.0,2021-09-07,terça-feira,03:30:00,PE,316,"277,2",BELEM DE SAO FRANCISCO,Condutor Dormindo,Saída de leito carroçável,Com Vítimas Fatais,Plena Noite,Decrescente,Céu Claro,Simples,Reta,Não,1,1,0,0,0,0,0,1,"-8,68060003","-38,80133699",SPRF-PE,DEL04-PE,UOP01-DEL04-PE
382002.0,2021-09-07,terça-feira,07:30:00,PE,232,"482,7",VERDEJANTE,Condutor deixou de manter distância do veículo da frente,Colisão traseira,Com Vítimas Fatais,Pleno dia,Decrescente,Céu Claro,Simples,Reta,Sim,3,1,0,1,1,0,1,2,"-8,01011828","-38,90601512",SPRF-PE,DEL05-PE,UOP01-DEL05-PE
382035.0,2021-09-07,terça-feira,09:15:00,PE,232,"449,9",SAO JOSE DO BELMONTE,Acessar a via sem observar a presença dos outros veículos,Colisão transversal,Com Vítimas Feridas,Pleno dia,Crescente,Céu Claro,Simples,Interseção de Vias,Não,4,0,1,0,3,0,1,2,"-7,98629482","-38,62748158",SPRF-PE,DEL04-PE,UOP01-DEL04-PE
382042.0,2021-09-07,terça-feira,12:30:00,PE,104,34,TORITAMA,Condutor deixou de manter distância do veículo da frente,Colisão traseira,Com Vítimas Feridas,Pleno dia,Decrescente,Sol,Dupla,Curva,Não,2,0,1,0,1,0,1,2,"-8,0299","-36,0534",SPRF-PE,DEL02-PE,UOP01-DEL02-PE
382289.0,2021-08-31,terça-feira,14:00:00,PE,428,100,SANTA MARIA DA BOA VISTA,Acumulo de areia ou detritos sobre o pavimento,Eventos atípicos,Sem Vítimas,Pleno dia,Decrescente,Sol,Simples,Reta,Não,2,0,0,0,1,1,0,2,"-8,83744029","-39,95764882",SPRF-PE,DEL06-PE,UOP03-DEL06-PE
382371.0,2021-09-03,sexta-feira,19:30:00,PE,428,186,PETROLINA,Pedestre andava na pista,Atropelamento de Pedestre,Com Vítimas Feridas,Plena Noite,Decrescente,Céu Claro,Simples,Reta;Em Obras                 ,Sim,2,0,0,1,1,0,1,2,"-9,36023563","-40,48064947",SPRF-PE,DEL06-PE,UOP01-DEL06-PE
382375.0,2021-09-09,quinta-feira,06:50:00,PE,101,61,RECIFE,Trafegar com motocicleta (ou similar) entre as faixas,Queda de ocupante de veículo,Com Vítimas Fatais,Pleno dia,Crescente,Céu Claro,Dupla,Reta,Sim,2,1,0,0,1,0,0,2,"-7,99097103","-34,93598295",SPRF-PE,DEL01-PE,UOP02-DEL01-PE
382414.0,2021-09-09,quinta-feira,11:00:00,PE,101,"41,7",IGARASSU,Reação tardia ou ineficiente do condutor,Colisão com objeto,Com Vítimas Feridas,Pleno dia,Crescente,Sol,Dupla,Reta,Sim,2,0,1,0,1,0,1,2,"-7,83038346","-34,91426785",SPRF-PE,DEL01-PE,UOP02-DEL01-PE
382627.0,2021-09-10,sexta-feira,11:45:00,PE,101,"48,9",ABREU E LIMA,Estacionar ou parar em local proibido,Colisão traseira,Com Vítimas Feridas,Pleno dia,Decrescente,Céu Claro,Dupla,Curva,Sim,2,0,0,1,1,0,1,2,"-7,9009818","-34,90160108",SPRF-PE,DEL01-PE,UOP02-DEL01-PE
382758.0,2021-09-11,sábado,01:55:00,PE,101,78,RECIFE,Transitar na contramão,Colisão frontal,Sem Vítimas,Plena Noite,Crescente,Chuva,Dupla,Reta,Sim,2,0,0,0,1,1,0,2,"-8,13496499","-34,94738614",SPRF-PE,DEL01-PE,UOP01-DEL01-PE
382819.0,2021-09-11,sábado,07:15:00,PE,101,"29,4",ITAPISSUMA,Acesso irregular,Colisão com objeto,Sem Vítimas,Pleno dia,Decrescente,Céu Claro,Dupla,Reta,Não,1,0,0,0,1,0,0,1,"-7,72939697","-34,94185854",SPRF-PE,DEL01-PE,UOP02-DEL01-PE
382922.0,2021-09-11,sábado,20:26:00,PE,424,83,GARANHUNS,Ingestão de álcool pelo condutor,Colisão lateral sentido oposto,Sem Vítimas,Plena Noite,Decrescente,Nublado,Simples,Reta,Não,2,0,0,0,1,1,0,2,"-8,84593423","-36,52457016",SPRF-PE,DEL03-PE,UOP01-DEL03-PE
382929.0,2021-09-11,sábado,20:30:00,PE,424,"106,2",GARANHUNS,Ingestão de álcool pelo condutor,Colisão traseira,Sem Vítimas,Plena Noite,Crescente,Céu Claro,Simples,Reta,Não,2,0,0,0,2,0,0,2,"-8,99200167","-36,49391511",SPRF-PE,DEL03-PE,UOP01-DEL03-PE
383048.0,2021-09-12,domingo,09:35:00,PE,101,"115,1",IPOJUCA,Velocidade Incompatível,Tombamento,Com Vítimas Feridas,Pleno dia,Crescente,Céu Claro,Dupla,Curva,Não,1,0,1,0,0,0,1,1,"-8,33694261","-35,14157295",SPRF-PE,DEL01-PE,UOP01-DEL01-PE
383250.0,2021-08-12,quinta-feira,12:45:00,PE,232,7,RECIFE,Reação tardia ou ineficiente do condutor,Colisão com objeto,Com Vítimas Feridas,Pleno dia,Crescente,Céu Claro,Dupla,Reta,Sim,2,0,0,1,1,0,1,2,"-8,07333497","-34,96184301",SPRF-PE,DEL01-PE,UOP01-DEL01-PE
383342.0,2021-09-13,segunda-feira,17:20:00,PE,101,"73,6",RECIFE,Reação tardia ou ineficiente do condutor,Colisão transversal,Com Vítimas Feridas,Anoitecer,Decrescente,Nublado,Dupla,Retorno Regulamentado,Não,3,0,0,1,1,1,1,2,"-8,099177","-34,949988",SPRF-PE,DEL01-PE,UOP01-DEL01-PE
383464.0,2021-09-14,terça-feira,10:50:00,PE,232,"129,3",CARUARU,Avarias e/ou desgaste excessivo no pneu,Saída de leito carroçável,Com Vítimas Feridas,Pleno dia,Crescente,Céu Claro,Dupla,Reta,Sim,1,0,1,0,0,0,1,1,"-8,30193507","-35,98092002",SPRF-PE,DEL02-PE,UOP03-DEL02-PE
383666.0,2021-09-15,quarta-feira,14:05:00,PE,101,"87,1",JABOATAO DOS GUARARAPES,Acessar a via sem observar a presença dos outros veículos,Colisão transversal,Com Vítimas Feridas,Pleno dia,Decrescente,Sol,Simples,Reta,Sim,2,0,0,1,1,0,1,2,"-8,19120206","-34,97449985",SPRF-PE,DEL01-PE,UOP01-DEL01-PE
383715.0,2021-09-15,quarta-feira,18:50:00,PE,101,"26,9",IGARASSU,Ausência de reação do condutor,Colisão traseira,Com Vítimas Fatais,Plena Noite,Crescente,Céu Claro,Dupla,Reta,Não,2,1,0,0,1,0,0,2,"-7,713007","-34,933368",SPRF-PE,DEL01-PE,UOP02-DEL01-PE
383718.0,2021-09-15,quarta-feira,18:30:00,PE,101,"48,9",ABREU E LIMA,Reação tardia ou ineficiente do condutor,Colisão lateral mesmo sentido,Com Vítimas Feridas,Plena Noite,Crescente,Céu Claro,Múltipla,Curva,Sim,3,0,1,0,1,1,1,3,"-7,89174705","-34,9033493",SPRF-PE,DEL01-PE,UOP02-DEL01-PE
383725.0,2021-09-15,quarta-feira,20:26:00,PE,423,"62,5",LAJEDO,Transitar na contramão,Colisão frontal,Com Vítimas Fatais,Plena Noite,Crescente,Céu Claro,Simples,Reta,Não,2,1,0,0,1,0,0,2,"-8,66011023","-36,33781395",SPRF-PE,DEL03-PE,UOP01-DEL03-PE
383734.0,2021-09-15,quarta-feira,21:00:00,PE,232,"386,3",SERRA TALHADA,Transitar na contramão,Colisão frontal,Com Vítimas Fatais,Plena Noite,Crescente,Céu Claro,Simples,Reta,Não,2,1,0,0,1,0,0,2,"-8,03634077","-38,10371494",SPRF-PE,DEL04-PE,UOP01-DEL04-PE
383864.0,2021-09-08,quarta-feira,13:40:00,PE,423,"81,4",JUCATI,Acessar a via sem observar a presença dos outros veículos,Colisão transversal,Com Vítimas Feridas,Pleno dia,Crescente,Céu Claro,Simples,Declive,Não,2,0,1,0,1,0,1,2,"-8,77445381","-36,42734142",SPRF-PE,DEL03-PE,UOP01-DEL03-PE
384025.0,2021-09-17,sexta-feira,11:30:00,PE,101,205,XEXEU,Manobra de mudança de faixa,Colisão lateral mesmo sentido,Com Vítimas Feridas,Pleno dia,Crescente,Sol,Dupla,Reta;Aclive                   ,Não,3,0,1,0,1,1,1,3,"-8,809","-35,623",SPRF-PE,DEL01-PE,UOP01-DEL01-PE
384141.0,2021-09-17,sexta-feira,20:10:00,PE,101,44,IGARASSU,Manobra de mudança de faixa,Colisão lateral mesmo sentido,Sem Vítimas,Plena Noite,Decrescente,Nublado,Múltipla,Reta,Sim,2,0,0,0,1,1,0,2,"-7,85637001","-34,90842109",SPRF-PE,DEL01-PE,UOP02-DEL01-PE
384269.0,2021-09-18,sábado,09:53:00,PE,423,"41,1",CACHOEIRINHA,Entrada inopinada do pedestre,Atropelamento de Pedestre,Com Vítimas Feridas,Pleno dia,Decrescente,Céu Claro,Simples,Reta,Não,2,0,0,1,0,1,1,2,"-8,50137217","-36,24621989",SPRF-PE,DEL03-PE,UOP01-DEL03-PE
384392.0,2021-09-18,sábado,22:30:00,PE,232,240,ARCOVERDE,Ingestão de álcool pelo condutor,Colisão frontal,Com Vítimas Feridas,Plena Noite,Crescente,Céu Claro,Simples,Aclive,Não,2,0,0,1,1,0,1,2,"-8,41469683","-36,96172896",SPRF-PE,DEL03-PE,UOP02-DEL03-PE
384451.0,2021-09-18,sábado,21:15:00,PE,424,69,CAETES,Acessar a via sem observar a presença dos outros veículos,Colisão com objeto,Sem Vítimas,Plena Noite,Decrescente,Céu Claro,Simples,Reta,Sim,2,0,0,0,2,0,0,2,"-8,77398589","-36,62798492",SPRF-PE,DEL03-PE,UOP01-DEL03-PE
384651.0,2021-09-20,segunda-feira,02:50:00,PE,232,"63,1",POMBOS,Problema com o freio,Tombamento,Com Vítimas Fatais,Plena Noite,Decrescente,Céu Claro,Dupla,Declive;Reta                  ,Não,2,1,0,1,0,0,1,1,"-8,159775","-35,431742",SPRF-PE,DEL02-PE,UOP02-DEL02PE
384819.0,2021-09-20,segunda-feira,21:15:00,PE,316,"105,3",OURICURI,Animais na Pista,Tombamento,Com Vítimas Feridas,Plena Noite,Decrescente,Céu Claro,Simples,Reta,Não,1,0,1,0,0,0,1,1,"-7,95538676","-39,9055009",SPRF-PE,DEL05-PE,UOP02-DEL05-PE
384974.0,2021-09-21,terça-feira,21:00:00,PE,116,29,SALGUEIRO,Condutor Dormindo,Colisão com objeto,Com Vítimas Fatais,Plena Noite,Decrescente,Céu Claro,Simples,Aclive,Não,1,1,0,0,0,0,0,1,"-8,096241","-39,124842",SPRF-PE,DEL05-PE,UOP01-DEL05-PE
385002.0,2021-09-22,quarta-feira,04:20:00,PE,423,"71,9",JUPI,Transitar na contramão,Colisão frontal,Com Vítimas Feridas,Amanhecer,Decrescente,Céu Claro,Simples,Reta,Não,2,0,0,1,1,0,1,2,"-8,69250589","-36,41166726",SPRF-PE,DEL03-PE,UOP01-DEL03-PE
385038.0,2021-09-22,quarta-feira,09:30:00,PE,101,"82,7",JABOATAO DOS GUARARAPES,Condutor deixou de manter distância do veículo da frente,Colisão traseira,Sem Vítimas,Pleno dia,Decrescente,Sol,Dupla,Aclive,Sim,2,0,0,0,2,0,0,2,"-8,17645723","-34,94403362",SPRF-PE,DEL01-PE,UOP01-DEL01-PE
385091.0,2021-09-22,quarta-feira,16:20:00,PE,428,90,PETROLINA,Ausência de reação do condutor,Colisão lateral sentido oposto,Sem Vítimas,Pleno dia,Crescente,Céu Claro,Simples,Reta,Não,2,0,0,0,1,1,0,2,"-9,093917","-40,654392",SPRF-PE,DEL06-PE,UOP03-DEL06-PE
385095.0,2021-09-22,quarta-feira,05:30:00,PE,316,330,FLORESTA,Condutor Dormindo,Tombamento,Sem Vítimas,Pleno dia,Crescente,Céu Claro,Simples,Reta,Não,1,0,0,0,1,0,0,1,"-8,74635417","-38,40938209",SPRF-PE,DEL04-PE,UOP01-DEL04-PE
385243.0,2021-09-23,quinta-feira,14:15:00,PE,101,"65,4",RECIFE,Ausência de reação do condutor,Colisão traseira,Com Vítimas Feridas,Pleno dia,Crescente,Sol,Múltipla,Reta,Sim,2,0,1,0,1,0,1,2,"-8,02478597","-34,94276635",SPRF-PE,DEL01-PE,UOP01-DEL01-PE
385317.0,2021-09-23,quinta-feira,20:40:00,PE,101,193,PALMARES,Velocidade Incompatível,Tombamento,Sem Vítimas,Plena Noite,Crescente,Céu Claro,Múltipla,Reta,Não,1,0,0,0,1,0,0,1,"-8,72157295","-35,60951373",SPRF-PE,DEL01-PE,UOP01-DEL01-PE
385343.0,2021-09-24,sexta-feira,00:50:00,PE,101,193,PALMARES,Obstrução na via,Colisão traseira,Sem Vítimas,Plena Noite,Crescente,Chuva,Dupla,Reta,Não,2,0,0,0,2,0,0,2,"-8,72157295","-35,60951373",SPRF-PE,DEL01-PE,UOP01-DEL01-PE
385390.0,2021-09-24,sexta-feira,11:00:00,PE,101,57,PAULISTA,Reação tardia ou ineficiente do condutor,Colisão com objeto,Sem Vítimas,Pleno dia,Decrescente,Céu Claro,Dupla,Reta,Sim,2,0,0,0,0,2,0,2,"-7,96346213","-34,91513486",SPRF-PE,DEL01-PE,UOP02-DEL01-PE
385790.0,2021-09-26,domingo,03:45:00,PE,116,"40,1",SALGUEIRO,Condutor Dormindo,Colisão frontal,Com Vítimas Fatais,Plena Noite,Crescente,Céu Claro,Simples,Reta,Não,5,3,1,1,0,0,2,2,"-8,188874","-39,10149",SPRF-PE,DEL05-PE,UOP01-DEL05-PE
385995.0,2021-09-26,domingo,21:40:00,PE,407,"90,5",PETROLINA,Manobra de mudança de faixa,Colisão frontal,Com Vítimas Fatais,Plena Noite,Crescente,Céu Claro,Simples,Aclive,Não,3,2,1,0,0,0,1,2,"-9,09108986","-40,65584672",SPRF-PE,DEL06-PE,UOP02-DEL06-PE
386163.0,2021-09-27,segunda-feira,18:15:00,PE,116,44,SALGUEIRO,Conversão proibida,Colisão transversal,Com Vítimas Feridas,Anoitecer,Crescente,Céu Claro,Simples,Interseção de Vias,Não,3,0,2,0,0,1,2,2,"-8,223163","-39,105778",SPRF-PE,DEL05-PE,UOP01-DEL05-PE
386185.0,2021-09-22,quarta-feira,12:45:00,PE,116,29,SALGUEIRO,Velocidade Incompatível,Colisão traseira,Sem Vítimas,Pleno dia,Crescente,Céu Claro,Simples,Reta,Não,7,0,0,0,7,0,0,3,"-8,09494","-39,124596",SPRF-PE,DEL05-PE,UOP01-DEL05-PE
386227.0,2021-09-28,terça-feira,06:00:00,PE,101,46,IGARASSU,Estacionar ou parar em local proibido,Colisão lateral mesmo sentido,Com Vítimas Feridas,Pleno dia,Crescente,Céu Claro,Dupla,Reta,Sim,4,0,1,1,1,1,2,3,"-7,87406004","-34,90588126",SPRF-PE,DEL01-PE,UOP02-DEL01-PE
386285.0,2021-09-28,terça-feira,11:57:00,PE,428,188,PETROLINA,Manobra de mudança de faixa,Colisão lateral mesmo sentido,Sem Vítimas,Pleno dia,Decrescente,Céu Claro,Simples,Reta,Sim,2,0,0,0,2,0,0,2,"-9,37645","-40,49499",SPRF-PE,DEL06-PE,UOP01-DEL06-PE
386479.0,2021-09-29,quarta-feira,16:20:00,PE,101,"68,3",RECIFE,Condutor deixou de manter distância do veículo da frente,Colisão traseira,Com Vítimas Feridas,Pleno dia,Decrescente,Céu Claro,Dupla,Viaduto,Sim,3,0,0,1,2,0,1,3,"-8,05074296","-34,94580619",SPRF-PE,DEL01-PE,UOP01-DEL01-PE
386546.0,2021-09-29,quarta-feira,23:20:00,PE,423,"86,1",SAO JOAO,Pedestre andava na pista,Atropelamento de Pedestre,Com Vítimas Fatais,Plena Noite,Crescente,Nublado,Simples,Reta;Declive                  ,Não,2,1,0,0,0,1,0,2,"-8,80610593","-36,44168015",SPRF-PE,DEL03-PE,UOP01-DEL03-PE
386571.0,2021-09-30,quinta-feira,05:20:00,PE,428,"171,4",PETROLINA,Ultrapassagem Indevida,Colisão lateral mesmo sentido,Com Vítimas Feridas,Amanhecer,Decrescente,Céu Claro,Simples,Reta,Não,4,0,1,0,2,1,1,2,"-9,22853421","-40,41255764",SPRF-PE,DEL06-PE,UOP01-DEL06-PE
386694.0,2021-09-30,quinta-feira,17:40:00,PE,232,"49,5",VITORIA DE SANTO ANTAO,Acessar a via sem observar a presença dos outros veículos,Colisão lateral mesmo sentido,Com Vítimas Feridas,Anoitecer,Decrescente,Céu Claro,Dupla,Reta,Não,2,0,1,0,1,0,1,2,"-8,143676","-35,314419",SPRF-PE,DEL01-PE,UOP01-DEL01-PE
386834.0,2021-10-01,sexta-feira,13:00:00,PE,101,18,GOIANA,Ausência de reação do condutor,Colisão traseira,Com Vítimas Feridas,Pleno dia,Decrescente,Céu Claro,Dupla,Reta,Não,2,0,0,1,1,0,1,2,"-7,64778973","-34,95054569",SPRF-PE,DEL01-PE,UOP02-DEL01-PE
386859.0,2021-10-01,sexta-feira,15:10:00,PE,428,"87,8",SANTA MARIA DA BOA VISTA,Condutor Dormindo,Saída de leito carroçável,Com Vítimas Feridas,Pleno dia,Crescente,Sol,Simples,Reta,Não,1,0,1,0,0,0,1,1,"-8,78806523","-39,85675009",SPRF-PE,DEL06-PE,UOP03-DEL06-PE
386882.0,2021-10-01,sexta-feira,16:10:00,PE,101,71,RECIFE,Acostamento em desnível,Colisão lateral mesmo sentido,Sem Vítimas,Pleno dia,Decrescente,Nublado,Dupla,Reta,Sim,2,0,0,0,2,0,0,2,"-8,07914","-34,942936",SPRF-PE,DEL01-PE,UOP01-DEL01-PE
386883.0,2021-10-01,sexta-feira,15:00:00,PE,101,"46,3",ABREU E LIMA,Acessar a via sem observar a presença dos outros veículos,Colisão lateral sentido oposto,Com Vítimas Feridas,Pleno dia,Crescente,Nublado,Dupla,Reta,Sim,2,0,1,0,1,0,1,2,"-7,89208691","-34,9036181",SPRF-PE,DEL01-PE,UOP02-DEL01-PE
386946.0,2021-10-01,sexta-feira,19:00:00,PE,423,"66,7",JUPI,Pedestre cruzava a pista fora da faixa,Atropelamento de Pedestre,Com Vítimas Fatais,Plena Noite,Crescente,Céu Claro,Simples,Reta,Não,2,1,0,0,0,1,0,2,"-8,66844631","-36,37491793",SPRF-PE,DEL03-PE,UOP01-DEL03-PE
387023.0,2021-10-02,sábado,05:15:00,PE,428,"166,4",PETROLINA,Ingestão de álcool pelo condutor,Colisão frontal,Com Vítimas Fatais,Amanhecer,Decrescente,Céu Claro,Simples,Reta,Não,2,1,0,0,1,0,0,2,"-9,20593092","-40,39620538",SPRF-PE,DEL06-PE,UOP01-DEL06-PE
387058.0,2021-10-02,sábado,10:00:00,PE,101,"54,3",PAULISTA,Reação tardia ou ineficiente do condutor,Colisão lateral mesmo sentido,Sem Vítimas,Pleno dia,Decrescente,Sol,Múltipla,Reta,Sim,2,0,0,0,2,0,0,2,"-7,942634","-34,904049",SPRF-PE,DEL01-PE,UOP02-DEL01-PE
387119.0,2021-10-02,sábado,12:25:00,PE,101,59,RECIFE,Reação tardia ou ineficiente do condutor,Colisão traseira,Com Vítimas Feridas,Pleno dia,Decrescente,Sol,Dupla,Curva,Sim,2,0,1,0,1,0,1,2,"-7,97708575","-34,92607318",SPRF-PE,DEL01-PE,UOP02-DEL01-PE
387270.0,2021-10-03,domingo,02:00:00,PE,232,"246,5",ARCOVERDE,Ingestão de álcool pelo condutor,Colisão lateral sentido oposto,Sem Vítimas,Plena Noite,Decrescente,Céu Claro,Simples,Reta,Não,2,0,0,0,1,1,0,2,"-8,42022198","-37,016598",SPRF-PE,DEL03-PE,UOP02-DEL03-PE
387325.0,2021-10-03,domingo,13:40:00,PE,232,"136,7",CARUARU,Reação tardia ou ineficiente do condutor,Colisão traseira,Com Vítimas Feridas,Pleno dia,Crescente,Céu Claro,Dupla,Aclive,Não,3,0,0,1,2,0,1,2,"-8,31339932","-36,04175591",SPRF-PE,DEL02-PE,UOP03-DEL02-PE
387387.0,2021-10-03,domingo,18:50:00,PE,423,"81,7",JUCATI,Acessar a via sem observar a presença dos outros veículos,Colisão transversal,Sem Vítimas,Plena Noite,Decrescente,Nevoeiro/Neblina,Simples,Aclive,Não,3,0,0,0,1,2,0,2,"-8,77445381","-36,42734142",SPRF-PE,DEL03-PE,UOP01-DEL03-PE
387389.0,2021-10-03,domingo,18:20:00,PE,104,28,TORITAMA,Reação tardia ou ineficiente do condutor,Colisão lateral mesmo sentido,Com Vítimas Feridas,Plena Noite,Crescente,Céu Claro,Simples,Reta,Sim,4,0,0,1,3,0,1,3,"-8,0065","-36,0709",SPRF-PE,DEL02-PE,UOP01-DEL02-PE
387453.0,2021-10-03,domingo,19:30:00,PE,232,"493,4",VERDEJANTE,Desrespeitar a preferência no cruzamento,Colisão transversal,Com Vítimas Feridas,Plena Noite,Decrescente,Céu Claro,Simples,Declive,Não,3,0,0,2,1,0,2,2,"-8,006575","-38,978809",SPRF-PE,DEL05-PE,UOP01-DEL05-PE
387611.0,2021-10-04,segunda-feira,18:30:00,PE,232,"312,5",SERTANIA,Condutor deixou de manter distância do veículo da frente,Colisão traseira,Sem Vítimas,Plena Noite,Decrescente,Céu Claro,Simples,Declive,Sim,3,0,0,0,2,1,0,2,"-8,13866415","-37,47312917",SPRF-PE,DEL03-PE,UOP02-DEL03-PE