id,data_inversa,dia_semana,horario,uf,br,km,municipio,causa_acidente,tipo_acidente,classificacao_acidente,fase_dia,sentido_via,condicao_metereologica,tipo_pista,tracado_via,uso_solo,pessoas,mortos,feridos_leves,feridos_graves,ilesos,ignorados,feridos,veiculos,latitude,longitude,regional,delegacia,uop
387677.0,2021-10-05,terça-feira,06:40:00,PE,408,"87,3",SAO LOURENCO DA MATA,Condutor deixou de manter distância do veículo da frente,Saída de leito carroçável,Com Vítimas Feridas,Pleno dia,Crescente,Céu Claro,Dupla,Reta;Aclive                   ,Não,2,0,1,0,0,1,1,1,"-7,96765405","-35,0914341",SPRF-PE,DEL01-PE,UOP01-DEL01-PE
387682.0,2021-09-05,domingo,21:05:00,PE,232,89,SAIRE,Ingestão de álcool pelo condutor,Colisão traseira,Com Vítimas Feridas,Plena Noite,Crescente,Céu Claro,Dupla,Reta,Não,2,0,0,1,1,0,1,2,"-8,21622964","-35,64675492",SPRF-PE,DEL02-PE,UOP02-DEL02PE
387740.0,2021-09-07,terça-feira,18:40:00,PE,232,154,SAO CAITANO,Acessar a via sem observar a presença dos outros veículos,Colisão traseira,Com Vítimas Fatais,Plena Noite,Crescente,Céu Claro,Simples,Reta,Não,6,3,1,1,0,1,2,3,"-8,32802552","-36,19686127",SPRF-PE,DEL02-PE,UOP03-DEL02-PE
387935.0,2021-10-06,quarta-feira,15:45:00,PE,101,68,RECIFE,Condutor deixou de manter distância do veículo da frente,Colisão traseira,Sem Vítimas,Pleno dia,Decrescente,Sol,Múltipla,Reta,Sim,2,0,0,0,1,1,0,2,"-8,05074296","-34,94580619",SPRF-PE,DEL01-PE,UOP01-DEL01-PE
388247.0,2021-10-08,sexta-feira,08:20:00,PE,101,"68,5",RECIFE,Condutor deixou de manter distância do veículo da frente,Colisão traseira,Com Vítimas Feridas,Pleno dia,Crescente,Céu Claro,Dupla,Reta,Sim,2,0,1,0,1,0,1,2,"-8,05074296","-34,94580619",SPRF-PE,DEL01-PE,UOP01-DEL01-PE
388285.0,2021-10-08,sexta-feira,11:00:00,PE,232,"214,9",PESQUEIRA,Ultrapassagem Indevida,Colisão frontal,Com Vítimas Fatais,Pleno dia,Decrescente,Céu Claro,Simples,Reta,Não,9,3,0,5,0,1,5,3,"-8,3804455","-36,73076279",SPRF-PE,DEL03-PE,UOP02-DEL03-PE
388707.0,2021-10-09,sábado,22:00:00,PE,232,422,SERRA TALHADA,Ingestão de álcool pelo condutor,Colisão frontal,Com Vítimas Feridas,Plena Noite,Crescente,Céu Claro,Simples,Reta,Não,2,0,1,0,1,0,1,2,"-7,9977329","-38,40384502",SPRF-PE,DEL04-PE,UOP01-DEL04-PE
388851.0,2021-10-10,domingo,11:50:00,PE,101,"9,7",GOIANA,Velocidade Incompatível,Colisão com objeto,Com Vítimas Feridas,Pleno dia,Decrescente,Nublado,Dupla,Declive,Não,1,0,1,0,0,0,1,1,"-7,57788903","-34,98847822",SPRF-PE,DEL01-PE,UOP02-DEL01-PE
389160.0,2021-10-11,segunda-feira,18:50:00,PE,101,"80,6",JABOATAO DOS GUARARAPES,Avarias e/ou desgaste excessivo no pneu,Incêndio,Sem Vítimas,Plena Noite,Crescente,Céu Claro,Dupla,Reta,Sim,2,0,0,0,2,0,0,1,"-8,15112589","-34,9428866",SPRF-PE,DEL01-PE,UOP01-DEL01-PE
389348.0,2021-10-12,terça-feira,20:30:00,PE,232,"182,9",BELO JARDIM,Transitar na contramão,Colisão frontal,Com Vítimas Feridas,Plena Noite,Crescente,Céu Claro,Simples,Reta,Não,2,0,0,1,1,0,1,2,"-8,34804728","-36,44664994",SPRF-PE,DEL02-PE,UOP03-DEL02-PE
389481.0,2021-10-13,quarta-feira,15:30:00,PE,101,37,ITAPISSUMA,Ausência de reação do condutor,Colisão traseira,Sem Vítimas,Pleno dia,Decrescente,Céu Claro,Dupla,Reta,Não,2,0,0,0,2,0,0,2,"-7,79726705","-34,9274932",SPRF-PE,DEL01-PE,UOP02-DEL01-PE
389569.0,2021-10-14,quinta-feira,04:00:00,PE,232,29,MORENO,Manobra de mudança de faixa,Derramamento de carga,Sem Vítimas,Amanhecer,Decrescente,Nublado,Dupla,Reta,Sim,1,0,0,0,1,0,0,1,"-8,111269","-35,143135",SPRF-PE,DEL01-PE,UOP01-DEL01-PE
389610.0,2021-10-14,quinta-feira,10:50:00,PE,101,3,JABOATAO DOS GUARARAPES,Acessar a via sem observar a presença dos outros veículos,Colisão transversal,Com Vítimas Feridas,Pleno dia,Decrescente,Céu Claro,Simples,Reta,Sim,2,0,1,0,1,0,1,2,"-8,18184142","-34,94888306",SPRF-PE,DEL01-PE,UOP01-DEL01-PE
389854.0,2021-10-15,sexta-feira,15:30:00,PE,408,"104,8",JABOATAO DOS GUARARAPES,Acessar a via sem observar a presença dos outros veículos,Colisão traseira,Com Vítimas Feridas,Pleno dia,Decrescente,Céu Claro,Dupla,Curva,Sim,4,0,1,0,1,2,1,4,"-8,075679","-34,992291",SPRF-PE,DEL01-PE,UOP01-DEL01-PE
389912.0,2021-10-15,sexta-feira,20:45:00,PE,232,36,MORENO,Reação tardia ou ineficiente do condutor,Colisão traseira,Com Vítimas Feridas,Plena Noite,Crescente,Céu Claro,Dupla,Reta,Não,2,0,1,0,1,0,1,2,"-8,11082778","-35,20125807",SPRF-PE,DEL01-PE,UOP01-DEL01-PE
389969.0,2021-10-16,sábado,00:40:00,PE,232,"231,7",PESQUEIRA,Pedestre andava na pista,Atropelamento de Pedestre,Com Vítimas Fatais,Plena Noite,Decrescente,Céu Claro,Simples,Reta,Não,2,1,0,0,0,1,0,2,"-8,40315513","-36,88346699",SPRF-PE,DEL03-PE,UOP02-DEL03-PE
390053.0,2021-10-16,sábado,12:00:00,PE,101,"44,9",IGARASSU,Reação tardia ou ineficiente do condutor,Colisão lateral mesmo sentido,Com Vítimas Feridas,Pleno dia,Decrescente,Sol,Múltipla,Aclive,Sim,2,0,1,0,1,0,1,2,"-7,85637001","-34,90842109",SPRF-PE,DEL01-PE,UOP02-DEL01-PE
390128.0,2021-10-16,sábado,20:00:00,PE,407,"121,3",PETROLINA,Ingestão de álcool pelo condutor,Colisão traseira,Sem Vítimas,Plena Noite,Crescente,Céu Claro,Simples,Reta,Não,2,0,0,0,2,0,0,2,"-9,351601","-40,552985",SPRF-PE,DEL06-PE,UOP01-DEL06-PE
390210.0,2021-10-17,domingo,06:50:00,PE,232,"250,3",ARCOVERDE,Demais falhas mecânicas ou elétricas,Colisão frontal,Com Vítimas Feridas,Pleno dia,Crescente,Céu Claro,Simples,Reta,Não,4,0,0,3,1,0,3,2,"-8,42350887","-37,05286107",SPRF-PE,DEL03-PE,UOP02-DEL03-PE
390492.0,2021-10-18,segunda-feira,15:10:00,PE,101,80,JABOATAO DOS GUARARAPES,Acessar a via sem observar a presença dos outros veículos,Colisão lateral mesmo sentido,Com Vítimas Feridas,Pleno dia,Crescente,Sol,Múltipla,Reta,Sim,3,0,1,0,1,1,1,2,"-8,15112589","-34,9428866",SPRF-PE,DEL01-PE,UOP01-DEL01-PE
390624.0,2021-10-19,terça-feira,12:00:00,PE,101,"80,6",JABOATAO DOS GUARARAPES,Velocidade Incompatível,Colisão lateral mesmo sentido,Com Vítimas Feridas,Pleno dia,Crescente,Céu Claro,Múltipla,Retorno Regulamentado,Não,5,0,1,2,1,1,3,3,"-8,15112589","-34,9428866",SPRF-PE,DEL01-PE,UOP01-DEL01-PE
390639.0,2021-10-19,terça-feira,12:50:00,PE,232,5,RECIFE,Velocidade Incompatível,Colisão traseira,Com Vítimas Feridas,Pleno dia,Decrescente,Céu Claro,Simples,Curva,Não,2,0,0,1,1,0,1,2,"-8,06795766","-34,94535414",SPRF-PE,DEL01-PE,UOP01-DEL01-PE
390654.0,2021-10-19,terça-feira,14:30:00,PE,232,"177,8",BELO JARDIM,Reação tardia ou ineficiente do condutor,Engavetamento,Sem Vítimas,Pleno dia,Crescente,Céu Claro,Simples,Reta,Sim,3,0,0,0,3,0,0,3,"-8,34884045","-36,4032249",SPRF-PE,DEL02-PE,UOP03-DEL02-PE
390696.0,2021-10-19,terça-feira,16:50:00,PE,101,"40,2",IGARASSU,Condutor deixou de manter distância do veículo da frente,Colisão transversal,Com Vítimas Feridas,Anoitecer,Crescente,Céu Claro,Dupla,Reta,Sim,2,0,1,0,1,0,1,2,"-7,821475","-34,916545",SPRF-PE,DEL01-PE,UOP02-DEL01-PE
390795.0,2021-10-20,quarta-feira,06:30:00,PE,232,39,VITORIA DE SANTO ANTAO,Manobra de mudança de faixa,Colisão lateral mesmo sentido,Com Vítimas Feridas,Pleno dia,Decrescente,Céu Claro,Dupla,Reta,Não,2,0,1,0,0,1,1,2,"-8,116215","-35,221749",SPRF-PE,DEL01-PE,UOP01-DEL01-PE
390914.0,2021-10-20,quarta-feira,22:30:00,PE,316,60,TRINDADE,Transitar na contramão,Colisão frontal,Com Vítimas Feridas,Plena Noite,Decrescente,Céu Claro,Simples,Curva,Sim,2,0,0,1,1,0,1,2,"-7,77005418","-40,2584535",SPRF-PE,DEL05-PE,UOP02-DEL05-PE
390938.0,2021-07-28,quarta-feira,23:50:00,PE,101,"0,1",CABO DE SANTO AGOSTINHO,Condutor Dormindo,Colisão traseira,Com Vítimas Feridas,Plena Noite,Decrescente,Céu Claro,Dupla,Curva,Sim,3,0,1,0,1,1,1,2,"-8,278396","-35,029909",SPRF-PE,DEL01-PE,UOP01-DEL01-PE
390984.0,2021-10-21,quinta-feira,11:15:00,PE,232,"128,8",CARUARU,Manobra de mudança de faixa,Colisão traseira,Com Vítimas Feridas,Pleno dia,Crescente,Sol,Dupla,Reta,Sim,2,0,1,0,1,0,1,2,"-8,30399306","-35,97216301",SPRF-PE,DEL02-PE,UOP03-DEL02-PE
391104.0,2021-10-22,sexta-feira,02:55:00,PE,116,40,SALGUEIRO,Condutor Dormindo,Saída de leito carroçável,Com Vítimas Feridas,Plena Noite,Crescente,Céu Claro,Simples,Declive,Não,1,0,0,1,0,0,1,1,"-8,188874","-39,10149",SPRF-PE,DEL05-PE,UOP01-DEL05-PE
391160.0,2021-10-22,sexta-feira,09:45:00,PE,101,84,JABOATAO DOS GUARARAPES,Reação tardia ou ineficiente do condutor,Colisão frontal,Com Vítimas Feridas,Pleno dia,Crescente,Sol,Simples,Reta,Sim,3,0,0,1,2,0,1,3,"-8,18776912","-34,9538257",SPRF-PE,DEL01-PE,UOP01-DEL01-PE
391277.0,2021-10-22,sexta-feira,11:00:00,PE,101,77,RECIFE,Ausência de reação do condutor,Colisão traseira,Sem Vítimas,Pleno dia,Crescente,Céu Claro,Dupla,Reta,Sim,1,0,0,0,0,1,0,1,"-8,126982","-34,94386",SPRF-PE,DEL01-PE,UOP01-DEL01-PE
391368.0,2021-10-23,sábado,07:15:00,PE,424,"94,1",GARANHUNS,Transitar na contramão,Colisão frontal,Com Vítimas Fatais,Pleno dia,Crescente,Céu Claro,Simples,Reta;Declive                  ,Sim,3,1,0,0,1,1,0,3,"-8,91590392","-36,48883344",SPRF-PE,DEL03-PE,UOP01-DEL03-PE
391392.0,2021-10-23,sábado,09:50:00,PE,101,4,RECIFE,Carga excessiva e/ou mal acondicionada,Tombamento,Com Vítimas Feridas,Pleno dia,Crescente,Sol,Múltipla,Reta,Sim,1,0,0,1,0,0,1,1,"-8,065981","-34,94061",SPRF-PE,DEL01-PE,UOP02-DEL01-PE
391408.0,2021-10-23,sábado,12:05:00,PE,408,105,JABOATAO DOS GUARARAPES,Condutor deixou de manter distância do veículo da frente,Colisão lateral mesmo sentido,Com Vítimas Feridas,Pleno dia,Decrescente,Céu Claro,Dupla,Reta;Retorno Regulamentado    ,Sim,2,0,1,0,1,0,1,2,"-8,064443","-34,99006",SPRF-PE,DEL01-PE,UOP01-DEL01-PE
391444.0,2021-10-23,sábado,13:00:00,PE,232,"236,5",PESQUEIRA,Declive acentuado,Tombamento,Com Vítimas Fatais,Pleno dia,Decrescente,Céu Claro,Simples,Curva,Não,1,1,0,0,0,0,0,1,"-8,4130238","-36,92650506",SPRF-PE,DEL03-PE,UOP02-DEL03-PE
391911.0,2021-10-25,segunda-feira,16:30:00,PE,101,"70,2",RECIFE,Manobra de mudança de faixa,Colisão lateral mesmo sentido,Com Vítimas Fatais,Pleno dia,Crescente,Céu Claro,Dupla,Reta,Não,3,1,0,1,1,0,1,2,"-8,06776119","-34,94265074",SPRF-PE,DEL01-PE,UOP01-DEL01-PE
392041.0,2021-10-26,terça-feira,11:00:00,PE,101,"135,7",RIBEIRAO,Reação tardia ou ineficiente do condutor,Saída de leito carroçável,Com Vítimas Feridas,Pleno dia,Decrescente,Nublado,Dupla,Reta,Não,1,0,1,0,0,0,1,1,"-8,413352","-35,302578",SPRF-PE,DEL01-PE,UOP01-DEL01-PE
392071.0,2021-10-26,terça-feira,14:30:00,PE,101,82,JABOATAO DOS GUARARAPES,Manobra de mudança de faixa,Colisão traseira,Com Vítimas Feridas,Pleno dia,Crescente,Nublado,Dupla,Interseção de Vias,Sim,2,0,1,0,1,0,1,2,"-8,168383","-34,9376",SPRF-PE,DEL01-PE,UOP01-DEL01-PE
392159.0,2021-10-27,quarta-feira,07:00:00,PE,101,"74,6",RECIFE,Ausência de reação do condutor,Colisão traseira,Com Vítimas Feridas,Pleno dia,Decrescente,Sol,Dupla,Reta,Sim,2,0,1,0,1,0,1,2,"-8,108075","-34,94767",SPRF-PE,DEL01-PE,UOP01-DEL01-PE
392183.0,2021-10-27,quarta-feira,08:40:00,PE,101,"21,1",GOIANA,Manobra de mudança de faixa,Colisão lateral mesmo sentido,Com Vítimas Feridas,Pleno dia,Crescente,Nublado,Dupla,Reta,Não,2,0,1,0,1,0,1,2,"-7,667766","-34,93266",SPRF-PE,DEL01-PE,UOP02-DEL01-PE
392199.0,2021-10-27,quarta-feira,04:00:00,PE,423,"132,4",SALOA,Reação tardia ou ineficiente do condutor,Colisão frontal,Com Vítimas Feridas,Amanhecer,Crescente,Ignorado,Simples,Reta;Declive                  ,Não,2,0,0,1,1,0,1,2,"-8,95943517","-36,76461912",SPRF-PE,DEL03-PE,UOP01-DEL03-PE
392290.0,2021-10-27,quarta-feira,18:00:00,PE,232,"176,8",BELO JARDIM,Acessar a via sem observar a presença dos outros veículos,Colisão transversal,Com Vítimas Feridas,Plena Noite,Decrescente,Céu Claro,Simples,Reta,Não,3,0,1,0,2,0,1,2,"-8,34573608","-36,39481995",SPRF-PE,DEL02-PE,UOP03-DEL02-PE
392311.0,2021-10-27,quarta-feira,22:00:00,PE,101,"40,6",IGARASSU,Condutor deixou de manter distância do veículo da frente,Colisão traseira,Sem Vítimas,Plena Noite,Crescente,Nublado,Dupla,Reta,Sim,4,0,0,0,2,2,0,2,"-7,821475","-34,916545",SPRF-PE,DEL01-PE,UOP02-DEL01-PE
392316.0,2021-10-27,quarta-feira,22:03:00,PE,316,"6,7",ARARIPINA,Deficiência do Sistema de Iluminação/Sinalização,Colisão traseira,Com Vítimas Feridas,Plena Noite,Decrescente,Ignorado,Simples,Reta,Não,7,0,3,2,2,0,5,2,"-7,47423236","-40,61678038",SPRF-PE,DEL05-PE,UOP02-DEL05-PE
392336.0,2021-10-28,quinta-feira,05:40:00,PE,101,"80,5",JABOATAO DOS GUARARAPES,Acessar a via sem observar a presença dos outros veículos,Colisão lateral mesmo sentido,Com Vítimas Fatais,Pleno dia,Crescente,Nublado,Dupla,Reta,Sim,5,2,0,0,1,2,0,4,"-8,15112589","-34,9428866",SPRF-PE,DEL01-PE,UOP01-DEL01-PE
392415.0,2021-10-28,quinta-feira,09:00:00,PE,232,522,SALGUEIRO,Acessar a via sem observar a presença dos outros veículos,Colisão transversal,Com Vítimas Feridas,Pleno dia,Crescente,Sol,Simples,Reta,Não,4,0,1,1,2,0,2,3,"-8,06622533","-39,24170496",SPRF-PE,DEL05-PE,UOP01-DEL05-PE
392616.0,2021-10-29,sexta-feira,13:10:00,PE,101,"84,1",JABOATAO DOS GUARARAPES,Transitar na contramão,Colisão lateral sentido oposto,Com Vítimas Feridas,Pleno dia,Crescente,Céu Claro,Dupla,Curva,Não,2,0,1,0,1,0,1,2,"-8,19313416","-34,95655835",SPRF-PE,DEL01-PE,UOP01-DEL01-PE
392705.0,2021-10-29,sexta-feira,20:25:00,PE,424,95,GARANHUNS,Transitar na contramão,Colisão frontal,Com Vítimas Feridas,Plena Noite,Crescente,Nublado,Simples,Declive,Não,3,0,0,2,1,0,2,2,"-8,92487901","-36,48949333",SPRF-PE,DEL03-PE,UOP01-DEL03-PE
392741.0,2021-10-30,sábado,02:00:00,PE,232,157,SAO CAITANO,Ausência de sinalização,Tombamento,Com Vítimas Feridas,Plena Noite,Decrescente,Céu Claro,Simples,Reta,Não,2,0,1,0,1,0,1,1,"-8,32994251","-36,22627296",SPRF-PE,DEL02-PE,UOP03-DEL02-PE
392770.0,2021-10-30,sábado,04:20:00,PE,424,81,GARANHUNS,Reação tardia ou ineficiente do condutor,Engavetamento,Com Vítimas Feridas,Amanhecer,Crescente,Céu Claro,Simples,Reta,Não,4,0,1,0,2,1,1,4,"-8,83566196","-36,53934997",SPRF-PE,DEL03-PE,UOP01-DEL03-PE
392786.0,2021-10-30,sábado,07:40:00,PE,232,"71,2",GRAVATA,Condutor deixou de manter distância do veículo da frente,Colisão traseira,Sem Vítimas,Pleno dia,Crescente,Céu Claro,Dupla,Reta,Não,2,0,0,0,2,0,0,2,"-8,18344403","-35,49296599",SPRF-PE,DEL02-PE,UOP02-DEL02PE
392881.0,2021-10-30,sábado,16:10:00,PE,101,90,JABOATAO DOS GUARARAPES,Demais falhas mecânicas ou elétricas,Tombamento,Com Vítimas Feridas,Pleno dia,Decrescente,Sol,Dupla,Reta,Não,1,0,1,0,0,0,1,1,"-8,21612792","-34,98772817",SPRF-PE,DEL01-PE,UOP01-DEL01-PE
392883.0,2021-10-30,sábado,16:50:00,PE,232,"14,9",JABOATAO DOS GUARARAPES,Reação tardia ou ineficiente do condutor,Colisão traseira,Com Vítimas Feridas,Anoitecer,Crescente,Céu Claro,Dupla,Reta,Sim,2,0,1,0,0,1,1,2,"-8,09025488","-35,02052302",SPRF-PE,DEL01-PE,UOP01-DEL01-PE
392884.0,2021-10-30,sábado,17:14:00,PE,101,47,IGARASSU,Manobra de mudança de faixa,Colisão lateral mesmo sentido,Sem Vítimas,Pleno dia,Decrescente,Céu Claro,Múltipla,Reta,Sim,5,0,0,0,5,0,0,3,"-7,88290701","-34,90461208",SPRF-PE,DEL01-PE,UOP02-DEL01-PE
392900.0,2021-10-30,sábado,10:20:00,PE,407,"73,7",PETROLINA,Reação tardia ou ineficiente do condutor,Tombamento,Com Vítimas Feridas,Pleno dia,Decrescente,Sol,Simples,Declive,Sim,2,0,2,0,0,0,2,2,"-8,95517208","-40,7255021",SPRF-PE,DEL06-PE,UOP02-DEL06-PE
392938.0,2021-10-30,sábado,18:50:00,PE,423,"53,2",LAJEDO,Reação tardia ou ineficiente do condutor,Saída de leito carroçável,Com Vítimas Feridas,Plena Noite,Crescente,Céu Claro,Simples,Reta,Não,1,0,1,0,0,0,1,1,"-8,59893","-36,29195398",SPRF-PE,DEL03-PE,UOP01-DEL03-PE
392976.0,2021-10-30,sábado,22:11:00,PE,232,"259,3",ARCOVERDE,Ingestão de álcool pelo condutor,Colisão frontal,Com Vítimas Feridas,Plena Noite,Crescente,Céu Claro,Simples,Curva,Não,3,0,2,0,1,0,2,2,"-8,40651849","-37,12023393",SPRF-PE,DEL03-PE,UOP02-DEL03-PE
393097.0,2021-10-11,segunda-feira,11:00:00,PE,407,"23,9",AFRANIO,Velocidade Incompatível,Tombamento,Com Vítimas Feridas,Pleno dia,Decrescente,Céu Claro,Simples,Curva,Não,2,0,2,0,0,0,2,1,"-8,62237203","-40,99588613",SPRF-PE,DEL06-PE,UOP02-DEL06-PE
393227.0,2021-11-01,segunda-feira,06:00:00,PE,101,"83,2",JABOATAO DOS GUARARAPES,Transitar na contramão,Colisão frontal,Com Vítimas Fatais,Amanhecer,Decrescente,Céu Claro,Múltipla,Interseção de Vias,Não,4,1,0,1,0,2,1,2,"-8,175172","-34,942642",SPRF-PE,DEL01-PE,UOP01-DEL01-PE
393248.0,2021-11-01,segunda-feira,07:15:00,PE,232,"4,7",RECIFE,Reação tardia ou ineficiente do condutor,Colisão traseira,Com Vítimas Feridas,Pleno dia,Crescente,Céu Claro,Dupla,Viaduto,Não,2,0,0,1,1,0,1,2,"-8,064473","-34,936928",SPRF-PE,DEL01-PE,UOP01-DEL01-PE
393253.0,2021-11-01,segunda-feira,09:15:00,PE,101,80,JABOATAO DOS GUARARAPES,Ultrapassagem Indevida,Colisão lateral mesmo sentido,Com Vítimas Feridas,Pleno dia,Crescente,Céu Claro,Dupla,Reta,Sim,3,0,2,0,1,0,2,2,"-8,15112589","-34,9428866",SPRF-PE,DEL01-PE,UOP01-DEL01-PE
393278.0,2021-11-01,segunda-feira,09:40:00,PE,424,"46,2",VENTUROSA,Problema com o freio,Saída de leito carroçável,Com Vítimas Feridas,Pleno dia,Decrescente,Céu Claro,Simples,Curva,Não,3,0,2,1,0,0,3,1,"-8,69226895","-36,78893898",SPRF-PE,DEL03-PE,UOP01-DEL03-PE
393280.0,2021-11-01,segunda-feira,11:25:00,PE,101,"43,6",IGARASSU,Manobra de mudança de faixa,Colisão lateral mesmo sentido,Sem Vítimas,Pleno dia,Crescente,Céu Claro,Múltipla,Reta,Sim,2,0,0,0,2,0,0,2,"-7,84753808","-34,90977038",SPRF-PE,DEL01-PE,UOP02-DEL01-PE
393299.0,2021-11-01,segunda-feira,11:35:00,PE,101,107,CABO DE SANTO AGOSTINHO,Demais falhas na via,Saída de leito carroçável,Com Vítimas Feridas,Pleno dia,Decrescente,Céu Claro,Dupla,Reta,Não,1,0,1,0,0,0,1,1,"-8,308323","-35,088282",SPRF-PE,DEL01-PE,UOP01-DEL01-PE
393337.0,2021-11-01,segunda-feira,17:35:00,PE,232,"5,9",RECIFE,Trafegar com motocicleta (ou similar) entre as faixas,Colisão traseira,Com Vítimas Feridas,Plena Noite,Crescente,Céu Claro,Dupla,Reta,Sim,3,0,1,0,2,0,1,3,"-8,06795766","-34,94535414",SPRF-PE,DEL01-PE,UOP01-DEL01-PE
393359.0,2021-11-01,segunda-feira,18:00:00,PE,101,"33,8",IGARASSU,Acessar a via sem observar a presença dos outros veículos,Colisão lateral mesmo sentido,Com Vítimas Feridas,Plena Noite,Crescente,Vento,Múltipla,Reta,Não,3,0,1,0,2,0,1,2,"-7,761909","-34,935654",SPRF-PE,DEL01-PE,UOP02-DEL01-PE
393494.0,2021-11-02,terça-feira,16:18:00,PE,232,9,RECIFE,Manobra de mudança de faixa,Colisão lateral mesmo sentido,Com Vítimas Feridas,Pleno dia,Crescente,Céu Claro,Dupla,Reta,Sim,3,0,1,1,1,0,2,2,"-8,076755","-34,973013",SPRF-PE,DEL01-PE,UOP01-DEL01-PE
393507.0,2021-11-02,terça-feira,16:14:00,PE,101,70,RECIFE,Acesso irregular,Colisão traseira,Sem Vítimas,Pleno dia,Crescente,Céu Claro,Dupla,Reta,Sim,3,0,0,0,3,0,0,2,"-8,06776119","-34,94265074",SPRF-PE,DEL01-PE,UOP01-DEL01-PE
393653.0,2021-11-03,quarta-feira,11:50:00,PE,232,110,BEZERROS,Reação tardia ou ineficiente do condutor,Capotamento,Com Vítimas Feridas,Pleno dia,Crescente,Céu Claro,Dupla,Reta,Não,2,0,0,1,0,1,1,2,"-8,28634529","-35,81755579",SPRF-PE,DEL02-PE,UOP02-DEL02PE
393839.0,2021-11-04,quinta-feira,15:00:00,PE,232,"5,6",RECIFE,Condutor deixou de manter distância do veículo da frente,Engavetamento,Com Vítimas Feridas,Pleno dia,Decrescente,Céu Claro,Dupla,Reta,Sim,4,0,1,0,2,1,1,4,"-8,070212","-34,951213",SPRF-PE,DEL01-PE,UOP01-DEL01-PE
393846.0,2021-11-04,quinta-feira,16:05:00,PE,423,"97,2",GARANHUNS,Entrada inopinada do pedestre,Queda de ocupante de veículo,Com Vítimas Feridas,Pleno dia,Crescente,Sol,Simples,Reta,Sim,2,0,1,0,0,1,1,1,"-8,8796227","-36,49484286",SPRF-PE,DEL03-PE,UOP01-DEL03-PE
394093.0,2021-11-05,sexta-feira,22:40:00,PE,110,229,PETROLANDIA,Demais falhas mecânicas ou elétricas,Tombamento,Com Vítimas Fatais,Plena Noite,Crescente,Céu Claro,Simples,Aclive;Curva                  ,Não,3,1,2,0,0,0,2,1,"-9,05706303","-38,27627091",SPRF-BA,DEL07-BA,UOP01-DEL07-BA
394167.0,2021-09-26,domingo,19:20:00,PE,232,156,TACAIMBO,Transitar na contramão,Colisão frontal,Com Vítimas Fatais,Plena Noite,Crescente,Céu Claro,Simples,Reta,Não,2,1,0,0,1,0,0,2,"-8,330293","-36,231969",SPRF-PE,DEL02-PE,UOP03-DEL02-PE
394303.0,2021-11-07,domingo,04:00:00,PE,407,"127,7",PETROLINA,Ingestão de álcool pelo condutor,Colisão lateral sentido oposto,Com Vítimas Feridas,Plena Noite,Crescente,Nublado,Simples,Reta,Sim,2,0,1,0,0,1,1,2,"-9,39301","-40,513874",SPRF-PE,DEL06-PE,UOP01-DEL06-PE
394446.0,2021-11-07,domingo,19:30:00,PE,424,"26,2",VENTUROSA,Ingestão de álcool pelo condutor,Colisão frontal,Com Vítimas Fatais,Plena Noite,Crescente,Céu Claro,Simples,Reta,Não,17,1,0,12,3,1,12,7,"-8,5542719","-36,89884489",SPRF-PE,DEL03-PE,UOP02-DEL03-PE
394587.0,2021-11-08,segunda-feira,14:40:00,PE,101,"50,3",ABREU E LIMA,Manobra de mudança de faixa,Colisão lateral mesmo sentido,Com Vítimas Feridas,Pleno dia,Decrescente,Sol,Múltipla,Reta,Sim,2,0,0,1,0,1,1,2,"-7,90938602","-34,90123228",SPRF-PE,DEL01-PE,UOP02-DEL01-PE
394603.0,2021-11-08,segunda-feira,15:50:00,PE,101,"65,6",RECIFE,Manobra de mudança de faixa,Colisão lateral mesmo sentido,Com Vítimas Feridas,Pleno dia,Crescente,Céu Claro,Múltipla,Reta,Sim,3,0,1,0,2,0,1,2,"-8,032154","-34,942468",SPRF-PE,DEL01-PE,UOP01-DEL01-PE
394689.0,2021-11-08,segunda-feira,20:00:00,PE,316,272,ITACURUBA,Ingestão de álcool e/ou substâncias psicoativas pelo pedestre,Atropelamento de Pedestre,Com Vítimas Fatais,Plena Noite,Crescente,Céu Claro,Simples,Reta,Não,2,1,0,0,0,1,0,2,"-8,69563604","-38,84408298",SPRF-PE,DEL04-PE,UOP01-DEL04-PE
395050.0,2021-11-11,quinta-feira,05:00:00,PE,101,50,ABREU E LIMA,Manobra de mudança de faixa,Colisão traseira,Sem Vítimas,Pleno dia,Crescente,Nublado,Dupla,Reta,Sim,2,0,0,0,2,0,0,2,"-7,90938602","-34,90123228",SPRF-PE,DEL01-PE,UOP02-DEL01-PE
395290.0,2021-11-12,sexta-feira,11:20:00,PE,104,"20,6",TAQUARITINGA DO NORTE,Manobra de mudança de faixa,Colisão frontal,Com Vítimas Fatais,Pleno dia,Decrescente,Nublado,Simples,Reta,Não,3,2,0,0,1,0,0,2,"-7,956497","-36,128529",SPRF-PE,DEL02-PE,UOP01-DEL02-PE
395304.0,2021-11-12,sexta-feira,12:45:00,PE,232,"251,6",ARCOVERDE,Manobra de mudança de faixa,Colisão frontal,Com Vítimas Fatais,Pleno dia,Crescente,Céu Claro,Simples,Interseção de Vias,Sim,2,1,0,0,1,0,0,2,"-8,42785341","-37,0584619",SPRF-PE,DEL03-PE,UOP02-DEL03-PE