id,data_inversa,dia_semana,horario,uf,br,km,municipio,causa_acidente,tipo_acidente,classificacao_acidente,fase_dia,sentido_via,condicao_metereologica,tipo_pista,tracado_via,uso_solo,pessoas,mortos,feridos_leves,feridos_graves,ilesos,ignorados,feridos,veiculos,latitude,longitude,regional,delegacia,uop
395395.0,2021-11-12,sexta-feira,18:10:00,PE,101,"38,5",IGARASSU,Manobra de mudança de faixa,Colisão lateral mesmo sentido,Sem Vítimas,Plena Noite,Decrescente,Céu Claro,Dupla,Reta;Declive                  ,Sim,2,0,0,0,2,0,0,2,"-7,808251","-34,922499",SPRF-PE,DEL01-PE,UOP02-DEL01-PE
395441.0,2021-11-12,sexta-feira,18:50:00,PE,101,23,GOIANA,Manobra de mudança de faixa,Saída de leito carroçável,Sem Vítimas,Plena Noite,Crescente,Céu Claro,Dupla,Reta,Não,3,0,0,0,1,2,0,2,"-7,68357776","-34,92410458",SPRF-PE,DEL01-PE,UOP02-DEL01-PE
395474.0,2021-11-12,sexta-feira,23:00:00,PE,407,22,AFRANIO,Ultrapassagem Indevida,Colisão frontal,Com Vítimas Fatais,Plena Noite,Crescente,Céu Claro,Simples,Reta,Não,3,1,1,0,1,0,1,2,"-8,61345594","-40,99759664",SPRF-PE,DEL06-PE,UOP02-DEL06-PE
395490.0,2021-11-13,sábado,06:10:00,PE,232,"227,9",PESQUEIRA,Condutor Dormindo,Saída de leito carroçável,Com Vítimas Feridas,Amanhecer,Crescente,Céu Claro,Simples,Reta,Não,1,0,1,0,0,0,1,1,"-8,40012724","-36,84674304",SPRF-PE,DEL03-PE,UOP02-DEL03-PE
395662.0,2021-11-13,sábado,16:20:00,PE,232,71,GRAVATA,Ausência de reação do condutor,Colisão traseira,Com Vítimas Feridas,Pleno dia,Crescente,Céu Claro,Dupla,Reta,Não,8,0,2,3,3,0,5,3,"-8,18344403","-35,49296599",SPRF-PE,DEL02-PE,UOP02-DEL02PE
395842.0,2021-11-14,domingo,18:15:00,PE,232,387,CALUMBI,Transitar na contramão,Colisão lateral sentido oposto,Com Vítimas Feridas,Plena Noite,Decrescente,Céu Claro,Simples,Reta,Não,2,0,0,1,0,1,1,2,"-8,03207591","-38,11169395",SPRF-PE,DEL04-PE,UOP01-DEL04-PE
396053.0,2021-09-24,sexta-feira,18:40:00,PE,428,"95,8",SANTA MARIA DA BOA VISTA,Manobra de mudança de faixa,Colisão frontal,Com Vítimas Fatais,Plena Noite,Decrescente,Ignorado,Simples,Reta,Não,2,1,0,0,1,0,0,2,"-8,81505882","-39,91963611",SPRF-PE,DEL06-PE,UOP03-DEL06-PE
396055.0,2021-10-17,domingo,03:15:00,PE,407,"118,6",PETROLINA,Reação tardia ou ineficiente do condutor,Colisão traseira,Com Vítimas Feridas,Amanhecer,Decrescente,Ignorado,Simples,Reta,Não,2,0,1,0,0,1,1,2,"-9,32245397","-40,56878794",SPRF-PE,DEL06-PE,UOP02-DEL06-PE
396179.0,2021-11-16,terça-feira,10:50:00,PE,232,"244,6",ARCOVERDE,Condutor deixou de manter distância do veículo da frente,Colisão traseira,Sem Vítimas,Pleno dia,Crescente,Céu Claro,Simples,Reta,Não,2,0,0,0,2,0,0,2,"-8,41863444","-36,99827208",SPRF-PE,DEL03-PE,UOP02-DEL03-PE
396204.0,2021-11-16,terça-feira,12:30:00,PE,101,66,RECIFE,Trafegar com motocicleta (ou similar) entre as faixas,Colisão lateral mesmo sentido,Com Vítimas Feridas,Pleno dia,Crescente,Céu Claro,Dupla,Reta,Sim,4,0,0,2,2,0,2,3,"-8,03368534","-34,94184125",SPRF-PE,DEL01-PE,UOP01-DEL01-PE
396217.0,2021-11-16,terça-feira,15:30:00,PE,101,69,RECIFE,Ultrapassagem Indevida,Colisão lateral mesmo sentido,Com Vítimas Feridas,Pleno dia,Crescente,Céu Claro,Dupla,Interseção de Vias,Sim,2,0,1,0,1,0,1,2,"-8,05956956","-34,94608283",SPRF-PE,DEL01-PE,UOP01-DEL01-PE
396279.0,2021-11-16,terça-feira,20:45:00,PE,232,"12,7",JABOATAO DOS GUARARAPES,Condutor deixou de manter distância do veículo da frente,Colisão lateral mesmo sentido,Com Vítimas Feridas,Plena Noite,Decrescente,Céu Claro,Dupla,Reta,Não,2,0,1,0,1,0,1,2,"-8,08577691","-35,00345603",SPRF-PE,DEL01-PE,UOP01-DEL01-PE
396285.0,2021-11-16,terça-feira,21:20:00,PE,101,18,GOIANA,Demais falhas mecânicas ou elétricas,Tombamento,Sem Vítimas,Plena Noite,Crescente,Garoa/Chuvisco,Dupla,Reta,Não,1,0,0,0,1,0,0,1,"-7,64778973","-34,95054569",SPRF-PE,DEL01-PE,UOP02-DEL01-PE
396539.0,2021-11-18,quinta-feira,14:15:00,PE,407,129,PETROLINA,Área urbana sem a presença de local apropriado para a travessia de pedestres,Atropelamento de Pedestre,Com Vítimas Feridas,Pleno dia,Crescente,Céu Claro,Dupla,Curva,Sim,3,0,1,0,1,1,1,2,"-9,39958299","-40,50459298",SPRF-PE,DEL06-PE,UOP01-DEL06-PE
396588.0,2021-11-18,quinta-feira,17:50:00,PE,232,"4,1",RECIFE,Trafegar com motocicleta (ou similar) entre as faixas,Colisão lateral mesmo sentido,Sem Vítimas,Anoitecer,Crescente,Chuva,Múltipla,Reta,Sim,3,0,0,0,3,0,0,3,"-8,064473","-34,936928",SPRF-PE,DEL01-PE,UOP01-DEL01-PE
396768.0,2021-11-19,sexta-feira,17:00:00,PE,101,90,CABO DE SANTO AGOSTINHO,Problema com o freio,Colisão lateral sentido oposto,Com Vítimas Feridas,Anoitecer,Decrescente,Garoa/Chuvisco,Simples,Declive,Sim,2,0,1,0,1,0,1,2,"-8,23688","-34,98207",SPRF-PE,DEL01-PE,UOP01-DEL01-PE
397377.0,2021-11-22,segunda-feira,16:40:00,PE,101,"179,2",JOAQUIM NABUCO,Fumaça,Engavetamento,Com Vítimas Feridas,Pleno dia,Decrescente,Céu Claro,Dupla,Reta,Não,6,0,0,2,3,1,2,4,"-8,629166","-35,559185",SPRF-PE,DEL01-PE,UOP01-DEL01-PE
397418.0,2021-11-23,terça-feira,04:20:00,PE,101,42,IGARASSU,Velocidade Incompatível,Colisão traseira,Com Vítimas Feridas,Amanhecer,Decrescente,Céu Claro,Múltipla,Reta,Sim,3,0,1,0,1,1,1,3,"-7,844849","-34,910476",SPRF-PE,DEL01-PE,UOP02-DEL01-PE
397510.0,2021-11-23,terça-feira,12:35:00,PE,423,"166,3",AGUAS BELAS,Ausência de reação do condutor,Saída de leito carroçável,Sem Vítimas,Pleno dia,Crescente,Céu Claro,Simples,Reta,Não,1,0,0,0,1,0,0,1,"-9,12609311","-37,01493996",SPRF-AL,DEL03-AL,UOP02-DEL03-AL
397555.0,2021-11-23,terça-feira,19:15:00,PE,101,7,CABO DE SANTO AGOSTINHO,Transitar na calçada,Queda de ocupante de veículo,Com Vítimas Fatais,Plena Noite,Decrescente,Céu Claro,Simples,Ponte,Sim,2,1,0,0,1,0,0,2,"-8,228866","-34,972082",SPRF-PE,DEL01-PE,UOP01-DEL01-PE
397567.0,2021-11-23,terça-feira,22:30:00,PE,104,"84,4",AGRESTINA,Mal súbito do condutor,Saída de leito carroçável,Com Vítimas Fatais,Plena Noite,Crescente,Céu Claro,Simples,Reta,Não,1,1,0,0,0,0,0,1,"-8,434671","-35,957223",SPRF-PE,DEL02-PE,UOP01-DEL02-PE
397772.0,2021-11-25,quinta-feira,03:30:00,PE,101,99,CABO DE SANTO AGOSTINHO,Condutor Dormindo,Colisão frontal,Com Vítimas Feridas,Plena Noite,Crescente,Céu Claro,Simples,Reta,Sim,2,0,1,0,1,0,1,2,"-8,26025316","-35,04629883",SPRF-PE,DEL01-PE,UOP01-DEL01-PE
397792.0,2021-11-25,quinta-feira,08:04:00,PE,101,73,RECIFE,Acessar a via sem observar a presença dos outros veículos,Colisão transversal,Com Vítimas Feridas,Pleno dia,Decrescente,Sol,Dupla,Reta,Sim,3,0,2,0,1,0,2,2,"-8,093369","-34,947464",SPRF-PE,DEL01-PE,UOP01-DEL01-PE
397814.0,2021-11-25,quinta-feira,06:30:00,PE,101,45,ABREU E LIMA,Reação tardia ou ineficiente do condutor,Colisão traseira,Sem Vítimas,Pleno dia,Crescente,Céu Claro,Múltipla,Reta,Sim,3,0,0,0,3,0,0,3,"-7,86521297","-34,90715176",SPRF-PE,DEL01-PE,UOP02-DEL01-PE
397815.0,2021-11-25,quinta-feira,09:45:00,PE,101,"28,4",IGARASSU,Manobra de mudança de faixa,Colisão lateral mesmo sentido,Com Vítimas Feridas,Pleno dia,Decrescente,Céu Claro,Dupla,Reta,Não,3,0,1,0,2,0,1,2,"-7,72056385","-34,94127124",SPRF-PE,DEL01-PE,UOP02-DEL01-PE
397859.0,2021-11-25,quinta-feira,12:40:00,PE,104,"23,8",TAQUARITINGA DO NORTE,Velocidade Incompatível,Saída de leito carroçável,Sem Vítimas,Pleno dia,Decrescente,Sol,Simples,Declive;Curva                 ,Não,1,0,0,0,1,0,0,1,"-7,97182","-36,109932",SPRF-PE,DEL02-PE,UOP01-DEL02-PE
397908.0,2021-11-25,quinta-feira,11:20:00,PE,232,532,SALGUEIRO,Mal súbito do condutor,Colisão com objeto,Sem Vítimas,Pleno dia,Crescente,Céu Claro,Simples,Reta,Não,3,0,0,0,3,0,0,1,"-8,07751073","-39,33189201",SPRF-PE,DEL05-PE,UOP01-DEL05-PE
398034.0,2021-11-26,sexta-feira,14:30:00,PE,101,"74,2",RECIFE,Demais falhas mecânicas ou elétricas,Colisão traseira,Com Vítimas Feridas,Pleno dia,Decrescente,Céu Claro,Dupla,Reta,Sim,2,0,1,0,1,0,1,2,"-8,10146485","-34,94901577",SPRF-PE,DEL01-PE,UOP01-DEL01-PE
398388.0,2021-11-28,domingo,04:50:00,PE,232,"61,7",POMBOS,Reação tardia ou ineficiente do condutor,Colisão traseira,Com Vítimas Feridas,Amanhecer,Decrescente,Nublado,Dupla,Reta,Não,2,0,0,1,0,1,1,2,"-8,15540496","-35,42064647",SPRF-PE,DEL02-PE,UOP02-DEL02PE
398461.0,2021-11-28,domingo,11:20:00,PE,101,119,IPOJUCA,Reação tardia ou ineficiente do condutor,Tombamento,Sem Vítimas,Pleno dia,Crescente,Céu Claro,Dupla,Curva,Não,1,0,0,0,1,0,0,1,"-8,35291472","-35,16929901",SPRF-PE,DEL01-PE,UOP01-DEL01-PE
398506.0,2021-11-28,domingo,15:30:00,PE,316,42,ARARIPINA,Demais falhas mecânicas ou elétricas,Colisão com objeto,Sem Vítimas,Pleno dia,Crescente,Céu Claro,Simples,Declive,Não,2,0,0,0,1,1,0,2,"-7,66722544","-40,39243874",SPRF-PE,DEL05-PE,UOP02-DEL05-PE
398523.0,2021-11-28,domingo,19:25:00,PE,424,"98,3",GARANHUNS,Ingestão de álcool pelo condutor,Colisão frontal,Com Vítimas Feridas,Plena Noite,Crescente,Céu Claro,Simples,Interseção de Vias,Sim,2,0,0,1,1,0,1,2,"-8,94248907","-36,50883182",SPRF-PE,DEL03-PE,UOP01-DEL03-PE
398551.0,2021-11-28,domingo,21:15:00,PE,316,"72,2",OURICURI,Ingestão de álcool pelo condutor,Colisão com objeto,Com Vítimas Fatais,Plena Noite,Crescente,Nublado,Simples,Reta,Não,2,1,0,0,1,0,0,2,"-7,81754311","-40,16546933",SPRF-PE,DEL05-PE,UOP02-DEL05-PE
398572.0,2021-11-28,domingo,21:15:00,PE,232,"413,1",SERRA TALHADA,Acessar a via sem observar a presença dos outros veículos,Colisão lateral mesmo sentido,Com Vítimas Feridas,Plena Noite,Decrescente,Céu Claro,Simples,Declive,Sim,3,0,0,2,0,1,2,2,"-7,98857087","-38,32972307",SPRF-PE,DEL04-PE,UOP01-DEL04-PE
398948.0,2021-12-01,quarta-feira,05:50:00,PE,101,52,PAULISTA,Entrada inopinada do pedestre,Atropelamento de Pedestre,Sem Vítimas,Pleno dia,Crescente,Nublado,Dupla,Reta,Sim,4,0,0,0,1,3,0,2,"-7,92358799","-34,89607201",SPRF-PE,DEL01-PE,UOP02-DEL01-PE
399079.0,2021-12-01,quarta-feira,19:20:00,PE,101,8,JABOATAO DOS GUARARAPES,Reação tardia ou ineficiente do condutor,Engavetamento,Sem Vítimas,Plena Noite,Crescente,Céu Claro,Simples,Reta,Sim,4,0,0,0,4,0,0,4,"-8,11208","-35,0154",SPRF-PE,DEL01-PE,UOP01-DEL01-PE
399123.0,2021-12-02,quinta-feira,06:10:00,PE,408,"104,3",JABOATAO DOS GUARARAPES,Entrada inopinada do pedestre,Atropelamento de Pedestre,Com Vítimas Fatais,Pleno dia,Crescente,Sol,Múltipla,Reta,Sim,2,1,0,0,1,0,0,2,"-8,071078","-34,991441",SPRF-PE,DEL01-PE,UOP01-DEL01-PE
399492.0,2021-12-03,sexta-feira,19:00:00,PE,408,105,JABOATAO DOS GUARARAPES,Manobra de mudança de faixa,Colisão traseira,Com Vítimas Feridas,Plena Noite,Decrescente,Nublado,Dupla,Viaduto,Sim,3,0,1,0,2,0,1,3,"-8,0730937","-34,99190714",SPRF-PE,DEL01-PE,UOP01-DEL01-PE
399518.0,2021-12-04,sábado,00:30:00,PE,104,"119,1",PANELAS,Curva acentuada,Tombamento,Com Vítimas Feridas,Plena Noite,Decrescente,Céu Claro,Simples,Curva,Não,2,0,0,1,1,0,1,2,"-8,69214","-36,023621",SPRF-PE,DEL02-PE,UOP01-DEL02-PE
399570.0,2021-12-04,sábado,07:20:00,PE,232,45,VITORIA DE SANTO ANTAO,Manobra de mudança de faixa,Colisão traseira,Com Vítimas Feridas,Pleno dia,Crescente,Nublado,Dupla,Reta,Sim,3,0,0,1,1,1,1,3,"-8,128181","-35,281677",SPRF-PE,DEL01-PE,UOP01-DEL01-PE
400084.0,2021-12-06,segunda-feira,08:10:00,PE,232,"81,5",GRAVATA,Entrada inopinada do pedestre,Atropelamento de Pedestre,Com Vítimas Feridas,Pleno dia,Decrescente,Chuva,Dupla,Reta,Sim,2,0,0,1,1,0,1,2,"-8,19697746","-35,57850408",SPRF-PE,DEL02-PE,UOP02-DEL02PE
400152.0,2021-12-06,segunda-feira,13:40:00,PE,101,45,IGARASSU,Reação tardia ou ineficiente do condutor,Colisão lateral mesmo sentido,Com Vítimas Feridas,Pleno dia,Decrescente,Nublado,Dupla,Reta,Sim,2,0,1,0,1,0,1,2,"-7,86521297","-34,90715176",SPRF-PE,DEL01-PE,UOP02-DEL01-PE
400183.0,2021-12-06,segunda-feira,17:05:00,PE,101,"78,8",JABOATAO DOS GUARARAPES,Trafegar com motocicleta (ou similar) entre as faixas,Colisão lateral mesmo sentido,Com Vítimas Fatais,Pleno dia,Decrescente,Céu Claro,Dupla,Curva,Sim,2,1,0,0,1,0,0,2,"-8,14425","-34,947289",SPRF-PE,DEL01-PE,UOP01-DEL01-PE
400278.0,2021-12-07,terça-feira,09:20:00,PE,104,30,TORITAMA,Pedestre cruzava a pista fora da faixa,Atropelamento de Pedestre,Com Vítimas Feridas,Pleno dia,Crescente,Céu Claro,Simples,Reta,Sim,2,0,0,1,1,0,1,2,"-8,0137","-36,0565",SPRF-PE,DEL02-PE,UOP01-DEL02-PE
400339.0,2021-12-07,terça-feira,16:00:00,PE,232,31,MORENO,Afundamento ou ondulação no pavimento,Colisão lateral mesmo sentido,Sem Vítimas,Pleno dia,Crescente,Céu Claro,Dupla,Curva,Não,2,0,0,0,2,0,0,2,"-8,09812474","-35,06436825",SPRF-PE,DEL01-PE,UOP01-DEL01-PE
400496.0,2021-12-08,quarta-feira,13:44:00,PE,101,50,ABREU E LIMA,Condutor deixou de manter distância do veículo da frente,Colisão com objeto,Com Vítimas Feridas,Pleno dia,Crescente,Nublado,Dupla,Reta,Sim,4,0,0,1,2,1,1,3,"-7,90938602","-34,90123228",SPRF-PE,DEL01-PE,UOP02-DEL01-PE
400603.0,2021-12-09,quinta-feira,05:10:00,PE,423,"49,1",LAJEDO,Condutor Dormindo,Colisão lateral sentido oposto,Com Vítimas Feridas,Amanhecer,Crescente,Céu Claro,Simples,Reta,Não,6,0,0,3,3,0,3,2,"-8,56557215","-36,27905975",SPRF-PE,DEL03-PE,UOP01-DEL03-PE
400633.0,2021-12-09,quinta-feira,07:45:00,PE,116,61,CABROBO,Ausência de reação do condutor,Saída de leito carroçável,Com Vítimas Fatais,Pleno dia,Crescente,Chuva,Simples,Reta,Não,1,1,0,0,0,0,0,1,"-8,369183","-39,149014",SPRF-PE,DEL05-PE,UOP01-DEL05-PE
400638.0,2021-12-09,quinta-feira,10:20:00,PE,232,385,CALUMBI,Reação tardia ou ineficiente do condutor,Colisão traseira,Com Vítimas Feridas,Pleno dia,Crescente,Céu Claro,Simples,Reta,Não,2,0,1,0,1,0,1,2,"-8,03720709","-38,09468901",SPRF-PE,DEL04-PE,UOP01-DEL04-PE
400699.0,2021-12-09,quinta-feira,16:05:00,PE,101,45,IGARASSU,Manobra de mudança de faixa,Colisão lateral mesmo sentido,Sem Vítimas,Pleno dia,Decrescente,Céu Claro,Múltipla,Reta,Sim,3,0,0,0,2,1,0,3,"-7,86521297","-34,90715176",SPRF-PE,DEL01-PE,UOP02-DEL01-PE
401009.0,2021-12-10,sexta-feira,18:50:00,PE,407,"127,5",PETROLINA,Ausência de reação do condutor,Saída de leito carroçável,Com Vítimas Feridas,Plena Noite,Crescente,Céu Claro,Simples,Reta,Sim,2,0,0,1,1,0,1,2,"-9,3908678","-40,52038627",SPRF-PE,DEL06-PE,UOP01-DEL06-PE
401058.0,2021-12-11,sábado,14:20:00,PE,101,"121,3",IPOJUCA,Reação tardia ou ineficiente do condutor,Colisão traseira,Com Vítimas Feridas,Pleno dia,Crescente,Céu Claro,Dupla,Reta,Não,2,0,1,0,1,0,1,2,"-8,35685707","-35,18628296",SPRF-PE,DEL01-PE,UOP01-DEL01-PE
401298.0,2021-12-12,domingo,15:00:00,PE,407,"124,9",PETROLINA,Desrespeitar a preferência no cruzamento,Colisão transversal,Com Vítimas Feridas,Pleno dia,Crescente,Sol,Dupla,Interseção de Vias,Sim,2,0,1,0,0,1,1,2,"-9,36929881","-40,54137139",SPRF-PE,DEL06-PE,UOP01-DEL06-PE
401380.0,2021-12-12,domingo,21:00:00,PE,110,"118,2",IBIMIRIM,Reação tardia ou ineficiente do condutor,Tombamento,Com Vítimas Feridas,Plena Noite,Decrescente,Céu Claro,Simples,Curva,Não,3,0,1,0,2,0,1,1,"-8,4520771","-37,45349889",SPRF-PE,DEL03-PE,UOP02-DEL03-PE
401573.0,2021-12-12,domingo,11:00:00,PE,232,140,SAO CAITANO,Carga excessiva e/ou mal acondicionada,Eventos atípicos,Sem Vítimas,Pleno dia,Crescente,Céu Claro,Dupla,Reta,Não,2,0,0,0,1,1,0,2,"-8,32046632","-36,07694496",SPRF-PE,DEL02-PE,UOP03-DEL02-PE
401652.0,2021-12-14,terça-feira,06:25:00,PE,232,"133,2",CARUARU,Condutor deixou de manter distância do veículo da frente,Colisão traseira,Sem Vítimas,Pleno dia,Crescente,Céu Claro,Dupla,Reta,Não,2,0,0,0,2,0,0,2,"-8,30607988","-36,01576003",SPRF-PE,DEL02-PE,UOP03-DEL02-PE
401658.0,2021-12-14,terça-feira,08:25:00,PE,101,"59,2",PAULISTA,Condutor deixou de manter distância do veículo da frente,Colisão traseira,Com Vítimas Feridas,Pleno dia,Crescente,Sol,Dupla,Reta,Não,2,0,1,0,1,0,1,2,"-7,97708575","-34,92607318",SPRF-PE,DEL01-PE,UOP02-DEL01-PE
401668.0,2021-12-14,terça-feira,10:40:00,PE,316,279,ITACURUBA,Condutor Dormindo,Saída de leito carroçável,Sem Vítimas,Pleno dia,Crescente,Céu Claro,Simples,Reta,Não,1,0,0,0,1,0,0,1,"-8,67459005","-38,78424398",SPRF-PE,DEL04-PE,UOP01-DEL04-PE
401821.0,2021-12-15,quarta-feira,03:00:00,PE,232,"153,4",SAO CAITANO,Condutor Dormindo,Saída de leito carroçável,Com Vítimas Feridas,Plena Noite,Decrescente,Nublado,Simples,Reta,Não,2,0,2,0,0,0,2,1,"-8,32760396","-36,190063",SPRF-PE,DEL02-PE,UOP03-DEL02-PE
402057.0,2021-12-16,quinta-feira,11:00:00,PE,101,82,JABOATAO DOS GUARARAPES,Manobra de mudança de faixa,Tombamento,Com Vítimas Feridas,Pleno dia,Crescente,Céu Claro,Múltipla,Viaduto,Sim,3,0,1,0,2,0,1,2,"-8,168383","-34,9376",SPRF-PE,DEL01-PE,UOP01-DEL01-PE
402170.0,2021-12-16,quinta-feira,09:30:00,PE,424,"8,7",PEDRA,Reação tardia ou ineficiente do condutor,Colisão com objeto,Com Vítimas Feridas,Pleno dia,Crescente,Céu Claro,Simples,Reta,Não,1,0,1,0,0,0,1,1,"-8,49611427","-37,01892111",SPRF-PE,DEL03-PE,UOP02-DEL03-PE
402318.0,2021-12-17,sexta-feira,16:20:00,PE,101,63,RECIFE,Manobra de mudança de faixa,Colisão lateral mesmo sentido,Com Vítimas Feridas,Pleno dia,Crescente,Sol,Dupla,Reta,Sim,2,0,0,1,1,0,1,2,"-8,012018","-34,938381",SPRF-PE,DEL01-PE,UOP01-DEL01-PE
402328.0,2021-12-17,sexta-feira,18:15:00,PE,232,34,MORENO,Obstrução na via,Engavetamento,Com Vítimas Feridas,Plena Noite,Decrescente,Nublado,Dupla,Curva;Declive                 ,Não,6,0,1,0,5,0,1,5,"-8,10541","-35,160268888",SPRF-PE,DEL01-PE,UOP01-DEL01-PE
402361.0,2021-12-17,sexta-feira,17:20:00,PE,407,"123,8",PETROLINA,Ultrapassagem Indevida,Colisão transversal,Com Vítimas Feridas,Pleno dia,Decrescente,Céu Claro,Simples,Reta,Sim,3,0,1,0,1,1,1,3,"-9,37047213","-40,54072022",SPRF-PE,DEL06-PE,UOP01-DEL06-PE
402377.0,2021-12-17,sexta-feira,20:30:00,PE,232,102,BEZERROS,Acessar a via sem observar a presença dos outros veículos,Colisão transversal,Com Vítimas Feridas,Plena Noite,Decrescente,Céu Claro,Dupla,Reta,Sim,2,0,1,0,0,1,1,2,"-8,24710671","-35,75844018",SPRF-PE,DEL02-PE,UOP02-DEL02PE
402564.0,2021-12-18,sábado,15:40:00,PE,408,"96,6",SAO LOURENCO DA MATA,Manobra de mudança de faixa,Colisão traseira,Com Vítimas Feridas,Pleno dia,Decrescente,Céu Claro,Dupla,Retorno Regulamentado;Reta    ,Não,3,0,2,0,0,1,2,2,"-8,026958","-35,037523",SPRF-PE,DEL01-PE,UOP01-DEL01-PE
402708.0,2021-12-19,domingo,04:00:00,PE,116,6,SALGUEIRO,Carga excessiva e/ou mal acondicionada,Tombamento,Com Vítimas Feridas,Plena Noite,Crescente,Céu Claro,Simples,Curva,Não,1,0,1,0,0,0,1,1,"-7,903998","-39,114899",SPRF-PE,DEL05-PE,UOP01-DEL05-PE
402803.0,2021-12-19,domingo,14:15:00,PE,104,"29,9",TORITAMA,Condutor Dormindo,Colisão lateral sentido oposto,Com Vítimas Feridas,Pleno dia,Decrescente,Céu Claro,Simples,Reta,Sim,6,0,4,1,1,0,5,2,"-8,0078","-36,0621",SPRF-PE,DEL02-PE,UOP01-DEL02-PE
402895.0,2021-12-19,domingo,20:40:00,PE,232,197,SANHARO,Acessar a via sem observar a presença dos outros veículos,Colisão transversal,Com Vítimas Feridas,Plena Noite,Decrescente,Céu Claro,Simples,Reta,Sim,3,0,2,0,1,0,2,2,"-8,36891793","-36,580362",SPRF-PE,DEL02-PE,UOP03-DEL02-PE
402995.0,2021-12-20,segunda-feira,09:00:00,PE,232,"5,1",RECIFE,Ausência de reação do condutor,Colisão lateral mesmo sentido,Sem Vítimas,Pleno dia,Crescente,Sol,Dupla,Reta,Sim,4,0,0,0,3,1,0,4,"-8,06795766","-34,94535414",SPRF-PE,DEL01-PE,UOP01-DEL01-PE
403081.0,2021-12-20,segunda-feira,18:25:00,PE,101,43,IGARASSU,Reação tardia ou ineficiente do condutor,Colisão traseira,Com Vítimas Feridas,Plena Noite,Decrescente,Vento,Múltipla,Reta,Sim,3,0,0,1,2,0,1,2,"-7,84753808","-34,90977038",SPRF-PE,DEL01-PE,UOP02-DEL01-PE
403145.0,2021-12-21,terça-feira,02:00:00,PE,232,"414,3",SERRA TALHADA,Animais na Pista,Atropelamento de Animal,Com Vítimas Feridas,Plena Noite,Decrescente,Garoa/Chuvisco,Simples,Reta,Sim,1,0,1,0,0,0,1,1,"-7,99236282","-38,33750809",SPRF-PE,DEL04-PE,UOP01-DEL04-PE
403169.0,2021-12-21,terça-feira,08:30:00,PE,424,59,CAETES,Acessar a via sem observar a presença dos outros veículos,Colisão transversal,Com Vítimas Feridas,Pleno dia,Crescente,Céu Claro,Simples,Reta,Não,2,0,0,1,1,0,1,2,"-8,73986646","-36,71041988",SPRF-PE,DEL03-PE,UOP01-DEL03-PE
403279.0,2021-12-22,quarta-feira,01:40:00,PE,101,63,RECIFE,Reação tardia ou ineficiente do condutor,Saída de leito carroçável,Sem Vítimas,Amanhecer,Crescente,Céu Claro,Dupla,Reta,Sim,1,0,0,0,1,0,0,1,"-8,015184","-34,939767",SPRF-PE,DEL01-PE,UOP01-DEL01-PE
403303.0,2021-12-22,quarta-feira,05:30:00,PE,232,"439,5",SAO JOSE DO BELMONTE,Transitar na contramão,Colisão frontal,Sem Vítimas,Pleno dia,Crescente,Céu Claro,Simples,Reta,Não,2,0,0,0,1,1,0,2,"-8,01044513","-38,55081401",SPRF-PE,DEL04-PE,UOP01-DEL04-PE
403366.0,2021-12-22,quarta-feira,15:30:00,PE,101,"68,6",RECIFE,Trafegar com motocicleta (ou similar) entre as faixas,Colisão lateral mesmo sentido,Com Vítimas Feridas,Pleno dia,Decrescente,Sol,Múltipla,Reta,Sim,6,0,0,1,4,1,1,3,"-8,05074296","-34,94580619",SPRF-PE,DEL01-PE,UOP01-DEL01-PE
403391.0,2021-12-22,quarta-feira,16:40:00,PE,232,"64,3",POMBOS,Manobra de mudança de faixa,Saída de leito carroçável,Com Vítimas Feridas,Pleno dia,Decrescente,Céu Claro,Dupla,Reta,Não,2,0,1,0,1,0,1,1,"-8,16152271","-35,43959107",SPRF-PE,DEL02-PE,UOP02-DEL02PE
403452.0,2021-12-22,quarta-feira,21:15:00,PE,232,76,GRAVATA,Frear bruscamente,Colisão traseira,Sem Vítimas,Plena Noite,Decrescente,Céu Claro,Dupla,Reta,Não,2,0,0,0,1,1,0,2,"-8,19541469","-35,53424693",SPRF-PE,DEL02-PE,UOP02-DEL02PE
403511.0,2021-12-23,quinta-feira,10:30:00,PE,232,134,CARUARU,Reação tardia ou ineficiente do condutor,Colisão traseira,Com Vítimas Feridas,Pleno dia,Decrescente,Céu Claro,Dupla,Reta,Sim,4,0,2,0,2,0,2,2,"-8,30853497","-36,02442101",SPRF-PE,DEL02-PE,UOP03-DEL02-PE
403726.0,2021-12-24,sexta-feira,06:30:00,PE,232,"65,1",GRAVATA,Problema com o freio,Tombamento,Com Vítimas Feridas,Pleno dia,Decrescente,Céu Claro,Dupla,Curva;Declive                 ,Não,1,0,0,1,0,0,1,1,"-8,16579712","-35,44754017",SPRF-PE,DEL02-PE,UOP02-DEL02PE
403841.0,2021-12-24,sexta-feira,15:10:00,PE,232,"94,9",SAIRE,Demais falhas mecânicas ou elétricas,Tombamento,Com Vítimas Feridas,Pleno dia,Crescente,Céu Claro,Dupla,Aclive;Curva                  ,Não,1,0,0,1,0,0,1,1,"-8,22473335","-35,69081624",SPRF-PE,DEL02-PE,UOP02-DEL02PE
404182.0,2021-12-26,domingo,14:40:00,PE,101,206,XEXEU,Ausência de reação do condutor,Saída de leito carroçável,Com Vítimas Feridas,Pleno dia,Crescente,Chuva,Dupla,Reta,Não,1,0,1,0,0,0,1,1,"-8,81905901","-35,63955699",SPRF-PE,DEL01-PE,UOP01-DEL01-PE