id,data_inversa,dia_semana,horario,uf,br,km,municipio,causa_acidente,tipo_acidente,classificacao_acidente,fase_dia,sentido_via,condicao_metereologica,tipo_pista,tracado_via,uso_solo,pessoas,mortos,feridos_leves,feridos_graves,ilesos,ignorados,feridos,veiculos,latitude,longitude,regional,delegacia,uop
404214.0,2021-12-26,domingo,19:20:00,PE,232,208,PESQUEIRA,Chuva,Colisão frontal,Com Vítimas Feridas,Plena Noite,Decrescente,Chuva,Simples,Aclive,Sim,4,0,1,1,2,0,2,3,"-8,36794109","-36,67972403",SPRF-PE,DEL03-PE,UOP02-DEL03-PE
404600.0,2021-12-29,quarta-feira,03:52:00,PE,101,203,XEXEU,Velocidade Incompatível,Tombamento,Sem Vítimas,Amanhecer,Decrescente,Céu Claro,Múltipla,Curva,Sim,1,0,0,0,1,0,0,1,"-8,79726501","-35,62641334",SPRF-PE,DEL01-PE,UOP01-DEL01-PE
404753.0,2021-12-30,quinta-feira,01:05:00,PE,101,"30,9",IGARASSU,Demais falhas mecânicas ou elétricas,Incêndio,Sem Vítimas,Plena Noite,Decrescente,Céu Claro,Dupla,Reta;Aclive                   ,Sim,1,0,0,0,1,0,0,1,"-7,73816195","-34,94265811",SPRF-PE,DEL01-PE,UOP02-DEL01-PE
404800.0,2021-12-30,quinta-feira,08:50:00,PE,407,"125,6",PETROLINA,Manobra de mudança de faixa,Colisão transversal,Com Vítimas Feridas,Pleno dia,Decrescente,Céu Claro,Simples,Reta,Sim,4,0,0,1,3,0,1,2,"-9,37739336","-40,53595733",SPRF-PE,DEL06-PE,UOP01-DEL06-PE
404810.0,2021-12-30,quinta-feira,11:10:00,PE,408,"50,8",NAZARE DA MATA,Condutor deixou de manter distância do veículo da frente,Atropelamento de Pedestre,Com Vítimas Fatais,Pleno dia,Decrescente,Nublado,Simples,Declive;Reta                  ,Não,7,1,4,1,1,0,5,3,"-7,72936151","-35,23879305",SPRF-PE,DEL01-PE,UOP02-DEL01-PE
404863.0,2021-12-30,quinta-feira,16:45:00,PE,232,"7,9",JABOATAO DOS GUARARAPES,Trafegar com motocicleta (ou similar) entre as faixas,Colisão traseira,Com Vítimas Feridas,Pleno dia,Crescente,Céu Claro,Dupla,Reta,Sim,4,0,1,1,2,0,2,3,"-8,076058","-34,970969",SPRF-PE,DEL01-PE,UOP01-DEL01-PE
404934.0,2021-12-30,quinta-feira,21:50:00,PE,232,"268,9",SERTANIA,Velocidade Incompatível,Saída de leito carroçável,Sem Vítimas,Plena Noite,Crescente,Chuva,Simples,Reta,Não,3,0,0,0,3,0,0,1,"-8,40626526","-37,20062302",SPRF-PE,DEL03-PE,UOP02-DEL03-PE
404950.0,2021-12-30,quinta-feira,23:50:00,PE,101,"59,6",RECIFE,Reação tardia ou ineficiente do condutor,Colisão traseira,Com Vítimas Feridas,Plena Noite,Crescente,Nublado,Dupla,Reta,Não,2,0,1,0,0,1,1,2,"-7,97708575","-34,92607318",SPRF-PE,DEL01-PE,UOP02-DEL01-PE
404974.0,2021-12-31,sexta-feira,05:50:00,PE,428,"184,6",PETROLINA,Reação tardia ou ineficiente do condutor,Colisão transversal,Sem Vítimas,Amanhecer,Decrescente,Céu Claro,Simples,Reta,Sim,2,0,0,0,2,0,0,2,"-9,34848499","-40,47463059",SPRF-PE,DEL06-PE,UOP01-DEL06-PE
405377.0,2021-11-09,terça-feira,02:30:00,PE,101,55,PAULISTA,Ausência de reação do condutor,Colisão traseira,Com Vítimas Fatais,Plena Noite,Crescente,Nublado,Dupla,Reta,Não,3,1,1,0,1,0,1,2,"-7,94806621","-34,9062148",SPRF-PE,DEL01-PE,UOP02-DEL01-PE
406163.0,2021-07-29,quinta-feira,04:00:00,PE,101,198,XEXEU,Demais falhas mecânicas ou elétricas,Incêndio,Sem Vítimas,Amanhecer,Crescente,Céu Claro,Múltipla,Reta,Não,1,0,0,0,1,0,0,1,"-8,76148765","-35,60636203",SPRF-PE,DEL01-PE,UOP01-DEL01-PE
408506.0,2021-08-06,sexta-feira,22:40:00,PE,101,72,RECIFE,Acessar a via sem observar a presença dos outros veículos,Colisão lateral mesmo sentido,Com Vítimas Feridas,Plena Noite,Crescente,Nublado,Simples,Curva;Interseção de Vias      ,Sim,2,0,1,0,1,0,1,2,"-8,087776","-34,947013",SPRF-PE,DEL01-PE,UOP01-DEL01-PE
410186.0,2021-12-20,segunda-feira,10:20:00,PE,101,43,IGARASSU,Manobra de mudança de faixa,Colisão lateral mesmo sentido,Sem Vítimas,Pleno dia,Crescente,Céu Claro,Múltipla,Reta,Sim,2,0,0,0,2,0,0,2,"-7,84753808","-34,90977038",SPRF-PE,DEL01-PE,UOP02-DEL01-PE
412272.0,2021-12-09,quinta-feira,16:20:00,PE,423,"56,6",LAJEDO,Manobra de mudança de faixa,Colisão transversal,Com Vítimas Fatais,Pleno dia,Decrescente,Céu Claro,Simples,Reta,Sim,3,1,0,1,1,0,1,2,"-8,62399689","-36,3013734",SPRF-PE,DEL03-PE,UOP01-DEL03-PE
412837.0,2021-12-31,sexta-feira,04:30:00,PE,101,70,RECIFE,Velocidade Incompatível,Saída de leito carroçável,Com Vítimas Feridas,Amanhecer,Decrescente,Céu Claro,Simples,Curva,Sim,1,0,1,0,0,0,1,1,"-8,073568","-34,941955",SPRF-PE,DEL01-PE,UOP01-DEL01-PE
414084.0,2021-10-29,sexta-feira,17:12:00,PE,101,182,PALMARES,Acessar a via sem observar a presença dos outros veículos,Colisão lateral mesmo sentido,Sem Vítimas,Plena Noite,Crescente,Céu Claro,Múltipla,Retorno Regulamentado,Sim,1,0,0,0,1,0,0,1,"-8,65284995","-35,5638211",SPRF-PE,DEL01-PE,UOP01-DEL01-PE
415465.0,2021-08-29,domingo,18:50:00,PE,232,"432,2",SERRA TALHADA,Transitar na contramão,Colisão frontal,Com Vítimas Fatais,Plena Noite,Decrescente,Céu Claro,Simples,Reta,Não,3,1,1,1,0,0,2,2,"-8,0051683795","-38,4907058677",SPRF-PE,DEL04-PE,UOP01-DEL04-PE
444249.0,2021-11-01,segunda-feira,06:20:00,PE,101,41,IGARASSU,Velocidade Incompatível,Colisão com objeto,Com Vítimas Fatais,Amanhecer,Decrescente,Céu Claro,Dupla,Viaduto,Sim,11,1,3,6,1,0,9,2,"-7,83038346","-34,91426785",SPRF-PE,DEL01-PE,UOP02-DEL01-PE
505117.0,2021-08-07,sábado,10:00:00,PE,316,53,TRINDADE,Mal súbito do condutor,Colisão frontal,Com Vítimas Feridas,Pleno dia,Decrescente,Céu Claro,Simples,Reta,Não,4,0,0,3,1,0,3,2,"-7,73314203","-40,30237301",SPRF-PE,DEL05-PE,UOP02-DEL05-PE
565428.0,2021-10-03,domingo,15:00:00,PE,232,"35,8",MORENO,Ingestão de álcool pelo condutor,Saída de leito carroçável,Sem Vítimas,Pleno dia,Crescente,Sol,Dupla,Reta,Sim,1,0,0,0,1,0,0,1,"-8,111162","-35,202723",SPRF-PE,DEL01-PE,UOP01-DEL01-PE
352768.0,2021-04-19,segunda-feira,15:00:00,PE,407,"126,9",PETROLINA,Ultrapassagem Indevida,Colisão lateral sentido oposto,Sem Vítimas,Pleno dia,Crescente,Nublado,Simples,Reta,Sim,3,0,0,0,2,1,0,3,"-9,3908678","-40,52038627",SPRF-PE,DEL06-PE,UOP01-DEL06-PE
353109.0,2021-04-21,quarta-feira,10:05:00,PE,101,"71,3",RECIFE,Condutor deixou de manter distância do veículo da frente,Colisão traseira,Com Vítimas Feridas,Pleno dia,Crescente,Sol,Dupla,Reta,Sim,2,0,1,0,0,1,1,2,"-8,07663102","-34,94277871",SPRF-PE,DEL01-PE,UOP01-DEL01-PE
372142.0,2021-07-22,quinta-feira,08:30:00,PE,101,40,IGARASSU,Ausência de reação do condutor,Colisão transversal,Com Vítimas Feridas,Pleno dia,Crescente,Sol,Múltipla,Reta,Sim,3,0,1,0,1,1,1,2,"-7,821475","-34,916545",SPRF-PE,DEL01-PE,UOP02-DEL01-PE
388070.0,2021-09-22,quarta-feira,09:00:00,PE,428,144,PETROLINA,Acessar a via sem observar a presença dos outros veículos,Colisão traseira,Com Vítimas Feridas,Pleno dia,Crescente,Sol,Simples,Reta,Não,2,0,0,1,0,1,1,2,"-9,03230533","-40,28915185",SPRF-PE,DEL06-PE,UOP01-DEL06-PE
331701.0,2021-01-01,sexta-feira,00:30:00,PE,101,"45,1",IGARASSU,Reação tardia ou ineficiente do condutor,Colisão traseira,Com Vítimas Feridas,Plena Noite,Decrescente,Chuva,Múltipla,Declive,Sim,2,0,0,1,1,0,1,2,"-7,86521297","-34,90715176",SPRF-PE,DEL01-PE,UOP02-DEL01-PE
331716.0,2021-01-01,sexta-feira,03:30:00,PE,104,"91,6",AGRESTINA,Condutor Dormindo,Colisão frontal,Com Vítimas Fatais,Plena Noite,Crescente,Chuva,Simples,Reta,Não,2,1,0,0,1,0,0,2,"-8,487702","-35,946243",SPRF-PE,DEL02-PE,UOP01-DEL02-PE
331718.0,2021-01-01,sexta-feira,02:00:00,PE,316,55,TRINDADE,Animais na Pista,Atropelamento de Animal,Com Vítimas Fatais,Plena Noite,Decrescente,Céu Claro,Simples,Reta,Não,2,1,0,1,0,0,1,1,"-7,74026268","-40,28663631",SPRF-PE,DEL05-PE,UOP02-DEL05-PE
331724.0,2021-01-01,sexta-feira,04:25:00,PE,316,"269,9",BELEM DE SAO FRANCISCO,Ingestão de álcool pelo condutor,Tombamento,Com Vítimas Fatais,Amanhecer,Crescente,Céu Claro,Simples,Reta,Não,1,1,0,0,0,0,0,1,"-8,70166228","-38,8611809",SPRF-PE,DEL04-PE,UOP03-DEL04-PE
331805.0,2021-01-01,sexta-feira,10:00:00,PE,232,"29,3",MORENO,Entrada inopinada do pedestre,Atropelamento de Pedestre,Com Vítimas Fatais,Pleno dia,Crescente,Céu Claro,Dupla,Reta,Não,3,1,0,0,2,0,0,2,"-8,111269","-35,143135",SPRF-PE,DEL02-PE,UOP02-DEL02PE
331845.0,2021-01-01,sexta-feira,14:30:00,PE,104,76,AGRESTINA,Condutor Dormindo,Capotamento,Com Vítimas Feridas,Pleno dia,Crescente,Céu Claro,Simples,Reta,Não,1,0,1,0,0,0,1,1,"-8,367286","-35,985153",SPRF-PE,DEL02-PE,UOP01-DEL02-PE
331861.0,2021-01-01,sexta-feira,06:40:00,PE,101,"69,1",RECIFE,Velocidade Incompatível,Saída de leito carroçável,Sem Vítimas,Pleno dia,Decrescente,Céu Claro,Dupla,Reta,Sim,1,0,0,0,0,1,0,1,"-8,05951606","-34,94581024",SPRF-PE,DEL01-PE,UOP01-DEL01-PE
331887.0,2021-01-01,sexta-feira,18:15:00,PE,101,"69,7",RECIFE,Acessar a via sem observar a presença dos outros veículos,Colisão transversal,Com Vítimas Feridas,Plena Noite,Decrescente,Céu Claro,Dupla,Reta,Sim,2,0,1,0,0,1,1,2,"-8,05951606","-34,94581024",SPRF-PE,DEL01-PE,UOP01-DEL01-PE
331897.0,2021-01-01,sexta-feira,20:00:00,PE,232,413,SERRA TALHADA,Reação tardia ou ineficiente do condutor,Colisão lateral,Com Vítimas Feridas,Plena Noite,Crescente,Céu Claro,Simples,Reta,Sim,6,0,2,0,3,1,2,2,"-7,98857087","-38,32972307",SPRF-PE,DEL04-PE,UOP01-DEL04-PE
331939.0,2021-01-02,sábado,00:07:00,PE,101,"71,4",RECIFE,Pedestre andava na pista,Atropelamento de Pedestre,Com Vítimas Fatais,Plena Noite,Crescente,Céu Claro,Dupla,Declive,Sim,2,1,0,0,1,0,0,2,"-8,079137","-34,943193",SPRF-PE,DEL01-PE,UOP01-DEL01-PE
331978.0,2021-01-02,sábado,09:15:00,PE,104,"66,8",CARUARU,Velocidade Incompatível,Colisão com objeto,Com Vítimas Feridas,Pleno dia,Decrescente,Sol,Dupla,Aclive,Sim,2,0,1,0,1,0,1,1,"-8,2937","-35,9864",SPRF-PE,DEL02-PE,UOP01-DEL02-PE
331983.0,2021-01-02,sábado,09:50:00,PE,101,92,CABO DE SANTO AGOSTINHO,Condutor deixou de manter distância do veículo da frente,Engavetamento,Sem Vítimas,Pleno dia,Crescente,Sol,Múltipla,Reta,Não,6,0,0,0,6,0,0,6,"-8,23201792","-34,99778611",SPRF-PE,DEL01-PE,UOP03-DEL01-PE
332030.0,2021-01-02,sábado,15:00:00,PE,232,43,VITORIA DE SANTO ANTAO,Acessar a via sem observar a presença dos outros veículos,Colisão lateral mesmo sentido,Com Vítimas Feridas,Pleno dia,Decrescente,Céu Claro,Dupla,Retorno Regulamentado,Não,3,0,1,0,2,0,1,2,"-8,11729755","-35,26097515",SPRF-PE,DEL02-PE,UOP02-DEL02PE
332226.0,2021-01-03,domingo,14:00:00,PE,101,"43,9",IGARASSU,Velocidade Incompatível,Colisão traseira,Com Vítimas Feridas,Pleno dia,Decrescente,Sol,Múltipla,Reta,Sim,4,0,3,0,1,0,3,2,"-7,84753808","-34,90977038",SPRF-PE,DEL01-PE,UOP02-DEL01-PE
332258.0,2021-01-03,domingo,16:20:00,PE,101,"39,2",IGARASSU,Condutor deixou de manter distância do veículo da frente,Colisão traseira,Com Vítimas Feridas,Anoitecer,Crescente,Nublado,Dupla,Reta;Declive                  ,Não,3,0,2,0,1,0,2,2,"-7,81259899","-34,91890497",SPRF-PE,DEL01-PE,UOP02-DEL01-PE
332311.0,2021-01-03,domingo,19:12:00,PE,407,"126,7",PETROLINA,Condutor deixou de manter distância do veículo da frente,Colisão traseira,Com Vítimas Feridas,Plena Noite,Crescente,Céu Claro,Simples,Reta,Sim,3,0,2,0,1,0,2,3,"-9,38491309","-40,52809509",SPRF-PE,DEL06-PE,UOP01-DEL06-PE
332365.0,2021-01-03,domingo,23:20:00,PE,116,36,SALGUEIRO,Animais na Pista,Atropelamento de Animal,Com Vítimas Feridas,Plena Noite,Crescente,Céu Claro,Simples,Reta,Não,1,0,1,0,0,0,1,1,"-8,153542","-39,109219",SPRF-PE,DEL05-PE,UOP01-DEL05-PE
332404.0,2021-01-03,domingo,12:00:00,PE,428,"183,2",PETROLINA,Mal súbito do condutor,Saída de leito carroçável,Com Vítimas Fatais,Pleno dia,Crescente,Céu Claro,Simples,Reta,Não,1,1,0,0,0,0,0,1,"-9,32412987","-40,46211325",SPRF-PE,DEL06-PE,UOP01-DEL06-PE
332483.0,2021-01-04,segunda-feira,16:30:00,PE,232,"8,4",RECIFE,Demais falhas mecânicas ou elétricas,Incêndio,Sem Vítimas,Pleno dia,Crescente,Céu Claro,Dupla,Reta,Sim,1,0,0,0,0,1,0,1,"-8,076758","-34,97427",SPRF-PE,DEL01-PE,UOP01-DEL01-PE
332544.0,2021-01-05,terça-feira,00:01:00,PE,104,63,CARUARU,Condutor Dormindo,Capotamento,Sem Vítimas,Plena Noite,Decrescente,Nublado,Dupla,Reta,Sim,1,0,0,0,0,1,0,1,"-8,2698","-35,9803",SPRF-PE,DEL02-PE,UOP01-DEL02-PE
332677.0,2021-01-05,terça-feira,23:00:00,PE,232,"54,5",POMBOS,Ingestão de álcool pelo condutor,Colisão traseira,Sem Vítimas,Plena Noite,Decrescente,Céu Claro,Dupla,Reta,Não,2,0,0,0,1,1,0,2,"-8,12919504","-35,35716398",SPRF-PE,DEL02-PE,UOP02-DEL02PE
332708.0,2021-01-06,quarta-feira,08:00:00,PE,101,"68,2",RECIFE,Manobra de mudança de faixa,Colisão lateral,Sem Vítimas,Pleno dia,Crescente,Chuva,Dupla,Rotatória,Sim,2,0,0,0,2,0,0,2,"-8,052311","-34,946766",SPRF-PE,DEL01-PE,UOP01-DEL01-PE
332718.0,2021-01-06,quarta-feira,09:15:00,PE,104,"65,4",CARUARU,Condutor deixou de manter distância do veículo da frente,Queda de ocupante de veículo,Com Vítimas Feridas,Pleno dia,Decrescente,Céu Claro,Dupla,Reta,Sim,1,0,1,0,0,0,1,1,"-8,2867","-35,9838",SPRF-PE,DEL02-PE,UOP01-DEL02-PE
332760.0,2021-01-06,quarta-feira,13:30:00,PE,423,38,CACHOEIRINHA,Avarias e/ou desgaste excessivo no pneu,Saída de leito carroçável,Com Vítimas Feridas,Pleno dia,Crescente,Céu Claro,Simples,Reta,Sim,1,0,0,1,0,0,1,1,"-8,48361315","-36,22574878",SPRF-PE,DEL02-PE,UOP03-DEL02-PE
332805.0,2021-01-06,quarta-feira,17:35:00,PE,104,"47,2",CARUARU,Demais falhas mecânicas ou elétricas,Incêndio,Sem Vítimas,Anoitecer,Crescente,Céu Claro,Dupla,Declive,Não,1,0,0,0,0,1,0,1,"-8,1354","-35,9906",SPRF-PE,DEL02-PE,UOP01-DEL02-PE
332819.0,2021-01-06,quarta-feira,19:05:00,PE,232,"33,2",MORENO,Acessar a via sem observar a presença dos outros veículos,Colisão lateral mesmo sentido,Com Vítimas Feridas,Plena Noite,Crescente,Céu Claro,Dupla,Retorno Regulamentado,Não,3,0,2,0,1,0,2,2,"-8,10539025","-35,17523495",SPRF-PE,DEL02-PE,UOP02-DEL02PE
332896.0,2021-01-07,quinta-feira,09:40:00,PE,101,"96,7",CABO DE SANTO AGOSTINHO,Manobra de mudança de faixa,Colisão traseira,Sem Vítimas,Pleno dia,Crescente,Céu Claro,Dupla,Reta,Sim,2,0,0,0,2,0,0,2,"-8,25146993","-35,021805",SPRF-PE,DEL01-PE,UOP03-DEL01-PE
333043.0,2021-01-08,sexta-feira,04:00:00,PE,232,11,JABOATAO DOS GUARARAPES,Animais na Pista,Atropelamento de Animal,Com Vítimas Feridas,Amanhecer,Decrescente,Céu Claro,Dupla,Reta,Sim,1,0,1,0,0,0,1,1,"-8,08195464","-34,99545022",SPRF-PE,DEL01-PE,UOP01-DEL01-PE
333189.0,2021-01-08,sexta-feira,19:15:00,PE,232,"76,6",GRAVATA,Reação tardia ou ineficiente do condutor,Colisão com objeto,Com Vítimas Feridas,Plena Noite,Crescente,Céu Claro,Dupla,Reta,Sim,3,0,1,1,1,0,2,1,"-8,19475468","-35,53860426",SPRF-PE,DEL02-PE,UOP02-DEL02PE
333249.0,2021-01-09,sábado,04:40:00,PE,101,4,GOIANA,Velocidade Incompatível,Capotamento,Com Vítimas Feridas,Amanhecer,Decrescente,Céu Claro,Dupla,Reta,Não,1,0,1,0,0,0,1,1,"-7,53264499","-34,99145786",SPRF-PE,DEL01-PE,UOP02-DEL01-PE
333292.0,2021-01-09,sábado,10:56:00,PE,101,74,RECIFE,Acessar a via sem observar a presença dos outros veículos,Colisão lateral,Com Vítimas Feridas,Pleno dia,Crescente,Céu Claro,Dupla,Curva,Não,2,0,1,0,1,0,1,2,"-8,10146485","-34,94901577",SPRF-PE,DEL01-PE,UOP01-DEL01-PE
333344.0,2021-01-09,sábado,15:05:00,PE,232,104,JABOATAO DOS GUARARAPES,Ausência de sinalização,Colisão frontal,Com Vítimas Fatais,Pleno dia,Crescente,Céu Claro,Simples,Curva,Sim,2,1,1,0,0,0,1,2,"-8,08036859","-34,99422312",SPRF-PE,DEL02-PE,UOP03-DEL02-PE
333346.0,2021-01-09,sábado,16:10:00,PE,232,"71,7",GRAVATA,Velocidade Incompatível,Tombamento,Com Vítimas Feridas,Pleno dia,Crescente,Céu Claro,Dupla,Reta,Sim,2,0,0,1,0,1,1,2,"-8,18344403","-35,49296599",SPRF-PE,DEL02-PE,UOP02-DEL02PE
333475.0,2021-01-10,domingo,03:30:00,PE,407,"120,5",PETROLINA,Manobra de mudança de faixa,Colisão frontal,Com Vítimas Fatais,Amanhecer,Crescente,Céu Claro,Simples,Reta,Não,4,1,0,1,2,0,1,2,"-9,33807091","-40,55965785",SPRF-PE,DEL06-PE,UOP01-DEL06-PE
333520.0,2021-01-10,domingo,07:40:00,PE,316,"25,4",ARARIPINA,Transitar na contramão,Colisão frontal,Com Vítimas Fatais,Pleno dia,Decrescente,Céu Claro,Simples,Curva,Sim,2,1,0,0,0,1,0,2,"-7,59313223","-40,49459696",SPRF-PE,DEL05-PE,UOP02-DEL05-PE
333531.0,2021-01-10,domingo,10:40:00,PE,101,"72,7",RECIFE,Animais na Pista,Colisão lateral,Com Vítimas Feridas,Pleno dia,Crescente,Sol,Dupla,Reta,Sim,3,0,2,0,1,0,2,2,"-8,08493106","-34,9450639",SPRF-PE,DEL01-PE,UOP01-DEL01-PE
333594.0,2021-01-10,domingo,17:50:00,PE,101,70,RECIFE,Manobra de mudança de faixa,Colisão lateral mesmo sentido,Com Vítimas Feridas,Plena Noite,Decrescente,Nublado,Dupla,Reta,Sim,3,0,2,0,0,1,2,2,"-8,075596","-34,942694",SPRF-PE,DEL01-PE,UOP01-DEL01-PE
333605.0,2021-01-10,domingo,18:15:00,PE,232,123,CARUARU,Reação tardia ou ineficiente do condutor,Colisão traseira,Com Vítimas Feridas,Plena Noite,Crescente,Céu Claro,Dupla,Reta,Não,2,0,1,0,1,0,1,2,"-8,30417276","-35,92823905",SPRF-PE,DEL02-PE,UOP03-DEL02-PE
333795.0,2021-01-11,segunda-feira,11:10:00,PE,101,"57,7",RECIFE,Demais falhas mecânicas ou elétricas,Tombamento,Com Vítimas Feridas,Pleno dia,Decrescente,Nublado,Dupla,Reta;Aclive                   ,Sim,2,0,2,0,0,0,2,1,"-7,96346213","-34,91513486",SPRF-PE,DEL01-PE,UOP02-DEL01-PE
333816.0,2021-01-11,segunda-feira,13:00:00,PE,232,119,CARUARU,Condutor Dormindo,Saída de leito carroçável,Com Vítimas Feridas,Pleno dia,Crescente,Céu Claro,Dupla,Reta,Não,2,0,2,0,0,0,2,1,"-8,2962792","-35,89314995",SPRF-PE,DEL02-PE,UOP03-DEL02-PE
333888.0,2021-01-11,segunda-feira,19:50:00,PE,101,"64,8",RECIFE,Acessar a via sem observar a presença dos outros veículos,Colisão traseira,Com Vítimas Feridas,Plena Noite,Crescente,Céu Claro,Dupla,Ponte;Reta                    ,Não,2,0,1,1,0,0,2,2,"-8,0162921","-34,94045886",SPRF-PE,DEL01-PE,UOP01-DEL01-PE
333914.0,2021-01-11,segunda-feira,22:50:00,PE,232,"55,9",POMBOS,Pedestre andava na pista,Atropelamento de Pedestre,Com Vítimas Fatais,Plena Noite,Decrescente,Céu Claro,Múltipla,Reta,Não,3,1,0,0,2,0,0,2,"-8,137481","-35,372919",SPRF-PE,DEL02-PE,UOP02-DEL02PE
333952.0,2021-01-12,terça-feira,06:20:00,PE,428,185,PETROLINA,Condutor deixou de manter distância do veículo da frente,Colisão traseira,Com Vítimas Feridas,Pleno dia,Crescente,Céu Claro,Simples,Reta,Sim,2,0,1,0,1,0,1,2,"-9,34009199","-40,47032001",SPRF-PE,DEL06-PE,UOP01-DEL06-PE
334001.0,2021-01-12,terça-feira,12:40:00,PE,232,"7,3",RECIFE,Condutor deixou de manter distância do veículo da frente,Colisão traseira,Com Vítimas Feridas,Pleno dia,Decrescente,Sol,Dupla,Reta,Sim,2,0,1,0,1,0,1,2,"-8,07583727","-34,97015791",SPRF-PE,DEL01-PE,UOP01-DEL01-PE
334025.0,2021-01-12,terça-feira,14:00:00,PE,232,"8,8",JABOATAO DOS GUARARAPES,Condutor deixou de manter distância do veículo da frente,Engavetamento,Com Vítimas Feridas,Pleno dia,Crescente,Céu Claro,Múltipla,Viaduto,Sim,4,0,1,0,3,0,1,3,"-8,07583727","-34,97015791",SPRF-PE,DEL01-PE,UOP01-DEL01-PE
334066.0,2021-01-12,terça-feira,18:15:00,PE,101,"72,9",RECIFE,Condutor deixou de manter distância do veículo da frente,Colisão traseira,Com Vítimas Feridas,Plena Noite,Crescente,Céu Claro,Dupla,Reta,Sim,3,0,2,0,1,0,2,2,"-8,08493106","-34,9450639",SPRF-PE,DEL01-PE,UOP01-DEL01-PE
334138.0,2021-01-13,quarta-feira,07:50:00,PE,232,10,RECIFE,Condutor deixou de manter distância do veículo da frente,Engavetamento,Sem Vítimas,Pleno dia,Decrescente,Garoa/Chuvisco,Dupla,Reta,Sim,7,0,0,0,6,1,0,7,"-8,07917241","-34,98718609",SPRF-PE,DEL01-PE,UOP01-DEL01-PE
334225.0,2021-01-13,quarta-feira,17:10:00,PE,407,"125,3",PETROLINA,Condutor deixou de manter distância do veículo da frente,Engavetamento,Sem Vítimas,Pleno dia,Decrescente,Sol,Dupla,Reta,Sim,3,0,0,0,3,0,0,3,"-9,38292465","-40,52994679",SPRF-PE,DEL06-PE,UOP01-DEL06-PE
334242.0,2021-01-13,quarta-feira,18:30:00,PE,104,"86,8",AGRESTINA,Entrada inopinada do pedestre,Atropelamento de Pedestre,Com Vítimas Fatais,Plena Noite,Crescente,Nublado,Simples,Reta,Sim,2,1,0,0,1,0,0,2,"-8,446782","-35,951046",SPRF-PE,DEL02-PE,UOP01-DEL02-PE
334291.0,2021-01-14,quinta-feira,04:30:00,PE,101,"16,7",GOIANA,Pedestre andava na pista,Atropelamento de Pedestre,Com Vítimas Feridas,Amanhecer,Decrescente,Céu Claro,Dupla,Reta,Não,3,0,0,1,0,2,1,2,"-7,63348482","-34,96143076",SPRF-PE,DEL01-PE,UOP02-DEL01-PE
334295.0,2021-01-14,quinta-feira,05:40:00,PE,232,192,SANHARO,Condutor Dormindo,Colisão frontal,Com Vítimas Fatais,Amanhecer,Crescente,Céu Claro,Simples,Reta,Não,3,1,0,2,0,0,2,2,"-8,35793154","-36,53676104",SPRF-PE,DEL02-PE,UOP03-DEL02-PE
334300.0,2021-01-04,segunda-feira,18:40:00,PE,101,"66,5",RECIFE,Condutor deixou de manter distância do veículo da frente,Colisão traseira,Com Vítimas Feridas,Plena Noite,Crescente,Céu Claro,Dupla,Reta,Não,6,0,1,0,4,1,1,4,"-8,03368534","-34,94184125",SPRF-PE,DEL01-PE,UOP01-DEL01-PE
334318.0,2021-01-14,quinta-feira,08:20:00,PE,232,"9,4",JABOATAO DOS GUARARAPES,Condutor deixou de manter distância do veículo da frente,Colisão traseira,Com Vítimas Feridas,Pleno dia,Crescente,Céu Claro,Dupla,Reta,Sim,2,0,1,0,1,0,1,2,"-8,07852031","-34,98350501",SPRF-PE,DEL01-PE,UOP01-DEL01-PE
334320.0,2021-01-14,quinta-feira,08:05:00,PE,232,"10,1",JABOATAO DOS GUARARAPES,Manobra de mudança de faixa,Colisão lateral mesmo sentido,Com Vítimas Feridas,Pleno dia,Decrescente,Sol,Dupla,Reta,Sim,2,0,1,0,1,0,1,2,"-8,07917241","-34,98718609",SPRF-PE,DEL01-PE,UOP01-DEL01-PE
334346.0,2021-01-14,quinta-feira,11:00:00,PE,232,"333,6",CUSTODIA,Conversão proibida,Colisão lateral,Com Vítimas Feridas,Pleno dia,Crescente,Céu Claro,Simples,Reta,Sim,4,0,2,1,1,0,3,2,"-8,0886886","-37,62796997",SPRF-PE,DEL03-PE,UOP02-DEL03-PE
334353.0,2021-01-14,quinta-feira,12:42:00,PE,101,48,ABREU E LIMA,Condutor deixou de manter distância do veículo da frente,Colisão traseira,Com Vítimas Feridas,Pleno dia,Decrescente,Céu Claro,Múltipla,Reta,Sim,3,0,0,2,1,0,2,2,"-7,89174705","-34,9033493",SPRF-PE,DEL01-PE,UOP02-DEL01-PE
334360.0,2021-01-10,domingo,09:20:00,PE,232,"129,6",CARUARU,Condutor deixou de manter distância do veículo da frente,Colisão traseira,Com Vítimas Feridas,Pleno dia,Crescente,Sol,Dupla,Interseção de Vias,Sim,7,0,2,0,5,0,2,2,"-8,300491","-35,98645",SPRF-PE,DEL02-PE,UOP03-DEL02-PE
334372.0,2021-01-14,quinta-feira,13:20:00,PE,232,408,SERRA TALHADA,Demais falhas mecânicas ou elétricas,Saída de leito carroçável,Sem Vítimas,Pleno dia,Decrescente,Sol,Simples,Reta,Sim,1,0,0,0,1,0,0,1,"-7,98371447","-38,28047709",SPRF-PE,DEL04-PE,UOP01-DEL04-PE