id,data_inversa,dia_semana,horario,uf,br,km,municipio,causa_acidente,tipo_acidente,classificacao_acidente,fase_dia,sentido_via,condicao_metereologica,tipo_pista,tracado_via,uso_solo,pessoas,mortos,feridos_leves,feridos_graves,ilesos,ignorados,feridos,veiculos,latitude,longitude,regional,delegacia,uop
334405.0,2021-01-14,quinta-feira,17:00:00,PE,101,187,PALMARES,Pedestre cruzava a pista fora da faixa,Atropelamento de Pedestre,Com Vítimas Feridas,Pleno dia,Decrescente,Céu Claro,Múltipla,Reta,Sim,2,0,0,1,1,0,1,2,"-8,68263674","-35,57938824",SPRF-PE,DEL01-PE,UOP03-DEL01-PE
334418.0,2021-01-14,quinta-feira,21:30:00,PE,232,"90,1",SAIRE,Ausência de sinalização,Saída de leito carroçável,Com Vítimas Feridas,Plena Noite,Crescente,Céu Claro,Dupla,Curva,Não,4,0,4,0,0,0,4,1,"-8,21834835","-35,66463196",SPRF-PE,DEL02-PE,UOP02-DEL02PE
334420.0,2021-01-14,quinta-feira,21:45:00,PE,101,"65,2",RECIFE,Velocidade Incompatível,Colisão com objeto,Sem Vítimas,Plena Noite,Decrescente,Céu Claro,Múltipla,Reta,Sim,3,0,0,0,0,3,0,2,"-8,02962259","-34,94279981",SPRF-PE,DEL01-PE,UOP01-DEL01-PE
334439.0,2021-01-14,quinta-feira,23:30:00,PE,101,70,RECIFE,Condutor deixou de manter distância do veículo da frente,Colisão traseira,Com Vítimas Feridas,Plena Noite,Decrescente,Nublado,Dupla,Interseção de Vias,Sim,2,0,1,0,1,0,1,2,"-8,069133","-34,940553",SPRF-PE,DEL01-PE,UOP01-DEL01-PE
334511.0,2021-01-15,sexta-feira,07:45:00,PE,101,"3,2",GOIANA,Acumulo de água sobre o pavimento,Colisão com objeto,Com Vítimas Feridas,Pleno dia,Crescente,Chuva,Dupla,Curva,Não,1,0,1,0,0,0,1,1,"-7,52387351","-34,99333161",SPRF-PE,DEL01-PE,UOP02-DEL01-PE
334527.0,2021-01-14,quinta-feira,18:20:00,PE,110,100,SERTANIA,Animais na Pista,Atropelamento de Animal,Com Vítimas Feridas,Plena Noite,Crescente,Céu Claro,Simples,Reta,Não,1,0,0,1,0,0,1,1,"-8,38381286","-37,31768106",SPRF-PE,DEL03-PE,UOP02-DEL03-PE
334544.0,2021-01-15,sexta-feira,12:15:00,PE,232,11,JABOATAO DOS GUARARAPES,Manobra de mudança de faixa,Colisão traseira,Com Vítimas Feridas,Pleno dia,Decrescente,Sol,Dupla,Declive,Sim,2,0,1,0,1,0,1,2,"-8,08195464","-34,99545022",SPRF-PE,DEL01-PE,UOP01-DEL01-PE
334656.0,2021-01-15,sexta-feira,19:50:00,PE,101,78,RECIFE,Acessar a via sem observar a presença dos outros veículos,Atropelamento de Pedestre,Com Vítimas Feridas,Plena Noite,Decrescente,Céu Claro,Dupla,Reta,Sim,3,0,1,2,0,0,3,2,"-8,137603","-34,947405",SPRF-PE,DEL01-PE,UOP01-DEL01-PE
334729.0,2021-01-16,sábado,04:50:00,PE,101,92,CABO DE SANTO AGOSTINHO,Pedestre cruzava a pista fora da faixa,Colisão frontal,Com Vítimas Fatais,Amanhecer,Decrescente,Céu Claro,Dupla,Reta,Não,2,1,0,0,1,0,0,2,"-8,22399812","-34,99290474",SPRF-PE,DEL01-PE,UOP03-DEL01-PE
334817.0,2021-01-16,sábado,14:05:00,PE,408,"94,7",SAO LOURENCO DA MATA,Transitar no acostamento,Atropelamento de Pedestre,Com Vítimas Feridas,Pleno dia,Decrescente,Céu Claro,Dupla,Reta,Sim,2,0,1,0,0,1,1,2,"-8,011764","-35,042328",SPRF-PE,DEL01-PE,UOP01-DEL01-PE
334892.0,2021-01-16,sábado,21:10:00,PE,101,"51,4",PAULISTA,Condutor deixou de manter distância do veículo da frente,Engavetamento,Com Vítimas Feridas,Plena Noite,Decrescente,Céu Claro,Múltipla,Reta,Sim,3,0,1,0,2,0,1,3,"-7,9169968","-34,89689272",SPRF-PE,DEL01-PE,UOP02-DEL01-PE
334895.0,2021-01-16,sábado,20:00:00,PE,232,"12,7",JABOATAO DOS GUARARAPES,Ingestão de álcool pelo condutor,Colisão traseira,Sem Vítimas,Plena Noite,Decrescente,Nublado,Dupla,Declive;Reta                  ,Não,3,0,0,0,3,0,0,3,"-8,088134","-35,010084",SPRF-PE,DEL01-PE,UOP01-DEL01-PE
334899.0,2021-01-16,sábado,19:40:00,PE,428,"72,7",SANTA MARIA DA BOA VISTA,Animais na Pista,Saída de leito carroçável,Com Vítimas Feridas,Plena Noite,Crescente,Céu Claro,Simples,Reta,Não,1,0,0,1,0,0,1,1,"-8,71441312","-39,77160215",SPRF-PE,DEL06-PE,UOP03-DEL06-PE
334910.0,2021-01-16,sábado,20:32:00,PE,101,"69,5",RECIFE,Ingestão de álcool pelo condutor,Saída de leito carroçável,Com Vítimas Feridas,Plena Noite,Crescente,Nublado,Dupla,Curva,Não,1,0,1,0,0,0,1,1,"-8,0656033","-34,9443233",SPRF-PE,DEL01-PE,UOP01-DEL01-PE
334912.0,2021-01-16,sábado,23:00:00,PE,232,"254,4",ARCOVERDE,Reação tardia ou ineficiente do condutor,Colisão traseira,Com Vítimas Feridas,Plena Noite,Decrescente,Céu Claro,Simples,Reta,Sim,6,0,2,3,1,0,5,2,"-8,41875994","-37,07859892",SPRF-PE,DEL03-PE,UOP02-DEL03-PE
334975.0,2021-01-16,sábado,19:00:00,PE,316,304,FLORESTA,Ingestão de álcool pelo condutor,Saída de leito carroçável,Sem Vítimas,Plena Noite,Decrescente,Céu Claro,Simples,Interseção de Vias,Sim,2,0,0,0,2,0,0,1,"-8,60847476","-38,56985503",SPRF-PE,DEL04-PE,UOP03-DEL04-PE
334989.0,2021-01-17,domingo,12:36:00,PE,101,"96,9",CABO DE SANTO AGOSTINHO,Conversão proibida,Colisão lateral mesmo sentido,Com Vítimas Feridas,Pleno dia,Decrescente,Céu Claro,Múltipla,Reta,Não,3,0,0,2,0,1,2,2,"-8,26468","-35,017535",SPRF-PE,DEL01-PE,UOP03-DEL01-PE
335009.0,2021-01-17,domingo,12:40:00,PE,424,"87,6",GARANHUNS,Retorno proibido,Colisão transversal,Sem Vítimas,Pleno dia,Crescente,Céu Claro,Simples,Declive,Sim,2,0,0,0,2,0,0,2,"-8,874289","-36,507607",SPRF-PE,DEL03-PE,UOP01-DEL03-PE
335062.0,2021-01-16,sábado,17:30:00,PE,424,"46,9",VENTUROSA,Falta de acostamento,Saída de leito carroçável,Com Vítimas Fatais,Anoitecer,Crescente,Céu Claro,Simples,Aclive,Não,1,1,0,0,0,0,0,1,"-8,69226895","-36,78893898",SPRF-PE,DEL03-PE,UOP01-DEL03-PE
335091.0,2021-01-17,domingo,22:00:00,PE,232,"117,8",CARUARU,Pedestre cruzava a pista fora da faixa,Atropelamento de Pedestre,Sem Vítimas,Plena Noite,Decrescente,Céu Claro,Dupla,Reta,Não,2,0,0,0,1,1,0,2,"-8,29529153","-35,8754959",SPRF-PE,DEL02-PE,UOP03-DEL02-PE
335100.0,2021-01-17,domingo,21:50:00,PE,428,"186,6",PETROLINA,Pista Escorregadia,Queda de ocupante de veículo,Com Vítimas Feridas,Plena Noite,Crescente,Céu Claro,Simples,Reta,Sim,1,0,1,0,0,0,1,1,"-9,365391","-40,483415",SPRF-PE,DEL06-PE,UOP01-DEL06-PE
335119.0,2021-01-18,segunda-feira,01:10:00,PE,232,115,CARUARU,Obstrução na via,Colisão lateral,Sem Vítimas,Plena Noite,Crescente,Céu Claro,Dupla,Reta,Não,5,0,0,0,4,1,0,2,"-8,29851022","-35,85780302",SPRF-PE,DEL02-PE,UOP03-DEL02-PE
335143.0,2021-01-06,quarta-feira,06:40:00,PE,101,69,RECIFE,Condutor deixou de manter distância do veículo da frente,Colisão traseira,Com Vítimas Feridas,Pleno dia,Crescente,Céu Claro,Dupla,Reta,Sim,2,0,2,0,0,0,2,2,"-8,0618699","-34,9453122",SPRF-PE,DEL01-PE,UOP01-DEL01-PE
335157.0,2021-01-18,segunda-feira,07:30:00,PE,101,"93,7",CABO DE SANTO AGOSTINHO,Manobra de mudança de faixa,Colisão lateral mesmo sentido,Com Vítimas Feridas,Pleno dia,Crescente,Sol,Dupla,Interseção de Vias,Não,2,0,1,0,0,1,1,2,"-8,2396419","-35,00335418",SPRF-PE,DEL01-PE,UOP03-DEL01-PE
335202.0,2021-01-18,segunda-feira,10:50:00,PE,232,"17,5",JABOATAO DOS GUARARAPES,Condutor Dormindo,Colisão frontal,Com Vítimas Feridas,Pleno dia,Decrescente,Sol,Dupla,Reta,Sim,5,0,0,4,1,0,4,2,"-8,09565202","-35,04581599",SPRF-PE,DEL01-PE,UOP01-DEL01-PE
335225.0,2021-01-18,segunda-feira,12:05:00,PE,101,89,CABO DE SANTO AGOSTINHO,Mal súbito do condutor,Eventos atípicos,Com Vítimas Feridas,Pleno dia,Decrescente,Céu Claro,Simples,Reta,Sim,4,0,1,1,2,0,2,4,"-8,22846467","-34,971394",SPRF-PE,DEL01-PE,UOP03-DEL01-PE
335232.0,2021-01-18,segunda-feira,14:24:00,PE,101,69,RECIFE,Acessar a via sem observar a presença dos outros veículos,Colisão lateral mesmo sentido,Com Vítimas Feridas,Pleno dia,Crescente,Céu Claro,Dupla,Reta,Sim,2,0,0,1,1,0,1,2,"-8,05951606","-34,94581024",SPRF-PE,DEL01-PE,UOP01-DEL01-PE
335297.0,2021-01-18,segunda-feira,21:00:00,PE,232,"68,3",GRAVATA,Demais falhas mecânicas ou elétricas,Colisão traseira,Sem Vítimas,Plena Noite,Crescente,Céu Claro,Dupla,Reta,Não,2,0,0,0,2,0,0,2,"-8,16728938","-35,47308397",SPRF-PE,DEL02-PE,UOP02-DEL02PE
335298.0,2021-01-18,segunda-feira,19:30:00,PE,101,"163,2",RIBEIRAO,Reação tardia ou ineficiente do condutor,Saída de leito carroçável,Com Vítimas Feridas,Plena Noite,Crescente,Céu Claro,Dupla,Curva,Não,1,0,1,0,0,0,1,1,"-8,55039544","-35,44619699",SPRF-PE,DEL01-PE,UOP03-DEL01-PE
335327.0,2021-01-19,terça-feira,03:30:00,PE,428,"73,6",SANTA MARIA DA BOA VISTA,Avarias e/ou desgaste excessivo no pneu,Colisão com objeto,Com Vítimas Feridas,Plena Noite,Crescente,Céu Claro,Simples,Ponte,Não,2,0,1,0,0,1,1,1,"-8,72018283","-39,77321719",SPRF-PE,DEL06-PE,UOP03-DEL06-PE
335507.0,2021-01-20,quarta-feira,09:00:00,PE,101,"70,6",RECIFE,Entrada inopinada do pedestre,Atropelamento de Pedestre,Com Vítimas Feridas,Pleno dia,Crescente,Céu Claro,Dupla,Reta,Sim,3,0,2,0,0,1,2,2,"-8,06776119","-34,94265074",SPRF-PE,DEL01-PE,UOP01-DEL01-PE
335533.0,2021-01-15,sexta-feira,10:00:00,PE,101,68,RECIFE,Condutor deixou de manter distância do veículo da frente,Colisão traseira,Com Vítimas Feridas,Pleno dia,Crescente,Sol,Dupla,Viaduto,Sim,6,0,2,0,4,0,2,5,"-8,05074296","-34,94580619",SPRF-PE,DEL01-PE,UOP01-DEL01-PE
335544.0,2021-01-20,quarta-feira,11:40:00,PE,428,"189,2",PETROLINA,Transitar na contramão,Colisão transversal,Com Vítimas Feridas,Pleno dia,Crescente,Céu Claro,Simples,Reta,Sim,2,0,2,0,0,0,2,2,"-9,37659059","-40,49708605",SPRF-PE,DEL06-PE,UOP01-DEL06-PE
335598.0,2021-01-20,quarta-feira,17:20:00,PE,101,70,RECIFE,Animais na Pista,Atropelamento de Animal,Com Vítimas Feridas,Pleno dia,Decrescente,Céu Claro,Dupla,Reta,Sim,1,0,1,0,0,0,1,1,"-8,07198849","-34,93850827",SPRF-PE,DEL01-PE,UOP01-DEL01-PE
335627.0,2021-01-20,quarta-feira,18:45:00,PE,232,252,ARCOVERDE,Reação tardia ou ineficiente do condutor,Tombamento,Com Vítimas Fatais,Plena Noite,Crescente,Céu Claro,Simples,Reta,Sim,3,1,1,0,1,0,1,2,"-8,43086","-37,06536",SPRF-PE,DEL03-PE,UOP02-DEL03-PE
335648.0,2021-01-20,quarta-feira,20:30:00,PE,101,"50,9",ABREU E LIMA,Manobra de mudança de faixa,Colisão lateral mesmo sentido,Sem Vítimas,Plena Noite,Decrescente,Céu Claro,Múltipla,Reta,Sim,2,0,0,0,2,0,0,2,"-7,90938602","-34,90123228",SPRF-PE,DEL01-PE,UOP02-DEL01-PE
335696.0,2021-01-21,quinta-feira,07:01:00,PE,232,408,SERRA TALHADA,Retorno proibido,Queda de ocupante de veículo,Com Vítimas Feridas,Pleno dia,Crescente,Céu Claro,Simples,Declive,Sim,3,0,2,0,0,1,2,1,"-7,98371447","-38,28047709",SPRF-PE,DEL04-PE,UOP01-DEL04-PE
335735.0,2021-01-21,quinta-feira,09:30:00,PE,408,"33,5",ALIANCA,Acessar a via sem observar a presença dos outros veículos,Colisão transversal,Sem Vítimas,Pleno dia,Decrescente,Sol,Simples,Reta,Não,2,0,0,0,2,0,0,2,"-7,59938542","-35,24242401",SPRF-PE,DEL01-PE,UOP01-DEL01-PE
335769.0,2021-01-12,terça-feira,15:16:00,PE,232,295,SERTANIA,Objeto estático sobre o leito carroçável,Colisão com objeto,Sem Vítimas,Pleno dia,Crescente,Céu Claro,Simples,Reta,Não,2,0,0,0,2,0,0,1,"-8,26634617","-37,39116735",SPRF-PE,DEL03-PE,UOP02-DEL03-PE
335775.0,2021-01-21,quinta-feira,17:00:00,PE,101,49,ABREU E LIMA,Condutor deixou de manter distância do veículo da frente,Colisão traseira,Com Vítimas Feridas,Anoitecer,Crescente,Vento,Dupla,Reta,Sim,2,0,0,1,1,0,1,2,"-7,9005152","-34,90180641",SPRF-PE,DEL01-PE,UOP02-DEL01-PE
335778.0,2021-01-21,quinta-feira,17:00:00,PE,101,"56,8",PAULISTA,Velocidade Incompatível,Saída de leito carroçável,Sem Vítimas,Pleno dia,Crescente,Céu Claro,Dupla,Reta,Não,1,0,0,0,1,0,0,1,"-7,9554509","-34,91140727",SPRF-PE,DEL01-PE,UOP02-DEL01-PE
335808.0,2021-01-21,quinta-feira,19:15:00,PE,101,80,JABOATAO DOS GUARARAPES,Ausência de reação do condutor,Colisão traseira,Com Vítimas Feridas,Plena Noite,Decrescente,Nublado,Dupla,Retorno Regulamentado,Sim,2,0,1,0,1,0,1,2,"-8,15112589","-34,9428866",SPRF-PE,DEL01-PE,UOP03-DEL01-PE
335891.0,2021-01-22,sexta-feira,09:30:00,PE,101,"176,5",JOAQUIM NABUCO,Velocidade Incompatível,Saída de leito carroçável,Com Vítimas Fatais,Pleno dia,Crescente,Sol,Dupla,Curva,Não,13,3,4,4,0,2,8,1,"-8,60776887","-35,5426471",SPRF-PE,DEL01-PE,UOP03-DEL01-PE
335896.0,2021-01-22,sexta-feira,10:10:00,PE,232,136,CARUARU,Acumulo de areia ou detritos sobre o pavimento,Saída de leito carroçável,Com Vítimas Feridas,Pleno dia,Decrescente,Céu Claro,Dupla,Reta,Não,1,0,1,0,0,0,1,1,"-8,31339932","-36,04175591",SPRF-PE,DEL02-PE,UOP03-DEL02-PE
335960.0,2021-01-22,sexta-feira,19:20:00,PE,101,65,RECIFE,Reação tardia ou ineficiente do condutor,Colisão traseira,Com Vítimas Feridas,Plena Noite,Crescente,Céu Claro,Dupla,Reta,Sim,2,0,1,0,1,0,1,2,"-8,02920346","-34,94308596",SPRF-PE,DEL01-PE,UOP01-DEL01-PE
335985.0,2021-01-22,sexta-feira,21:45:00,PE,428,"183,7",PETROLINA,Acessar a via sem observar a presença dos outros veículos,Colisão transversal,Com Vítimas Feridas,Plena Noite,Decrescente,Céu Claro,Simples,Interseção de Vias,Sim,2,0,1,0,1,0,1,2,"-9,34263648","-40,47149241",SPRF-PE,DEL06-PE,UOP01-DEL06-PE
336114.0,2021-01-14,quinta-feira,09:30:00,PE,232,555,PARNAMIRIM,Demais falhas na via,Eventos atípicos,Sem Vítimas,Pleno dia,Crescente,Céu Claro,Simples,Reta,Não,2,0,0,0,2,0,0,1,"-8,089178","-39,532785",SPRF-PE,DEL05-PE,UOP01-DEL05-PE
336125.0,2021-01-23,sábado,14:30:00,PE,316,"105,3",OURICURI,Animais na Pista,Colisão com objeto,Com Vítimas Fatais,Pleno dia,Decrescente,Céu Claro,Simples,Reta,Não,3,1,2,0,0,0,2,1,"-7,95538676","-39,9055009",SPRF-PE,DEL05-PE,UOP02-DEL05-PE
336389.0,2021-01-24,domingo,19:20:00,PE,408,"82,5",PAUDALHO,Transitar na contramão,Colisão frontal,Com Vítimas Feridas,Plena Noite,Decrescente,Céu Claro,Múltipla,Reta,Sim,2,0,1,1,0,0,2,2,"-7,94356","-35,120411",SPRF-PE,DEL01-PE,UOP01-DEL01-PE
336393.0,2021-01-05,terça-feira,06:00:00,PE,408,80,PAUDALHO,Acessar a via sem observar a presença dos outros veículos,Colisão lateral,Com Vítimas Feridas,Pleno dia,Crescente,Céu Claro,Dupla,Reta,Sim,2,0,0,1,0,1,1,2,"-7,9310439","-35,13844295",SPRF-PE,DEL01-PE,UOP01-DEL01-PE
336463.0,2021-01-01,sexta-feira,19:40:00,PE,104,12,TAQUARITINGA DO NORTE,Acessar a via sem observar a presença dos outros veículos,Colisão transversal,Com Vítimas Feridas,Plena Noite,Crescente,Ignorado,Simples,Reta,Não,2,0,0,1,1,0,1,2,"-7,888657","-36,110435",SPRF-PE,DEL02-PE,UOP01-DEL02-PE
336469.0,2021-01-25,segunda-feira,07:00:00,PE,428,"170,9",PETROLINA,Manobra de mudança de faixa,Colisão frontal,Com Vítimas Fatais,Pleno dia,Crescente,Céu Claro,Simples,Reta,Não,6,1,0,0,5,0,0,3,"-9,22081788","-40,40797219",SPRF-PE,DEL06-PE,UOP01-DEL06-PE
336498.0,2021-01-25,segunda-feira,10:50:00,PE,101,68,RECIFE,Reação tardia ou ineficiente do condutor,Queda de ocupante de veículo,Com Vítimas Feridas,Plena Noite,Crescente,Sol,Dupla,Rotatória,Sim,1,0,1,0,0,0,1,1,"-8,05228802","-34,9458307",SPRF-PE,DEL01-PE,UOP01-DEL01-PE
336513.0,2021-01-25,segunda-feira,08:30:00,PE,232,14,JABOATAO DOS GUARARAPES,Curva acentuada,Tombamento,Com Vítimas Feridas,Pleno dia,Crescente,Céu Claro,Dupla,Curva,Não,1,0,1,0,0,0,1,1,"-8,09025488","-35,02052302",SPRF-PE,DEL01-PE,UOP01-DEL01-PE
336544.0,2021-01-25,segunda-feira,10:50:00,PE,408,"62,3",CARPINA,Acessar a via sem observar a presença dos outros veículos,Colisão transversal,Com Vítimas Feridas,Pleno dia,Decrescente,Sol,Simples,Curva,Sim,3,0,0,2,0,1,2,2,"-7,83198297","-35,24473969",SPRF-PE,DEL01-PE,UOP01-DEL01-PE
336554.0,2021-01-25,segunda-feira,11:17:00,PE,232,"323,7",CUSTODIA,Mal súbito do condutor,Tombamento,Com Vítimas Fatais,Pleno dia,Decrescente,Céu Claro,Simples,Interseção de Vias,Não,21,1,0,0,20,0,0,2,"-8,10292403","-37,56281303",SPRF-PE,DEL03-PE,UOP02-DEL03-PE
336603.0,2021-01-25,segunda-feira,18:15:00,PE,408,101,SAO LOURENCO DA MATA,Avarias e/ou desgaste excessivo no pneu,Tombamento,Com Vítimas Feridas,Plena Noite,Decrescente,Céu Claro,Dupla,Reta,Não,1,0,1,0,0,0,1,1,"-8,04710272","-35,00887967",SPRF-PE,DEL01-PE,UOP01-DEL01-PE
336607.0,2021-01-25,segunda-feira,18:25:00,PE,232,"14,1",JABOATAO DOS GUARARAPES,Pedestre andava na pista,Atropelamento de Pedestre,Com Vítimas Feridas,Plena Noite,Crescente,Céu Claro,Dupla,Curva;Aclive                  ,Não,2,0,0,1,0,1,1,2,"-8,09025488","-35,02052302",SPRF-PE,DEL01-PE,UOP01-DEL01-PE
336691.0,2021-01-26,terça-feira,07:20:00,PE,232,74,GRAVATA,Condutor deixou de manter distância do veículo da frente,Colisão traseira,Com Vítimas Feridas,Pleno dia,Decrescente,Céu Claro,Dupla,Reta,Sim,2,0,1,0,1,0,1,2,"-8,19466678","-35,51728814",SPRF-PE,DEL02-PE,UOP02-DEL02PE
336775.0,2021-01-26,terça-feira,18:30:00,PE,407,124,PETROLINA,Desrespeitar a preferência no cruzamento,Colisão transversal,Com Vítimas Feridas,Plena Noite,Decrescente,Céu Claro,Dupla,Rotatória,Sim,3,0,2,0,1,0,2,2,"-9,36929881","-40,54137139",SPRF-PE,DEL06-PE,UOP01-DEL06-PE
336838.0,2021-01-27,quarta-feira,05:35:00,PE,232,165,TACAIMBO,Ultrapassagem Indevida,Colisão frontal,Com Vítimas Feridas,Pleno dia,Decrescente,Garoa/Chuvisco,Simples,Aclive,Não,4,0,1,0,3,0,1,2,"-8,33670241","-36,29834395",SPRF-PE,DEL02-PE,UOP03-DEL02-PE
336846.0,2021-01-27,quarta-feira,07:50:00,PE,101,26,IGARASSU,Acumulo de água sobre o pavimento,Colisão lateral,Com Vítimas Feridas,Pleno dia,Decrescente,Chuva,Dupla,Curva;Declive                 ,Não,2,0,1,0,1,0,1,2,"-7,70826223","-34,92811677",SPRF-PE,DEL01-PE,UOP02-DEL01-PE
336888.0,2021-01-27,quarta-feira,13:00:00,PE,101,50,ABREU E LIMA,Acessar a via sem observar a presença dos outros veículos,Colisão transversal,Sem Vítimas,Pleno dia,Crescente,Nublado,Múltipla,Reta,Sim,2,0,0,0,2,0,0,2,"-7,90938602","-34,90123228",SPRF-PE,DEL01-PE,UOP02-DEL01-PE
336910.0,2021-01-27,quarta-feira,13:10:00,PE,408,105,JABOATAO DOS GUARARAPES,Condutor deixou de manter distância do veículo da frente,Colisão lateral,Com Vítimas Feridas,Amanhecer,Decrescente,Nublado,Dupla,Reta,Sim,2,0,1,0,1,0,1,2,"-8,0730937","-34,99190714",SPRF-PE,DEL01-PE,UOP01-DEL01-PE
336986.0,2021-01-28,quinta-feira,02:40:00,PE,101,3,GOIANA,Condutor Dormindo,Colisão com objeto,Com Vítimas Feridas,Plena Noite,Crescente,Nublado,Dupla,Curva,Não,1,0,1,0,0,0,1,1,"-7,52387351","-34,99333161",SPRF-PE,DEL01-PE,UOP02-DEL01-PE
336995.0,2021-01-28,quinta-feira,06:15:00,PE,101,73,RECIFE,Manobra de mudança de faixa,Queda de ocupante de veículo,Com Vítimas Feridas,Pleno dia,Decrescente,Céu Claro,Dupla,Aclive;Curva                  ,Sim,1,0,1,0,0,0,1,1,"-8,093761","-34,947608",SPRF-PE,DEL01-PE,UOP01-DEL01-PE
337084.0,2021-01-28,quinta-feira,16:20:00,PE,101,69,RECIFE,Acesso irregular,Colisão traseira,Com Vítimas Feridas,Pleno dia,Crescente,Céu Claro,Simples,Retorno Regulamentado,Sim,2,0,1,0,1,0,1,2,"-8,06654391","-34,94577521",SPRF-PE,DEL01-PE,UOP01-DEL01-PE
337126.0,2021-01-28,quinta-feira,20:30:00,PE,407,127,PETROLINA,Conversão proibida,Colisão transversal,Sem Vítimas,Plena Noite,Crescente,Céu Claro,Simples,Interseção de Vias,Sim,2,0,0,0,2,0,0,2,"-9,3908678","-40,52038627",SPRF-PE,DEL06-PE,UOP01-DEL06-PE
337177.0,2021-01-29,sexta-feira,05:10:00,PE,428,127,PETROLINA,Ingestão de álcool pelo condutor,Colisão transversal,Sem Vítimas,Amanhecer,Crescente,Céu Claro,Simples,Interseção de Vias,Sim,2,0,0,0,2,0,0,2,"-9,391376","-40,519047",SPRF-PE,DEL06-PE,UOP03-DEL06-PE
337206.0,2021-01-29,sexta-feira,08:00:00,PE,101,"74,2",RECIFE,Acumulo de óleo sobre o pavimento,Queda de ocupante de veículo,Com Vítimas Feridas,Pleno dia,Crescente,Céu Claro,Dupla,Reta,Não,2,0,2,0,0,0,2,1,"-8,10146485","-34,94901577",SPRF-PE,DEL01-PE,UOP01-DEL01-PE
337317.0,2021-01-29,sexta-feira,19:20:00,PE,104,"20,6",TAQUARITINGA DO NORTE,Acostamento em desnível,Colisão frontal,Com Vítimas Feridas,Plena Noite,Decrescente,Céu Claro,Simples,Curva,Não,5,0,5,0,0,0,5,3,"-7,956497","-36,128529",SPRF-PE,DEL02-PE,UOP01-DEL02-PE
337337.0,2021-01-29,sexta-feira,20:25:00,PE,101,"51,4",PAULISTA,Ingestão de álcool pelo condutor,Colisão traseira,Sem Vítimas,Plena Noite,Crescente,Nublado,Múltipla,Reta,Sim,2,0,0,0,2,0,0,2,"-7,9169968","-34,89689272",SPRF-PE,DEL01-PE,UOP02-DEL01-PE
337366.0,2021-01-30,sábado,00:01:00,PE,232,"415,3",SERRA TALHADA,Reação tardia ou ineficiente do condutor,Tombamento,Com Vítimas Feridas,Plena Noite,Crescente,Céu Claro,Simples,Reta,Sim,1,0,1,0,0,0,1,1,"-7,99605739","-38,34533981",SPRF-PE,DEL04-PE,UOP01-DEL04-PE
337371.0,2021-01-30,sábado,01:15:00,PE,428,"190,3",PETROLINA,Ingestão de substâncias psicoativas pelo condutor,Colisão com objeto,Com Vítimas Feridas,Plena Noite,Crescente,Céu Claro,Simples,Reta,Sim,1,0,1,0,0,0,1,1,"-9,37979008","-40,50945769",SPRF-PE,DEL06-PE,UOP01-DEL06-PE
337511.0,2021-01-30,sábado,16:10:00,PE,232,527,SALGUEIRO,Ultrapassagem Indevida,Saída de leito carroçável,Com Vítimas Feridas,Pleno dia,Crescente,Céu Claro,Simples,Reta,Não,1,0,1,0,0,0,1,1,"-8,07189196","-39,28637601",SPRF-PE,DEL05-PE,UOP01-DEL05-PE
337524.0,2021-01-30,sábado,17:50:00,PE,101,46,IGARASSU,Pedestre cruzava a pista fora da faixa,Atropelamento de Pedestre,Com Vítimas Feridas,Anoitecer,Decrescente,Céu Claro,Múltipla,Reta,Sim,2,0,1,1,0,0,2,2,"-7,87406004","-34,90588126",SPRF-PE,DEL01-PE,UOP02-DEL01-PE
337534.0,2021-01-30,sábado,16:40:00,PE,316,107,OURICURI,Frear bruscamente,Capotamento,Com Vítimas Feridas,Pleno dia,Crescente,Nublado,Simples,Reta,Não,5,0,2,2,1,0,4,1,"-7,96236583","-39,88894493",SPRF-PE,DEL05-PE,UOP02-DEL05-PE
337536.0,2021-01-30,sábado,18:35:00,PE,101,"68,5",RECIFE,Pedestre cruzava a pista fora da faixa,Atropelamento de Pedestre,Com Vítimas Feridas,Plena Noite,Crescente,Céu Claro,Dupla,Reta,Sim,2,0,0,1,1,0,1,2,"-8,05074296","-34,94580619",SPRF-PE,DEL01-PE,UOP01-DEL01-PE
337539.0,2021-01-30,sábado,14:00:00,PE,101,37,IGARASSU,Demais falhas mecânicas ou elétricas,Saída de leito carroçável,Com Vítimas Feridas,Pleno dia,Crescente,Céu Claro,Dupla,Reta,Não,3,0,3,0,0,0,3,1,"-7,79726705","-34,9274932",SPRF-PE,DEL01-PE,UOP02-DEL01-PE
337593.0,2021-01-30,sábado,22:00:00,PE,101,189,PALMARES,Velocidade Incompatível,Colisão com objeto,Com Vítimas Feridas,Plena Noite,Crescente,Céu Claro,Múltipla,Curva,Não,1,0,0,1,0,0,1,1,"-8,69036647","-35,60430503",SPRF-PE,DEL01-PE,UOP03-DEL01-PE
337695.0,2021-01-31,domingo,11:05:00,PE,232,7,RECIFE,Ausência de reação do condutor,Colisão com objeto,Com Vítimas Feridas,Pleno dia,Decrescente,Sol,Dupla,Reta,Sim,3,0,2,0,1,0,2,2,"-8,07333497","-34,96184301",SPRF-PE,DEL01-PE,UOP01-DEL01-PE
337731.0,2021-01-31,domingo,15:30:00,PE,428,"184,3",PETROLINA,Ultrapassagem Indevida,Colisão transversal,Com Vítimas Feridas,Pleno dia,Decrescente,Céu Claro,Simples,Rotatória;Reta                ,Sim,5,0,1,1,3,0,2,4,"-9,34327647","-40,47187328",SPRF-PE,DEL06-PE,UOP01-DEL06-PE