id,data_inversa,dia_semana,horario,uf,br,km,municipio,causa_acidente,tipo_acidente,classificacao_acidente,fase_dia,sentido_via,condicao_metereologica,tipo_pista,tracado_via,uso_solo,pessoas,mortos,feridos_leves,feridos_graves,ilesos,ignorados,feridos,veiculos,latitude,longitude,regional,delegacia,uop
337746.0,2021-01-31,domingo,17:00:00,PE,232,"55,3",POMBOS,Reação tardia ou ineficiente do condutor,Colisão traseira,Com Vítimas Feridas,Pleno dia,Crescente,Céu Claro,Dupla,Reta,Não,3,0,2,0,1,0,2,2,"-8,13255758","-35,36570027",SPRF-PE,DEL02-PE,UOP02-DEL02PE
337749.0,2021-01-31,domingo,16:20:00,PE,104,63,CARUARU,Condutor deixou de manter distância do veículo da frente,Colisão traseira,Sem Vítimas,Pleno dia,Decrescente,Sol,Dupla,Reta,Sim,2,0,0,0,1,1,0,2,"-8,2698","-35,9803",SPRF-PE,DEL02-PE,UOP01-DEL02-PE
337773.0,2021-01-31,domingo,18:50:00,PE,423,"94,9",GARANHUNS,Deficiência do Sistema de Iluminação/Sinalização,Colisão transversal,Com Vítimas Feridas,Plena Noite,Decrescente,Nublado,Simples,Curva,Sim,3,0,1,1,1,0,2,2,"-8,87932637","-36,47995234",SPRF-PE,DEL03-PE,UOP01-DEL03-PE
337819.0,2021-01-31,domingo,21:35:00,PE,232,80,GRAVATA,Manobra de mudança de faixa,Colisão lateral sentido oposto,Com Vítimas Feridas,Plena Noite,Crescente,Céu Claro,Simples,Reta,Sim,2,0,0,1,1,0,1,2,"-8,195698","-35,569609",SPRF-PE,DEL02-PE,UOP02-DEL02PE
337820.0,2021-01-31,domingo,21:30:00,PE,232,130,CARUARU,Entrada inopinada do pedestre,Atropelamento de Pedestre,Com Vítimas Feridas,Plena Noite,Crescente,Céu Claro,Dupla,Reta;Declive                  ,Sim,2,0,0,1,1,0,1,2,"-8,29983303","-35,989662",SPRF-PE,DEL02-PE,UOP03-DEL02-PE
337837.0,2021-01-31,domingo,22:30:00,PE,232,"80,7",GRAVATA,Ausência de reação do condutor,Colisão com objeto,Com Vítimas Feridas,Plena Noite,Decrescente,Céu Claro,Dupla,Reta,Sim,1,0,1,0,0,0,1,1,"-8,19579864","-35,56962305",SPRF-PE,DEL02-PE,UOP02-DEL02PE
337841.0,2021-02-01,segunda-feira,00:32:00,PE,104,37,CARUARU,Ingestão de álcool pelo condutor,Colisão com objeto,Sem Vítimas,Plena Noite,Decrescente,Céu Claro,Dupla,Curva,Não,1,0,0,0,1,0,0,1,"-8,061599","-36,047626",SPRF-PE,DEL02-PE,UOP01-DEL02-PE
337894.0,2021-02-01,segunda-feira,07:15:00,PE,423,"67,3",JUPI,Demais falhas mecânicas ou elétricas,Saída de leito carroçável,Com Vítimas Feridas,Pleno dia,Crescente,Céu Claro,Simples,Reta,Não,10,0,6,0,0,4,6,1,"-8,66219547","-36,34708912",SPRF-PE,DEL03-PE,UOP01-DEL03-PE
338095.0,2021-02-02,terça-feira,08:00:00,PE,101,72,RECIFE,Manobra de mudança de faixa,Colisão traseira,Com Vítimas Feridas,Pleno dia,Decrescente,Céu Claro,Dupla,Curva,Sim,2,0,1,0,1,0,1,2,"-8,08493106","-34,9450639",SPRF-PE,DEL01-PE,UOP01-DEL01-PE
338097.0,2021-02-02,terça-feira,08:00:00,PE,101,58,PAULISTA,Demais falhas mecânicas ou elétricas,Queda de ocupante de veículo,Com Vítimas Feridas,Pleno dia,Decrescente,Céu Claro,Dupla,Reta,Não,2,0,2,0,0,0,2,1,"-7,97063209","-34,92064675",SPRF-PE,DEL01-PE,UOP02-DEL01-PE
338264.0,2021-02-03,quarta-feira,07:25:00,PE,428,"186,7",PETROLINA,Acessar a via sem observar a presença dos outros veículos,Tombamento,Com Vítimas Feridas,Pleno dia,Crescente,Céu Claro,Simples,Reta,Sim,2,0,1,0,1,0,1,2,"-9,34807826","-40,47441248",SPRF-PE,DEL06-PE,UOP01-DEL06-PE
338287.0,2021-02-03,quarta-feira,09:00:00,PE,232,"5,3",RECIFE,Trafegar com motocicleta (ou similar) entre as faixas,Colisão lateral mesmo sentido,Com Vítimas Feridas,Pleno dia,Decrescente,Nublado,Dupla,Reta,Sim,2,0,1,0,1,0,1,2,"-8,06795766","-34,94535414",SPRF-PE,DEL01-PE,UOP01-DEL01-PE
338308.0,2021-02-03,quarta-feira,11:50:00,PE,232,137,CARUARU,Manobra de mudança de faixa,Colisão transversal,Com Vítimas Fatais,Pleno dia,Decrescente,Céu Claro,Dupla,Reta,Não,3,1,0,1,1,0,1,2,"-8,31589863","-36,05040211",SPRF-PE,DEL02-PE,UOP03-DEL02-PE
338381.0,2021-02-03,quarta-feira,18:45:00,PE,232,7,RECIFE,Mal súbito do condutor,Eventos atípicos,Com Vítimas Feridas,Plena Noite,Crescente,Céu Claro,Múltipla,Reta,Não,4,0,1,1,1,1,2,4,"-8,07333497","-34,96184301",SPRF-PE,DEL01-PE,UOP01-DEL01-PE
338494.0,2021-02-04,quinta-feira,12:40:00,PE,101,"44,2",IGARASSU,Desrespeitar a preferência no cruzamento,Colisão transversal,Com Vítimas Feridas,Pleno dia,Crescente,Céu Claro,Múltipla,Reta;Retorno Regulamentado    ,Sim,2,0,0,1,1,0,1,2,"-7,85637001","-34,90842109",SPRF-PE,DEL01-PE,UOP02-DEL01-PE
338565.0,2021-02-03,quarta-feira,20:00:00,PE,407,"23,9",AFRANIO,Ausência de reação do condutor,Capotamento,Com Vítimas Feridas,Plena Noite,Crescente,Ignorado,Simples,Curva,Não,1,0,0,1,0,0,1,1,"-8,62237203","-40,99588613",SPRF-PE,DEL06-PE,UOP02-DEL06-PE
338653.0,2021-02-05,sexta-feira,07:50:00,PE,232,"150,6",SAO CAITANO,Avarias e/ou desgaste excessivo no pneu,Queda de ocupante de veículo,Com Vítimas Feridas,Pleno dia,Decrescente,Céu Claro,Simples,Reta,Não,1,0,1,0,0,0,1,1,"-8,32712286","-36,16299497",SPRF-PE,DEL02-PE,UOP03-DEL02-PE
338717.0,2021-02-05,sexta-feira,14:55:00,PE,232,8,RECIFE,Condutor deixou de manter distância do veículo da frente,Colisão traseira,Com Vítimas Feridas,Pleno dia,Decrescente,Céu Claro,Dupla,Reta,Sim,7,0,1,0,5,1,1,5,"-8,07583727","-34,97015791",SPRF-PE,DEL01-PE,UOP01-DEL01-PE
338726.0,2021-02-05,sexta-feira,14:15:00,PE,101,148,RIBEIRAO,Acessar a via sem observar a presença dos outros veículos,Colisão traseira,Sem Vítimas,Pleno dia,Crescente,Céu Claro,Dupla,Reta,Não,4,0,0,0,0,4,0,2,"-8,48336698","-35,37204035",SPRF-PE,DEL01-PE,UOP03-DEL01-PE
338791.0,2021-02-05,sexta-feira,19:00:00,PE,232,414,SERRA TALHADA,Demais falhas mecânicas ou elétricas,Incêndio,Sem Vítimas,Plena Noite,Decrescente,Céu Claro,Simples,Reta,Sim,1,0,0,0,0,1,0,1,"-7,99236282","-38,33750809",SPRF-PE,DEL04-PE,UOP01-DEL04-PE
338912.0,2021-02-06,sábado,11:30:00,PE,101,77,RECIFE,Acessar a via sem observar a presença dos outros veículos,Colisão lateral,Sem Vítimas,Pleno dia,Crescente,Sol,Dupla,Reta,Sim,2,0,0,0,0,2,0,2,"-8,131408","-34,945559",SPRF-PE,DEL01-PE,UOP01-DEL01-PE
338928.0,2021-02-06,sábado,13:10:00,PE,101,"178,7",AGUA PRETA,Reação tardia ou ineficiente do condutor,Colisão com objeto,Com Vítimas Feridas,Pleno dia,Crescente,Sol,Dupla,Curva,Não,2,0,2,0,0,0,2,1,"-8,62108477","-35,55116105",SPRF-PE,DEL01-PE,UOP03-DEL01-PE
338957.0,2021-02-06,sábado,14:45:00,PE,423,"19,2",SAO CAITANO,Condutor Dormindo,Capotamento,Com Vítimas Feridas,Pleno dia,Decrescente,Céu Claro,Simples,Reta,Não,2,0,2,0,0,0,2,1,"-8,33379683","-36,15201612",SPRF-PE,DEL02-PE,UOP03-DEL02-PE
338967.0,2021-02-06,sábado,16:08:00,PE,232,"10,2",JABOATAO DOS GUARARAPES,Reação tardia ou ineficiente do condutor,Colisão traseira,Com Vítimas Feridas,Pleno dia,Decrescente,Sol,Dupla,Reta,Sim,5,0,2,0,3,0,2,2,"-8,07764447","-34,97863609",SPRF-PE,DEL01-PE,UOP01-DEL01-PE
339040.0,2021-02-06,sábado,18:40:00,PE,423,144,IATI,Acessar a via sem observar a presença dos outros veículos,Colisão transversal,Com Vítimas Feridas,Plena Noite,Crescente,Vento,Simples,Reta,Não,5,0,2,3,0,0,5,2,"-9,00386803","-36,86049167",SPRF-PE,DEL03-PE,UOP01-DEL03-PE
339046.0,2021-02-06,sábado,20:10:00,PE,232,408,SERRA TALHADA,Acesso irregular,Colisão transversal,Com Vítimas Feridas,Plena Noite,Crescente,Céu Claro,Simples,Declive,Sim,2,0,1,0,1,0,1,2,"-7,98371447","-38,28047709",SPRF-PE,DEL04-PE,UOP01-DEL04-PE
339057.0,2021-02-06,sábado,22:40:00,PE,101,"49,9",ABREU E LIMA,Manobra de mudança de faixa,Colisão transversal,Com Vítimas Feridas,Plena Noite,Decrescente,Céu Claro,Múltipla,Reta,Sim,2,0,1,0,1,0,1,2,"-7,9005152","-34,90180641",SPRF-PE,DEL01-PE,UOP02-DEL01-PE
339061.0,2021-02-06,sábado,22:50:00,PE,104,72,CARUARU,Velocidade Incompatível,Saída de leito carroçável,Com Vítimas Fatais,Plena Noite,Decrescente,Céu Claro,Simples,Curva;Declive                 ,Não,1,1,0,0,0,0,0,1,"-8,332917","-35,981609",SPRF-PE,DEL02-PE,UOP01-DEL02-PE
339204.0,2021-01-31,domingo,19:45:00,PE,104,47,CARUARU,Velocidade Incompatível,Colisão com objeto,Com Vítimas Feridas,Plena Noite,Decrescente,Céu Claro,Dupla,Reta,Não,1,0,1,0,0,0,1,1,"-8,1354","-35,9906",SPRF-PE,DEL02-PE,UOP01-DEL02-PE
339208.0,2021-02-07,domingo,08:52:00,PE,424,"1,4",ARCOVERDE,Animais na Pista,Colisão transversal,Com Vítimas Feridas,Pleno dia,Crescente,Céu Claro,Simples,Curva,Não,3,0,2,0,0,1,2,3,"-8,43892793","-37,05827086",SPRF-PE,DEL03-PE,UOP02-DEL03-PE
339255.0,2021-02-07,domingo,18:00:00,PE,101,83,JABOATAO DOS GUARARAPES,Acessar a via sem observar a presença dos outros veículos,Colisão transversal,Com Vítimas Feridas,Anoitecer,Crescente,Céu Claro,Múltipla,Reta,Sim,3,0,0,1,1,1,1,3,"-8,175172","-34,942642",SPRF-PE,DEL01-PE,UOP03-DEL01-PE
339256.0,2021-02-07,domingo,18:00:00,PE,101,104,CABO DE SANTO AGOSTINHO,Acesso irregular,Capotamento,Sem Vítimas,Plena Noite,Decrescente,Céu Claro,Dupla,Curva,Sim,1,0,0,0,1,0,0,1,"-8,29739778","-35,06293971",SPRF-PE,DEL01-PE,UOP03-DEL01-PE
339313.0,2021-02-07,domingo,21:15:00,PE,101,192,PALMARES,Ausência de reação do condutor,Queda de ocupante de veículo,Com Vítimas Feridas,Plena Noite,Decrescente,Céu Claro,Dupla,Curva,Não,1,0,1,0,0,0,1,1,"-8,71282291","-35,60955915",SPRF-PE,DEL01-PE,UOP03-DEL01-PE
339323.0,2021-02-07,domingo,21:15:00,PE,232,"99,4",BEZERROS,Ingestão de álcool ou de substâncias psicoativas pelo pedestre,Atropelamento de Pedestre,Com Vítimas Fatais,Plena Noite,Decrescente,Céu Claro,Dupla,Reta,Sim,3,1,2,0,0,0,2,2,"-8,2367277","-35,73401605",SPRF-PE,DEL02-PE,UOP02-DEL02PE
339362.0,2021-02-08,segunda-feira,06:20:00,PE,232,"11,1",JABOATAO DOS GUARARAPES,Ausência de reação do condutor,Colisão lateral,Com Vítimas Feridas,Pleno dia,Decrescente,Céu Claro,Dupla,Reta,Sim,3,0,1,0,1,1,1,2,"-8,08195464","-34,99545022",SPRF-PE,DEL01-PE,UOP01-DEL01-PE
339381.0,2021-01-10,domingo,15:26:00,PE,316,7,ARARIPINA,Reação tardia ou ineficiente do condutor,Capotamento,Com Vítimas Feridas,Pleno dia,Decrescente,Céu Claro,Simples,Reta,Não,2,0,0,1,0,1,1,1,"-7,48071193","-40,61057493",SPRF-PE,DEL05-PE,UOP02-DEL05-PE
339389.0,2021-02-08,segunda-feira,07:50:00,PE,101,67,RECIFE,Reação tardia ou ineficiente do condutor,Colisão traseira,Com Vítimas Feridas,Pleno dia,Decrescente,Sol,Dupla,Reta,Sim,3,0,2,0,1,0,2,2,"-8,042334","-34,943096",SPRF-PE,DEL01-PE,UOP01-DEL01-PE
339404.0,2021-02-08,segunda-feira,09:00:00,PE,101,"68,8",RECIFE,Manobra de mudança de faixa,Colisão lateral,Com Vítimas Feridas,Pleno dia,Decrescente,Céu Claro,Múltipla,Reta,Sim,2,0,1,0,1,0,1,2,"-8,059673","-34,945543",SPRF-PE,DEL01-PE,UOP01-DEL01-PE
339405.0,2021-02-08,segunda-feira,09:40:00,PE,104,12,TAQUARITINGA DO NORTE,Ultrapassagem Indevida,Saída de leito carroçável,Com Vítimas Feridas,Pleno dia,Crescente,Sol,Simples,Reta,Não,1,0,1,0,0,0,1,1,"-7,888657","-36,110435",SPRF-PE,DEL02-PE,UOP01-DEL02-PE
339416.0,2021-02-08,segunda-feira,10:31:00,PE,101,98,CABO DE SANTO AGOSTINHO,Acostamento em desnível,Saída de leito carroçável,Com Vítimas Feridas,Pleno dia,Decrescente,Sol,Simples,Reta,Não,1,0,1,0,0,0,1,1,"-8,2696038","-35,02191458",SPRF-PE,DEL01-PE,UOP03-DEL01-PE
339437.0,2021-02-08,segunda-feira,14:20:00,PE,101,"68,6",RECIFE,Condutor deixou de manter distância do veículo da frente,Colisão lateral,Com Vítimas Feridas,Pleno dia,Decrescente,Céu Claro,Múltipla,Reta,Sim,2,0,1,0,1,0,1,2,"-8,056422","-34,946269",SPRF-PE,DEL01-PE,UOP01-DEL01-PE
339438.0,2021-02-08,segunda-feira,13:30:00,PE,101,"48,2",ABREU E LIMA,Acessar a via sem observar a presença dos outros veículos,Colisão lateral mesmo sentido,Com Vítimas Feridas,Pleno dia,Crescente,Céu Claro,Múltipla,Reta,Sim,2,0,1,0,1,0,1,2,"-7,89174705","-34,9033493",SPRF-PE,DEL01-PE,UOP02-DEL01-PE
339443.0,2021-02-08,segunda-feira,08:05:00,PE,423,"63,1",LAJEDO,Condutor deixou de manter distância do veículo da frente,Engavetamento,Com Vítimas Feridas,Pleno dia,Decrescente,Céu Claro,Simples,Aclive,Não,3,0,1,0,1,1,1,3,"-8,66219547","-36,34708912",SPRF-PE,DEL03-PE,UOP01-DEL03-PE
339489.0,2021-02-08,segunda-feira,19:40:00,PE,101,"51,1",ABREU E LIMA,Condutor deixou de manter distância do veículo da frente,Colisão traseira,Com Vítimas Feridas,Plena Noite,Decrescente,Céu Claro,Múltipla,Reta,Sim,4,0,2,0,1,1,2,3,"-7,9169968","-34,89689272",SPRF-PE,DEL01-PE,UOP02-DEL01-PE
339517.0,2021-02-08,segunda-feira,18:20:00,PE,423,"65,8",CALCADO,Manobra de mudança de faixa,Colisão lateral sentido oposto,Com Vítimas Feridas,Plena Noite,Crescente,Céu Claro,Simples,Reta,Não,2,0,1,0,1,0,1,2,"-8,66635578","-36,36564305",SPRF-PE,DEL03-PE,UOP01-DEL03-PE
339553.0,2021-02-09,terça-feira,07:45:00,PE,101,75,RECIFE,Área urbana sem a presença de local apropriado para a travessia de pedestres,Atropelamento de Pedestre,Com Vítimas Feridas,Pleno dia,Crescente,Céu Claro,Dupla,Reta,Sim,2,0,1,0,1,0,1,2,"-8,10973523","-34,94660151",SPRF-PE,DEL01-PE,UOP01-DEL01-PE
339556.0,2021-02-09,terça-feira,08:30:00,PE,423,"31,3",SAO CAITANO,Frear bruscamente,Colisão lateral mesmo sentido,Com Vítimas Feridas,Pleno dia,Decrescente,Céu Claro,Simples,Reta,Não,5,0,4,1,0,0,5,2,"-8,42715582","-36,19793533",SPRF-PE,DEL02-PE,UOP03-DEL02-PE
339646.0,2021-02-09,terça-feira,16:00:00,PE,423,"95,6",GARANHUNS,Condutor deixou de manter distância do veículo da frente,Engavetamento,Sem Vítimas,Pleno dia,Crescente,Céu Claro,Simples,Reta,Sim,3,0,0,0,2,1,0,3,"-8,87926277","-36,4855957",SPRF-PE,DEL03-PE,UOP01-DEL03-PE
339746.0,2021-02-10,quarta-feira,06:50:00,PE,101,"63,4",RECIFE,Demais falhas mecânicas ou elétricas,Saída de leito carroçável,Sem Vítimas,Pleno dia,Decrescente,Nublado,Dupla,Reta,Sim,1,0,0,0,1,0,0,1,"-8,00800604","-34,93756535",SPRF-PE,DEL01-PE,UOP01-DEL01-PE
339787.0,2021-02-10,quarta-feira,10:15:00,PE,101,"77,6",RECIFE,Manobra de mudança de faixa,Colisão lateral mesmo sentido,Com Vítimas Feridas,Pleno dia,Crescente,Céu Claro,Dupla,Reta,Sim,2,0,1,0,1,0,1,2,"-8,126982","-34,94386",SPRF-PE,DEL01-PE,UOP01-DEL01-PE
339835.0,2021-01-01,sexta-feira,21:30:00,PE,232,"183,4",BELO JARDIM,Manobra de mudança de faixa,Colisão frontal,Com Vítimas Fatais,Plena Noite,Crescente,Céu Claro,Simples,Reta,Sim,4,1,2,0,1,0,2,2,"-8,350358","-36,458278",SPRF-PE,DEL02-PE,UOP03-DEL02-PE
339840.0,2021-02-10,quarta-feira,15:00:00,PE,101,"99,5",CABO DE SANTO AGOSTINHO,Ultrapassagem Indevida,Colisão lateral,Com Vítimas Feridas,Pleno dia,Decrescente,Céu Claro,Dupla,Reta,Sim,2,0,0,1,1,0,1,2,"-8,26025316","-35,04629883",SPRF-PE,DEL01-PE,UOP03-DEL01-PE
339893.0,2021-02-10,quarta-feira,20:00:00,PE,104,"68,3",CARUARU,Ingestão de álcool pelo condutor,Colisão transversal,Sem Vítimas,Plena Noite,Decrescente,Céu Claro,Dupla,Reta,Sim,2,0,0,0,1,1,0,2,"-8,3107","-35,9904",SPRF-PE,DEL02-PE,UOP01-DEL02-PE
339958.0,2021-02-11,quinta-feira,08:50:00,PE,407,"126,3",PETROLINA,Manobra de mudança de faixa,Colisão lateral mesmo sentido,Com Vítimas Feridas,Pleno dia,Crescente,Sol,Dupla,Rotatória,Sim,3,0,2,0,1,0,2,2,"-9,38797393","-40,52579011",SPRF-PE,DEL06-PE,UOP01-DEL06-PE
340032.0,2021-02-10,quarta-feira,22:00:00,PE,232,241,ARCOVERDE,Ingestão de álcool pelo condutor,Saída de leito carroçável,Com Vítimas Fatais,Plena Noite,Decrescente,Céu Claro,Simples,Aclive,Não,1,1,0,0,0,0,0,1,"-8,41518942","-36,970926",SPRF-PE,DEL03-PE,UOP02-DEL03-PE
340043.0,2021-02-11,quinta-feira,17:40:00,PE,101,"60,3",RECIFE,Pedestre cruzava a pista fora da faixa,Queda de ocupante de veículo,Com Vítimas Feridas,Anoitecer,Decrescente,Nublado,Dupla,Reta,Sim,3,0,1,0,0,2,1,2,"-7,98344307","-34,93176727",SPRF-PE,DEL01-PE,UOP02-DEL01-PE
340049.0,2021-02-11,quinta-feira,18:00:00,PE,101,"44,2",IGARASSU,Velocidade Incompatível,Colisão lateral mesmo sentido,Sem Vítimas,Plena Noite,Decrescente,Céu Claro,Múltipla,Reta,Sim,2,0,0,0,1,1,0,2,"-7,85637001","-34,90842109",SPRF-PE,DEL01-PE,UOP02-DEL01-PE
340099.0,2021-02-11,quinta-feira,22:47:00,PE,232,"508,5",SALGUEIRO,Condutor deixou de manter distância do veículo da frente,Colisão traseira,Com Vítimas Feridas,Plena Noite,Decrescente,Ignorado,Simples,Reta,Sim,4,0,2,0,2,0,2,2,"-8,06223271","-39,12095006",SPRF-PE,DEL05-PE,UOP01-DEL05-PE
340137.0,2021-02-12,sexta-feira,06:40:00,PE,423,78,JUCATI,Acessar a via sem observar a presença dos outros veículos,Colisão transversal,Sem Vítimas,Pleno dia,Decrescente,Céu Claro,Simples,Curva,Não,2,0,0,0,1,1,0,2,"-8,74910298","-36,43120556",SPRF-PE,DEL03-PE,UOP01-DEL03-PE
340163.0,2021-02-12,sexta-feira,10:00:00,PE,101,60,RECIFE,Acessar a via sem observar a presença dos outros veículos,Colisão lateral,Com Vítimas Feridas,Pleno dia,Crescente,Céu Claro,Simples,Reta,Não,2,0,1,0,1,0,1,2,"-7,98344307","-34,93176727",SPRF-PE,DEL01-PE,UOP02-DEL01-PE
340186.0,2021-01-15,sexta-feira,16:00:00,PE,101,"53,8",PAULISTA,Pedestre cruzava a pista fora da faixa,Colisão traseira,Com Vítimas Feridas,Pleno dia,Decrescente,Céu Claro,Múltipla,Reta,Sim,2,0,1,1,0,0,2,2,"-7,93805869","-34,90322482",SPRF-PE,DEL01-PE,UOP02-DEL01-PE
340260.0,2021-02-12,sexta-feira,16:30:00,PE,101,48,ABREU E LIMA,Ausência de reação do condutor,Colisão traseira,Com Vítimas Feridas,Anoitecer,Decrescente,Chuva,Múltipla,Reta,Sim,3,0,1,0,2,0,1,3,"-7,89174705","-34,9033493",SPRF-PE,DEL01-PE,UOP02-DEL01-PE
340300.0,2021-02-12,sexta-feira,19:45:00,PE,423,39,CACHOEIRINHA,Transitar na contramão,Colisão lateral sentido oposto,Com Vítimas Feridas,Plena Noite,Crescente,Céu Claro,Simples,Reta,Não,6,0,1,0,4,1,1,2,"-8,48957335","-36,23249049",SPRF-PE,DEL02-PE,UOP03-DEL02-PE
340414.0,2021-02-13,sábado,09:33:00,PE,101,"57,8",PAULISTA,Acostamento em desnível,Queda de ocupante de veículo,Com Vítimas Feridas,Pleno dia,Decrescente,Nublado,Dupla,Curva,Não,2,0,0,1,1,0,1,1,"-7,96346213","-34,91513486",SPRF-PE,DEL01-PE,UOP02-DEL01-PE
340530.0,2021-02-13,sábado,19:00:00,PE,101,43,IGARASSU,Condutor usando celular,Colisão com objeto,Sem Vítimas,Plena Noite,Crescente,Nublado,Dupla,Reta,Sim,1,0,0,0,1,0,0,1,"-7,84753808","-34,90977038",SPRF-PE,DEL01-PE,UOP02-DEL01-PE
340553.0,2021-02-13,sábado,19:30:00,PE,428,184,PETROLINA,Ingestão de álcool pelo condutor,Colisão traseira,Sem Vítimas,Plena Noite,Decrescente,Céu Claro,Simples,Interseção de Vias,Sim,2,0,0,0,2,0,0,2,"-9,34650534","-40,47370791",SPRF-PE,DEL06-PE,UOP01-DEL06-PE
340630.0,2021-02-14,domingo,06:45:00,PE,104,67,CARUARU,Velocidade Incompatível,Colisão com objeto,Com Vítimas Feridas,Pleno dia,Decrescente,Chuva,Simples,Curva,Não,1,0,1,0,0,0,1,1,"-8,3016","-35,9882",SPRF-PE,DEL02-PE,UOP01-DEL02-PE
340655.0,2021-02-14,domingo,11:20:00,PE,101,"86,8",CABO DE SANTO AGOSTINHO,Condutor deixou de manter distância do veículo da frente,Colisão traseira,Com Vítimas Feridas,Pleno dia,Crescente,Sol,Dupla,Reta,Não,2,0,1,0,1,0,1,2,"-8,18470013","-34,96816895",SPRF-PE,DEL01-PE,UOP03-DEL01-PE
340681.0,2021-02-14,domingo,14:00:00,PE,408,"65,4",CARPINA,Acessar a via sem observar a presença dos outros veículos,Colisão transversal,Com Vítimas Feridas,Pleno dia,Crescente,Céu Claro,Dupla,Reta,Não,2,0,0,1,1,0,1,2,"-7,85059029","-35,23198016",SPRF-PE,DEL01-PE,UOP01-DEL01-PE
340726.0,2021-02-14,domingo,18:00:00,PE,232,80,GRAVATA,Ausência de reação do condutor,Colisão traseira,Com Vítimas Feridas,Plena Noite,Crescente,Céu Claro,Dupla,Reta,Sim,3,0,2,0,0,1,2,2,"-8,19579864","-35,56962305",SPRF-PE,DEL02-PE,UOP02-DEL02PE
340748.0,2021-02-14,domingo,18:50:00,PE,101,"87,1",JABOATAO DOS GUARARAPES,Desrespeitar a preferência no cruzamento,Colisão transversal,Com Vítimas Feridas,Plena Noite,Crescente,Céu Claro,Simples,Reta,Sim,2,0,1,0,1,0,1,2,"-8,19120206","-34,97449985",SPRF-PE,DEL01-PE,UOP03-DEL01-PE
340752.0,2021-02-14,domingo,18:50:00,PE,101,"8,2",GOIANA,Ingestão de álcool pelo condutor,Colisão traseira,Sem Vítimas,Plena Noite,Decrescente,Céu Claro,Dupla,Reta,Não,2,0,0,0,1,1,0,2,"-7,56898134","-34,98959891",SPRF-PE,DEL01-PE,UOP02-DEL01-PE
340805.0,2021-02-14,domingo,23:45:00,PE,101,"70,9",RECIFE,Reação tardia ou ineficiente do condutor,Tombamento,Com Vítimas Feridas,Plena Noite,Crescente,Nublado,Dupla,Reta,Sim,1,0,1,0,0,0,1,1,"-8,06929999","-34,94261742",SPRF-PE,DEL01-PE,UOP01-DEL01-PE
340849.0,2021-01-13,quarta-feira,11:15:00,PE,232,"92,1",SAIRE,Demais falhas mecânicas ou elétricas,Colisão com objeto,Com Vítimas Feridas,Pleno dia,Crescente,Céu Claro,Simples,Reta,Não,2,0,0,1,1,0,1,1,"-8,21940548","-35,67360295",SPRF-PE,DEL02-PE,UOP02-DEL02PE
340853.0,2021-02-15,segunda-feira,07:40:00,PE,101,"96,7",CABO DE SANTO AGOSTINHO,Velocidade Incompatível,Colisão traseira,Com Vítimas Feridas,Pleno dia,Crescente,Nublado,Dupla,Reta,Não,2,0,1,0,1,0,1,2,"-8,25146993","-35,021805",SPRF-PE,DEL01-PE,UOP03-DEL01-PE
340867.0,2021-02-15,segunda-feira,09:15:00,PE,101,83,CABO DE SANTO AGOSTINHO,Transitar no acostamento,Colisão transversal,Com Vítimas Feridas,Pleno dia,Decrescente,Céu Claro,Simples,Reta,Sim,2,0,1,0,1,0,1,2,"-8,175172","-34,942642",SPRF-PE,DEL01-PE,UOP03-DEL01-PE
340932.0,2021-02-15,segunda-feira,16:50:00,PE,101,"44,1",IGARASSU,Desrespeitar a preferência no cruzamento,Colisão transversal,Sem Vítimas,Pleno dia,Crescente,Nublado,Múltipla,Retorno Regulamentado,Sim,2,0,0,0,1,1,0,2,"-7,85637001","-34,90842109",SPRF-PE,DEL01-PE,UOP02-DEL01-PE
341016.0,2021-02-14,domingo,15:20:00,PE,101,"89,5",CABO DE SANTO AGOSTINHO,Ingestão de álcool pelo condutor,Colisão traseira,Com Vítimas Feridas,Pleno dia,Decrescente,Céu Claro,Simples,Reta,Sim,4,0,0,1,1,2,1,3,"-8,228311","-34,97133",SPRF-PE,DEL01-PE,UOP03-DEL01-PE
341057.0,2021-02-16,terça-feira,12:50:00,PE,101,"95,3",CABO DE SANTO AGOSTINHO,Velocidade Incompatível,Saída de leito carroçável,Com Vítimas Feridas,Pleno dia,Decrescente,Céu Claro,Dupla,Reta,Não,2,0,2,0,0,0,2,1,"-8,25099","-35,01426",SPRF-PE,DEL01-PE,UOP03-DEL01-PE
341086.0,2021-02-16,terça-feira,14:30:00,PE,232,"78,2",GRAVATA,Acessar a via sem observar a presença dos outros veículos,Colisão frontal,Com Vítimas Feridas,Pleno dia,Decrescente,Céu Claro,Múltipla,Reta,Sim,2,0,1,0,1,0,1,2,"-8,194052","-35,553985",SPRF-PE,DEL02-PE,UOP02-DEL02PE
341097.0,2021-02-16,terça-feira,16:00:00,PE,232,"99,5",BEZERROS,Manobra de mudança de faixa,Saída de leito carroçável,Com Vítimas Feridas,Pleno dia,Decrescente,Nublado,Simples,Reta,Sim,1,0,1,0,0,0,1,1,"-8,237717","-35,73892",SPRF-PE,DEL02-PE,UOP02-DEL02PE