id,data_inversa,dia_semana,horario,uf,br,km,municipio,causa_acidente,tipo_acidente,classificacao_acidente,fase_dia,sentido_via,condicao_metereologica,tipo_pista,tracado_via,uso_solo,pessoas,mortos,feridos_leves,feridos_graves,ilesos,ignorados,feridos,veiculos,latitude,longitude,regional,delegacia,uop
341102.0,2021-02-16,terça-feira,17:50:00,PE,101,"43,8",IGARASSU,Condutor deixou de manter distância do veículo da frente,Colisão traseira,Com Vítimas Feridas,Anoitecer,Crescente,Vento,Múltipla,Reta,Sim,3,0,1,0,2,0,1,2,"-7,84753808","-34,90977038",SPRF-PE,DEL01-PE,UOP02-DEL01-PE
341156.0,2021-02-16,terça-feira,18:45:00,PE,316,"331,5",FLORESTA,Animais na Pista,Atropelamento de Animal,Com Vítimas Feridas,Plena Noite,Crescente,Céu Claro,Simples,Reta,Não,1,0,1,0,0,0,1,1,"-8,75082452","-38,40150973",SPRF-PE,DEL04-PE,UOP03-DEL04-PE
341176.0,2021-02-17,quarta-feira,03:45:00,PE,101,"77,8",JABOATAO DOS GUARARAPES,Animais na Pista,Atropelamento de Animal,Com Vítimas Feridas,Plena Noite,Decrescente,Chuva,Dupla,Curva,Sim,1,0,1,0,0,0,1,1,"-8,133356","-34,946758",SPRF-PE,DEL01-PE,UOP01-DEL01-PE
341204.0,2021-02-17,quarta-feira,07:30:00,PE,232,"411,9",SERRA TALHADA,Desrespeitar a preferência no cruzamento,Colisão transversal,Com Vítimas Feridas,Pleno dia,Decrescente,Nublado,Simples,Reta,Sim,2,0,1,0,1,0,1,2,"-7,98147336","-38,31653595",SPRF-PE,DEL04-PE,UOP01-DEL04-PE
341280.0,2021-02-17,quarta-feira,16:15:00,PE,116,25,SALGUEIRO,Velocidade Incompatível,Saída de leito carroçável,Com Vítimas Feridas,Pleno dia,Crescente,Nublado,Simples,Reta,Sim,1,0,0,1,0,0,1,1,"-8,061417","-39,135975",SPRF-PE,DEL05-PE,UOP01-DEL05-PE
341293.0,2021-02-17,quarta-feira,19:15:00,PE,408,101,SAO LOURENCO DA MATA,Objeto estático sobre o leito carroçável,Colisão traseira,Com Vítimas Feridas,Plena Noite,Crescente,Céu Claro,Dupla,Declive,Não,2,0,0,1,1,0,1,2,"-8,04710272","-35,00887967",SPRF-PE,DEL01-PE,UOP01-DEL01-PE
341382.0,2021-02-18,quinta-feira,08:40:00,PE,424,"120,5",GARANHUNS,Condutor deixou de manter distância do veículo da frente,Colisão traseira,Sem Vítimas,Pleno dia,Crescente,Céu Claro,Simples,Curva,Sim,2,0,0,0,2,0,0,2,"-9,04217918","-36,39999709",SPRF-PE,DEL03-PE,UOP01-DEL03-PE
341525.0,2021-02-18,quinta-feira,23:30:00,PE,232,112,BEZERROS,Curva acentuada,Saída de leito carroçável,Com Vítimas Feridas,Plena Noite,Crescente,Céu Claro,Dupla,Retorno Regulamentado,Não,1,0,1,0,0,0,1,1,"-8,29729696","-35,83146101",SPRF-PE,DEL02-PE,UOP03-DEL02-PE
341580.0,2021-02-19,sexta-feira,08:12:00,PE,101,"53,3",PAULISTA,Condutor Dormindo,Saída de leito carroçável,Com Vítimas Feridas,Pleno dia,Decrescente,Céu Claro,Múltipla,Curva,Sim,1,0,0,1,0,0,1,1,"-7,93124094","-34,90068606",SPRF-PE,DEL01-PE,UOP02-DEL01-PE
341599.0,2021-01-14,quinta-feira,20:00:00,PE,407,"107,1",PETROLINA,Ingestão de álcool pelo condutor,Queda de ocupante de veículo,Com Vítimas Fatais,Plena Noite,Crescente,Céu Claro,Simples,Reta,Não,1,1,0,0,0,0,0,1,"-9,23653808","-40,61900614",SPRF-PE,DEL06-PE,UOP02-DEL06-PE
341608.0,2021-02-19,sexta-feira,10:30:00,PE,232,544,TERRA NOVA,Acessar a via sem observar a presença dos outros veículos,Colisão traseira,Com Vítimas Feridas,Pleno dia,Decrescente,Céu Claro,Simples,Reta,Não,2,0,0,1,1,0,1,2,"-8,0868952","-39,43951012",SPRF-PE,DEL05-PE,UOP01-DEL05-PE
341640.0,2021-02-19,sexta-feira,14:00:00,PE,101,"3,9",GOIANA,Velocidade Incompatível,Saída de leito carroçável,Com Vítimas Feridas,Pleno dia,Decrescente,Céu Claro,Dupla,Curva,Não,1,0,1,0,0,0,1,1,"-7,52387351","-34,99333161",SPRF-PE,DEL01-PE,UOP02-DEL01-PE
341652.0,2021-02-19,sexta-feira,15:30:00,PE,232,180,BELO JARDIM,Desrespeitar a preferência no cruzamento,Colisão transversal,Com Vítimas Feridas,Pleno dia,Crescente,Céu Claro,Simples,Reta,Sim,3,0,2,0,1,0,2,2,"-8,34449745","-36,4288801",SPRF-PE,DEL02-PE,UOP03-DEL02-PE
341662.0,2021-02-19,sexta-feira,15:50:00,PE,232,"57,1",POMBOS,Acessar a via sem observar a presença dos outros veículos,Colisão transversal,Com Vítimas Feridas,Pleno dia,Crescente,Céu Claro,Dupla,Reta;Retorno Regulamentado    ,Sim,2,0,0,2,0,0,2,2,"-8,1412132","-35,38181492",SPRF-PE,DEL02-PE,UOP02-DEL02PE
341683.0,2021-02-19,sexta-feira,13:00:00,PE,,,SERTANIA,Animais na Pista,Colisão traseira,Sem Vítimas,Pleno dia,Não Informado,Céu Claro,Simples,Interseção de Vias,Não,2,0,0,0,2,0,0,2,"-8,08939746","-37,26541042",SPRF-PE,DEL03-PE,UOP01-DEL03-PE
341786.0,2021-02-19,sexta-feira,11:00:00,PE,428,"187,9",PETROLINA,Ingestão de álcool pelo condutor,Colisão com objeto,Sem Vítimas,Pleno dia,Crescente,Garoa/Chuvisco,Dupla,Em Obras,Sim,1,0,0,0,1,0,0,1,"-9,35604301","-40,47854198",SPRF-PE,DEL06-PE,UOP01-DEL06-PE
341925.0,2021-02-20,sábado,19:40:00,PE,101,13,GOIANA,Ingestão de álcool pelo condutor,Colisão com objeto,Sem Vítimas,Plena Noite,Decrescente,Céu Claro,Múltipla,Reta,Não,1,0,0,0,0,1,0,1,"-7,61043695","-34,97530291",SPRF-PE,DEL01-PE,UOP02-DEL01-PE
341970.0,2021-02-20,sábado,23:15:00,PE,104,"86,5",AGRESTINA,Entrada inopinada do pedestre,Atropelamento de Pedestre,Com Vítimas Fatais,Plena Noite,Crescente,Céu Claro,Simples,Reta,Sim,2,1,0,0,0,1,0,2,"-8,446782","-35,951046",SPRF-PE,DEL02-PE,UOP01-DEL02-PE
341972.0,2021-02-21,domingo,00:05:00,PE,232,"120,8",CARUARU,Demais falhas mecânicas ou elétricas,Incêndio,Sem Vítimas,Plena Noite,Crescente,Céu Claro,Dupla,Reta,Não,1,0,0,0,1,0,0,1,"-8,29826697","-35,90192301",SPRF-PE,DEL02-PE,UOP03-DEL02-PE
341995.0,2021-02-21,domingo,03:05:00,PE,232,"204,6",PESQUEIRA,Ingestão de álcool pelo condutor,Saída de leito carroçável,Com Vítimas Fatais,Plena Noite,Crescente,Céu Claro,Simples,Reta,Não,8,2,1,4,0,1,5,1,"-8,37237557","-36,64377902",SPRF-PE,DEL02-PE,UOP03-DEL02-PE
342039.0,2021-02-21,domingo,03:00:00,PE,316,10,ARARIPINA,Velocidade Incompatível,Saída de leito carroçável,Com Vítimas Fatais,Plena Noite,Decrescente,Céu Claro,Simples,Curva;Aclive                  ,Não,2,1,0,1,0,0,1,1,"-7,49021077","-40,59008002",SPRF-PE,DEL05-PE,UOP02-DEL05-PE
342081.0,2021-02-21,domingo,10:00:00,PE,316,20,ARARIPINA,Conversão proibida,Colisão transversal,Com Vítimas Feridas,Pleno dia,Crescente,Céu Claro,Simples,Reta,Não,4,0,4,0,0,0,4,2,"-7,55997805","-40,53416406",SPRF-PE,DEL05-PE,UOP02-DEL05-PE
342085.0,2021-02-21,domingo,15:40:00,PE,101,"74,1",RECIFE,Reação tardia ou ineficiente do condutor,Colisão traseira,Com Vítimas Feridas,Pleno dia,Decrescente,Sol,Dupla,Reta,Sim,2,0,1,0,1,0,1,2,"-8,104577","-34,948583",SPRF-PE,DEL01-PE,UOP01-DEL01-PE
342093.0,2021-02-02,terça-feira,13:40:00,PE,,,GARANHUNS,Afundamento ou ondulação no pavimento,Eventos atípicos,Sem Vítimas,Pleno dia,Não Informado,Céu Claro,Simples,Curva,Não,3,0,0,0,3,0,0,1,"-8,8619549","-36,46381174",SPRF-PE,DEL03-PE,UOP01-DEL03-PE
342109.0,2021-02-21,domingo,17:00:00,PE,408,"28,5",ALIANCA,Velocidade Incompatível,Saída de leito carroçável,Com Vítimas Fatais,Pleno dia,Crescente,Céu Claro,Simples,Curva,Não,1,1,0,0,0,0,0,1,"-7,5940327","-35,24470263",SPRF-PE,DEL01-PE,UOP01-DEL01-PE
342115.0,2021-02-02,terça-feira,13:40:00,PE,,,GARANHUNS,Afundamento ou ondulação no pavimento,Eventos atípicos,Sem Vítimas,Pleno dia,Não Informado,Céu Claro,Simples,Curva,Não,2,0,0,0,2,0,0,1,"-8,86035142","-36,46102667",SPRF-PE,DEL03-PE,UOP01-DEL03-PE
342127.0,2021-02-21,domingo,19:30:00,PE,101,45,IGARASSU,Pedestre andava na pista,Atropelamento de Pedestre,Com Vítimas Feridas,Plena Noite,Decrescente,Céu Claro,Dupla,Reta,Sim,4,0,1,0,1,2,1,2,"-7,86521297","-34,90715176",SPRF-PE,DEL01-PE,UOP02-DEL01-PE
342128.0,2021-02-21,domingo,18:40:00,PE,101,41,IGARASSU,Ausência de reação do condutor,Saída de leito carroçável,Sem Vítimas,Plena Noite,Decrescente,Vento,Dupla,Viaduto,Não,1,0,0,0,0,1,0,1,"-7,83038346","-34,91426785",SPRF-PE,DEL01-PE,UOP02-DEL01-PE
342202.0,2021-02-22,segunda-feira,04:25:00,PE,232,"120,9",CARUARU,Entrada inopinada do pedestre,Atropelamento de Pedestre,Com Vítimas Fatais,Plena Noite,Decrescente,Céu Claro,Dupla,Declive;Reta                  ,Não,4,1,0,0,3,0,0,2,"-8,301246","-35,914714",SPRF-PE,DEL02-PE,UOP03-DEL02-PE
342225.0,2021-02-22,segunda-feira,06:20:00,PE,101,156,RIBEIRAO,Reação tardia ou ineficiente do condutor,Colisão lateral,Sem Vítimas,Pleno dia,Decrescente,Céu Claro,Dupla,Reta,Não,2,0,0,0,1,1,0,2,"-8,54597711","-35,39140871",SPRF-PE,DEL01-PE,UOP03-DEL01-PE
342240.0,2021-02-22,segunda-feira,09:20:00,PE,101,"61,4",RECIFE,Ausência de reação do condutor,Colisão lateral,Com Vítimas Feridas,Pleno dia,Crescente,Céu Claro,Dupla,Reta,Sim,2,0,1,0,1,0,1,2,"-7,99097103","-34,93598295",SPRF-PE,DEL01-PE,UOP02-DEL01-PE
342307.0,2021-01-26,terça-feira,13:20:00,PE,101,"94,5",CABO DE SANTO AGOSTINHO,Velocidade Incompatível,Colisão traseira,Com Vítimas Feridas,Pleno dia,Decrescente,Céu Claro,Dupla,Reta,Não,3,0,2,0,0,1,2,2,"-8,2461487","-34,99420166",SPRF-PE,DEL01-PE,UOP03-DEL01-PE
342332.0,2021-02-22,segunda-feira,18:00:00,PE,407,"124,2",PETROLINA,Desrespeitar a preferência no cruzamento,Colisão transversal,Com Vítimas Feridas,Anoitecer,Crescente,Céu Claro,Dupla,Rotatória,Sim,2,0,0,2,0,0,2,2,"-9,37586","-40,53788",SPRF-PE,DEL06-PE,UOP01-DEL06-PE
342337.0,2021-02-22,segunda-feira,18:00:00,PE,232,76,GRAVATA,Pedestre cruzava a pista fora da faixa,Atropelamento de Pedestre,Com Vítimas Feridas,Plena Noite,Decrescente,Céu Claro,Dupla,Reta,Sim,2,0,0,1,0,1,1,2,"-8,19541469","-35,53424693",SPRF-PE,DEL02-PE,UOP02-DEL02PE
342352.0,2021-02-22,segunda-feira,19:40:00,PE,232,"42,9",VITORIA DE SANTO ANTAO,Ausência de reação do condutor,Colisão traseira,Sem Vítimas,Plena Noite,Decrescente,Céu Claro,Simples,Reta,Não,2,0,0,0,2,0,0,2,"-8,11528219","-35,25204496",SPRF-PE,DEL02-PE,UOP02-DEL02PE
342451.0,2021-02-23,terça-feira,12:20:00,PE,316,311,FLORESTA,Ausência de reação do condutor,Queda de ocupante de veículo,Com Vítimas Feridas,Pleno dia,Crescente,Céu Claro,Simples,Reta,Não,1,0,0,1,0,0,1,1,"-8,66345703","-38,54702708",SPRF-PE,DEL04-PE,UOP03-DEL04-PE
342462.0,2021-02-23,terça-feira,14:20:00,PE,428,189,PETROLINA,Manobra de mudança de faixa,Colisão lateral mesmo sentido,Com Vítimas Feridas,Pleno dia,Crescente,Sol,Simples,Reta,Sim,2,0,0,1,0,1,1,2,"-9,3762742","-40,49604744",SPRF-PE,DEL06-PE,UOP01-DEL06-PE
342478.0,2021-01-16,sábado,07:20:00,PE,101,92,CABO DE SANTO AGOSTINHO,Acessar a via sem observar a presença dos outros veículos,Colisão traseira,Com Vítimas Feridas,Pleno dia,Crescente,Sol,Dupla,Reta,Sim,2,0,1,0,1,0,1,2,"-8,23201792","-34,99778611",SPRF-PE,DEL01-PE,UOP03-DEL01-PE
342506.0,2021-02-10,quarta-feira,14:20:00,PE,101,"84,2",JABOATAO DOS GUARARAPES,Transitar no acostamento,Colisão transversal,Sem Vítimas,Pleno dia,Decrescente,Sol,Simples,Reta,Sim,3,0,0,0,2,1,0,2,"-8,17778559","-34,95087297",SPRF-PE,DEL01-PE,UOP03-DEL01-PE
342516.0,2021-02-07,domingo,12:00:00,PE,101,"49,8",ABREU E LIMA,Acessar a via sem observar a presença dos outros veículos,Colisão transversal,Com Vítimas Feridas,Pleno dia,Crescente,Céu Claro,Múltipla,Reta,Sim,4,0,2,1,0,1,3,3,"-7,9005152","-34,90180641",SPRF-PE,DEL01-PE,UOP02-DEL01-PE
342562.0,2021-02-24,quarta-feira,06:00:00,PE,101,70,RECIFE,Reação tardia ou ineficiente do condutor,Colisão frontal,Com Vítimas Feridas,Pleno dia,Decrescente,Céu Claro,Dupla,Viaduto,Sim,2,0,1,0,1,0,1,2,"-8,075218","-34,942747",SPRF-PE,DEL01-PE,UOP01-DEL01-PE
342572.0,2021-02-24,quarta-feira,06:20:00,PE,101,"68,4",RECIFE,Condutor deixou de manter distância do veículo da frente,Colisão traseira,Com Vítimas Feridas,Pleno dia,Decrescente,Céu Claro,Dupla,Reta,Sim,3,0,1,0,1,1,1,2,"-8,05074296","-34,94580619",SPRF-PE,DEL01-PE,UOP01-DEL01-PE
342579.0,2021-01-31,domingo,18:50:00,PE,408,105,JABOATAO DOS GUARARAPES,Condutor deixou de manter distância do veículo da frente,Colisão traseira,Com Vítimas Feridas,Plena Noite,Decrescente,Céu Claro,Simples,Interseção de Vias,Sim,3,0,1,1,1,0,2,2,"-8,0730937","-34,99190714",SPRF-PE,DEL01-PE,UOP01-DEL01-PE
342584.0,2021-02-24,quarta-feira,08:05:00,PE,232,6,RECIFE,Condutor deixou de manter distância do veículo da frente,Colisão traseira,Com Vítimas Feridas,Pleno dia,Decrescente,Céu Claro,Dupla,Reta,Sim,2,0,1,0,1,0,1,2,"-8,07079525","-34,9535389",SPRF-PE,DEL01-PE,UOP01-DEL01-PE
342632.0,2021-02-08,segunda-feira,14:30:00,PE,232,7,RECIFE,Condutor deixou de manter distância do veículo da frente,Colisão traseira,Com Vítimas Feridas,Pleno dia,Decrescente,Céu Claro,Dupla,Reta,Sim,2,0,1,0,1,0,1,2,"-8,07333497","-34,96184301",SPRF-PE,DEL01-PE,UOP01-DEL01-PE
342713.0,2021-02-24,quarta-feira,20:40:00,PE,101,"43,3",IGARASSU,Reação tardia ou ineficiente do condutor,Colisão transversal,Sem Vítimas,Plena Noite,Crescente,Céu Claro,Múltipla,Reta,Sim,2,0,0,0,2,0,0,2,"-7,84753808","-34,90977038",SPRF-PE,DEL01-PE,UOP02-DEL01-PE
342732.0,2021-02-24,quarta-feira,23:15:00,PE,428,"141,8",PETROLINA,Ingestão de álcool ou de substâncias psicoativas pelo pedestre,Colisão lateral sentido oposto,Com Vítimas Fatais,Plena Noite,Crescente,Nublado,Simples,Reta,Sim,2,1,0,1,0,0,1,1,"-8,99987394","-40,2721263",SPRF-PE,DEL06-PE,UOP01-DEL06-PE
342747.0,2021-02-25,quinta-feira,06:15:00,PE,101,"83,5",JABOATAO DOS GUARARAPES,Transitar no acostamento,Colisão transversal,Com Vítimas Feridas,Pleno dia,Crescente,Nublado,Simples,Reta,Sim,2,0,0,1,1,0,1,2,"-8,175172","-34,942642",SPRF-PE,DEL01-PE,UOP03-DEL01-PE
342789.0,2021-02-25,quinta-feira,09:45:00,PE,232,"183,9",BELO JARDIM,Manobra de mudança de faixa,Colisão lateral sentido oposto,Com Vítimas Feridas,Pleno dia,Crescente,Céu Claro,Simples,Reta,Não,5,0,3,0,2,0,3,2,"-8,34981605","-36,45554399",SPRF-PE,DEL02-PE,UOP03-DEL02-PE
342797.0,2021-02-25,quinta-feira,11:20:00,PE,101,37,IGARASSU,Acessar a via sem observar a presença dos outros veículos,Colisão lateral,Com Vítimas Feridas,Pleno dia,Crescente,Céu Claro,Dupla,Retorno Regulamentado,Sim,3,0,1,0,2,0,1,2,"-7,76848462","-34,9344635",SPRF-PE,DEL01-PE,UOP02-DEL01-PE
342824.0,2021-02-13,sábado,21:30:00,PE,423,"72,9",JUPI,Transitar na contramão,Colisão frontal,Com Vítimas Fatais,Plena Noite,Crescente,Nublado,Simples,Reta,Sim,3,1,1,0,0,1,1,2,"-8,70118191","-36,4154612",SPRF-PE,DEL03-PE,UOP01-DEL03-PE
342940.0,2021-02-26,sexta-feira,02:10:00,PE,101,69,RECIFE,Velocidade Incompatível,Saída de leito carroçável,Com Vítimas Feridas,Plena Noite,Crescente,Garoa/Chuvisco,Dupla,Reta,Sim,1,0,1,0,0,0,1,1,"-8,06244343","-34,94498916",SPRF-PE,DEL01-PE,UOP01-DEL01-PE
342960.0,2021-02-26,sexta-feira,05:45:00,PE,101,"101,1",CABO DE SANTO AGOSTINHO,Chuva,Colisão frontal,Com Vítimas Feridas,Pleno dia,Crescente,Chuva,Simples,Reta,Sim,2,0,1,1,0,0,2,2,"-8,291846","-35,047821",SPRF-PE,DEL01-PE,UOP03-DEL01-PE
342999.0,2021-02-02,terça-feira,17:15:00,PE,407,"127,5",PETROLINA,Transitar no acostamento,Colisão transversal,Com Vítimas Feridas,Pleno dia,Decrescente,Céu Claro,Simples,Reta,Sim,2,0,0,1,1,0,1,2,"-9,3908678","-40,52038627",SPRF-PE,DEL06-PE,UOP01-DEL06-PE
343023.0,2021-02-07,domingo,06:30:00,PE,116,5,SALGUEIRO,Transitar na contramão,Colisão frontal,Com Vítimas Feridas,Pleno dia,Crescente,Céu Claro,Simples,Reta,Não,2,0,0,1,1,0,1,2,"-7,879868","-39,104885",SPRF-PE,DEL05-PE,UOP01-DEL05-PE
343074.0,2021-02-26,sexta-feira,17:15:00,PE,407,118,PETROLINA,Acessar a via sem observar a presença dos outros veículos,Colisão transversal,Sem Vítimas,Pleno dia,Decrescente,Sol,Simples,Retorno Regulamentado,Sim,4,0,0,0,2,2,0,2,"-9,32245397","-40,56878794",SPRF-PE,DEL06-PE,UOP02-DEL06-PE
343075.0,2021-02-26,sexta-feira,17:15:00,PE,101,"85,8",JABOATAO DOS GUARARAPES,Transitar na contramão,Colisão lateral sentido oposto,Com Vítimas Feridas,Pleno dia,Crescente,Céu Claro,Simples,Reta,Sim,2,0,0,1,0,1,1,2,"-8,18065563","-34,95965322",SPRF-PE,DEL01-PE,UOP03-DEL01-PE
343132.0,2021-02-26,sexta-feira,21:20:00,PE,232,"129,9",CARUARU,Reação tardia ou ineficiente do condutor,Eventos atípicos,Sem Vítimas,Plena Noite,Crescente,Céu Claro,Dupla,Reta,Sim,1,0,0,0,0,1,0,1,"-8,30193507","-35,98092002",SPRF-PE,DEL02-PE,UOP03-DEL02-PE
343221.0,2021-02-27,sábado,10:10:00,PE,101,"67,2",RECIFE,Condutor Dormindo,Colisão traseira,Com Vítimas Feridas,Pleno dia,Crescente,Nublado,Dupla,Reta,Sim,4,0,1,0,3,0,1,3,"-8,042334","-34,943096",SPRF-PE,DEL01-PE,UOP01-DEL01-PE
343306.0,2021-02-27,sábado,18:05:00,PE,428,"190,3",PETROLINA,Condutor deixou de manter distância do veículo da frente,Colisão traseira,Sem Vítimas,Plena Noite,Decrescente,Céu Claro,Múltipla,Reta,Sim,3,0,0,0,3,0,0,2,"-9,37605965","-40,49382106",SPRF-PE,DEL06-PE,UOP01-DEL06-PE
343322.0,2021-02-27,sábado,18:30:00,PE,101,"46,5",ABREU E LIMA,Manobra de mudança de faixa,Colisão transversal,Com Vítimas Feridas,Plena Noite,Crescente,Nublado,Múltipla,Reta,Sim,3,0,1,0,1,1,1,3,"-7,87406004","-34,90588126",SPRF-PE,DEL01-PE,UOP02-DEL01-PE
343334.0,2021-02-27,sábado,11:20:00,PE,101,"85,5",CABO DE SANTO AGOSTINHO,Acumulo de água sobre o pavimento,Colisão traseira,Com Vítimas Feridas,Pleno dia,Crescente,Chuva,Múltipla,Reta,Sim,2,0,1,0,1,0,1,2,"-8,18065563","-34,95965322",SPRF-PE,DEL01-PE,UOP03-DEL01-PE
343368.0,2021-02-27,sábado,23:23:00,PE,232,252,ARCOVERDE,Retorno proibido,Colisão transversal,Com Vítimas Feridas,Plena Noite,Crescente,Céu Claro,Simples,Curva,Sim,3,0,0,2,0,1,2,2,"-8,43086","-37,06536",SPRF-PE,DEL03-PE,UOP02-DEL03-PE
343375.0,2021-02-27,sábado,22:30:00,PE,232,410,SERRA TALHADA,Manobra de mudança de faixa,Colisão lateral sentido oposto,Sem Vítimas,Anoitecer,Crescente,Nublado,Simples,Reta,Sim,2,0,0,0,2,0,0,2,"-7,98261841","-38,30039606",SPRF-PE,DEL04-PE,UOP01-DEL04-PE
343388.0,2021-02-28,domingo,02:40:00,PE,423,73,JUPI,Ingestão de álcool pelo condutor,Colisão frontal,Com Vítimas Feridas,Plena Noite,Decrescente,Céu Claro,Simples,Declive,Sim,4,0,1,2,0,1,3,2,"-8,709851","-36,41926432",SPRF-PE,DEL03-PE,UOP01-DEL03-PE
343400.0,2021-02-28,domingo,05:50:00,PE,101,49,ABREU E LIMA,Manobra de mudança de faixa,Colisão com objeto,Sem Vítimas,Pleno dia,Crescente,Chuva,Múltipla,Curva,Sim,1,0,0,0,1,0,0,1,"-7,9005152","-34,90180641",SPRF-PE,DEL01-PE,UOP02-DEL01-PE
343445.0,2021-02-28,domingo,11:40:00,PE,232,147,SAO CAITANO,Velocidade Incompatível,Queda de ocupante de veículo,Com Vítimas Feridas,Pleno dia,Decrescente,Sol,Dupla,Reta,Sim,1,0,1,0,0,0,1,1,"-8,33331","-36,13883",SPRF-PE,DEL02-PE,UOP03-DEL02-PE
343454.0,2021-02-28,domingo,13:10:00,PE,232,116,CARUARU,Animais na Pista,Saída de leito carroçável,Com Vítimas Feridas,Pleno dia,Crescente,Sol,Dupla,Reta,Não,1,0,1,0,0,0,1,1,"-8,2970005","-35,86666391",SPRF-PE,DEL02-PE,UOP03-DEL02-PE
343462.0,2021-02-28,domingo,14:20:00,PE,232,"125,6",CARUARU,Acessar a via sem observar a presença dos outros veículos,Colisão transversal,Com Vítimas Fatais,Pleno dia,Crescente,Céu Claro,Dupla,Reta,Sim,2,1,0,0,1,0,0,2,"-8,30807114","-35,94580097",SPRF-PE,DEL02-PE,UOP03-DEL02-PE
343469.0,2021-02-03,quarta-feira,08:50:00,PE,408,55,NAZARE DA MATA,Acessar a via sem observar a presença dos outros veículos,Colisão transversal,Com Vítimas Feridas,Pleno dia,Crescente,Céu Claro,Simples,Interseção de Vias,Não,7,0,3,1,3,0,4,2,"-7,7790936","-35,23879766",SPRF-PE,DEL01-PE,UOP01-DEL01-PE
343498.0,2021-02-28,domingo,17:00:00,PE,428,"183,7",PETROLINA,Conversão proibida,Colisão lateral mesmo sentido,Com Vítimas Feridas,Pleno dia,Decrescente,Sol,Simples,Reta,Sim,3,0,2,0,1,0,2,2,"-9,34147945","-40,47098381",SPRF-PE,DEL06-PE,UOP01-DEL06-PE
343558.0,2021-01-30,sábado,19:35:00,PE,424,"74,1",CAETES,Ausência de reação do condutor,Colisão frontal,Com Vítimas Feridas,Plena Noite,Crescente,Céu Claro,Simples,Reta,Não,3,0,0,3,0,0,3,2,"-8,79968991","-36,59105994",SPRF-PE,DEL03-PE,UOP01-DEL03-PE
343587.0,2021-03-01,segunda-feira,04:00:00,PE,232,145,SAO CAITANO,Velocidade Incompatível,Colisão traseira,Sem Vítimas,Plena Noite,Crescente,Chuva,Dupla,Reta,Sim,2,0,0,0,2,0,0,2,"-8,32924","-36,12242",SPRF-PE,DEL02-PE,UOP03-DEL02-PE
343605.0,2021-02-07,domingo,13:50:00,PE,428,"144,9",PETROLINA,Acessar a via sem observar a presença dos outros veículos,Colisão transversal,Com Vítimas Feridas,Pleno dia,Decrescente,Céu Claro,Simples,Reta,Sim,2,0,1,0,0,1,1,2,"-9,02360471","-40,2839345",SPRF-PE,DEL06-PE,UOP01-DEL06-PE
343652.0,2021-02-04,quinta-feira,08:30:00,PE,316,"287,4",ITACURUBA,Condutor deixou de manter distância do veículo da frente,Colisão lateral,Com Vítimas Feridas,Pleno dia,Crescente,Sol,Simples,Reta,Não,4,0,0,2,0,2,2,3,"-8,65078679","-38,71584407",SPRF-PE,DEL04-PE,UOP03-DEL04-PE
343674.0,2021-03-01,segunda-feira,08:10:00,PE,232,"47,1",VITORIA DE SANTO ANTAO,Acumulo de água sobre o pavimento,Colisão com objeto,Sem Vítimas,Pleno dia,Decrescente,Chuva,Dupla,Reta,Não,1,0,0,0,1,0,0,1,"-8,13769724","-35,29733789",SPRF-PE,DEL02-PE,UOP02-DEL02PE
343689.0,2021-03-01,segunda-feira,15:00:00,PE,232,"59,6",POMBOS,Pedestre cruzava a pista fora da faixa,Atropelamento de Pedestre,Com Vítimas Feridas,Pleno dia,Decrescente,Chuva,Dupla,Reta;Declive                  ,Sim,2,0,0,1,1,0,1,2,"-8,1471233","-35,39890998",SPRF-PE,DEL02-PE,UOP02-DEL02PE
343717.0,2021-03-01,segunda-feira,18:05:00,PE,232,26,MORENO,Acumulo de água sobre o pavimento,Saída de leito carroçável,Sem Vítimas,Plena Noite,Crescente,Chuva,Dupla,Reta,Não,1,0,0,0,1,0,0,1,"-8,11374411","-35,116886",SPRF-PE,DEL02-PE,UOP02-DEL02PE
343799.0,2021-01-30,sábado,10:20:00,PE,101,"54,2",PAULISTA,Pedestre cruzava a pista fora da faixa,Atropelamento de Pedestre,Com Vítimas Fatais,Pleno dia,Decrescente,Céu Claro,Múltipla,Reta,Sim,2,1,0,1,0,0,1,2,"-7,93961103","-34,90356584",SPRF-PE,DEL01-PE,UOP02-DEL01-PE
343900.0,2021-03-02,terça-feira,19:40:00,PE,101,65,RECIFE,Acessar a via sem observar a presença dos outros veículos,Atropelamento de Pedestre,Com Vítimas Feridas,Plena Noite,Decrescente,Nublado,Dupla,Reta,Sim,3,0,0,1,1,1,1,2,"-8,036318","-34,941384",SPRF-PE,DEL01-PE,UOP01-DEL01-PE
343928.0,2021-03-02,terça-feira,22:40:00,PE,428,188,PETROLINA,Acumulo de óleo sobre o pavimento,Queda de ocupante de veículo,Com Vítimas Feridas,Pleno dia,Decrescente,Céu Claro,Dupla,Rotatória,Sim,1,0,1,0,0,0,1,1,"-9,36400596","-40,48266808",SPRF-PE,DEL06-PE,UOP01-DEL06-PE
343935.0,2021-03-02,terça-feira,21:55:00,PE,101,"187,3",PALMARES,Velocidade Incompatível,Colisão com objeto,Sem Vítimas,Plena Noite,Crescente,Chuva,Dupla,Curva,Sim,1,0,0,0,0,1,0,1,"-8,686644","-35,587478",SPRF-PE,DEL01-PE,UOP03-DEL01-PE