id,data_inversa,dia_semana,horario,uf,br,km,municipio,causa_acidente,tipo_acidente,classificacao_acidente,fase_dia,sentido_via,condicao_metereologica,tipo_pista,tracado_via,uso_solo,pessoas,mortos,feridos_leves,feridos_graves,ilesos,ignorados,feridos,veiculos,latitude,longitude,regional,delegacia,uop
343949.0,2021-03-03,quarta-feira,04:40:00,PE,101,"97,2",CABO DE SANTO AGOSTINHO,Animais na Pista,Atropelamento de Animal,Com Vítimas Feridas,Amanhecer,Decrescente,Céu Claro,Dupla,Reta,Não,7,0,2,0,5,0,2,2,"-8,25331064","-35,0296397",SPRF-PE,DEL01-PE,UOP03-DEL01-PE
343961.0,2021-03-03,quarta-feira,06:05:00,PE,101,"56,9",RECIFE,Acessar a via sem observar a presença dos outros veículos,Colisão frontal,Com Vítimas Feridas,Pleno dia,Crescente,Céu Claro,Dupla,Reta,Sim,2,0,1,0,1,0,1,2,"-7,9554509","-34,91140727",SPRF-PE,DEL01-PE,UOP02-DEL01-PE
343983.0,2021-03-03,quarta-feira,09:10:00,PE,407,129,PETROLINA,Manobra de mudança de faixa,Colisão lateral mesmo sentido,Com Vítimas Feridas,Pleno dia,Decrescente,Céu Claro,Dupla,Ponte,Sim,2,0,1,0,1,0,1,2,"-9,39958299","-40,50459298",SPRF-PE,DEL06-PE,UOP01-DEL06-PE
343996.0,2021-03-03,quarta-feira,09:05:00,PE,423,"126,1",PARANATAMA,Acessar a via sem observar a presença dos outros veículos,Colisão transversal,Com Vítimas Feridas,Pleno dia,Decrescente,Céu Claro,Simples,Curva;Aclive                  ,Não,2,0,1,0,1,0,1,2,"-8,9520119","-36,72359735",SPRF-PE,DEL03-PE,UOP01-DEL03-PE
344110.0,2021-03-04,quinta-feira,06:00:00,PE,101,"67,3",RECIFE,Ausência de reação do condutor,Colisão lateral mesmo sentido,Com Vítimas Feridas,Pleno dia,Crescente,Nublado,Múltipla,Reta,Não,2,0,1,0,1,0,1,2,"-8,042334","-34,943096",SPRF-PE,DEL01-PE,UOP01-DEL01-PE
344153.0,2021-02-15,segunda-feira,22:00:00,PE,232,6,RECIFE,Ausência de reação do condutor,Colisão lateral mesmo sentido,Sem Vítimas,Plena Noite,Crescente,Céu Claro,Dupla,Reta,Sim,2,0,0,0,2,0,0,2,"-8,07079525","-34,9535389",SPRF-PE,DEL01-PE,UOP01-DEL01-PE
344205.0,2021-03-04,quinta-feira,13:40:00,PE,407,"124,3",PETROLINA,Desrespeitar a preferência no cruzamento,Colisão transversal,Com Vítimas Feridas,Pleno dia,Decrescente,Céu Claro,Dupla,Rotatória,Sim,2,0,0,1,1,0,1,2,"-9,36929881","-40,54137139",SPRF-PE,DEL06-PE,UOP01-DEL06-PE
344241.0,2021-03-04,quinta-feira,07:40:00,PE,232,390,SERRA TALHADA,Acumulo de areia ou detritos sobre o pavimento,Eventos atípicos,Sem Vítimas,Pleno dia,Crescente,Céu Claro,Simples,Reta,Não,2,0,0,0,2,0,0,1,"-8,03127188","-38,13857399",SPRF-PE,DEL04-PE,UOP01-DEL04-PE
344256.0,2021-03-04,quinta-feira,17:00:00,PE,232,"40,6",VITORIA DE SANTO ANTAO,Manobra de mudança de faixa,Saída de leito carroçável,Com Vítimas Feridas,Pleno dia,Crescente,Céu Claro,Dupla,Reta,Não,1,0,0,1,0,0,1,1,"-8,1162429","-35,23508889",SPRF-PE,DEL02-PE,UOP02-DEL02PE
344261.0,2021-03-04,quinta-feira,18:50:00,PE,232,"409,6",SERRA TALHADA,Animais na Pista,Tombamento,Com Vítimas Feridas,Plena Noite,Crescente,Céu Claro,Simples,Reta;Aclive                   ,Sim,2,0,1,1,0,0,2,1,"-7,98178148","-38,29226732",SPRF-PE,DEL04-PE,UOP01-DEL04-PE
344340.0,2021-03-05,sexta-feira,05:00:00,PE,104,56,CARUARU,Condutor Dormindo,Saída de leito carroçável,Sem Vítimas,Pleno dia,Decrescente,Céu Claro,Dupla,Reta,Não,1,0,0,0,0,1,0,1,"-8,20176335","-35,96747875",SPRF-PE,DEL02-PE,UOP01-DEL02-PE
344343.0,2021-03-05,sexta-feira,07:10:00,PE,101,"68,5",RECIFE,Condutor deixou de manter distância do veículo da frente,Colisão traseira,Com Vítimas Feridas,Pleno dia,Decrescente,Céu Claro,Múltipla,Reta,Sim,2,0,0,1,0,1,1,2,"-8,05074296","-34,94580619",SPRF-PE,DEL01-PE,UOP01-DEL01-PE
344373.0,2021-01-16,sábado,17:25:00,PE,101,87,JABOATAO DOS GUARARAPES,Acessar a via sem observar a presença dos outros veículos,Colisão lateral,Com Vítimas Feridas,Anoitecer,Decrescente,Céu Claro,Simples,Reta,Não,2,0,0,1,1,0,1,2,"-8,19416","-34,9571228",SPRF-PE,DEL01-PE,UOP03-DEL01-PE
344376.0,2021-03-05,sexta-feira,09:40:00,PE,101,88,CABO DE SANTO AGOSTINHO,Avarias e/ou desgaste excessivo no pneu,Queda de ocupante de veículo,Com Vítimas Feridas,Pleno dia,Decrescente,Céu Claro,Dupla,Reta,Sim,2,0,2,0,0,0,2,1,"-8,19971387","-34,9785382",SPRF-PE,DEL01-PE,UOP03-DEL01-PE
344415.0,2021-03-05,sexta-feira,14:15:00,PE,232,"94,9",SAIRE,Condutor Dormindo,Capotamento,Com Vítimas Feridas,Pleno dia,Crescente,Sol,Dupla,Curva,Não,3,0,0,2,1,0,2,1,"-8,22473335","-35,69081624",SPRF-PE,DEL02-PE,UOP02-DEL02PE
344422.0,2021-03-05,sexta-feira,14:55:00,PE,232,"179,7",BELO JARDIM,Ausência de reação do condutor,Colisão traseira,Com Vítimas Feridas,Pleno dia,Decrescente,Céu Claro,Simples,Reta,Sim,2,0,1,0,1,0,1,2,"-8,34353242","-36,4199731",SPRF-PE,DEL02-PE,UOP03-DEL02-PE
344438.0,2021-03-05,sexta-feira,16:00:00,PE,101,44,IGARASSU,Ingestão de álcool pelo condutor,Colisão transversal,Com Vítimas Feridas,Pleno dia,Decrescente,Céu Claro,Múltipla,Declive,Sim,2,0,1,0,1,0,1,2,"-7,85637001","-34,90842109",SPRF-PE,DEL01-PE,UOP02-DEL01-PE
344476.0,2021-03-05,sexta-feira,19:00:00,PE,408,23,TIMBAUBA,Trafegar com motocicleta (ou similar) entre as faixas,Colisão frontal,Com Vítimas Feridas,Plena Noite,Crescente,Nublado,Simples,Declive;Reta                  ,Não,3,0,1,1,1,0,2,2,"-7,534758","-35,288164",SPRF-PE,DEL01-PE,UOP01-DEL01-PE
344491.0,2021-03-05,sexta-feira,20:40:00,PE,424,3,ARCOVERDE,Animais na Pista,Atropelamento de Animal,Com Vítimas Feridas,Plena Noite,Decrescente,Céu Claro,Simples,Curva,Não,1,0,1,0,0,0,1,1,"-8,45381694","-37,0485949",SPRF-PE,DEL03-PE,UOP02-DEL03-PE
344518.0,2021-03-05,sexta-feira,22:50:00,PE,428,"35,4",OROCO,Deficiência do Sistema de Iluminação/Sinalização,Colisão traseira,Com Vítimas Fatais,Plena Noite,Crescente,Céu Claro,Simples,Reta,Não,4,1,2,0,1,0,2,2,"-8,53655813","-39,51949393",SPRF-PE,DEL05-PE,UOP03-DEL05-PE
344526.0,2021-03-06,sábado,00:05:00,PE,101,"149,5",RIBEIRAO,Manobra de mudança de faixa,Colisão frontal,Com Vítimas Feridas,Plena Noite,Crescente,Céu Claro,Simples,Reta,Sim,2,0,0,1,0,1,1,2,"-8,497293","-35,374311",SPRF-PE,DEL01-PE,UOP03-DEL01-PE
344697.0,2021-03-06,sábado,18:40:00,PE,232,30,MORENO,Ausência de reação do condutor,Saída de leito carroçável,Com Vítimas Fatais,Plena Noite,Decrescente,Nublado,Simples,Reta,Não,2,2,0,0,0,0,0,1,"-8,11063325","-35,15197001",SPRF-PE,DEL02-PE,UOP02-DEL02PE
344713.0,2021-03-06,sábado,20:40:00,PE,101,"47,8",ABREU E LIMA,Acesso irregular,Colisão com objeto,Sem Vítimas,Plena Noite,Crescente,Céu Claro,Múltipla,Reta,Sim,1,0,0,0,1,0,0,1,"-7,88290701","-34,90461208",SPRF-PE,DEL01-PE,UOP02-DEL01-PE
344813.0,2021-03-07,domingo,09:00:00,PE,408,50,NAZARE DA MATA,Transitar no acostamento,Colisão frontal,Com Vítimas Feridas,Pleno dia,Decrescente,Céu Claro,Simples,Curva,Não,3,0,3,0,0,0,3,2,"-7,72936151","-35,23879305",SPRF-PE,DEL01-PE,UOP01-DEL01-PE
344845.0,2021-03-07,domingo,13:20:00,PE,232,"408,9",SERRA TALHADA,Acessar a via sem observar a presença dos outros veículos,Colisão transversal,Sem Vítimas,Pleno dia,Decrescente,Sol,Simples,Interseção de Vias,Sim,9,0,0,0,9,0,0,2,"-7,9826846","-38,28640938",SPRF-PE,DEL04-PE,UOP01-DEL04-PE
344907.0,2021-03-07,domingo,19:10:00,PE,101,50,IGARASSU,Condutor deixou de manter distância do veículo da frente,Colisão traseira,Com Vítimas Feridas,Plena Noite,Crescente,Céu Claro,Múltipla,Interseção de Vias,Sim,3,0,1,0,1,1,1,3,"-7,90938602","-34,90123228",SPRF-PE,DEL01-PE,UOP02-DEL01-PE
345006.0,2021-03-08,segunda-feira,08:00:00,PE,101,"89,4",CABO DE SANTO AGOSTINHO,Área urbana sem a presença de local apropriado para a travessia de pedestres,Atropelamento de Pedestre,Com Vítimas Feridas,Pleno dia,Decrescente,Céu Claro,Simples,Reta,Sim,3,0,3,0,0,0,3,2,"-8,20760697","-34,98372005",SPRF-PE,DEL01-PE,UOP03-DEL01-PE
345016.0,2021-03-08,segunda-feira,09:15:00,PE,423,97,GARANHUNS,Condutor deixou de manter distância do veículo da frente,Colisão traseira,Com Vítimas Feridas,Pleno dia,Crescente,Céu Claro,Simples,Reta,Sim,3,0,2,0,1,0,2,2,"-8,8796227","-36,49484286",SPRF-PE,DEL03-PE,UOP01-DEL03-PE
345059.0,2021-03-08,segunda-feira,14:00:00,PE,232,"8,4",RECIFE,Pista esburacada,Colisão com objeto,Com Vítimas Feridas,Pleno dia,Crescente,Céu Claro,Dupla,Reta,Sim,2,0,1,0,1,0,1,1,"-8,07583727","-34,97015791",SPRF-PE,DEL01-PE,UOP01-DEL01-PE
345078.0,2021-03-08,segunda-feira,15:20:00,PE,428,"189,6",PETROLINA,Acessar a via sem observar a presença dos outros veículos,Colisão traseira,Com Vítimas Feridas,Pleno dia,Decrescente,Céu Claro,Dupla,Em Obras;Reta                 ,Sim,2,0,1,0,1,0,1,2,"-9,37197508","-40,48679585",SPRF-PE,DEL06-PE,UOP01-DEL06-PE
345180.0,2021-03-09,terça-feira,07:14:00,PE,232,"8,5",RECIFE,Manobra de mudança de faixa,Colisão lateral mesmo sentido,Com Vítimas Feridas,Pleno dia,Decrescente,Sol,Múltipla,Reta,Sim,3,0,2,0,1,0,2,2,"-8,07583727","-34,97015791",SPRF-PE,DEL01-PE,UOP01-DEL01-PE
345271.0,2021-03-08,segunda-feira,19:00:00,PE,232,109,BEZERROS,Condutor Dormindo,Capotamento,Com Vítimas Feridas,Plena Noite,Crescente,Céu Claro,Dupla,Reta,Não,1,0,1,0,0,0,1,1,"-8,28036785","-35,81085313",SPRF-PE,DEL02-PE,UOP03-DEL02-PE
345337.0,2021-03-09,terça-feira,18:30:00,PE,232,"33,3",MORENO,Transitar no acostamento,Atropelamento de Pedestre,Com Vítimas Feridas,Plena Noite,Crescente,Céu Claro,Dupla,Reta,Não,3,0,0,2,0,1,2,2,"-8,10488416","-35,17235398",SPRF-PE,DEL02-PE,UOP02-DEL02PE
345521.0,2021-03-10,quarta-feira,19:30:00,PE,232,"67,3",GRAVATA,Demais falhas mecânicas ou elétricas,Incêndio,Sem Vítimas,Plena Noite,Crescente,Céu Claro,Dupla,Reta,Não,1,0,0,0,1,0,0,1,"-8,16727986","-35,464311",SPRF-PE,DEL02-PE,UOP02-DEL02PE
345523.0,2021-03-10,quarta-feira,19:55:00,PE,101,80,JABOATAO DOS GUARARAPES,Pedestre cruzava a pista fora da faixa,Atropelamento de Pedestre,Com Vítimas Feridas,Plena Noite,Crescente,Céu Claro,Dupla,Retorno Regulamentado,Não,2,0,2,0,0,0,2,2,"-8,15112589","-34,9428866",SPRF-PE,DEL01-PE,UOP03-DEL01-PE
345541.0,2021-03-10,quarta-feira,22:15:00,PE,428,"183,9",PETROLINA,Reação tardia ou ineficiente do condutor,Colisão transversal,Com Vítimas Feridas,Plena Noite,Crescente,Nublado,Simples,Reta,Sim,2,0,0,1,0,1,1,2,"-9,32412987","-40,46211325",SPRF-PE,DEL06-PE,UOP01-DEL06-PE
345574.0,2021-03-11,quinta-feira,08:30:00,PE,101,3,GOIANA,Reação tardia ou ineficiente do condutor,Saída de leito carroçável,Com Vítimas Feridas,Pleno dia,Crescente,Nublado,Dupla,Reta,Não,2,0,1,0,0,1,1,2,"-7,52387351","-34,99333161",SPRF-PE,DEL01-PE,UOP02-DEL01-PE
345612.0,2021-03-11,quinta-feira,12:50:00,PE,101,83,JABOATAO DOS GUARARAPES,Acessar a via sem observar a presença dos outros veículos,Colisão lateral mesmo sentido,Com Vítimas Feridas,Pleno dia,Crescente,Céu Claro,Dupla,Rotatória,Sim,3,0,2,0,1,0,2,2,"-8,175172","-34,942642",SPRF-PE,DEL01-PE,UOP03-DEL01-PE
345635.0,2021-03-11,quinta-feira,15:00:00,PE,104,"53,5",CARUARU,Condutor deixou de manter distância do veículo da frente,Colisão traseira,Com Vítimas Fatais,Pleno dia,Decrescente,Céu Claro,Dupla,Reta,Sim,2,1,0,0,1,0,0,2,"-8,18633217","-35,96308328",SPRF-PE,DEL02-PE,UOP01-DEL02-PE
345650.0,2021-03-11,quinta-feira,16:00:00,PE,101,70,RECIFE,Reação tardia ou ineficiente do condutor,Colisão traseira,Com Vítimas Feridas,Pleno dia,Crescente,Céu Claro,Simples,Reta;Desvio Temporário        ,Sim,2,0,1,0,1,0,1,2,"-8,06776119","-34,94265074",SPRF-PE,DEL01-PE,UOP01-DEL01-PE
345683.0,2021-03-11,quinta-feira,18:30:00,PE,232,59,POMBOS,Velocidade Incompatível,Colisão traseira,Sem Vítimas,Anoitecer,Crescente,Nublado,Simples,Reta,Sim,2,0,0,0,1,1,0,2,"-8,1471233","-35,39890998",SPRF-PE,DEL02-PE,UOP02-DEL02PE
345924.0,2021-03-12,sexta-feira,21:10:00,PE,101,35,IGARASSU,Ausência de reação do condutor,Colisão traseira,Com Vítimas Feridas,Plena Noite,Crescente,Céu Claro,Dupla,Reta,Não,2,0,0,1,0,1,1,2,"-7,77952193","-34,93231384",SPRF-PE,DEL01-PE,UOP02-DEL01-PE
345959.0,2021-03-13,sábado,02:00:00,PE,104,75,CARUARU,Condutor Dormindo,Capotamento,Com Vítimas Feridas,Plena Noite,Crescente,Céu Claro,Simples,Declive,Não,1,0,0,1,0,0,1,1,"-8,358562","-35,985699",SPRF-PE,DEL02-PE,UOP01-DEL02-PE
346025.0,2021-03-13,sábado,12:40:00,PE,101,"47,8",ABREU E LIMA,Reação tardia ou ineficiente do condutor,Colisão traseira,Com Vítimas Feridas,Pleno dia,Decrescente,Céu Claro,Múltipla,Reta,Sim,2,0,0,1,1,0,1,2,"-7,88290701","-34,90461208",SPRF-PE,DEL01-PE,UOP02-DEL01-PE
346038.0,2021-03-13,sábado,14:40:00,PE,232,190,SANHARO,Reação tardia ou ineficiente do condutor,Saída de leito carroçável,Com Vítimas Feridas,Pleno dia,Decrescente,Céu Claro,Simples,Reta,Não,2,0,1,0,1,0,1,1,"-8,35625579","-36,51869702",SPRF-PE,DEL02-PE,UOP03-DEL02-PE
346045.0,2021-03-13,sábado,16:10:00,PE,104,"74,3",CARUARU,Chuva,Colisão frontal,Com Vítimas Fatais,Pleno dia,Decrescente,Chuva,Simples,Reta,Não,3,1,1,1,0,0,2,2,"-8,354534","-35,986319",SPRF-PE,DEL02-PE,UOP01-DEL02-PE
346150.0,2021-03-14,domingo,02:50:00,PE,232,106,BEZERROS,Ingestão de álcool pelo condutor,Saída de leito carroçável,Sem Vítimas,Plena Noite,Decrescente,Céu Claro,Dupla,Reta,Não,1,0,0,0,1,0,0,1,"-8,26300269","-35,79029821",SPRF-PE,DEL02-PE,UOP03-DEL02-PE
346190.0,2021-03-14,domingo,12:20:00,PE,232,58,POMBOS,Pista esburacada,Colisão com objeto,Com Vítimas Feridas,Pleno dia,Crescente,Céu Claro,Dupla,Reta,Sim,1,0,1,0,0,0,1,1,"-8,14462866","-35,39034714",SPRF-PE,DEL02-PE,UOP02-DEL02PE
346218.0,2021-03-04,quinta-feira,20:49:00,PE,424,88,GARANHUNS,Demais falhas mecânicas ou elétricas,Colisão transversal,Sem Vítimas,Plena Noite,Crescente,Céu Claro,Simples,Curva,Não,2,0,0,0,2,0,0,2,"-8,88289772","-36,50848532",SPRF-PE,DEL03-PE,UOP01-DEL03-PE
346250.0,2021-03-14,domingo,10:20:00,PE,428,"191,4",PETROLINA,Velocidade Incompatível,Atropelamento de Pedestre,Com Vítimas Feridas,Pleno dia,Crescente,Céu Claro,Dupla,Reta,Sim,2,0,1,0,1,0,1,2,"-9,37766429","-40,50269795",SPRF-PE,DEL06-PE,UOP01-DEL06-PE
346314.0,2021-03-14,domingo,20:20:00,PE,101,89,CABO DE SANTO AGOSTINHO,Acessar a via sem observar a presença dos outros veículos,Colisão transversal,Sem Vítimas,Plena Noite,Crescente,Céu Claro,Simples,Reta,Não,2,0,0,0,2,0,0,2,"-8,21862612","-34,9646759",SPRF-PE,DEL01-PE,UOP03-DEL01-PE
346367.0,2021-03-15,segunda-feira,08:50:00,PE,101,"79,6",JABOATAO DOS GUARARAPES,Entrada inopinada do pedestre,Atropelamento de Pedestre,Com Vítimas Feridas,Pleno dia,Decrescente,Céu Claro,Dupla,Declive;Reta                  ,Sim,2,0,2,0,0,0,2,2,"-8,150084","-34,943227",SPRF-PE,DEL01-PE,UOP01-DEL01-PE
346370.0,2021-03-15,segunda-feira,09:30:00,PE,101,"67,4",RECIFE,Reação tardia ou ineficiente do condutor,Colisão lateral mesmo sentido,Com Vítimas Feridas,Pleno dia,Decrescente,Céu Claro,Simples,Reta,Sim,2,0,1,0,1,0,1,2,"-8,042334","-34,943096",SPRF-PE,DEL01-PE,UOP01-DEL01-PE
346399.0,2021-03-15,segunda-feira,11:30:00,PE,101,89,CABO DE SANTO AGOSTINHO,Manobra de mudança de faixa,Colisão lateral mesmo sentido,Com Vítimas Feridas,Pleno dia,Decrescente,Céu Claro,Múltipla,Reta;Retorno Regulamentado    ,Não,2,0,1,0,1,0,1,2,"-8,20760697","-34,98372005",SPRF-PE,DEL01-PE,UOP03-DEL01-PE
346496.0,2021-03-16,terça-feira,06:40:00,PE,101,63,RECIFE,Animais na Pista,Colisão traseira,Sem Vítimas,Pleno dia,Crescente,Sol,Dupla,Reta,Sim,3,0,0,0,1,2,0,3,"-8,00800604","-34,93756535",SPRF-PE,DEL01-PE,UOP01-DEL01-PE
346505.0,2021-03-16,terça-feira,08:10:00,PE,101,"71,6",RECIFE,Área urbana sem a presença de local apropriado para a travessia de pedestres,Atropelamento de Pedestre,Com Vítimas Feridas,Pleno dia,Decrescente,Céu Claro,Dupla,Reta,Sim,4,0,2,0,1,1,2,3,"-8,07663102","-34,94277871",SPRF-PE,DEL01-PE,UOP01-DEL01-PE
346560.0,2021-03-16,terça-feira,15:30:00,PE,232,36,MORENO,Pedestre cruzava a pista fora da faixa,Atropelamento de Pedestre,Com Vítimas Feridas,Pleno dia,Decrescente,Céu Claro,Dupla,Reta,Sim,2,0,1,0,1,0,1,2,"-8,11082778","-35,20125807",SPRF-PE,DEL02-PE,UOP02-DEL02PE
346591.0,2021-03-16,terça-feira,18:30:00,PE,101,72,RECIFE,Condutor deixou de manter distância do veículo da frente,Colisão traseira,Com Vítimas Feridas,Plena Noite,Crescente,Céu Claro,Dupla,Reta,Sim,2,0,1,0,1,0,1,2,"-8,08493106","-34,9450639",SPRF-PE,DEL01-PE,UOP01-DEL01-PE
346596.0,2021-03-16,terça-feira,19:00:00,PE,101,"79,3",RECIFE,Manobra de mudança de faixa,Colisão lateral mesmo sentido,Com Vítimas Feridas,Plena Noite,Crescente,Céu Claro,Dupla,Reta,Sim,2,0,1,0,0,1,1,2,"-8,146387","-34,946003",SPRF-PE,DEL01-PE,UOP01-DEL01-PE
346612.0,2021-03-16,terça-feira,20:10:00,PE,232,"508,5",SALGUEIRO,Desrespeitar a preferência no cruzamento,Colisão transversal,Com Vítimas Feridas,Plena Noite,Crescente,Céu Claro,Simples,Reta,Sim,4,0,3,1,0,0,4,2,"-8,06223271","-39,12095006",SPRF-PE,DEL05-PE,UOP01-DEL05-PE
346616.0,2021-03-16,terça-feira,20:20:00,PE,408,102,JABOATAO DOS GUARARAPES,Manobra de mudança de faixa,Colisão lateral mesmo sentido,Sem Vítimas,Plena Noite,Crescente,Céu Claro,Dupla,Reta,Não,2,0,0,0,1,1,0,2,"-8,05323195","-35,00247996",SPRF-PE,DEL01-PE,UOP01-DEL01-PE
346624.0,2021-03-16,terça-feira,21:00:00,PE,104,54,CARUARU,Reação tardia ou ineficiente do condutor,Tombamento,Sem Vítimas,Pleno dia,Crescente,Nublado,Dupla,Reta,Não,1,0,0,0,0,1,0,1,"-8,18818","-35,96709",SPRF-PE,DEL02-PE,UOP01-DEL02-PE
346636.0,2021-03-17,quarta-feira,01:00:00,PE,232,244,ARCOVERDE,Animais na Pista,Atropelamento de Animal,Sem Vítimas,Plena Noite,Crescente,Céu Claro,Simples,Curva,Não,2,0,0,0,2,0,0,2,"-8,41863444","-36,99827208",SPRF-PE,DEL03-PE,UOP02-DEL03-PE
346639.0,2021-03-17,quarta-feira,01:30:00,PE,101,70,RECIFE,Desvio temporário,Colisão com objeto,Sem Vítimas,Plena Noite,Crescente,Nublado,Simples,Reta,Sim,1,0,0,0,0,1,0,1,"-8,06776119","-34,94265074",SPRF-PE,DEL01-PE,UOP01-DEL01-PE
346659.0,2021-03-17,quarta-feira,07:00:00,PE,101,"203,4",XEXEU,Transitar na contramão,Colisão frontal,Sem Vítimas,Pleno dia,Crescente,Céu Claro,Dupla,Curva,Sim,2,0,0,0,1,1,0,2,"-8,79726501","-35,62641334",SPRF-PE,DEL01-PE,UOP03-DEL01-PE
346737.0,2021-03-17,quarta-feira,16:00:00,PE,407,"9,7",AFRANIO,Acessar a via sem observar a presença dos outros veículos,Colisão transversal,Com Vítimas Feridas,Pleno dia,Crescente,Céu Claro,Simples,Reta,Sim,2,0,0,1,1,0,1,2,"-8,50036599","-41,00772593",SPRF-PE,DEL06-PE,UOP02-DEL06-PE
346773.0,2021-03-17,quarta-feira,18:40:00,PE,104,23,TAQUARITINGA DO NORTE,Transitar na contramão,Colisão frontal,Com Vítimas Fatais,Plena Noite,Crescente,Céu Claro,Simples,Reta,Não,4,1,1,2,0,0,3,2,"-7,97182","-36,109932",SPRF-PE,DEL02-PE,UOP01-DEL02-PE
346779.0,2021-03-17,quarta-feira,18:19:00,PE,232,"109,6",BEZERROS,Demais falhas na via,Saída de leito carroçável,Com Vítimas Feridas,Plena Noite,Crescente,Vento,Dupla,Curva,Não,1,0,0,1,0,0,1,1,"-8,28036785","-35,81085313",SPRF-PE,DEL02-PE,UOP03-DEL02-PE
346799.0,2021-03-17,quarta-feira,21:15:00,PE,104,"66,2",CARUARU,Ingestão de álcool pelo condutor,Colisão traseira,Com Vítimas Feridas,Plena Noite,Crescente,Céu Claro,Dupla,Reta,Não,2,0,0,1,1,0,1,2,"-8,2937","-35,9864",SPRF-PE,DEL02-PE,UOP01-DEL02-PE
346823.0,2021-03-18,quinta-feira,04:20:00,PE,232,"158,2",TACAIMBO,Condutor deixou de manter distância do veículo da frente,Colisão traseira,Sem Vítimas,Amanhecer,Decrescente,Céu Claro,Simples,Reta,Não,5,0,0,0,5,0,0,2,"-8,33051268","-36,23532702",SPRF-PE,DEL02-PE,UOP03-DEL02-PE
346834.0,2021-03-18,quinta-feira,07:10:00,PE,101,78,JABOATAO DOS GUARARAPES,Condutor deixou de manter distância do veículo da frente,Colisão traseira,Com Vítimas Feridas,Pleno dia,Crescente,Nublado,Dupla,Aclive,Sim,2,0,1,0,1,0,1,2,"-8,1349649939","-34,9473861426",SPRF-PE,DEL01-PE,UOP01-DEL01-PE
346847.0,2021-03-18,quinta-feira,08:00:00,PE,101,"76,3",RECIFE,Manobra de mudança de faixa,Colisão lateral mesmo sentido,Com Vítimas Feridas,Pleno dia,Crescente,Nublado,Dupla,Reta,Sim,2,0,1,0,0,1,1,2,"-8,122358","-34,943448",SPRF-PE,DEL01-PE,UOP01-DEL01-PE
347001.0,2021-03-19,sexta-feira,09:30:00,PE,101,100,CABO DE SANTO AGOSTINHO,Acessar a via sem observar a presença dos outros veículos,Colisão transversal,Com Vítimas Feridas,Pleno dia,Decrescente,Céu Claro,Simples,Reta,Sim,3,0,2,0,1,0,2,2,"-8,28212055","-35,03389835",SPRF-PE,DEL01-PE,UOP03-DEL01-PE
347003.0,2021-03-19,sexta-feira,09:55:00,PE,101,"42,7",IGARASSU,Acessar a via sem observar a presença dos outros veículos,Colisão lateral mesmo sentido,Com Vítimas Feridas,Pleno dia,Crescente,Nublado,Múltipla,Reta,Sim,2,0,0,1,1,0,1,2,"-7,84489457","-34,91079753",SPRF-PE,DEL01-PE,UOP02-DEL01-PE
347022.0,2021-03-19,sexta-feira,10:30:00,PE,101,83,JABOATAO DOS GUARARAPES,Transitar na contramão,Colisão lateral mesmo sentido,Sem Vítimas,Pleno dia,Decrescente,Céu Claro,Dupla,Reta,Sim,2,0,0,0,2,0,0,2,"-8,175172","-34,942642",SPRF-PE,DEL01-PE,UOP03-DEL01-PE
347051.0,2021-03-19,sexta-feira,16:10:00,PE,101,"67,1",RECIFE,Condutor deixou de manter distância do veículo da frente,Colisão lateral mesmo sentido,Sem Vítimas,Pleno dia,Decrescente,Céu Claro,Múltipla,Reta,Não,3,0,0,0,2,1,0,3,"-8,042334","-34,943096",SPRF-PE,DEL01-PE,UOP01-DEL01-PE
347072.0,2021-03-19,sexta-feira,18:05:00,PE,101,"77,5",RECIFE,Manobra de mudança de faixa,Colisão lateral mesmo sentido,Com Vítimas Feridas,Plena Noite,Crescente,Céu Claro,Dupla,Interseção de Vias,Sim,3,0,3,0,0,0,3,2,"-8,132877","-34,946751",SPRF-PE,DEL01-PE,UOP01-DEL01-PE
347088.0,2021-03-19,sexta-feira,19:00:00,PE,232,"6,3",RECIFE,Condutor deixou de manter distância do veículo da frente,Colisão traseira,Sem Vítimas,Plena Noite,Crescente,Céu Claro,Dupla,Reta,Sim,2,0,0,0,2,0,0,2,"-8,07079525","-34,9535389",SPRF-PE,DEL01-PE,UOP01-DEL01-PE
347169.0,2021-03-20,sábado,05:55:00,PE,232,"5,7",RECIFE,Área urbana sem a presença de local apropriado para a travessia de pedestres,Queda de ocupante de veículo,Com Vítimas Feridas,Pleno dia,Decrescente,Garoa/Chuvisco,Dupla,Reta,Sim,2,0,1,0,0,1,1,2,"-8,070255","-34,951269",SPRF-PE,DEL01-PE,UOP01-DEL01-PE
347274.0,2021-03-20,sábado,14:00:00,PE,424,"55,7",CAETES,Ausência de reação do condutor,Saída de leito carroçável,Com Vítimas Feridas,Pleno dia,Crescente,Céu Claro,Simples,Reta,Não,1,0,1,0,0,0,1,1,"-8,73184393","-36,74553398",SPRF-PE,DEL03-PE,UOP01-DEL03-PE
347325.0,2021-03-20,sábado,22:40:00,PE,232,"58,8",POMBOS,Velocidade Incompatível,Saída de leito carroçável,Com Vítimas Fatais,Plena Noite,Crescente,Céu Claro,Dupla,Declive,Sim,2,1,0,0,0,1,0,2,"-8,146996","-35,397367",SPRF-PE,DEL02-PE,UOP02-DEL02PE