id,data_inversa,dia_semana,horario,uf,br,km,municipio,causa_acidente,tipo_acidente,classificacao_acidente,fase_dia,sentido_via,condicao_metereologica,tipo_pista,tracado_via,uso_solo,pessoas,mortos,feridos_leves,feridos_graves,ilesos,ignorados,feridos,veiculos,latitude,longitude,regional,delegacia,uop
347363.0,2021-03-21,domingo,08:00:00,PE,232,"85,1",GRAVATA,Retorno proibido,Colisão traseira,Com Vítimas Fatais,Pleno dia,Crescente,Sol,Dupla,Reta,Não,5,1,0,3,0,1,3,4,"-8,20895241","-35,60996175",SPRF-PE,DEL02-PE,UOP02-DEL02PE
347460.0,2021-03-21,domingo,19:45:00,PE,101,"68,1",RECIFE,Manobra de mudança de faixa,Colisão lateral mesmo sentido,Com Vítimas Feridas,Plena Noite,Crescente,Céu Claro,Dupla,Declive;Viaduto               ,Sim,6,0,2,0,4,0,2,2,"-8,05074296","-34,94580619",SPRF-PE,DEL01-PE,UOP01-DEL01-PE
347524.0,2021-03-22,segunda-feira,05:20:00,PE,232,116,CARUARU,Animais na Pista,Colisão com objeto,Com Vítimas Feridas,Amanhecer,Decrescente,Céu Claro,Dupla,Reta;Declive                  ,Sim,4,0,2,0,2,0,2,1,"-8,2970005","-35,86666391",SPRF-PE,DEL02-PE,UOP03-DEL02-PE
347664.0,2021-03-19,sexta-feira,10:30:00,PE,232,"145,5",SAO CAITANO,Velocidade Incompatível,Colisão traseira,Sem Vítimas,Pleno dia,Crescente,Céu Claro,Dupla,Reta,Sim,2,0,0,0,2,0,0,2,"-8,32868","-36,120811",SPRF-PE,DEL02-PE,UOP03-DEL02-PE
347672.0,2021-03-22,segunda-feira,20:10:00,PE,232,"302,3",SERTANIA,Ausência de reação do condutor,Saída de leito carroçável,Com Vítimas Feridas,Plena Noite,Crescente,Céu Claro,Simples,Reta,Não,2,0,0,2,0,0,2,1,"-8,21293308","-37,42524012",SPRF-PE,DEL03-PE,UOP02-DEL03-PE
347705.0,2021-03-23,terça-feira,08:00:00,PE,101,13,CABO DE SANTO AGOSTINHO,Condutor deixou de manter distância do veículo da frente,Colisão traseira,Com Vítimas Feridas,Pleno dia,Crescente,Nublado,Dupla,Reta,Sim,3,0,2,0,1,0,2,2,"-8,266406","-35,019486",SPRF-PE,DEL01-PE,UOP02-DEL01-PE
347732.0,2021-03-23,terça-feira,10:20:00,PE,101,56,RECIFE,Demais falhas mecânicas ou elétricas,Queda de ocupante de veículo,Com Vítimas Feridas,Pleno dia,Crescente,Nublado,Dupla,Curva,Sim,2,0,1,0,1,0,1,1,"-7,9554509","-34,91140727",SPRF-PE,DEL01-PE,UOP02-DEL01-PE
347769.0,2021-03-23,terça-feira,14:45:00,PE,101,"68,1",RECIFE,Demais falhas mecânicas ou elétricas,Colisão traseira,Com Vítimas Feridas,Pleno dia,Decrescente,Céu Claro,Dupla,Viaduto,Sim,2,0,1,0,1,0,1,2,"-8,051779","-34,946065",SPRF-PE,DEL01-PE,UOP01-DEL01-PE
347770.0,2021-03-23,terça-feira,15:15:00,PE,101,68,RECIFE,Condutor deixou de manter distância do veículo da frente,Colisão traseira,Com Vítimas Feridas,Pleno dia,Crescente,Sol,Dupla,Viaduto;Aclive                ,Sim,2,0,1,0,1,0,1,2,"-8,05074296","-34,94580619",SPRF-PE,DEL01-PE,UOP01-DEL01-PE
347811.0,2021-03-23,terça-feira,19:20:00,PE,101,69,RECIFE,Animais na Pista,Atropelamento de Animal,Com Vítimas Feridas,Plena Noite,Decrescente,Nublado,Múltipla,Interseção de Vias,Sim,1,0,1,0,0,0,1,1,"-8,05951606","-34,94581024",SPRF-PE,DEL01-PE,UOP01-DEL01-PE
347868.0,2021-03-24,quarta-feira,07:10:00,PE,232,136,CARUARU,Acostamento em desnível,Saída de leito carroçável,Com Vítimas Feridas,Pleno dia,Crescente,Céu Claro,Dupla,Reta,Não,2,0,2,0,0,0,2,1,"-8,31339932","-36,04175591",SPRF-PE,DEL02-PE,UOP03-DEL02-PE
347905.0,2021-03-24,quarta-feira,11:00:00,PE,232,"45,7",VITORIA DE SANTO ANTAO,Acumulo de água sobre o pavimento,Colisão com objeto,Com Vítimas Feridas,Pleno dia,Decrescente,Chuva,Dupla,Reta,Não,3,0,3,0,0,0,3,1,"-8,128181","-35,281677",SPRF-PE,DEL02-PE,UOP02-DEL02PE
347922.0,2021-03-24,quarta-feira,13:35:00,PE,424,"85,7",GARANHUNS,Condutor deixou de manter distância do veículo da frente,Saída de leito carroçável,Com Vítimas Feridas,Pleno dia,Crescente,Garoa/Chuvisco,Simples,Reta,Sim,5,0,1,0,3,1,1,2,"-8,85702308","-36,51218326",SPRF-PE,DEL03-PE,UOP01-DEL03-PE
347946.0,2021-03-24,quarta-feira,16:00:00,PE,101,"23,9",IGARASSU,Condutor deixou de manter distância do veículo da frente,Colisão traseira,Com Vítimas Feridas,Pleno dia,Crescente,Nublado,Dupla,Reta;Declive                  ,Não,3,0,2,0,1,0,2,2,"-7,68357776","-34,92410458",SPRF-PE,DEL01-PE,UOP02-DEL01-PE
347999.0,2021-03-24,quarta-feira,22:30:00,PE,101,"47,6",ABREU E LIMA,Reação tardia ou ineficiente do condutor,Colisão com objeto,Com Vítimas Feridas,Plena Noite,Crescente,Chuva,Múltipla,Reta,Sim,4,0,2,2,0,0,4,1,"-7,88290701","-34,90461208",SPRF-PE,DEL01-PE,UOP02-DEL01-PE
348032.0,2021-03-25,quinta-feira,07:30:00,PE,232,408,SERRA TALHADA,Desrespeitar a preferência no cruzamento,Colisão lateral mesmo sentido,Com Vítimas Feridas,Pleno dia,Decrescente,Céu Claro,Simples,Declive,Sim,2,0,1,0,1,0,1,2,"-7,98371447","-38,28047709",SPRF-PE,DEL04-PE,UOP01-DEL04-PE
348043.0,2021-03-25,quinta-feira,09:00:00,PE,101,89,JABOATAO DOS GUARARAPES,Avarias e/ou desgaste excessivo no pneu,Tombamento,Com Vítimas Feridas,Pleno dia,Crescente,Nublado,Dupla,Reta,Não,2,0,2,0,0,0,2,1,"-8,20760697","-34,98372005",SPRF-PE,DEL01-PE,UOP03-DEL01-PE
348207.0,2021-03-26,sexta-feira,07:00:00,PE,101,75,RECIFE,Condutor deixou de manter distância do veículo da frente,Atropelamento de Pedestre,Com Vítimas Feridas,Pleno dia,Crescente,Céu Claro,Dupla,Reta,Sim,2,0,1,1,0,0,2,2,"-8,111423","-34,946135",SPRF-PE,DEL01-PE,UOP01-DEL01-PE
348233.0,2021-03-26,sexta-feira,09:00:00,PE,232,66,GRAVATA,Demais falhas mecânicas ou elétricas,Incêndio,Sem Vítimas,Pleno dia,Crescente,Nublado,Dupla,Reta,Não,2,0,0,0,2,0,0,1,"-8,16799318","-35,46867371",SPRF-PE,DEL02-PE,UOP02-DEL02PE
348252.0,2021-03-26,sexta-feira,10:45:00,PE,424,"14,3",PEDRA,Manobra de mudança de faixa,Capotamento,Sem Vítimas,Pleno dia,Decrescente,Céu Claro,Simples,Declive,Não,1,0,0,0,1,0,0,1,"-8,49873612","-36,97444401",SPRF-PE,DEL03-PE,UOP02-DEL03-PE
348260.0,2021-03-26,sexta-feira,08:30:00,PE,232,"107,9",BEZERROS,Condutor Dormindo,Capotamento,Com Vítimas Feridas,Pleno dia,Crescente,Nublado,Dupla,Reta,Não,1,0,1,0,0,0,1,1,"-8,26839017","-35,79746685",SPRF-PE,DEL02-PE,UOP03-DEL02-PE
348262.0,2021-03-26,sexta-feira,12:40:00,PE,101,"80,9",JABOATAO DOS GUARARAPES,Condutor deixou de manter distância do veículo da frente,Colisão traseira,Com Vítimas Feridas,Pleno dia,Decrescente,Céu Claro,Múltipla,Rotatória,Sim,2,0,1,0,1,0,1,2,"-8,15112589","-34,9428866",SPRF-PE,DEL01-PE,UOP03-DEL01-PE
348281.0,2021-02-11,quinta-feira,19:00:00,PE,104,"88,1",AGRESTINA,Condutor Dormindo,Colisão frontal,Com Vítimas Feridas,Plena Noite,Decrescente,Nublado,Simples,Reta,Não,2,0,1,1,0,0,2,2,"-8,461552","-35,94022",SPRF-PE,DEL02-PE,UOP01-DEL02-PE
348317.0,2021-03-25,quinta-feira,16:30:00,PE,104,"72,2",CARUARU,Acumulo de água sobre o pavimento,Saída de leito carroçável,Sem Vítimas,Pleno dia,Decrescente,Chuva,Simples,Reta,Não,1,0,0,0,1,0,0,1,"-8,332917","-35,981609",SPRF-PE,DEL02-PE,UOP01-DEL02-PE
348326.0,2021-03-26,sexta-feira,18:20:00,PE,232,"10,6",JABOATAO DOS GUARARAPES,Ingestão de álcool pelo condutor,Saída de leito carroçável,Com Vítimas Feridas,Plena Noite,Crescente,Céu Claro,Dupla,Reta,Sim,1,0,1,0,0,0,1,1,"-8,07917241","-34,98718609",SPRF-PE,DEL01-PE,UOP01-DEL01-PE
348329.0,2021-03-26,sexta-feira,18:45:00,PE,232,81,GRAVATA,Animais na Pista,Atropelamento de Animal,Com Vítimas Fatais,Plena Noite,Crescente,Céu Claro,Dupla,Reta,Não,1,1,0,0,0,0,0,1,"-8,19697746","-35,57850408",SPRF-PE,DEL02-PE,UOP02-DEL02PE
348423.0,2021-01-08,sexta-feira,11:00:00,PE,232,24,MORENO,Condutor Dormindo,Saída de leito carroçável,Com Vítimas Feridas,Pleno dia,Decrescente,Sol,Dupla,Curva,Não,1,0,0,1,0,0,1,1,"-8,10089039","-35,10000944",SPRF-PE,DEL02-PE,UOP02-DEL02PE
348429.0,2021-03-27,sábado,11:00:00,PE,423,"58,5",LAJEDO,Transitar na contramão,Colisão frontal,Com Vítimas Feridas,Pleno dia,Decrescente,Nublado,Simples,Reta,Sim,2,0,1,0,1,0,1,2,"-8,6395899","-36,31006213",SPRF-PE,DEL03-PE,UOP01-DEL03-PE
348461.0,2021-03-27,sábado,15:50:00,PE,408,64,CARPINA,Transitar na contramão,Colisão lateral sentido oposto,Com Vítimas Feridas,Pleno dia,Crescente,Céu Claro,Simples,Curva,Sim,3,0,2,0,1,0,2,2,"-7,846511","-35,24029",SPRF-PE,DEL01-PE,UOP01-DEL01-PE
348509.0,2021-03-27,sábado,19:30:00,PE,232,35,MORENO,Pedestre cruzava a pista fora da faixa,Atropelamento de Pedestre,Com Vítimas Feridas,Plena Noite,Crescente,Céu Claro,Dupla,Reta,Sim,3,0,0,1,2,0,1,2,"-8,10907341","-35,19256991",SPRF-PE,DEL02-PE,UOP02-DEL02PE
348560.0,2021-03-28,domingo,01:20:00,PE,408,74,PAUDALHO,Chuva,Colisão traseira,Sem Vítimas,Plena Noite,Crescente,Chuva,Múltipla,Reta,Sim,2,0,0,0,0,2,0,2,"-7,89701706","-35,17300548",SPRF-PE,DEL01-PE,UOP01-DEL01-PE
348651.0,2021-03-28,domingo,16:45:00,PE,232,57,POMBOS,Chuva,Queda de ocupante de veículo,Com Vítimas Feridas,Anoitecer,Decrescente,Chuva,Dupla,Reta,Não,2,0,2,0,0,0,2,1,"-8,14404436","-35,38847566",SPRF-PE,DEL02-PE,UOP02-DEL02PE
348653.0,2021-03-28,domingo,16:40:00,PE,423,26,SAO CAITANO,Reação tardia ou ineficiente do condutor,Colisão com objeto,Sem Vítimas,Pleno dia,Decrescente,Chuva,Simples,Reta,Não,1,0,0,0,0,1,0,1,"-8,38757696","-36,17648107",SPRF-PE,DEL02-PE,UOP03-DEL02-PE
348690.0,2021-03-28,domingo,20:30:00,PE,316,55,TRINDADE,Reação tardia ou ineficiente do condutor,Saída de leito carroçável,Com Vítimas Feridas,Plena Noite,Decrescente,Céu Claro,Simples,Reta,Não,6,0,3,3,0,0,6,1,"-7,74026268","-40,28663631",SPRF-PE,DEL05-PE,UOP02-DEL05-PE
348717.0,2021-03-28,domingo,22:30:00,PE,101,"91,5",CABO DE SANTO AGOSTINHO,Pedestre cruzava a pista fora da faixa,Atropelamento de Pedestre,Com Vítimas Fatais,Plena Noite,Decrescente,Chuva,Simples,Curva,Sim,2,1,0,0,0,1,0,2,"-8,23560365","-34,97997388",SPRF-PE,DEL01-PE,UOP03-DEL01-PE
348722.0,2021-03-28,domingo,23:40:00,PE,428,"191,5",PETROLINA,Retorno proibido,Colisão lateral mesmo sentido,Com Vítimas Feridas,Plena Noite,Decrescente,Céu Claro,Dupla,Reta,Sim,2,0,1,0,1,0,1,2,"-9,37766429","-40,50269795",SPRF-PE,DEL06-PE,UOP01-DEL06-PE
348761.0,2021-03-29,segunda-feira,07:00:00,PE,101,"45,1",IGARASSU,Ausência de reação do condutor,Colisão traseira,Com Vítimas Feridas,Pleno dia,Decrescente,Nublado,Dupla,Reta,Sim,2,0,1,0,1,0,1,2,"-7,86521297","-34,90715176",SPRF-PE,DEL01-PE,UOP02-DEL01-PE
348791.0,2021-03-29,segunda-feira,09:50:00,PE,101,68,RECIFE,Acessar a via sem observar a presença dos outros veículos,Colisão lateral mesmo sentido,Com Vítimas Feridas,Pleno dia,Decrescente,Céu Claro,Simples,Rotatória,Sim,2,0,1,0,1,0,1,2,"-8,05074296","-34,94580619",SPRF-PE,DEL01-PE,UOP01-DEL01-PE
348870.0,2021-03-29,segunda-feira,11:00:00,PE,110,244,JATOBA,Manobra de mudança de faixa,Saída de leito carroçável,Com Vítimas Feridas,Pleno dia,Decrescente,Céu Claro,Simples,Reta,Não,3,0,1,0,1,1,1,2,"-9,16992489","-38,2694619",SPRF-BA,DEL07-BA,UOP01-DEL07-BA
348951.0,2021-03-30,terça-feira,09:10:00,PE,101,"42,6",IGARASSU,Ausência de reação do condutor,Colisão com objeto,Com Vítimas Feridas,Pleno dia,Decrescente,Sol,Múltipla,Reta,Sim,1,0,1,0,0,0,1,1,"-7,83887431","-34,91196739",SPRF-PE,DEL01-PE,UOP02-DEL01-PE
349046.0,2021-03-30,terça-feira,18:15:00,PE,104,62,CARUARU,Velocidade Incompatível,Colisão traseira,Com Vítimas Feridas,Plena Noite,Crescente,Céu Claro,Múltipla,Declive,Sim,4,0,1,0,3,0,1,2,"-8,2618","-35,976",SPRF-PE,DEL02-PE,UOP01-DEL02-PE
349051.0,2021-03-30,terça-feira,18:10:00,PE,101,58,RECIFE,Condutor deixou de manter distância do veículo da frente,Colisão traseira,Com Vítimas Feridas,Plena Noite,Decrescente,Céu Claro,Dupla,Reta;Aclive                   ,Sim,5,0,0,1,4,0,1,4,"-7,97063209","-34,92064675",SPRF-PE,DEL01-PE,UOP02-DEL01-PE
349135.0,2021-03-31,quarta-feira,07:00:00,PE,232,416,SERRA TALHADA,Ingestão de álcool pelo condutor,Saída de leito carroçável,Sem Vítimas,Pleno dia,Crescente,Céu Claro,Simples,Reta,Não,1,0,0,0,1,0,0,1,"-7,99977297","-38,35316401",SPRF-PE,DEL04-PE,UOP01-DEL04-PE
349151.0,2021-03-31,quarta-feira,10:30:00,PE,232,"122,8",CARUARU,Frear bruscamente,Colisão traseira,Com Vítimas Feridas,Pleno dia,Decrescente,Céu Claro,Dupla,Reta,Não,2,0,1,0,1,0,1,2,"-8,30217741","-35,91946793",SPRF-PE,DEL02-PE,UOP03-DEL02-PE
349166.0,2021-03-31,quarta-feira,12:15:00,PE,101,"70,8",RECIFE,Acessar a via sem observar a presença dos outros veículos,Atropelamento de Pedestre,Com Vítimas Feridas,Pleno dia,Crescente,Céu Claro,Simples,Curva,Sim,2,0,0,1,0,1,1,2,"-8,074866","-34,944348",SPRF-PE,DEL01-PE,UOP01-DEL01-PE
349232.0,2021-03-31,quarta-feira,18:00:00,PE,104,20,TAQUARITINGA DO NORTE,Conversão proibida,Colisão transversal,Com Vítimas Feridas,Plena Noite,Crescente,Céu Claro,Simples,Reta,Não,3,0,1,0,2,0,1,2,"-7,956497","-36,128529",SPRF-PE,DEL02-PE,UOP01-DEL02-PE
349264.0,2021-03-31,quarta-feira,22:15:00,PE,101,"65,5",RECIFE,Reação tardia ou ineficiente do condutor,Atropelamento de Pedestre,Com Vítimas Feridas,Plena Noite,Decrescente,Céu Claro,Múltipla,Reta,Sim,2,0,0,1,0,1,1,2,"-8,02478597","-34,94276635",SPRF-PE,DEL01-PE,UOP01-DEL01-PE
349388.0,2021-04-01,quinta-feira,15:45:00,PE,424,"89,1",GARANHUNS,Curva acentuada,Tombamento,Com Vítimas Feridas,Pleno dia,Crescente,Céu Claro,Simples,Curva,Sim,2,0,2,0,0,0,2,1,"-8,89138375","-36,50571483",SPRF-PE,DEL03-PE,UOP01-DEL03-PE
349394.0,2021-04-01,quinta-feira,15:00:00,PE,232,"80,1",GRAVATA,Acessar a via sem observar a presença dos outros veículos,Colisão transversal,Com Vítimas Feridas,Pleno dia,Crescente,Céu Claro,Simples,Reta,Sim,4,0,2,0,0,2,2,3,"-8,195786","-35,570761",SPRF-PE,DEL02-PE,UOP02-DEL02PE
349410.0,2021-04-01,quinta-feira,17:30:00,PE,232,"411,6",SERRA TALHADA,Manobra de mudança de faixa,Colisão frontal,Com Vítimas Feridas,Anoitecer,Crescente,Chuva,Simples,Reta,Sim,13,0,7,6,0,0,13,3,"-7,97976163","-38,31087404",SPRF-PE,DEL04-PE,UOP01-DEL04-PE
349421.0,2021-04-01,quinta-feira,17:50:00,PE,101,84,JABOATAO DOS GUARARAPES,Reação tardia ou ineficiente do condutor,Colisão lateral mesmo sentido,Com Vítimas Feridas,Anoitecer,Decrescente,Céu Claro,Dupla,Reta,Sim,2,0,1,0,0,1,1,2,"-8,17778559","-34,95087297",SPRF-PE,DEL01-PE,UOP03-DEL01-PE
349485.0,2021-04-01,quinta-feira,22:20:00,PE,101,"42,9",IGARASSU,Área urbana sem a presença de local apropriado para a travessia de pedestres,Atropelamento de Pedestre,Com Vítimas Fatais,Plena Noite,Decrescente,Nublado,Múltipla,Reta;Declive                  ,Sim,2,1,0,0,0,1,0,2,"-7,83887431","-34,91196739",SPRF-PE,DEL01-PE,UOP02-DEL01-PE
349556.0,2021-04-02,sexta-feira,11:40:00,PE,408,"69,5",PAUDALHO,Demais falhas mecânicas ou elétricas,Saída de leito carroçável,Com Vítimas Feridas,Pleno dia,Decrescente,Céu Claro,Dupla,Reta,Sim,4,0,3,1,0,0,4,1,"-7,871062","-35,197928",SPRF-PE,DEL01-PE,UOP01-DEL01-PE
349608.0,2021-04-02,sexta-feira,18:10:00,PE,232,"11,8",JABOATAO DOS GUARARAPES,Afundamento ou ondulação no pavimento,Saída de leito carroçável,Com Vítimas Feridas,Anoitecer,Decrescente,Céu Claro,Dupla,Declive,Não,2,0,2,0,0,0,2,2,"-8,08195464","-34,99545022",SPRF-PE,DEL01-PE,UOP01-DEL01-PE
349611.0,2021-04-02,sexta-feira,18:30:00,PE,424,64,CAETES,Iluminação deficiente,Colisão com objeto,Com Vítimas Fatais,Plena Noite,Crescente,Céu Claro,Simples,Reta,Não,4,2,0,0,0,2,0,3,"-8,753403","-36,667581",SPRF-PE,DEL03-PE,UOP01-DEL03-PE
349613.0,2021-04-02,sexta-feira,19:35:00,PE,101,"78,1",JABOATAO DOS GUARARAPES,Retorno proibido,Colisão frontal,Com Vítimas Feridas,Pleno dia,Crescente,Céu Claro,Dupla,Reta,Sim,2,0,1,0,1,0,1,2,"-8,137659","-34,947532",SPRF-PE,DEL01-PE,UOP01-DEL01-PE
349641.0,2021-04-02,sexta-feira,22:00:00,PE,101,83,JABOATAO DOS GUARARAPES,Velocidade Incompatível,Saída de leito carroçável,Com Vítimas Feridas,Plena Noite,Decrescente,Céu Claro,Dupla,Curva,Não,1,0,1,0,0,0,1,1,"-8,175172","-34,942642",SPRF-PE,DEL01-PE,UOP03-DEL01-PE
349652.0,2021-04-03,sábado,05:30:00,PE,316,246,BELEM DE SAO FRANCISCO,Pedestre andava na pista,Atropelamento de Pedestre,Com Vítimas Fatais,Amanhecer,Crescente,Céu Claro,Simples,Reta,Não,2,1,0,0,0,1,0,2,"-8,66143416","-39,00273108",SPRF-PE,DEL05-PE,UOP03-DEL05-PE
349665.0,2021-04-03,sábado,06:20:00,PE,232,212,PESQUEIRA,Ausência de reação do condutor,Queda de ocupante de veículo,Com Vítimas Fatais,Pleno dia,Decrescente,Sol,Simples,Reta,Sim,2,1,0,0,1,0,0,1,"-8,37328104","-36,71376998",SPRF-PE,DEL02-PE,UOP03-DEL02-PE
349675.0,2021-04-03,sábado,08:40:00,PE,408,101,SAO LOURENCO DA MATA,Velocidade Incompatível,Saída de leito carroçável,Com Vítimas Feridas,Pleno dia,Crescente,Nublado,Dupla,Declive,Sim,1,0,1,0,0,0,1,1,"-8,04710272","-35,00887967",SPRF-PE,DEL01-PE,UOP01-DEL01-PE
349695.0,2021-03-09,terça-feira,12:00:00,PE,407,128,PETROLINA,Acumulo de óleo sobre o pavimento,Tombamento,Com Vítimas Feridas,Pleno dia,Crescente,Ignorado,Simples,Rotatória,Sim,1,0,1,0,0,0,1,1,"-9,39479235","-40,50905054",SPRF-PE,DEL06-PE,UOP01-DEL06-PE
349730.0,2021-04-03,sábado,16:15:00,PE,232,409,SERRA TALHADA,Área urbana sem a presença de local apropriado para a travessia de pedestres,Colisão transversal,Com Vítimas Feridas,Pleno dia,Crescente,Sol,Simples,Declive,Sim,3,0,0,1,2,0,1,2,"-7,981944","-38,289467",SPRF-PE,DEL04-PE,UOP01-DEL04-PE
349780.0,2021-04-03,sábado,14:00:00,PE,428,"164,8",PETROLINA,Mal súbito do condutor,Saída de leito carroçável,Com Vítimas Fatais,Pleno dia,Crescente,Céu Claro,Simples,Reta,Não,1,1,0,0,0,0,0,1,"-9,17815896","-40,37523706",SPRF-PE,DEL06-PE,UOP01-DEL06-PE
349836.0,2021-04-04,domingo,09:00:00,PE,101,"69,7",RECIFE,Velocidade Incompatível,Saída de leito carroçável,Com Vítimas Feridas,Pleno dia,Crescente,Chuva,Simples,Curva,Sim,2,0,1,1,0,0,2,1,"-8,05951606","-34,94581024",SPRF-PE,DEL01-PE,UOP01-DEL01-PE
349845.0,2021-04-04,domingo,10:20:00,PE,423,"94,8",GARANHUNS,Chuva,Colisão lateral sentido oposto,Sem Vítimas,Pleno dia,Crescente,Chuva,Simples,Declive;Curva                 ,Sim,5,0,0,0,3,2,0,2,"-8,874732","-36,46946",SPRF-PE,DEL03-PE,UOP01-DEL03-PE
349851.0,2021-04-04,domingo,12:10:00,PE,101,201,XEXEU,Chuva,Saída de leito carroçável,Sem Vítimas,Pleno dia,Decrescente,Céu Claro,Dupla,Curva,Não,1,0,0,0,1,0,0,1,"-8,78060203","-35,62140868",SPRF-PE,DEL01-PE,UOP03-DEL01-PE
349852.0,2021-04-04,domingo,12:24:00,PE,101,46,IGARASSU,Manobra de mudança de faixa,Colisão lateral mesmo sentido,Com Vítimas Feridas,Pleno dia,Crescente,Céu Claro,Múltipla,Retorno Regulamentado,Sim,2,0,0,1,1,0,1,2,"-7,87406004","-34,90588126",SPRF-PE,DEL01-PE,UOP02-DEL01-PE
349855.0,2021-04-04,domingo,13:00:00,PE,232,"8,6",RECIFE,Manobra de mudança de faixa,Colisão lateral mesmo sentido,Com Vítimas Feridas,Pleno dia,Crescente,Céu Claro,Dupla,Reta,Sim,3,0,2,0,0,1,2,2,"-8,077378","-34,97687",SPRF-PE,DEL01-PE,UOP01-DEL01-PE
349898.0,2021-04-04,domingo,16:15:00,PE,101,67,RECIFE,Desrespeitar a preferência no cruzamento,Colisão transversal,Com Vítimas Feridas,Pleno dia,Decrescente,Nublado,Múltipla,Interseção de Vias,Sim,2,0,1,0,1,0,1,2,"-8,046229","-34,944656",SPRF-PE,DEL01-PE,UOP01-DEL01-PE
349965.0,2021-04-04,domingo,21:45:00,PE,428,188,PETROLINA,Pista Escorregadia,Tombamento,Com Vítimas Feridas,Plena Noite,Decrescente,Céu Claro,Simples,Rotatória,Sim,2,0,2,0,0,0,2,1,"-9,37535209","-40,48839569",SPRF-PE,DEL06-PE,UOP01-DEL06-PE
349971.0,2021-04-04,domingo,21:00:00,PE,104,"84,9",AGRESTINA,Demais falhas mecânicas ou elétricas,Colisão lateral mesmo sentido,Com Vítimas Feridas,Plena Noite,Decrescente,Chuva,Simples,Reta,Não,1,0,0,1,0,0,1,1,"-8,430662","-35,959164",SPRF-PE,DEL02-PE,UOP01-DEL02-PE
350067.0,2021-04-05,segunda-feira,11:30:00,PE,104,63,CARUARU,Manobra de mudança de faixa,Colisão com objeto,Com Vítimas Feridas,Pleno dia,Crescente,Sol,Dupla,Reta,Sim,1,0,0,1,0,0,1,1,"-8,2698","-35,9803",SPRF-PE,DEL02-PE,UOP01-DEL02-PE
350096.0,2021-04-05,segunda-feira,11:40:00,PE,407,126,PETROLINA,Transitar no acostamento,Atropelamento de Pedestre,Com Vítimas Feridas,Pleno dia,Decrescente,Nublado,Simples,Reta,Sim,2,0,1,0,1,0,1,2,"-9,38491309","-40,52809509",SPRF-PE,DEL06-PE,UOP01-DEL06-PE
350129.0,2021-04-05,segunda-feira,18:28:00,PE,232,"408,9",SERRA TALHADA,Acessar a via sem observar a presença dos outros veículos,Atropelamento de Pedestre,Com Vítimas Feridas,Plena Noite,Crescente,Céu Claro,Simples,Declive,Sim,3,0,2,0,1,0,2,2,"-7,981944","-38,289467",SPRF-PE,DEL04-PE,UOP01-DEL04-PE
350191.0,2021-04-06,terça-feira,08:10:00,PE,101,"70,8",RECIFE,Área urbana sem a presença de local apropriado para a travessia de pedestres,Colisão traseira,Com Vítimas Feridas,Pleno dia,Decrescente,Sol,Dupla,Reta,Sim,2,0,1,0,1,0,1,2,"-8,075779","-34,942724",SPRF-PE,DEL01-PE,UOP01-DEL01-PE
350195.0,2021-04-06,terça-feira,07:15:00,PE,101,"64,9",RECIFE,Acessar a via sem observar a presença dos outros veículos,Colisão lateral mesmo sentido,Com Vítimas Feridas,Pleno dia,Crescente,Céu Claro,Dupla,Reta,Sim,3,0,3,0,0,0,3,2,"-8,02521","-34,942982",SPRF-PE,DEL01-PE,UOP01-DEL01-PE
350202.0,2021-04-05,segunda-feira,20:00:00,PE,232,"109,5",BEZERROS,Velocidade Incompatível,Saída de leito carroçável,Com Vítimas Feridas,Plena Noite,Crescente,Nublado,Dupla,Curva,Não,1,0,0,1,0,0,1,1,"-8,28036785","-35,81085313",SPRF-PE,DEL02-PE,UOP03-DEL02-PE
350247.0,2021-04-06,terça-feira,14:00:00,PE,232,134,CARUARU,Acessar a via sem observar a presença dos outros veículos,Colisão transversal,Com Vítimas Feridas,Pleno dia,Crescente,Céu Claro,Dupla,Reta,Não,3,0,0,2,1,0,2,2,"-8,30853497","-36,02442101",SPRF-PE,DEL02-PE,UOP03-DEL02-PE
350339.0,2021-04-06,terça-feira,18:25:00,PE,101,"58,2",RECIFE,Trafegar com motocicleta (ou similar) entre as faixas,Colisão lateral mesmo sentido,Com Vítimas Feridas,Anoitecer,Decrescente,Céu Claro,Dupla,Reta,Sim,3,0,2,0,1,0,2,3,"-7,97063209","-34,92064675",SPRF-PE,DEL01-PE,UOP02-DEL01-PE
350402.0,2021-04-01,quinta-feira,11:15:00,PE,101,"96,5",CABO DE SANTO AGOSTINHO,Ausência de reação do condutor,Colisão com objeto,Com Vítimas Fatais,Pleno dia,Crescente,Céu Claro,Dupla,Reta,Não,1,1,0,0,0,0,0,1,"-8,25146993","-35,021805",SPRF-PE,DEL01-PE,UOP03-DEL01-PE
350419.0,2021-04-03,sábado,14:25:00,PE,407,"129,1",PETROLINA,Transitar na contramão,Colisão frontal,Com Vítimas Feridas,Pleno dia,Crescente,Céu Claro,Múltipla,Reta,Não,2,0,1,0,1,0,1,2,"-9,39958299","-40,50459298",SPRF-PE,DEL06-PE,UOP01-DEL06-PE