id,data_inversa,dia_semana,horario,uf,br,km,municipio,causa_acidente,tipo_acidente,classificacao_acidente,fase_dia,sentido_via,condicao_metereologica,tipo_pista,tracado_via,uso_solo,pessoas,mortos,feridos_leves,feridos_graves,ilesos,ignorados,feridos,veiculos,latitude,longitude,regional,delegacia,uop
350437.0,2021-04-07,quarta-feira,15:15:00,PE,101,67,RECIFE,Condutor deixou de manter distância do veículo da frente,Colisão traseira,Com Vítimas Feridas,Pleno dia,Crescente,Céu Claro,Dupla,Reta,Sim,2,0,1,0,1,0,1,2,"-8,042334","-34,943096",SPRF-PE,DEL01-PE,UOP01-DEL01-PE
350509.0,2021-04-07,quarta-feira,21:30:00,PE,408,81,PAUDALHO,Obstrução na via,Eventos atípicos,Sem Vítimas,Plena Noite,Decrescente,Céu Claro,Dupla,Reta,Sim,1,0,0,0,1,0,0,1,"-7,937515","-35,127442",SPRF-PE,DEL01-PE,UOP01-DEL01-PE
350541.0,2021-04-08,quinta-feira,06:30:00,PE,428,"32,9",OROCO,Reação tardia ou ineficiente do condutor,Capotamento,Com Vítimas Feridas,Amanhecer,Crescente,Céu Claro,Simples,Reta,Não,4,0,1,0,3,0,1,1,"-8,52303468","-39,49547817",SPRF-PE,DEL05-PE,UOP03-DEL05-PE
350747.0,2021-04-09,sexta-feira,11:05:00,PE,232,9,JABOATAO DOS GUARARAPES,Transitar no acostamento,Atropelamento de Pedestre,Com Vítimas Feridas,Pleno dia,Decrescente,Sol,Dupla,Reta,Sim,2,0,1,0,0,1,1,2,"-8,07764447","-34,97863609",SPRF-PE,DEL01-PE,UOP01-DEL01-PE
350828.0,2021-04-09,sexta-feira,19:30:00,PE,104,"45,8",CARUARU,Velocidade Incompatível,Saída de leito carroçável,Com Vítimas Feridas,Plena Noite,Crescente,Nublado,Dupla,Curva,Não,1,0,0,1,0,0,1,1,"-8,115897","-36,005388",SPRF-PE,DEL02-PE,UOP01-DEL02-PE
350952.0,2021-04-10,sábado,08:40:00,PE,232,"181,5",BELO JARDIM,Animais na Pista,Atropelamento de Animal,Com Vítimas Feridas,Pleno dia,Crescente,Céu Claro,Simples,Reta,Sim,2,0,1,1,0,0,2,1,"-8,34627974","-36,43776285",SPRF-PE,DEL02-PE,UOP03-DEL02-PE
351043.0,2021-04-10,sábado,17:25:00,PE,104,"37,2",CARUARU,Reação tardia ou ineficiente do condutor,Capotamento,Sem Vítimas,Plena Noite,Decrescente,Céu Claro,Dupla,Curva,Não,1,0,0,0,0,1,0,1,"-8,026115","-36,053188",SPRF-PE,DEL02-PE,UOP01-DEL02-PE
351093.0,2021-04-10,sábado,22:40:00,PE,101,"54,2",PAULISTA,Chuva,Colisão traseira,Sem Vítimas,Plena Noite,Crescente,Chuva,Dupla,Reta,Não,2,0,0,0,1,1,0,2,"-7,93961103","-34,90356584",SPRF-PE,DEL01-PE,UOP02-DEL01-PE
351138.0,2021-04-11,domingo,08:20:00,PE,101,"67,5",RECIFE,Acessar a via sem observar a presença dos outros veículos,Atropelamento de Pedestre,Com Vítimas Feridas,Pleno dia,Decrescente,Nublado,Dupla,Reta,Sim,2,0,0,1,1,0,1,2,"-8,04685","-34,944884",SPRF-PE,DEL01-PE,UOP01-DEL01-PE
351164.0,2021-02-27,sábado,21:40:00,PE,428,"190,7",PETROLINA,Condutor deixou de manter distância do veículo da frente,Tombamento,Com Vítimas Feridas,Plena Noite,Decrescente,Céu Claro,Simples,Em Obras,Sim,1,0,0,1,0,0,1,1,"-9,37605965","-40,49382106",SPRF-PE,DEL06-PE,UOP01-DEL06-PE
351214.0,2021-04-11,domingo,17:00:00,PE,104,"45,3",CARUARU,Acumulo de água sobre o pavimento,Saída de leito carroçável,Com Vítimas Feridas,Pleno dia,Decrescente,Chuva,Dupla,Curva,Não,2,0,1,0,1,0,1,1,"-8,1203","-35,999",SPRF-PE,DEL02-PE,UOP01-DEL02-PE
351299.0,2021-04-11,domingo,22:30:00,PE,232,"58,2",POMBOS,Ingestão de álcool pelo condutor,Colisão com objeto,Com Vítimas Fatais,Plena Noite,Decrescente,Nublado,Simples,Reta,Sim,2,1,0,1,0,0,1,1,"-8,145621","-35,392183",SPRF-PE,DEL02-PE,UOP02-DEL02PE
351322.0,2021-04-12,segunda-feira,02:40:00,PE,104,86,AGRESTINA,Condutor Dormindo,Colisão frontal,Com Vítimas Feridas,Plena Noite,Crescente,Nublado,Dupla,Reta,Não,2,0,0,1,1,0,1,2,"-8,446782","-35,951046",SPRF-PE,DEL02-PE,UOP01-DEL02-PE
351329.0,2021-04-12,segunda-feira,04:30:00,PE,104,"82,7",AGRESTINA,Animais na Pista,Atropelamento de Animal,Com Vítimas Feridas,Amanhecer,Decrescente,Garoa/Chuvisco,Simples,Reta,Não,1,0,1,0,0,0,1,1,"-8,414513","-35,967102",SPRF-PE,DEL02-PE,UOP01-DEL02-PE
351340.0,2021-04-11,domingo,18:00:00,PE,101,"3,2",GOIANA,Chuva,Saída de leito carroçável,Com Vítimas Feridas,Plena Noite,Crescente,Chuva,Dupla,Curva,Não,4,0,1,0,3,0,1,1,"-7,52387351","-34,99333161",SPRF-PE,DEL01-PE,UOP02-DEL01-PE
351344.0,2021-04-12,segunda-feira,06:30:00,PE,101,70,RECIFE,Ausência de sinalização,Colisão com objeto,Com Vítimas Feridas,Pleno dia,Crescente,Chuva,Dupla,Reta;Desvio Temporário;Em Obra,Sim,1,0,1,0,0,0,1,1,"-8,06776119","-34,94265074",SPRF-PE,DEL01-PE,UOP01-DEL01-PE
351356.0,2021-04-12,segunda-feira,07:00:00,PE,423,176,AGUAS BELAS,Conversão proibida,Colisão lateral sentido oposto,Com Vítimas Fatais,Pleno dia,Decrescente,Nublado,Simples,Reta,Sim,2,1,0,0,1,0,0,2,"-9,12985134","-37,10552899",SPRF-AL,DEL03-AL,UOP02-DEL03-AL
351402.0,2021-04-12,segunda-feira,12:45:00,PE,104,"66,7",CARUARU,Condutor deixou de manter distância do veículo da frente,Colisão traseira,Sem Vítimas,Pleno dia,Decrescente,Chuva,Dupla,Reta,Sim,2,0,0,0,2,0,0,2,"-8,2937","-35,9864",SPRF-PE,DEL02-PE,UOP01-DEL02-PE
351446.0,2021-03-30,terça-feira,10:05:00,PE,104,"42,6",CARUARU,Acessar a via sem observar a presença dos outros veículos,Colisão transversal,Com Vítimas Fatais,Pleno dia,Crescente,Céu Claro,Dupla,Reta,Não,3,1,0,1,1,0,1,2,"-8,1065","-36,0218",SPRF-PE,DEL02-PE,UOP01-DEL02-PE
351538.0,2021-04-07,quarta-feira,17:30:00,PE,232,"222,2",PESQUEIRA,Pista esburacada,Colisão frontal,Com Vítimas Feridas,Pleno dia,Crescente,Céu Claro,Simples,Reta,Não,4,0,0,3,1,0,3,2,"-8,40265548","-36,80111291",SPRF-PE,DEL03-PE,UOP02-DEL03-PE
351542.0,2021-04-13,terça-feira,08:50:00,PE,101,48,ABREU E LIMA,Manobra de mudança de faixa,Colisão traseira,Com Vítimas Feridas,Pleno dia,Decrescente,Céu Claro,Múltipla,Reta,Sim,2,0,1,0,1,0,1,2,"-7,89174705","-34,9033493",SPRF-PE,DEL01-PE,UOP02-DEL01-PE
351577.0,2021-04-13,terça-feira,12:15:00,PE,101,"103,1",CABO DE SANTO AGOSTINHO,Retorno proibido,Colisão transversal,Sem Vítimas,Pleno dia,Crescente,Céu Claro,Simples,Reta;Declive                  ,Sim,3,0,0,0,3,0,0,2,"-8,294293","-35,054743",SPRF-PE,DEL01-PE,UOP03-DEL01-PE
351591.0,2021-04-13,terça-feira,11:00:00,PE,101,"80,5",JABOATAO DOS GUARARAPES,Reação tardia ou ineficiente do condutor,Colisão lateral mesmo sentido,Com Vítimas Feridas,Pleno dia,Decrescente,Céu Claro,Dupla,Reta,Sim,3,0,1,1,1,0,2,2,"-8,15614","-34,941413",SPRF-PE,DEL01-PE,UOP01-DEL01-PE
351700.0,2021-04-14,quarta-feira,05:15:00,PE,232,"272,5",SERTANIA,Animais na Pista,Atropelamento de Animal,Com Vítimas Feridas,Amanhecer,Decrescente,Nublado,Simples,Reta,Não,1,0,1,0,0,0,1,1,"-8,39246716","-37,23343809",SPRF-PE,DEL03-PE,UOP02-DEL03-PE
351704.0,2021-03-25,quinta-feira,10:10:00,PE,101,"51,6",PAULISTA,Velocidade Incompatível,Colisão traseira,Com Vítimas Feridas,Pleno dia,Decrescente,Nublado,Dupla,Interseção de Vias,Sim,3,0,2,0,1,0,2,2,"-7,9169968","-34,89689272",SPRF-PE,DEL01-PE,UOP02-DEL01-PE
351733.0,2021-04-14,quarta-feira,11:29:00,PE,232,5,RECIFE,Condutor deixou de manter distância do veículo da frente,Colisão traseira,Com Vítimas Feridas,Pleno dia,Crescente,Chuva,Dupla,Reta,Sim,3,0,1,0,2,0,1,3,"-8,06795766","-34,94535414",SPRF-PE,DEL01-PE,UOP01-DEL01-PE
351761.0,2021-04-14,quarta-feira,10:30:00,PE,408,"86,2",PAUDALHO,Velocidade Incompatível,Saída de leito carroçável,Com Vítimas Feridas,Pleno dia,Decrescente,Chuva,Múltipla,Reta,Não,2,0,2,0,0,0,2,1,"-7,961201","-35,094105",SPRF-PE,DEL01-PE,UOP01-DEL01-PE
351769.0,2021-04-14,quarta-feira,16:00:00,PE,232,8,RECIFE,Manobra de mudança de faixa,Colisão lateral mesmo sentido,Com Vítimas Feridas,Pleno dia,Decrescente,Céu Claro,Dupla,Reta,Sim,2,0,1,0,1,0,1,2,"-8,07583727","-34,97015791",SPRF-PE,DEL01-PE,UOP01-DEL01-PE
351781.0,2021-04-14,quarta-feira,17:20:00,PE,101,"29,8",ITAPISSUMA,Acumulo de areia ou detritos sobre o pavimento,Tombamento,Com Vítimas Feridas,Anoitecer,Crescente,Nublado,Dupla,Reta,Não,2,0,2,0,0,0,2,1,"-7,72939697","-34,94185854",SPRF-PE,DEL01-PE,UOP02-DEL01-PE
351807.0,2021-04-14,quarta-feira,17:40:00,PE,232,"4,8",RECIFE,Condutor deixou de manter distância do veículo da frente,Colisão traseira,Sem Vítimas,Plena Noite,Crescente,Nublado,Dupla,Declive;Reta                  ,Sim,3,0,0,0,3,0,0,3,"-8,067461","-34,94411",SPRF-PE,DEL01-PE,UOP01-DEL01-PE
351836.0,2021-02-09,terça-feira,18:50:00,PE,101,"81,5",JABOATAO DOS GUARARAPES,Condutor deixou de manter distância do veículo da frente,Colisão traseira,Com Vítimas Feridas,Plena Noite,Decrescente,Ignorado,Dupla,Reta,Sim,2,0,1,0,1,0,1,2,"-8,16456","-34,938827",SPRF-PE,DEL01-PE,UOP03-DEL01-PE
351840.0,2021-04-15,quinta-feira,04:00:00,PE,232,"43,3",VITORIA DE SANTO ANTAO,Condutor deixou de manter distância do veículo da frente,Colisão traseira,Com Vítimas Feridas,Amanhecer,Decrescente,Céu Claro,Dupla,Reta,Não,2,0,1,0,1,0,1,2,"-8,121108","-35,266719",SPRF-PE,DEL01-PE,UOP01-DEL01-PE
351907.0,2021-03-27,sábado,05:30:00,PE,101,"48,1",ABREU E LIMA,Pedestre cruzava a pista fora da faixa,Atropelamento de Pedestre,Com Vítimas Fatais,Pleno dia,Decrescente,Céu Claro,Dupla,Declive,Sim,2,1,0,0,1,0,0,2,"-7,89174705","-34,9033493",SPRF-PE,DEL01-PE,UOP02-DEL01-PE
351921.0,2021-03-30,terça-feira,18:00:00,PE,104,"102,8",CUPIRA,Ingestão de álcool pelo condutor,Colisão frontal,Com Vítimas Feridas,Plena Noite,Crescente,Céu Claro,Simples,Reta,Não,2,0,0,1,1,0,1,2,"-8,581185","-35,950191",SPRF-PE,DEL02-PE,UOP01-DEL02-PE
352054.0,2021-04-16,sexta-feira,06:35:00,PE,101,64,RECIFE,Trafegar com motocicleta (ou similar) entre as faixas,Colisão lateral mesmo sentido,Com Vítimas Feridas,Pleno dia,Crescente,Céu Claro,Múltipla,Reta,Não,2,0,1,0,1,0,1,2,"-8,023567","-34,942907",SPRF-PE,DEL01-PE,UOP01-DEL01-PE
352080.0,2021-04-16,sexta-feira,09:15:00,PE,101,"69,5",RECIFE,Avarias e/ou desgaste excessivo no pneu,Eventos atípicos,Com Vítimas Feridas,Pleno dia,Crescente,Céu Claro,Dupla,Reta,Sim,2,0,1,0,1,0,1,2,"-8,0635","-34,94476318",SPRF-PE,DEL01-PE,UOP01-DEL01-PE
352117.0,2021-04-16,sexta-feira,13:15:00,PE,101,"47,3",IGARASSU,Chuva,Colisão com objeto,Com Vítimas Feridas,Pleno dia,Crescente,Chuva,Múltipla,Reta,Sim,2,0,0,1,1,0,1,2,"-7,88290701","-34,90461208",SPRF-PE,DEL01-PE,UOP02-DEL01-PE
352185.0,2021-04-16,sexta-feira,19:15:00,PE,428,186,PETROLINA,Acessar a via sem observar a presença dos outros veículos,Colisão transversal,Com Vítimas Feridas,Plena Noite,Decrescente,Céu Claro,Simples,Reta,Sim,2,0,1,1,0,0,2,2,"-9,34807826","-40,47441248",SPRF-PE,DEL06-PE,UOP01-DEL06-PE
352243.0,2021-04-17,sábado,00:15:00,PE,424,"94,8",GARANHUNS,Condutor deixou de manter distância do veículo da frente,Colisão traseira,Com Vítimas Feridas,Plena Noite,Decrescente,Céu Claro,Simples,Curva,Não,3,0,0,2,0,1,2,2,"-8,91590392","-36,48883344",SPRF-PE,DEL03-PE,UOP01-DEL03-PE
352391.0,2021-04-17,sábado,18:15:00,PE,424,91,GARANHUNS,Acesso irregular,Colisão frontal,Sem Vítimas,Plena Noite,Crescente,Garoa/Chuvisco,Simples,Reta,Sim,2,0,0,0,2,0,0,2,"-8,90409633","-36,49974647",SPRF-PE,DEL03-PE,UOP01-DEL03-PE
352433.0,2021-04-17,sábado,22:45:00,PE,424,"90,3",GARANHUNS,Ingestão de álcool pelo condutor,Colisão transversal,Sem Vítimas,Plena Noite,Crescente,Nublado,Simples,Curva,Sim,2,0,0,0,2,0,0,2,"-8,899307","-36,502873",SPRF-PE,DEL03-PE,UOP01-DEL03-PE
352439.0,2021-04-17,sábado,23:00:00,PE,428,182,PETROLINA,Ingestão de álcool pelo condutor,Colisão traseira,Com Vítimas Feridas,Plena Noite,Decrescente,Céu Claro,Simples,Reta,Não,5,0,2,1,2,0,3,2,"-9,31614989","-40,45800722",SPRF-PE,DEL06-PE,UOP01-DEL06-PE
352525.0,2021-04-18,domingo,12:30:00,PE,101,"91,4",JABOATAO DOS GUARARAPES,Reação tardia ou ineficiente do condutor,Saída de leito carroçável,Com Vítimas Feridas,Pleno dia,Crescente,Chuva,Dupla,Reta,Não,3,0,2,0,1,0,2,3,"-8,22399812","-34,99290474",SPRF-PE,DEL01-PE,UOP01-DEL01-PE
352530.0,2021-04-18,domingo,12:00:00,PE,101,37,ITAPISSUMA,Conversão proibida,Colisão transversal,Com Vítimas Feridas,Pleno dia,Decrescente,Nublado,Dupla,Curva,Não,2,0,0,1,1,0,1,2,"-7,79726705","-34,9274932",SPRF-PE,DEL01-PE,UOP02-DEL01-PE
352559.0,2021-04-18,domingo,16:40:00,PE,407,"129,1",PETROLINA,Desrespeitar a preferência no cruzamento,Colisão transversal,Com Vítimas Feridas,Pleno dia,Decrescente,Céu Claro,Múltipla,Aclive,Não,3,0,0,2,1,0,2,2,"-9,39958299","-40,50459298",SPRF-PE,DEL06-PE,UOP01-DEL06-PE
352576.0,2021-04-18,domingo,17:40:00,PE,423,96,GARANHUNS,Desrespeitar a preferência no cruzamento,Colisão transversal,Com Vítimas Feridas,Plena Noite,Crescente,Garoa/Chuvisco,Simples,Interseção de Vias,Sim,3,0,1,1,1,0,2,2,"-8,88021822","-36,48651678",SPRF-PE,DEL03-PE,UOP01-DEL03-PE
352583.0,2021-04-18,domingo,18:20:00,PE,232,413,SERRA TALHADA,Reação tardia ou ineficiente do condutor,Colisão traseira,Com Vítimas Feridas,Plena Noite,Decrescente,Garoa/Chuvisco,Simples,Reta,Não,2,0,1,0,1,0,1,2,"-7,98857087","-38,32972307",SPRF-PE,DEL04-PE,UOP01-DEL04-PE
352596.0,2021-04-18,domingo,17:10:00,PE,232,"19,1",JABOATAO DOS GUARARAPES,Reação tardia ou ineficiente do condutor,Colisão com objeto,Com Vítimas Feridas,Anoitecer,Crescente,Nublado,Dupla,Curva,Não,1,0,1,0,0,0,1,1,"-8,098174","-35,062647",SPRF-PE,DEL01-PE,UOP01-DEL01-PE
352622.0,2021-04-18,domingo,17:40:00,PE,232,171,BELO JARDIM,Ingestão de álcool pelo condutor,Colisão lateral sentido oposto,Com Vítimas Feridas,Anoitecer,Decrescente,Céu Claro,Simples,Curva,Não,6,0,3,0,3,0,3,3,"-8,34239456","-36,35216713",SPRF-PE,DEL02-PE,UOP03-DEL02-PE
352634.0,2021-04-18,domingo,20:30:00,PE,423,61,LAJEDO,Desrespeitar a preferência no cruzamento,Colisão transversal,Com Vítimas Feridas,Plena Noite,Decrescente,Garoa/Chuvisco,Simples,Interseção de Vias,Sim,4,0,1,0,3,0,1,2,"-8,65805731","-36,32866993",SPRF-PE,DEL03-PE,UOP01-DEL03-PE
352656.0,2021-04-19,segunda-feira,00:00:00,PE,423,69,JUPI,Reação tardia ou ineficiente do condutor,Saída de leito carroçável,Sem Vítimas,Plena Noite,Crescente,Céu Claro,Simples,Aclive,Não,1,0,0,0,0,1,0,1,"-8,67648714","-36,40182687",SPRF-PE,DEL03-PE,UOP01-DEL03-PE
352724.0,2021-04-19,segunda-feira,12:15:00,PE,101,"46,2",IGARASSU,Velocidade Incompatível,Colisão transversal,Com Vítimas Feridas,Pleno dia,Decrescente,Céu Claro,Múltipla,Retorno Regulamentado,Sim,2,0,1,0,1,0,1,2,"-7,87406004","-34,90588126",SPRF-PE,DEL01-PE,UOP02-DEL01-PE
352797.0,2021-04-19,segunda-feira,17:45:00,PE,408,"94,5",SAO LOURENCO DA MATA,Reação tardia ou ineficiente do condutor,Atropelamento de Pedestre,Com Vítimas Feridas,Anoitecer,Decrescente,Céu Claro,Dupla,Reta,Sim,2,0,0,2,0,0,2,2,"-8,010143","-35,042584",SPRF-PE,DEL01-PE,UOP01-DEL01-PE
352895.0,2021-04-20,terça-feira,07:45:00,PE,101,"55,8",PAULISTA,Reação tardia ou ineficiente do condutor,Colisão traseira,Com Vítimas Feridas,Pleno dia,Crescente,Nublado,Dupla,Reta,Não,2,0,1,0,1,0,1,2,"-7,94806621","-34,9062148",SPRF-PE,DEL01-PE,UOP02-DEL01-PE
352918.0,2021-04-20,terça-feira,09:30:00,PE,101,88,JABOATAO DOS GUARARAPES,Chuva,Colisão transversal,Com Vítimas Feridas,Pleno dia,Crescente,Chuva,Dupla,Reta,Sim,2,0,1,0,1,0,1,2,"-8,19971387","-34,9785382",SPRF-PE,DEL01-PE,UOP01-DEL01-PE
352929.0,2021-03-31,quarta-feira,11:10:00,PE,104,27,TORITAMA,Manobra de mudança de faixa,Colisão frontal,Com Vítimas Feridas,Pleno dia,Decrescente,Céu Claro,Simples,Reta,Sim,2,0,0,1,1,0,1,2,"-8,0051","-36,0804",SPRF-PE,DEL02-PE,UOP01-DEL02-PE
352950.0,2021-04-20,terça-feira,14:50:00,PE,232,134,CARUARU,Velocidade Incompatível,Colisão traseira,Com Vítimas Feridas,Pleno dia,Crescente,Sol,Dupla,Aclive,Sim,3,0,2,0,1,0,2,2,"-8,308272","-36,023394",SPRF-PE,DEL02-PE,UOP03-DEL02-PE
353172.0,2021-04-21,quarta-feira,18:10:00,PE,232,"408,5",SERRA TALHADA,Ausência de reação do condutor,Tombamento,Com Vítimas Feridas,Plena Noite,Decrescente,Céu Claro,Simples,Interseção de Vias,Sim,1,0,1,0,0,0,1,1,"-7,98371447","-38,28047709",SPRF-PE,DEL04-PE,UOP01-DEL04-PE
353215.0,2021-04-21,quarta-feira,17:00:00,PE,316,10,ARARIPINA,Ultrapassagem Indevida,Capotamento,Com Vítimas Feridas,Pleno dia,Crescente,Céu Claro,Simples,Curva,Não,2,0,1,0,0,1,1,1,"-7,49021077","-40,59008002",SPRF-PE,DEL05-PE,UOP02-DEL05-PE
353225.0,2021-04-21,quarta-feira,23:20:00,PE,101,82,JABOATAO DOS GUARARAPES,Ausência de reação do condutor,Colisão lateral mesmo sentido,Com Vítimas Feridas,Plena Noite,Crescente,Céu Claro,Simples,Reta,Sim,2,0,0,2,0,0,2,2,"-8,168383","-34,9376",SPRF-PE,DEL01-PE,UOP01-DEL01-PE
353268.0,2021-04-22,quinta-feira,07:30:00,PE,101,"69,2",RECIFE,Acessar a via sem observar a presença dos outros veículos,Colisão transversal,Com Vítimas Feridas,Pleno dia,Crescente,Nublado,Múltipla,Reta,Não,2,0,0,2,0,0,2,2,"-8,05951606","-34,94581024",SPRF-PE,DEL01-PE,UOP01-DEL01-PE
353282.0,2021-04-02,sexta-feira,16:50:00,PE,101,69,RECIFE,Condutor deixou de manter distância do veículo da frente,Colisão traseira,Com Vítimas Feridas,Anoitecer,Decrescente,Céu Claro,Dupla,Viaduto,Sim,2,0,1,0,1,0,1,2,"-8,05951606","-34,94581024",SPRF-PE,DEL01-PE,UOP01-DEL01-PE
353312.0,2021-04-22,quinta-feira,14:00:00,PE,407,"124,5",PETROLINA,Desrespeitar a preferência no cruzamento,Colisão transversal,Com Vítimas Feridas,Pleno dia,Crescente,Céu Claro,Dupla,Rotatória,Não,2,0,2,0,0,0,2,2,"-9,37759621","-40,53852081",SPRF-PE,DEL06-PE,UOP01-DEL06-PE
353313.0,2021-04-22,quinta-feira,12:30:00,PE,101,"141,8",RIBEIRAO,Acessar a via sem observar a presença dos outros veículos,Colisão lateral mesmo sentido,Com Vítimas Feridas,Pleno dia,Crescente,Nublado,Dupla,Reta,Não,2,0,0,1,1,0,1,2,"-8,44013935","-35,33528377",SPRF-PE,DEL01-PE,UOP01-DEL01-PE
353322.0,2021-04-22,quinta-feira,14:40:00,PE,428,184,PETROLINA,Ingestão de álcool pelo condutor,Colisão com objeto,Com Vítimas Feridas,Pleno dia,Crescente,Sol,Simples,Em Obras,Sim,1,0,0,1,0,0,1,1,"-9,33211208","-40,46621385",SPRF-PE,DEL06-PE,UOP01-DEL06-PE
353336.0,2021-04-22,quinta-feira,16:00:00,PE,232,"42,9",VITORIA DE SANTO ANTAO,Velocidade Incompatível,Colisão com objeto,Com Vítimas Feridas,Pleno dia,Crescente,Céu Claro,Dupla,Curva,Sim,3,0,1,0,1,1,1,2,"-8,117179","-35,260707",SPRF-PE,DEL01-PE,UOP01-DEL01-PE
353376.0,2021-04-22,quinta-feira,19:05:00,PE,424,89,GARANHUNS,Acessar a via sem observar a presença dos outros veículos,Colisão transversal,Com Vítimas Feridas,Plena Noite,Crescente,Céu Claro,Simples,Curva,Sim,2,0,1,0,1,0,1,2,"-8,89138375","-36,50571483",SPRF-PE,DEL03-PE,UOP01-DEL03-PE
353573.0,2021-04-23,sexta-feira,23:05:00,PE,101,"50,4",ABREU E LIMA,Desrespeitar a preferência no cruzamento,Colisão transversal,Com Vítimas Feridas,Plena Noite,Crescente,Céu Claro,Múltipla,Reta,Sim,4,0,3,0,1,0,3,3,"-7,9169968","-34,89689272",SPRF-PE,DEL01-PE,UOP02-DEL01-PE
353694.0,2021-04-24,sábado,19:35:00,PE,101,46,IGARASSU,Ausência de reação do condutor,Atropelamento de Pedestre,Com Vítimas Feridas,Plena Noite,Decrescente,Céu Claro,Múltipla,Reta,Sim,3,0,0,1,1,1,1,2,"-7,87502988","-34,90590334",SPRF-PE,DEL01-PE,UOP02-DEL01-PE
353764.0,2021-04-25,domingo,04:00:00,PE,407,"119,5",PETROLINA,Ingestão de álcool e/ou substâncias psicoativas pelo pedestre,Saída de leito carroçável,Sem Vítimas,Plena Noite,Crescente,Céu Claro,Simples,Reta,Não,1,0,0,0,1,0,0,1,"-9,33026316","-40,56422728",SPRF-PE,DEL06-PE,UOP02-DEL06-PE
353812.0,2021-04-25,domingo,10:20:00,PE,232,81,GRAVATA,Velocidade Incompatível,Capotamento,Sem Vítimas,Pleno dia,Decrescente,Céu Claro,Dupla,Reta,Sim,1,0,0,0,0,1,0,1,"-8,19697746","-35,57850408",SPRF-PE,DEL02-PE,UOP02-DEL02PE
353868.0,2021-04-25,domingo,18:00:00,PE,101,98,CABO DE SANTO AGOSTINHO,Animais na Pista,Atropelamento de Animal,Com Vítimas Feridas,Plena Noite,Crescente,Céu Claro,Dupla,Reta,Não,2,0,1,0,1,0,1,1,"-8,25653422","-35,03811793",SPRF-PE,DEL01-PE,UOP01-DEL01-PE
353881.0,2021-04-25,domingo,17:20:00,PE,423,"93,7",GARANHUNS,Ingestão de álcool pelo condutor,Colisão traseira,Sem Vítimas,Anoitecer,Decrescente,Céu Claro,Dupla,Rotatória,Sim,3,0,0,0,2,1,0,2,"-8,87451962","-36,4699549",SPRF-PE,DEL03-PE,UOP01-DEL03-PE
353891.0,2021-04-25,domingo,19:30:00,PE,101,79,JABOATAO DOS GUARARAPES,Condutor deixou de manter distância do veículo da frente,Colisão traseira,Sem Vítimas,Plena Noite,Crescente,Céu Claro,Dupla,Reta,Sim,2,0,0,0,1,1,0,2,"-8,14366112","-34,94723453",SPRF-PE,DEL01-PE,UOP01-DEL01-PE
353985.0,2021-04-26,segunda-feira,08:00:00,PE,424,86,GARANHUNS,Acessar a via sem observar a presença dos outros veículos,Colisão transversal,Com Vítimas Feridas,Pleno dia,Decrescente,Nublado,Simples,Reta;Declive                  ,Sim,2,0,1,0,0,1,1,2,"-8,86970121","-36,50819063",SPRF-PE,DEL03-PE,UOP01-DEL03-PE
354131.0,2021-04-27,terça-feira,04:00:00,PE,232,96,SAIRE,Transitar na contramão,Colisão lateral sentido oposto,Sem Vítimas,Plena Noite,Decrescente,Céu Claro,Dupla,Reta,Não,3,0,0,0,3,0,0,3,"-8,23076854","-35,70778281",SPRF-PE,DEL02-PE,UOP02-DEL02PE
354200.0,2021-04-27,terça-feira,13:25:00,PE,101,60,RECIFE,Ausência de reação do condutor,Colisão traseira,Com Vítimas Feridas,Pleno dia,Decrescente,Céu Claro,Múltipla,Reta,Sim,2,0,1,0,1,0,1,2,"-7,98344307","-34,93176727",SPRF-PE,DEL01-PE,UOP02-DEL01-PE
354229.0,2021-04-27,terça-feira,18:20:00,PE,101,65,RECIFE,Condutor deixou de manter distância do veículo da frente,Colisão traseira,Com Vítimas Feridas,Plena Noite,Crescente,Céu Claro,Dupla,Reta,Sim,2,0,1,0,1,0,1,2,"-8,026975","-34,94299",SPRF-PE,DEL01-PE,UOP01-DEL01-PE
354237.0,2021-04-27,terça-feira,18:10:00,PE,428,191,PETROLINA,Manobra de mudança de faixa,Colisão lateral mesmo sentido,Com Vítimas Feridas,Plena Noite,Decrescente,Nublado,Múltipla,Reta,Sim,2,0,1,0,1,0,1,2,"-9,38352402","-40,51714897",SPRF-PE,DEL06-PE,UOP01-DEL06-PE
354289.0,2021-04-28,quarta-feira,05:30:00,PE,232,"305,1",SERTANIA,Animais na Pista,Atropelamento de Animal,Sem Vítimas,Pleno dia,Decrescente,Céu Claro,Simples,Declive,Não,1,0,0,0,1,0,0,1,"-8,19109556","-37,44132256",SPRF-PE,DEL03-PE,UOP02-DEL03-PE
354304.0,2021-04-28,quarta-feira,08:13:00,PE,101,"55,5",PAULISTA,Frear bruscamente,Colisão lateral mesmo sentido,Com Vítimas Feridas,Pleno dia,Crescente,Garoa/Chuvisco,Múltipla,Reta,Não,2,0,1,0,1,0,1,2,"-7,94806621","-34,9062148",SPRF-PE,DEL01-PE,UOP02-DEL01-PE
354328.0,2021-04-28,quarta-feira,10:10:00,PE,101,67,RECIFE,Condutor usando celular,Colisão com objeto,Com Vítimas Feridas,Pleno dia,Decrescente,Céu Claro,Múltipla,Reta,Sim,1,0,1,0,0,0,1,1,"-8,045697","-34,94488",SPRF-PE,DEL01-PE,UOP01-DEL01-PE