id,data_inversa,dia_semana,horario,uf,br,km,municipio,causa_acidente,tipo_acidente,classificacao_acidente,fase_dia,sentido_via,condicao_metereologica,tipo_pista,tracado_via,uso_solo,pessoas,mortos,feridos_leves,feridos_graves,ilesos,ignorados,feridos,veiculos,latitude,longitude,regional,delegacia,uop
354335.0,2021-04-24,sábado,13:30:00,PE,101,25,GOIANA,Acessar a via sem observar a presença dos outros veículos,Colisão transversal,Com Vítimas Feridas,Pleno dia,Crescente,Céu Claro,Dupla,Retorno Regulamentado,Não,2,0,1,0,0,1,1,2,"-7,7009082","-34,9229207",SPRF-PE,DEL01-PE,UOP02-DEL01-PE
354344.0,2021-04-01,quinta-feira,22:15:00,PE,428,"187,8",PETROLINA,Trafegar com motocicleta (ou similar) entre as faixas,Colisão frontal,Com Vítimas Feridas,Plena Noite,Crescente,Céu Claro,Simples,Reta,Sim,4,0,2,1,0,1,3,3,"-9,35604301","-40,47854198",SPRF-PE,DEL06-PE,UOP01-DEL06-PE
354471.0,2021-04-29,quinta-feira,08:00:00,PE,423,"93,6",GARANHUNS,Conversão proibida,Colisão transversal,Com Vítimas Feridas,Pleno dia,Decrescente,Nublado,Simples,Reta,Sim,2,0,1,0,1,0,1,2,"-8,8738566","-36,46928787",SPRF-PE,DEL03-PE,UOP01-DEL03-PE
354643.0,2021-04-30,sexta-feira,08:00:00,PE,101,"81,5",JABOATAO DOS GUARARAPES,Acessar a via sem observar a presença dos outros veículos,Colisão transversal,Com Vítimas Feridas,Pleno dia,Crescente,Nublado,Dupla,Reta,Sim,2,0,1,1,0,0,2,2,"-8,1597489","-34,94024569",SPRF-PE,DEL01-PE,UOP01-DEL01-PE
354647.0,2021-04-30,sexta-feira,07:32:00,PE,116,27,SALGUEIRO,Transitar no acostamento,Colisão lateral sentido oposto,Com Vítimas Feridas,Pleno dia,Decrescente,Céu Claro,Simples,Reta,Sim,2,0,0,1,1,0,1,2,"-8,078546","-39,130867",SPRF-PE,DEL05-PE,UOP01-DEL05-PE
354678.0,2021-04-30,sexta-feira,11:15:00,PE,101,"70,4",RECIFE,Pedestre andava na pista,Atropelamento de Pedestre,Com Vítimas Feridas,Pleno dia,Decrescente,Nublado,Dupla,Reta,Sim,2,0,1,0,0,1,1,2,"-8,071416","-34,942406",SPRF-PE,DEL01-PE,UOP01-DEL01-PE
354711.0,2021-04-30,sexta-feira,11:20:00,PE,316,"25,5",ARARIPINA,Desrespeitar a preferência no cruzamento,Colisão frontal,Com Vítimas Feridas,Pleno dia,Decrescente,Céu Claro,Simples,Retorno Regulamentado,Sim,4,0,1,0,3,0,1,3,"-7,59595686","-40,49329368",SPRF-PE,DEL05-PE,UOP02-DEL05-PE
354712.0,2021-04-25,domingo,16:20:00,PE,423,61,LAJEDO,Transitar na contramão,Colisão frontal,Com Vítimas Feridas,Pleno dia,Crescente,Céu Claro,Simples,Reta,Sim,2,0,0,1,1,0,1,2,"-8,65805731","-36,32866993",SPRF-PE,DEL03-PE,UOP01-DEL03-PE
354713.0,2021-04-30,sexta-feira,14:00:00,PE,101,"69,6",RECIFE,Manobra de mudança de faixa,Colisão lateral mesmo sentido,Com Vítimas Feridas,Pleno dia,Crescente,Nublado,Dupla,Reta,Sim,2,0,0,1,1,0,1,2,"-8,064458","-34,944285",SPRF-PE,DEL01-PE,UOP01-DEL01-PE
354727.0,2021-04-30,sexta-feira,14:08:00,PE,101,67,RECIFE,Acessar a via sem observar a presença dos outros veículos,Colisão lateral mesmo sentido,Sem Vítimas,Pleno dia,Decrescente,Céu Claro,Dupla,Interseção de Vias,Sim,2,0,0,0,2,0,0,2,"-8,042334","-34,943096",SPRF-PE,DEL01-PE,UOP01-DEL01-PE
354793.0,2021-04-30,sexta-feira,19:35:00,PE,232,410,SERRA TALHADA,Ingestão de álcool e/ou substâncias psicoativas pelo pedestre,Atropelamento de Pedestre,Com Vítimas Fatais,Plena Noite,Decrescente,Céu Claro,Simples,Reta,Sim,2,1,0,1,0,0,1,2,"-7,98261841","-38,30039606",SPRF-PE,DEL04-PE,UOP01-DEL04-PE
354841.0,2021-04-30,sexta-feira,21:25:00,PE,232,"94,9",SAIRE,Demais falhas mecânicas ou elétricas,Saída de leito carroçável,Com Vítimas Feridas,Pleno dia,Decrescente,Céu Claro,Dupla,Reta,Não,1,0,1,0,0,0,1,1,"-8,22473335","-35,69081624",SPRF-PE,DEL02-PE,UOP02-DEL02PE
354910.0,2021-05-01,sábado,09:10:00,PE,101,58,RECIFE,Reação tardia ou ineficiente do condutor,Saída de leito carroçável,Com Vítimas Feridas,Pleno dia,Decrescente,Céu Claro,Dupla,Reta,Não,3,0,1,0,2,0,1,2,"-7,97063209","-34,92064675",SPRF-PE,DEL01-PE,UOP02-DEL01-PE
354929.0,2021-05-01,sábado,11:05:00,PE,101,"43,9",IGARASSU,Reação tardia ou ineficiente do condutor,Colisão com objeto,Sem Vítimas,Pleno dia,Crescente,Céu Claro,Múltipla,Reta,Sim,1,0,0,0,0,1,0,1,"-7,84753808","-34,90977038",SPRF-PE,DEL01-PE,UOP02-DEL01-PE
354995.0,2021-05-01,sábado,18:30:00,PE,101,"29,1",ITAPISSUMA,Reação tardia ou ineficiente do condutor,Colisão com objeto,Com Vítimas Feridas,Plena Noite,Decrescente,Nublado,Dupla,Reta,Não,2,0,1,0,1,0,1,1,"-7,72939697","-34,94185854",SPRF-PE,DEL01-PE,UOP02-DEL01-PE
355011.0,2021-05-01,sábado,18:24:00,PE,101,"43,9",IGARASSU,Acessar a via sem observar a presença dos outros veículos,Colisão transversal,Com Vítimas Feridas,Plena Noite,Decrescente,Céu Claro,Múltipla,Reta,Sim,2,0,1,0,1,0,1,2,"-7,84753808","-34,90977038",SPRF-PE,DEL01-PE,UOP02-DEL01-PE
355013.0,2021-05-01,sábado,19:15:00,PE,101,44,IGARASSU,Condutor deixou de manter distância do veículo da frente,Colisão traseira,Com Vítimas Feridas,Plena Noite,Decrescente,Céu Claro,Múltipla,Reta,Sim,2,0,1,0,1,0,1,2,"-7,85637001","-34,90842109",SPRF-PE,DEL01-PE,UOP02-DEL01-PE
355018.0,2021-05-01,sábado,17:00:00,PE,101,"160,1",GAMELEIRA,Velocidade Incompatível,Saída de leito carroçável,Com Vítimas Feridas,Anoitecer,Decrescente,Nublado,Dupla,Aclive,Não,3,0,0,3,0,0,3,1,"-8,55559186","-35,42237611",SPRF-PE,DEL01-PE,UOP01-DEL01-PE
355115.0,2021-05-01,sábado,13:30:00,PE,232,10,JABOATAO DOS GUARARAPES,Demais falhas mecânicas ou elétricas,Saída de leito carroçável,Sem Vítimas,Pleno dia,Crescente,Chuva,Dupla,Aclive,Sim,1,0,0,0,0,1,0,1,"-8,07948694","-34,98849392",SPRF-PE,DEL01-PE,UOP01-DEL01-PE
355121.0,2021-05-02,domingo,07:00:00,PE,101,"63,5",RECIFE,Ingestão de álcool pelo condutor,Colisão lateral mesmo sentido,Sem Vítimas,Pleno dia,Crescente,Nublado,Dupla,Reta,Sim,2,0,0,0,1,1,0,2,"-8,00800604","-34,93756535",SPRF-PE,DEL01-PE,UOP01-DEL01-PE
355153.0,2021-05-02,domingo,11:30:00,PE,104,"60,1",CARUARU,Acessar a via sem observar a presença dos outros veículos,Colisão transversal,Sem Vítimas,Pleno dia,Decrescente,Nublado,Dupla,Retorno Regulamentado,Sim,2,0,0,0,2,0,0,2,"-8,2438","-35,9752",SPRF-PE,DEL02-PE,UOP01-DEL02-PE
355190.0,2021-05-02,domingo,15:00:00,PE,408,"48,8",NAZARE DA MATA,Ausência de reação do condutor,Saída de leito carroçável,Com Vítimas Feridas,Pleno dia,Decrescente,Céu Claro,Simples,Reta,Não,5,0,5,0,0,0,5,1,"-7,71258178","-35,23873456",SPRF-PE,DEL01-PE,UOP02-DEL01-PE
355192.0,2021-05-02,domingo,15:15:00,PE,101,"59,4",RECIFE,Entrada inopinada do pedestre,Atropelamento de Pedestre,Com Vítimas Feridas,Pleno dia,Crescente,Céu Claro,Dupla,Reta,Não,3,0,0,1,2,0,1,2,"-7,97698963","-34,92621303",SPRF-PE,DEL01-PE,UOP02-DEL01-PE
355198.0,2021-05-02,domingo,16:35:00,PE,428,"177,6",PETROLINA,Transitar na contramão,Colisão frontal,Com Vítimas Feridas,Pleno dia,Decrescente,Céu Claro,Simples,Interseção de Vias;Reta       ,Não,2,0,0,1,1,0,1,2,"-9,27622623","-40,43753454",SPRF-PE,DEL06-PE,UOP01-DEL06-PE
355211.0,2021-05-02,domingo,17:40:00,PE,232,"9,6",RECIFE,Pedestre cruzava a pista fora da faixa,Atropelamento de Pedestre,Com Vítimas Feridas,Plena Noite,Crescente,Nublado,Dupla,Reta,Sim,2,0,1,0,0,1,1,2,"-8,07764447","-34,97863609",SPRF-PE,DEL01-PE,UOP01-DEL01-PE
355244.0,2021-05-02,domingo,19:30:00,PE,101,"44,6",IGARASSU,Velocidade Incompatível,Colisão traseira,Sem Vítimas,Plena Noite,Decrescente,Céu Claro,Múltipla,Reta,Sim,2,0,0,0,2,0,0,2,"-7,85637001","-34,90842109",SPRF-PE,DEL01-PE,UOP02-DEL01-PE
355245.0,2021-05-02,domingo,19:10:00,PE,101,"65,5",RECIFE,Pedestre andava na pista,Atropelamento de Pedestre,Com Vítimas Feridas,Plena Noite,Crescente,Céu Claro,Dupla,Reta,Sim,2,0,0,1,0,1,1,2,"-8,029385","-34,943252",SPRF-PE,DEL01-PE,UOP01-DEL01-PE
355317.0,2021-05-03,segunda-feira,07:30:00,PE,232,"4,4",RECIFE,Acessar a via sem observar a presença dos outros veículos,Colisão lateral mesmo sentido,Com Vítimas Feridas,Pleno dia,Crescente,Chuva,Dupla,Viaduto;Reta                  ,Sim,2,0,0,2,0,0,2,2,"-8,066012","-34,940777",SPRF-PE,DEL01-PE,UOP01-DEL01-PE
355643.0,2021-05-04,terça-feira,19:58:00,PE,408,102,RECIFE,Pista Escorregadia,Colisão com objeto,Sem Vítimas,Plena Noite,Decrescente,Chuva,Dupla,Reta,Não,1,0,0,0,1,0,0,1,"-8,05323195","-35,00247996",SPRF-PE,DEL01-PE,UOP01-DEL01-PE
355645.0,2021-05-04,terça-feira,17:25:00,PE,101,"57,4",RECIFE,Manobra de mudança de faixa,Colisão traseira,Com Vítimas Feridas,Anoitecer,Decrescente,Nublado,Dupla,Reta,Sim,3,0,0,1,1,1,1,3,"-7,96346213","-34,91513486",SPRF-PE,DEL01-PE,UOP02-DEL01-PE
355676.0,2021-05-05,quarta-feira,05:30:00,PE,101,"43,6",IGARASSU,Acessar a via sem observar a presença dos outros veículos,Colisão transversal,Com Vítimas Feridas,Amanhecer,Decrescente,Chuva,Múltipla,Reta,Sim,2,0,0,1,1,0,1,2,"-7,84753808","-34,90977038",SPRF-PE,DEL01-PE,UOP02-DEL01-PE
355687.0,2021-05-05,quarta-feira,06:50:00,PE,232,"118,4",CARUARU,Reação tardia ou ineficiente do condutor,Saída de leito carroçável,Com Vítimas Feridas,Pleno dia,Crescente,Chuva,Dupla,Reta,Não,1,0,1,0,0,0,1,1,"-8,29431633","-35,88437194",SPRF-PE,DEL02-PE,UOP03-DEL02-PE
355784.0,2021-05-05,quarta-feira,18:20:00,PE,101,"46,6",IGARASSU,Entrada inopinada do pedestre,Atropelamento de Pedestre,Com Vítimas Feridas,Plena Noite,Crescente,Céu Claro,Múltipla,Reta,Sim,2,0,1,0,1,0,1,2,"-7,87406004","-34,90588126",SPRF-PE,DEL01-PE,UOP02-DEL01-PE
355789.0,2021-05-05,quarta-feira,18:00:00,PE,232,"8,2",RECIFE,Reação tardia ou ineficiente do condutor,Colisão traseira,Com Vítimas Feridas,Plena Noite,Crescente,Céu Claro,Dupla,Reta,Sim,2,0,1,0,1,0,1,2,"-8,07583727","-34,97015791",SPRF-PE,DEL01-PE,UOP01-DEL01-PE
355817.0,2021-05-05,quarta-feira,11:05:00,PE,101,46,IGARASSU,Entrada inopinada do pedestre,Colisão transversal,Sem Vítimas,Pleno dia,Decrescente,Céu Claro,Múltipla,Reta,Sim,2,0,0,0,1,1,0,2,"-7,87406004","-34,90588126",SPRF-PE,DEL01-PE,UOP02-DEL01-PE
355879.0,2021-05-06,quinta-feira,07:30:00,PE,104,60,CARUARU,Acessar a via sem observar a presença dos outros veículos,Colisão lateral mesmo sentido,Com Vítimas Feridas,Pleno dia,Decrescente,Nublado,Dupla,Interseção de Vias,Sim,3,0,2,0,0,1,2,2,"-8,2438","-35,9752",SPRF-PE,DEL02-PE,UOP01-DEL02-PE
355882.0,2021-05-06,quinta-feira,08:00:00,PE,101,"78,9",RECIFE,Retorno proibido,Colisão transversal,Com Vítimas Feridas,Pleno dia,Decrescente,Céu Claro,Dupla,Reta,Sim,4,0,2,0,2,0,2,3,"-8,13496499","-34,94738614",SPRF-PE,DEL01-PE,UOP01-DEL01-PE
355903.0,2021-05-06,quinta-feira,09:45:00,PE,101,"54,5",PAULISTA,Demais falhas mecânicas ou elétricas,Queda de ocupante de veículo,Com Vítimas Feridas,Pleno dia,Decrescente,Céu Claro,Dupla,Reta,Sim,2,0,1,1,0,0,2,1,"-7,93961103","-34,90356584",SPRF-PE,DEL01-PE,UOP02-DEL01-PE
355914.0,2021-05-06,quinta-feira,10:00:00,PE,232,"5,1",RECIFE,Manobra de mudança de faixa,Colisão lateral mesmo sentido,Com Vítimas Feridas,Pleno dia,Decrescente,Céu Claro,Dupla,Reta,Não,2,0,1,0,1,0,1,2,"-8,06795766","-34,94535414",SPRF-PE,DEL01-PE,UOP01-DEL01-PE
356017.0,2021-05-06,quinta-feira,20:15:00,PE,101,55,PAULISTA,Entrada inopinada do pedestre,Atropelamento de Pedestre,Com Vítimas Feridas,Plena Noite,Crescente,Nublado,Dupla,Reta,Sim,2,0,0,1,1,0,1,2,"-7,94991617","-34,90800619",SPRF-PE,DEL01-PE,UOP02-DEL01-PE
356053.0,2021-05-07,sexta-feira,02:00:00,PE,101,"71,7",RECIFE,Animais na Pista,Colisão com objeto,Sem Vítimas,Plena Noite,Decrescente,Chuva,Dupla,Reta,Sim,1,0,0,0,1,0,0,1,"-8,07663102","-34,94277871",SPRF-PE,DEL01-PE,UOP01-DEL01-PE
356062.0,2021-05-07,sexta-feira,06:05:00,PE,101,82,JABOATAO DOS GUARARAPES,Condutor deixou de manter distância do veículo da frente,Colisão traseira,Sem Vítimas,Pleno dia,Crescente,Céu Claro,Dupla,Reta,Sim,2,0,0,0,2,0,0,2,"-8,168383","-34,9376",SPRF-PE,DEL01-PE,UOP01-DEL01-PE
356110.0,2021-05-07,sexta-feira,05:30:00,PE,232,23,MORENO,Condutor deixou de manter distância do veículo da frente,Colisão transversal,Sem Vítimas,Pleno dia,Decrescente,Sol,Dupla,Reta,Não,1,0,0,0,1,0,0,1,"-8,0992185","-35,09713887",SPRF-PE,DEL01-PE,UOP01-DEL01-PE
356150.0,2021-05-07,sexta-feira,09:57:00,PE,232,3,RECIFE,Retorno proibido,Eventos atípicos,Sem Vítimas,Pleno dia,Decrescente,Céu Claro,Dupla,Reta,Sim,1,0,0,0,1,0,0,1,"-8,060818","-34,928251",SPRF-PE,DEL01-PE,UOP01-DEL01-PE
356197.0,2021-05-07,sexta-feira,14:40:00,PE,316,21,ARARIPINA,Transitar no acostamento,Queda de ocupante de veículo,Com Vítimas Feridas,Pleno dia,Crescente,Sol,Simples,Curva,Sim,1,0,1,0,0,0,1,1,"-7,56839315","-40,52717307",SPRF-PE,DEL05-PE,UOP02-DEL05-PE
356208.0,2021-05-07,sexta-feira,17:15:00,PE,104,"64,8",CARUARU,Acessar a via sem observar a presença dos outros veículos,Colisão lateral mesmo sentido,Sem Vítimas,Anoitecer,Decrescente,Céu Claro,Simples,Interseção de Vias,Sim,2,0,0,0,2,0,0,2,"-8,2783","-35,9815",SPRF-PE,DEL02-PE,UOP01-DEL02-PE
356238.0,2021-05-07,sexta-feira,19:30:00,PE,101,104,CABO DE SANTO AGOSTINHO,Entrada inopinada do pedestre,Atropelamento de Pedestre,Com Vítimas Fatais,Plena Noite,Crescente,Nublado,Dupla,Reta,Sim,2,1,0,0,0,1,0,2,"-8,29747","-35,064029",SPRF-PE,DEL01-PE,UOP01-DEL01-PE
356330.0,2021-05-08,sábado,07:30:00,PE,101,88,JABOATAO DOS GUARARAPES,Acessar a via sem observar a presença dos outros veículos,Colisão transversal,Com Vítimas Fatais,Pleno dia,Crescente,Nublado,Dupla,Reta,Não,3,1,0,0,2,0,0,2,"-8,19971387","-34,9785382",SPRF-PE,DEL01-PE,UOP01-DEL01-PE
356442.0,2021-05-08,sábado,18:35:00,PE,232,"119,6",CARUARU,Pista esburacada,Queda de ocupante de veículo,Com Vítimas Fatais,Plena Noite,Crescente,Nublado,Dupla,Reta,Não,1,1,0,0,0,0,0,1,"-8,2962792","-35,89314995",SPRF-PE,DEL02-PE,UOP03-DEL02-PE
356485.0,2021-05-08,sábado,21:00:00,PE,104,25,TAQUARITINGA DO NORTE,Condutor Dormindo,Saída de leito carroçável,Com Vítimas Feridas,Plena Noite,Crescente,Céu Claro,Simples,Reta,Não,1,0,1,0,0,0,1,1,"-7,985154","-36,099102",SPRF-PE,DEL02-PE,UOP01-DEL02-PE
356570.0,2021-05-09,domingo,08:45:00,PE,101,"18,4",GOIANA,Velocidade Incompatível,Saída de leito carroçável,Com Vítimas Feridas,Pleno dia,Crescente,Chuva,Dupla,Reta,Não,3,0,1,0,2,0,1,1,"-7,64778973","-34,95054569",SPRF-PE,DEL01-PE,UOP02-DEL01-PE
356589.0,2021-05-09,domingo,11:40:00,PE,101,90,CABO DE SANTO AGOSTINHO,Reação tardia ou ineficiente do condutor,Colisão transversal,Com Vítimas Feridas,Pleno dia,Crescente,Nublado,Simples,Reta,Sim,2,0,1,0,1,0,1,2,"-8,21612792","-34,98772817",SPRF-PE,DEL01-PE,UOP01-DEL01-PE
356591.0,2021-05-09,domingo,10:20:00,PE,101,"70,1",RECIFE,Chuva,Saída de leito carroçável,Com Vítimas Feridas,Pleno dia,Decrescente,Chuva,Dupla,Reta,Não,3,0,1,0,2,0,1,1,"-8,06776119","-34,94265074",SPRF-PE,DEL01-PE,UOP01-DEL01-PE
356610.0,2021-05-09,domingo,13:15:00,PE,101,70,RECIFE,Condutor deixou de manter distância do veículo da frente,Engavetamento,Com Vítimas Feridas,Pleno dia,Decrescente,Nublado,Dupla,Reta,Sim,3,0,1,0,2,0,1,3,"-8,06776119","-34,94265074",SPRF-PE,DEL01-PE,UOP01-DEL01-PE
356615.0,2021-05-09,domingo,13:00:00,PE,232,79,GRAVATA,Condutor deixou de manter distância do veículo da frente,Colisão lateral mesmo sentido,Com Vítimas Feridas,Pleno dia,Crescente,Céu Claro,Múltipla,Reta,Não,3,0,2,0,1,0,2,3,"-8,19460572","-35,56074803",SPRF-PE,DEL02-PE,UOP02-DEL02PE
356625.0,2021-05-09,domingo,14:25:00,PE,408,"33,6",ALIANCA,Acessar a via sem observar a presença dos outros veículos,Colisão transversal,Com Vítimas Feridas,Pleno dia,Decrescente,Sol,Simples,Interseção de Vias,Não,2,0,1,0,1,0,1,2,"-7,5940327","-35,24470263",SPRF-PE,DEL01-PE,UOP02-DEL01-PE
356666.0,2021-05-09,domingo,17:30:00,PE,423,"97,1",GARANHUNS,Pedestre cruzava a pista fora da faixa,Atropelamento de Pedestre,Com Vítimas Feridas,Anoitecer,Crescente,Chuva,Simples,Aclive;Reta                   ,Sim,2,0,1,0,1,0,1,2,"-8,87788473","-36,49847031",SPRF-PE,DEL03-PE,UOP01-DEL03-PE
356711.0,2021-05-09,domingo,21:00:00,PE,101,103,CABO DE SANTO AGOSTINHO,Ingestão de álcool ou de substâncias psicoativas pelo pedestre,Atropelamento de Pedestre,Com Vítimas Feridas,Plena Noite,Decrescente,Nublado,Dupla,Curva,Não,2,0,0,1,1,0,1,2,"-8,29241321","-35,05598304",SPRF-PE,DEL01-PE,UOP01-DEL01-PE
356800.0,2021-05-10,segunda-feira,07:00:00,PE,101,80,JABOATAO DOS GUARARAPES,Condutor deixou de manter distância do veículo da frente,Colisão traseira,Sem Vítimas,Pleno dia,Crescente,Nublado,Dupla,Reta,Sim,2,0,0,0,2,0,0,2,"-8,15112589","-34,9428866",SPRF-PE,DEL01-PE,UOP01-DEL01-PE
356824.0,2021-05-10,segunda-feira,07:00:00,PE,101,99,CABO DE SANTO AGOSTINHO,Condutor deixou de manter distância do veículo da frente,Colisão lateral mesmo sentido,Com Vítimas Feridas,Pleno dia,Crescente,Chuva,Dupla,Reta,Sim,2,0,1,0,1,0,1,2,"-8,282131","-35,034027",SPRF-PE,DEL01-PE,UOP01-DEL01-PE
356841.0,2021-05-10,segunda-feira,10:00:00,PE,101,"67,1",RECIFE,Manobra de mudança de faixa,Colisão lateral mesmo sentido,Com Vítimas Feridas,Pleno dia,Crescente,Céu Claro,Múltipla,Reta,Sim,2,0,1,0,1,0,1,2,"-8,042334","-34,943096",SPRF-PE,DEL01-PE,UOP01-DEL01-PE
356893.0,2021-05-10,segunda-feira,15:15:00,PE,104,47,CARUARU,Pista esburacada,Saída de leito carroçável,Com Vítimas Feridas,Pleno dia,Crescente,Nublado,Dupla,Reta,Não,2,0,2,0,0,0,2,1,"-8,1354","-35,9906",SPRF-PE,DEL02-PE,UOP01-DEL02-PE
356894.0,2021-05-10,segunda-feira,16:10:00,PE,101,76,RECIFE,Desrespeitar a preferência no cruzamento,Colisão transversal,Com Vítimas Feridas,Pleno dia,Crescente,Nublado,Dupla,Interseção de Vias,Sim,3,0,2,0,1,0,2,2,"-8,11813811","-34,94329214",SPRF-PE,DEL01-PE,UOP01-DEL01-PE
356955.0,2021-05-10,segunda-feira,20:10:00,PE,104,"64,3",CARUARU,Acessar a via sem observar a presença dos outros veículos,Colisão lateral mesmo sentido,Com Vítimas Feridas,Plena Noite,Decrescente,Garoa/Chuvisco,Múltipla,Reta,Sim,3,0,2,0,1,0,2,2,"-8,2783","-35,9815",SPRF-PE,DEL02-PE,UOP01-DEL02-PE
356990.0,2021-05-11,terça-feira,01:50:00,PE,232,27,MORENO,Ausência de reação do condutor,Colisão com objeto,Com Vítimas Fatais,Plena Noite,Crescente,Chuva,Múltipla,Reta,Não,1,1,0,0,0,0,0,1,"-8,11429485","-35,12535095",SPRF-PE,DEL01-PE,UOP01-DEL01-PE
357005.0,2021-05-11,terça-feira,04:20:00,PE,116,52,SALGUEIRO,Acessar a via sem observar a presença dos outros veículos,Atropelamento de Pedestre,Com Vítimas Fatais,Plena Noite,Decrescente,Céu Claro,Simples,Reta,Não,2,1,0,0,1,0,0,2,"-8,293407","-39,120644",SPRF-PE,DEL05-PE,UOP01-DEL05-PE
357067.0,2021-05-11,terça-feira,13:20:00,PE,408,100,SAO LOURENCO DA MATA,Pista Escorregadia,Saída de leito carroçável,Com Vítimas Feridas,Pleno dia,Decrescente,Chuva,Dupla,Reta,Sim,1,0,1,0,0,0,1,1,"-8,04364056","-35,01674995",SPRF-PE,DEL01-PE,UOP01-DEL01-PE
357087.0,2021-05-05,quarta-feira,10:20:00,PE,101,"20,3",GOIANA,Condutor deixou de manter distância do veículo da frente,Colisão traseira,Com Vítimas Feridas,Pleno dia,Crescente,Céu Claro,Dupla,Reta,Não,2,0,1,0,0,1,1,2,"-7,66042701","-34,93780401",SPRF-PE,DEL01-PE,UOP02-DEL01-PE
357107.0,2021-04-25,domingo,19:40:00,PE,423,"58,2",LAJEDO,Avarias e/ou desgaste excessivo no pneu,Eventos atípicos,Com Vítimas Fatais,Plena Noite,Crescente,Céu Claro,Simples,Declive,Não,2,1,1,0,0,0,1,1,"-8,641083","-36,311294",SPRF-PE,DEL03-PE,UOP01-DEL03-PE
357109.0,2021-04-10,sábado,17:20:00,PE,423,"68,2",JUPI,Reação tardia ou ineficiente do condutor,Colisão transversal,Com Vítimas Feridas,Anoitecer,Decrescente,Chuva,Simples,Declive,Não,5,0,2,2,1,0,4,2,"-8,67263685","-36,39346504",SPRF-PE,DEL03-PE,UOP01-DEL03-PE
357141.0,2021-05-11,terça-feira,17:50:00,PE,101,47,ABREU E LIMA,Manobra de mudança de faixa,Colisão transversal,Com Vítimas Feridas,Plena Noite,Crescente,Nublado,Múltipla,Reta,Sim,2,0,1,0,1,0,1,2,"-7,88290701","-34,90461208",SPRF-PE,DEL01-PE,UOP02-DEL01-PE
357146.0,2021-05-11,terça-feira,19:45:00,PE,101,48,ABREU E LIMA,Condutor deixou de manter distância do veículo da frente,Colisão traseira,Com Vítimas Feridas,Plena Noite,Decrescente,Nublado,Múltipla,Reta,Sim,2,0,0,1,1,0,1,2,"-7,89174705","-34,9033493",SPRF-PE,DEL01-PE,UOP02-DEL01-PE
357160.0,2021-05-11,terça-feira,20:35:00,PE,101,"42,6",IGARASSU,Manobra de mudança de faixa,Colisão transversal,Com Vítimas Feridas,Plena Noite,Crescente,Nublado,Múltipla,Retorno Regulamentado;Reta    ,Sim,2,0,1,0,1,0,1,2,"-7,83887431","-34,91196739",SPRF-PE,DEL01-PE,UOP02-DEL01-PE
357240.0,2021-05-12,quarta-feira,07:00:00,PE,424,"76,4",CAETES,Manobra de mudança de faixa,Colisão lateral mesmo sentido,Com Vítimas Feridas,Pleno dia,Crescente,Céu Claro,Simples,Aclive,Não,5,0,4,1,0,0,5,2,"-8,80996529","-36,5762862",SPRF-PE,DEL03-PE,UOP01-DEL03-PE
357254.0,2021-05-12,quarta-feira,09:25:00,PE,408,82,PAUDALHO,Reação tardia ou ineficiente do condutor,Colisão lateral mesmo sentido,Com Vítimas Feridas,Pleno dia,Decrescente,Nublado,Dupla,Reta,Sim,3,0,2,1,0,0,3,3,"-7,94114095","-35,12370495",SPRF-PE,DEL01-PE,UOP01-DEL01-PE
357274.0,2021-05-12,quarta-feira,14:05:00,PE,232,"8,5",RECIFE,Manobra de mudança de faixa,Colisão lateral mesmo sentido,Com Vítimas Feridas,Pleno dia,Crescente,Nublado,Dupla,Reta,Sim,2,0,2,0,0,0,2,2,"-8,07583727","-34,97015791",SPRF-PE,DEL01-PE,UOP01-DEL01-PE
357449.0,2021-04-30,sexta-feira,18:30:00,PE,101,"37,2",ITAPISSUMA,Desrespeitar a preferência no cruzamento,Colisão transversal,Com Vítimas Feridas,Plena Noite,Decrescente,Nublado,Dupla,Aclive,Não,4,0,0,3,1,0,3,2,"-7,79726705","-34,9274932",SPRF-PE,DEL01-PE,UOP02-DEL01-PE
357453.0,2021-05-13,quinta-feira,11:25:00,PE,232,46,VITORIA DE SANTO ANTAO,Acumulo de água sobre o pavimento,Saída de leito carroçável,Com Vítimas Feridas,Pleno dia,Crescente,Chuva,Dupla,Reta,Não,1,0,1,0,0,0,1,1,"-8,13346726","-35,28918683",SPRF-PE,DEL01-PE,UOP01-DEL01-PE
357517.0,2021-05-13,quinta-feira,15:40:00,PE,104,72,CARUARU,Acostamento em desnível,Tombamento,Com Vítimas Feridas,Pleno dia,Crescente,Garoa/Chuvisco,Simples,Curva,Sim,2,0,0,2,0,0,2,1,"-8,33588106","-35,98043919",SPRF-PE,DEL02-PE,UOP01-DEL02-PE
357519.0,2021-05-13,quinta-feira,14:15:00,PE,101,73,RECIFE,Acumulo de água sobre o pavimento,Saída de leito carroçável,Com Vítimas Feridas,Pleno dia,Decrescente,Chuva,Dupla,Reta,Não,2,0,2,0,0,0,2,1,"-8,093369","-34,947464",SPRF-PE,DEL01-PE,UOP01-DEL01-PE