id,data_inversa,dia_semana,horario,uf,br,km,municipio,causa_acidente,tipo_acidente,classificacao_acidente,fase_dia,sentido_via,condicao_metereologica,tipo_pista,tracado_via,uso_solo,pessoas,mortos,feridos_leves,feridos_graves,ilesos,ignorados,feridos,veiculos,latitude,longitude,regional,delegacia,uop
357548.0,2021-05-13,quinta-feira,22:10:00,PE,232,"59,5",POMBOS,Acessar a via sem observar a presença dos outros veículos,Colisão lateral mesmo sentido,Sem Vítimas,Plena Noite,Decrescente,Chuva,Simples,Interseção de Vias,Sim,2,0,0,0,2,0,0,2,"-8,1471233","-35,39890998",SPRF-PE,DEL02-PE,UOP02-DEL02PE
357582.0,2021-05-06,quinta-feira,09:10:00,PE,101,71,RECIFE,Trafegar com motocicleta (ou similar) entre as faixas,Colisão lateral mesmo sentido,Com Vítimas Feridas,Pleno dia,Decrescente,Chuva,Múltipla,Reta,Sim,3,0,1,0,1,1,1,3,"-8,07663102","-34,94277871",SPRF-PE,DEL01-PE,UOP01-DEL01-PE
357619.0,2021-05-14,sexta-feira,11:20:00,PE,232,"27,1",MORENO,Chuva,Colisão com objeto,Com Vítimas Feridas,Pleno dia,Decrescente,Chuva,Dupla,Reta;Aclive                   ,Não,1,0,1,0,0,0,1,1,"-8,11418416","-35,12568999",SPRF-PE,DEL01-PE,UOP01-DEL01-PE
357737.0,2021-05-14,sexta-feira,21:40:00,PE,101,72,RECIFE,Animais na Pista,Atropelamento de Animal,Com Vítimas Feridas,Plena Noite,Decrescente,Nublado,Dupla,Reta,Sim,1,0,1,0,0,0,1,1,"-8,088935","-34,946687",SPRF-PE,DEL01-PE,UOP01-DEL01-PE
357821.0,2021-04-26,segunda-feira,17:10:00,PE,232,408,SERRA TALHADA,Acessar a via sem observar a presença dos outros veículos,Colisão lateral mesmo sentido,Com Vítimas Feridas,Anoitecer,Decrescente,Sol,Simples,Reta,Sim,2,0,1,1,0,0,2,2,"-7,98371447","-38,28047709",SPRF-PE,DEL04-PE,UOP01-DEL04-PE
357827.0,2021-05-15,sábado,08:20:00,PE,232,34,MORENO,Animais na Pista,Engavetamento,Com Vítimas Feridas,Pleno dia,Crescente,Sol,Dupla,Reta,Sim,6,0,1,0,5,0,1,5,"-8,10702537","-35,18394691",SPRF-PE,DEL01-PE,UOP01-DEL01-PE
357860.0,2021-05-15,sábado,14:15:00,PE,101,78,JABOATAO DOS GUARARAPES,Reação tardia ou ineficiente do condutor,Colisão transversal,Com Vítimas Feridas,Pleno dia,Crescente,Céu Claro,Dupla,Reta,Sim,2,0,1,0,1,0,1,2,"-8,131365","-34,945447",SPRF-PE,DEL01-PE,UOP01-DEL01-PE
357890.0,2021-05-15,sábado,16:36:00,PE,424,83,GARANHUNS,Velocidade Incompatível,Saída de leito carroçável,Sem Vítimas,Pleno dia,Crescente,Nublado,Simples,Curva,Não,1,0,0,0,0,1,0,1,"-8,848309","-36,520882",SPRF-PE,DEL03-PE,UOP01-DEL03-PE
357911.0,2021-05-15,sábado,17:55:00,PE,101,"49,4",ABREU E LIMA,Demais falhas mecânicas ou elétricas,Colisão traseira,Com Vítimas Feridas,Anoitecer,Crescente,Vento,Múltipla,Reta,Sim,3,0,1,0,2,0,1,3,"-7,9005152","-34,90180641",SPRF-PE,DEL01-PE,UOP02-DEL01-PE
357921.0,2021-05-15,sábado,18:40:00,PE,423,76,JUPI,Transitar na contramão,Colisão frontal,Com Vítimas Feridas,Plena Noite,Crescente,Nublado,Simples,Reta,Não,2,0,1,0,0,1,1,2,"-8,73183901","-36,43146015",SPRF-PE,DEL03-PE,UOP01-DEL03-PE
357930.0,2021-05-15,sábado,19:35:00,PE,101,"67,7",RECIFE,Reação tardia ou ineficiente do condutor,Colisão traseira,Com Vítimas Feridas,Plena Noite,Crescente,Céu Claro,Dupla,Reta,Sim,5,0,0,1,3,1,1,2,"-8,048193","-34,945388",SPRF-PE,DEL01-PE,UOP01-DEL01-PE
357995.0,2021-05-16,domingo,03:10:00,PE,104,57,CARUARU,Afundamento ou ondulação no pavimento,Tombamento,Com Vítimas Feridas,Plena Noite,Crescente,Céu Claro,Dupla,Reta,Não,1,0,1,0,0,0,1,1,"-8,2181","-35,9747",SPRF-PE,DEL02-PE,UOP01-DEL02-PE
358009.0,2021-05-16,domingo,05:30:00,PE,423,104,GARANHUNS,Ingestão de álcool pelo condutor,Colisão com objeto,Com Vítimas Feridas,Amanhecer,Crescente,Nublado,Simples,Reta,Não,3,0,2,0,0,1,2,1,"-8,878088","-36,55892",SPRF-PE,DEL03-PE,UOP01-DEL03-PE
358045.0,2021-05-16,domingo,09:50:00,PE,104,45,CARUARU,Demais falhas mecânicas ou elétricas,Saída de leito carroçável,Com Vítimas Feridas,Pleno dia,Decrescente,Céu Claro,Dupla,Curva,Não,1,0,1,0,0,0,1,1,"-8,1203","-35,999",SPRF-PE,DEL02-PE,UOP01-DEL02-PE
358081.0,2021-05-16,domingo,12:30:00,PE,408,36,ALIANCA,Ausência de reação do condutor,Saída de leito carroçável,Sem Vítimas,Pleno dia,Crescente,Céu Claro,Simples,Curva;Declive                 ,Não,1,0,0,0,0,1,0,1,"-7,61947891","-35,24140725",SPRF-PE,DEL01-PE,UOP02-DEL01-PE
358087.0,2021-05-16,domingo,14:15:00,PE,232,"13,2",JABOATAO DOS GUARARAPES,Reação tardia ou ineficiente do condutor,Saída de leito carroçável,Com Vítimas Fatais,Pleno dia,Crescente,Céu Claro,Dupla,Reta,Não,6,1,4,0,0,1,4,4,"-8,088178","-35,010816",SPRF-PE,DEL01-PE,UOP01-DEL01-PE
358097.0,2021-05-16,domingo,15:00:00,PE,101,"92,5",CABO DE SANTO AGOSTINHO,Acessar a via sem observar a presença dos outros veículos,Colisão transversal,Com Vítimas Feridas,Pleno dia,Decrescente,Céu Claro,Simples,Reta,Sim,4,0,0,2,2,0,2,3,"-8,23201792","-34,99778611",SPRF-PE,DEL01-PE,UOP01-DEL01-PE
358223.0,2021-05-17,segunda-feira,00:05:00,PE,408,"85,4",SAO LOURENCO DA MATA,Velocidade Incompatível,Saída de leito carroçável,Sem Vítimas,Plena Noite,Decrescente,Céu Claro,Dupla,Aclive,Não,1,0,0,0,0,1,0,1,"-7,956086","-35,10007",SPRF-PE,DEL01-PE,UOP01-DEL01-PE
358299.0,2021-05-17,segunda-feira,12:10:00,PE,232,9,RECIFE,Condutor deixou de manter distância do veículo da frente,Colisão traseira,Com Vítimas Feridas,Pleno dia,Decrescente,Sol,Dupla,Reta,Sim,2,0,1,0,1,0,1,2,"-8,07764447","-34,97863609",SPRF-PE,DEL01-PE,UOP01-DEL01-PE
358305.0,2021-04-30,sexta-feira,09:10:00,PE,408,"96,1",SAO LOURENCO DA MATA,Ausência de reação do condutor,Colisão traseira,Com Vítimas Feridas,Pleno dia,Crescente,Nublado,Dupla,Declive,Não,2,0,2,0,0,0,2,2,"-8,02062","-35,041045",SPRF-PE,DEL01-PE,UOP01-DEL01-PE
358336.0,2021-05-17,segunda-feira,15:59:00,PE,428,"186,9",PETROLINA,Reação tardia ou ineficiente do condutor,Colisão traseira,Com Vítimas Feridas,Pleno dia,Crescente,Nublado,Simples,Reta,Sim,2,0,1,0,1,0,1,2,"-9,34807826","-40,47441248",SPRF-PE,DEL06-PE,UOP01-DEL06-PE
358342.0,2021-05-01,sábado,19:30:00,PE,408,"60,6",TRACUNHAEM,Transitar na contramão,Colisão frontal,Com Vítimas Feridas,Plena Noite,Crescente,Chuva,Simples,Curva,Não,6,0,3,1,1,1,4,3,"-7,81426694","-35,24460015",SPRF-PE,DEL01-PE,UOP01-DEL01-PE
358353.0,2021-05-17,segunda-feira,16:15:00,PE,232,176,BELO JARDIM,Acessar a via sem observar a presença dos outros veículos,Colisão frontal,Com Vítimas Feridas,Pleno dia,Crescente,Nublado,Simples,Reta,Não,2,0,0,1,1,0,1,2,"-8,34573608","-36,39481995",SPRF-PE,DEL02-PE,UOP03-DEL02-PE
358357.0,2021-05-17,segunda-feira,17:50:00,PE,101,72,RECIFE,Transitar no acostamento,Colisão transversal,Com Vítimas Feridas,Anoitecer,Decrescente,Nublado,Dupla,Reta,Sim,2,0,1,0,1,0,1,2,"-8,08493106","-34,9450639",SPRF-PE,DEL01-PE,UOP01-DEL01-PE
358401.0,2021-05-17,segunda-feira,21:00:00,PE,101,66,RECIFE,Condutor deixou de manter distância do veículo da frente,Colisão com objeto,Com Vítimas Feridas,Plena Noite,Decrescente,Céu Claro,Dupla,Interseção de Vias,Sim,2,0,2,0,0,0,2,1,"-8,03368534","-34,94184125",SPRF-PE,DEL01-PE,UOP01-DEL01-PE
358453.0,2021-04-04,domingo,18:25:00,PE,104,"67,9",CARUARU,Condutor deixou de manter distância do veículo da frente,Colisão traseira,Com Vítimas Feridas,Plena Noite,Decrescente,Chuva,Dupla,Reta,Sim,2,0,1,1,0,0,2,1,"-8,3016","-35,9882",SPRF-PE,DEL02-PE,UOP01-DEL02-PE
358467.0,2021-05-18,terça-feira,08:00:00,PE,408,"95,4",SAO LOURENCO DA MATA,Condutor deixou de manter distância do veículo da frente,Colisão traseira,Com Vítimas Feridas,Pleno dia,Crescente,Céu Claro,Dupla,Reta,Não,2,0,1,0,1,0,1,2,"-8,01186091","-35,04237616",SPRF-PE,DEL01-PE,UOP01-DEL01-PE
358494.0,2021-05-18,terça-feira,13:30:00,PE,428,"177,9",PETROLINA,Ingestão de álcool pelo condutor,Colisão transversal,Com Vítimas Feridas,Pleno dia,Decrescente,Céu Claro,Simples,Reta,Não,2,0,1,0,1,0,1,2,"-9,27622623","-40,43753454",SPRF-PE,DEL06-PE,UOP01-DEL06-PE
358496.0,2021-05-17,segunda-feira,10:20:00,PE,232,"447,9",SAO JOSE DO BELMONTE,Acessar a via sem observar a presença dos outros veículos,Colisão transversal,Com Vítimas Feridas,Pleno dia,Crescente,Céu Claro,Simples,Curva,Sim,2,0,0,1,0,1,1,2,"-7,99961227","-38,61712517",SPRF-PE,DEL04-PE,UOP01-DEL04-PE
358614.0,2021-05-19,quarta-feira,06:30:00,PE,101,91,CABO DE SANTO AGOSTINHO,Ultrapassagem Indevida,Colisão lateral mesmo sentido,Com Vítimas Feridas,Pleno dia,Decrescente,Céu Claro,Múltipla,Curva,Sim,2,0,1,0,1,0,1,2,"-8,22399812","-34,99290474",SPRF-PE,DEL01-PE,UOP01-DEL01-PE
358654.0,2021-05-19,quarta-feira,11:40:00,PE,428,"186,6",PETROLINA,Conversão proibida,Colisão transversal,Com Vítimas Feridas,Pleno dia,Crescente,Sol,Simples,Reta,Sim,2,0,1,0,1,0,1,2,"-9,36351487","-40,48241168",SPRF-PE,DEL06-PE,UOP01-DEL06-PE
358673.0,2021-04-30,sexta-feira,12:20:00,PE,101,77,RECIFE,Acessar a via sem observar a presença dos outros veículos,Colisão transversal,Com Vítimas Feridas,Pleno dia,Crescente,Chuva,Dupla,Reta,Sim,2,0,1,0,1,0,1,2,"-8,126982","-34,94386",SPRF-PE,DEL01-PE,UOP01-DEL01-PE
358709.0,2021-05-19,quarta-feira,16:30:00,PE,407,129,PETROLINA,Modificação proibida,Colisão traseira,Com Vítimas Feridas,Pleno dia,Decrescente,Sol,Dupla,Ponte,Sim,2,0,1,0,1,0,1,2,"-9,40617677","-40,50449967",SPRF-PE,DEL06-PE,UOP01-DEL06-PE
358858.0,2021-05-20,quinta-feira,11:30:00,PE,232,"77,9",GRAVATA,Estacionar ou parar em local proibido,Colisão traseira,Com Vítimas Feridas,Pleno dia,Decrescente,Sol,Simples,Reta,Sim,2,0,1,0,1,0,1,2,"-8,19343863","-35,54300692",SPRF-PE,DEL02-PE,UOP02-DEL02PE
358887.0,2021-05-20,quinta-feira,15:40:00,PE,232,"6,1",RECIFE,Ausência de reação do condutor,Colisão lateral mesmo sentido,Com Vítimas Feridas,Pleno dia,Crescente,Céu Claro,Dupla,Reta,Não,3,0,1,1,1,0,2,2,"-8,07079525","-34,9535389",SPRF-PE,DEL01-PE,UOP01-DEL01-PE
358895.0,2021-05-20,quinta-feira,16:55:00,PE,101,"73,2",RECIFE,Condutor deixou de manter distância do veículo da frente,Colisão lateral mesmo sentido,Sem Vítimas,Pleno dia,Decrescente,Céu Claro,Dupla,Reta,Sim,3,0,0,0,2,1,0,2,"-8,094905","-34,948488",SPRF-PE,DEL01-PE,UOP01-DEL01-PE
358917.0,2021-05-20,quinta-feira,17:55:00,PE,232,"400,6",SERRA TALHADA,Ausência de reação do condutor,Tombamento,Com Vítimas Feridas,Plena Noite,Decrescente,Céu Claro,Simples,Curva,Não,2,0,2,0,0,0,2,1,"-8,01192014","-38,23408003",SPRF-PE,DEL04-PE,UOP01-DEL04-PE
358927.0,2021-05-20,quinta-feira,18:50:00,PE,232,"225,9",PESQUEIRA,Ingestão de álcool pelo condutor,Colisão lateral sentido oposto,Com Vítimas Feridas,Plena Noite,Crescente,Chuva,Simples,Reta,Não,2,0,1,0,1,0,1,2,"-8,40348197","-36,82849199",SPRF-PE,DEL03-PE,UOP02-DEL03-PE
358974.0,2021-05-20,quinta-feira,09:40:00,PE,,,SAO LOURENCO DA MATA,Ausência de reação do condutor,Colisão com objeto,Sem Vítimas,Pleno dia,Não Informado,Céu Claro,Simples,Declive,Não,1,0,0,0,1,0,0,1,"-8,011298","-35,042343",SPRF-PE,DEL01-PE,UOP01-DEL01-PE
358986.0,2021-05-21,sexta-feira,01:40:00,PE,232,"333,3",CUSTODIA,Animais na Pista,Atropelamento de Animal,Sem Vítimas,Plena Noite,Decrescente,Chuva,Simples,Reta,Não,1,0,0,0,1,0,0,1,"-8,08965239","-37,61544943",SPRF-PE,DEL03-PE,UOP02-DEL03-PE
358993.0,2021-05-21,sexta-feira,04:30:00,PE,232,"66,5",GRAVATA,Condutor Dormindo,Saída de leito carroçável,Com Vítimas Feridas,Plena Noite,Decrescente,Chuva,Simples,Reta,Não,6,0,4,1,1,0,5,1,"-8,16707371","-35,45583389",SPRF-PE,DEL02-PE,UOP02-DEL02PE
359021.0,2021-05-21,sexta-feira,08:40:00,PE,101,"66,9",RECIFE,Condutor deixou de manter distância do veículo da frente,Colisão traseira,Sem Vítimas,Pleno dia,Crescente,Nublado,Dupla,Reta,Sim,2,0,0,0,2,0,0,2,"-8,03368534","-34,94184125",SPRF-PE,DEL01-PE,UOP01-DEL01-PE
359027.0,2021-05-21,sexta-feira,07:40:00,PE,101,"66,9",RECIFE,Trafegar com motocicleta (ou similar) entre as faixas,Colisão traseira,Com Vítimas Feridas,Pleno dia,Crescente,Chuva,Dupla,Reta,Sim,3,0,1,0,2,0,1,2,"-8,04151609","-34,94271582",SPRF-PE,DEL01-PE,UOP01-DEL01-PE
359032.0,2021-05-21,sexta-feira,07:20:00,PE,101,"109,2",CABO DE SANTO AGOSTINHO,Pista esburacada,Colisão lateral mesmo sentido,Com Vítimas Feridas,Pleno dia,Crescente,Garoa/Chuvisco,Dupla,Curva,Não,3,0,1,0,2,0,1,2,"-8,31012798","-35,09967817",SPRF-PE,DEL01-PE,UOP01-DEL01-PE
359049.0,2021-05-21,sexta-feira,12:10:00,PE,101,66,RECIFE,Acessar a via sem observar a presença dos outros veículos,Colisão lateral mesmo sentido,Sem Vítimas,Pleno dia,Crescente,Céu Claro,Dupla,Curva,Sim,3,0,0,0,3,0,0,3,"-8,03368534","-34,94184125",SPRF-PE,DEL01-PE,UOP01-DEL01-PE
359221.0,2021-05-22,sábado,07:30:00,PE,101,167,RIBEIRAO,Manobra de mudança de faixa,Saída de leito carroçável,Com Vítimas Feridas,Pleno dia,Decrescente,Nublado,Dupla,Reta,Não,2,0,1,0,1,0,1,1,"-8,56679186","-35,47528312",SPRF-PE,DEL01-PE,UOP01-DEL01-PE
359306.0,2021-05-22,sábado,16:40:00,PE,101,"78,6",JABOATAO DOS GUARARAPES,Entrada inopinada do pedestre,Atropelamento de Pedestre,Com Vítimas Feridas,Pleno dia,Crescente,Céu Claro,Dupla,Reta,Não,2,0,1,0,1,0,1,2,"-8,142821","-34,947104",SPRF-PE,DEL01-PE,UOP01-DEL01-PE
359354.0,2021-05-22,sábado,18:50:00,PE,104,87,AGRESTINA,Ingestão de álcool pelo condutor,Colisão frontal,Com Vítimas Feridas,Plena Noite,Decrescente,Céu Claro,Simples,Reta,Sim,4,0,3,0,1,0,3,2,"-8,454104","-35,945515",SPRF-PE,DEL02-PE,UOP01-DEL02-PE
359389.0,2021-05-22,sábado,20:40:00,PE,232,"329,9",CUSTODIA,Reação tardia ou ineficiente do condutor,Colisão traseira,Sem Vítimas,Plena Noite,Crescente,Nublado,Simples,Declive;Reta                  ,Não,2,0,0,0,2,0,0,2,"-8,09062964","-37,60175697",SPRF-PE,DEL03-PE,UOP02-DEL03-PE
359398.0,2021-05-22,sábado,21:00:00,PE,232,"412,6",SERRA TALHADA,Reação tardia ou ineficiente do condutor,Colisão com objeto,Sem Vítimas,Plena Noite,Crescente,Céu Claro,Simples,Ponte,Sim,1,0,0,0,0,1,0,1,"-7,98377927","-38,3208774",SPRF-PE,DEL04-PE,UOP01-DEL04-PE
359439.0,2021-05-23,domingo,03:50:00,PE,408,69,PAUDALHO,Velocidade Incompatível,Saída de leito carroçável,Com Vítimas Fatais,Plena Noite,Crescente,Nublado,Dupla,Reta,Não,2,2,0,0,0,0,0,1,"-7,87003147","-35,20278623",SPRF-PE,DEL01-PE,UOP01-DEL01-PE
359476.0,2021-05-23,domingo,08:05:00,PE,101,112,IPOJUCA,Demais falhas mecânicas ou elétricas,Colisão com objeto,Com Vítimas Feridas,Pleno dia,Decrescente,Sol,Dupla,Reta,Não,1,0,1,0,0,0,1,1,"-8,331422","-35,125286",SPRF-PE,DEL01-PE,UOP01-DEL01-PE
359522.0,2021-01-12,terça-feira,12:54:00,PE,232,168,TACAIMBO,Reação tardia ou ineficiente do condutor,Tombamento,Com Vítimas Feridas,Pleno dia,Decrescente,Ignorado,Simples,Reta,Não,1,0,0,1,0,0,1,1,"-8,34025462","-36,32320404",SPRF-PE,DEL02-PE,UOP03-DEL02-PE
359585.0,2021-05-23,domingo,20:00:00,PE,232,123,CARUARU,Ingestão de álcool pelo condutor,Colisão transversal,Sem Vítimas,Plena Noite,Decrescente,Céu Claro,Dupla,Reta,Não,2,0,0,0,2,0,0,2,"-8,30562575","-35,93336105",SPRF-PE,DEL02-PE,UOP03-DEL02-PE
359639.0,2021-05-23,domingo,23:40:00,PE,428,"176,9",PETROLINA,Pedestre andava na pista,Atropelamento de Pedestre,Com Vítimas Fatais,Plena Noite,Decrescente,Céu Claro,Simples,Reta,Não,2,1,0,0,0,1,0,2,"-9,26824308","-40,43343586",SPRF-PE,DEL06-PE,UOP01-DEL06-PE
359703.0,2021-05-24,segunda-feira,09:50:00,PE,232,"66,5",GRAVATA,Reação tardia ou ineficiente do condutor,Saída de leito carroçável,Com Vítimas Feridas,Pleno dia,Decrescente,Sol,Dupla,Declive;Curva                 ,Não,1,0,1,0,0,0,1,1,"-8,16707371","-35,45583389",SPRF-PE,DEL02-PE,UOP02-DEL02PE
359706.0,2021-05-24,segunda-feira,08:18:00,PE,101,7,GOIANA,Manobra de mudança de faixa,Saída de leito carroçável,Com Vítimas Feridas,Pleno dia,Decrescente,Sol,Dupla,Curva,Não,3,0,2,0,0,1,2,2,"-7,55997111","-34,99072674",SPRF-PE,DEL01-PE,UOP02-DEL01-PE
359718.0,2021-05-24,segunda-feira,13:10:00,PE,101,"44,8",IGARASSU,Condutor deixou de manter distância do veículo da frente,Colisão traseira,Com Vítimas Feridas,Pleno dia,Decrescente,Sol,Múltipla,Reta,Sim,3,0,0,1,2,0,1,2,"-7,85637001","-34,90842109",SPRF-PE,DEL01-PE,UOP02-DEL01-PE
359720.0,2021-05-24,segunda-feira,13:49:00,PE,407,"126,3",PETROLINA,Retorno proibido,Colisão transversal,Com Vítimas Feridas,Pleno dia,Crescente,Sol,Simples,Reta,Sim,2,0,1,0,1,0,1,2,"-9,38491309","-40,52809509",SPRF-PE,DEL06-PE,UOP01-DEL06-PE
359759.0,2021-05-24,segunda-feira,16:55:00,PE,101,"78,2",RECIFE,Manobra de mudança de faixa,Colisão lateral mesmo sentido,Com Vítimas Feridas,Anoitecer,Decrescente,Céu Claro,Dupla,Reta,Sim,4,0,1,0,3,0,1,2,"-8,137335","-34,947342",SPRF-PE,DEL01-PE,UOP01-DEL01-PE
359776.0,2021-05-24,segunda-feira,19:40:00,PE,428,189,PETROLINA,Acessar a via sem observar a presença dos outros veículos,Colisão transversal,Com Vítimas Feridas,Plena Noite,Crescente,Céu Claro,Dupla,Reta,Sim,2,0,2,0,0,0,2,2,"-9,37197508","-40,48679585",SPRF-PE,DEL06-PE,UOP01-DEL06-PE
359793.0,2021-05-24,segunda-feira,21:50:00,PE,232,"97,6",BEZERROS,Condutor Dormindo,Colisão traseira,Com Vítimas Feridas,Plena Noite,Crescente,Céu Claro,Dupla,Reta,Não,3,0,1,0,2,0,1,2,"-8,23379718","-35,71628894",SPRF-PE,DEL02-PE,UOP02-DEL02PE
359814.0,2021-05-25,terça-feira,05:50:00,PE,232,"4,5",RECIFE,Condutor Dormindo,Colisão traseira,Com Vítimas Feridas,Pleno dia,Decrescente,Céu Claro,Dupla,Declive,Sim,6,0,1,0,5,0,1,2,"-8,064473","-34,936928",SPRF-PE,DEL01-PE,UOP01-DEL01-PE
359822.0,2021-05-25,terça-feira,06:40:00,PE,101,87,CABO DE SANTO AGOSTINHO,Condutor deixou de manter distância do veículo da frente,Colisão traseira,Com Vítimas Feridas,Pleno dia,Crescente,Sol,Simples,Reta,Sim,3,0,1,0,2,0,1,3,"-8,22567684","-34,96767998",SPRF-PE,DEL01-PE,UOP01-DEL01-PE
359899.0,2021-05-25,terça-feira,15:44:00,PE,407,"48,2",PETROLINA,Reação tardia ou ineficiente do condutor,Capotamento,Com Vítimas Feridas,Pleno dia,Decrescente,Céu Claro,Simples,Reta,Não,4,0,3,1,0,0,4,1,"-8,79740558","-40,86708064",SPRF-PE,DEL06-PE,UOP02-DEL06-PE
359927.0,2021-05-25,terça-feira,18:25:00,PE,232,"5,3",RECIFE,Condutor deixou de manter distância do veículo da frente,Colisão traseira,Com Vítimas Feridas,Plena Noite,Decrescente,Nublado,Dupla,Reta,Sim,3,0,1,0,2,0,1,3,"-8,06795766","-34,94535414",SPRF-PE,DEL01-PE,UOP01-DEL01-PE
360019.0,2021-05-26,quarta-feira,08:25:00,PE,232,127,CARUARU,Acessar a via sem observar a presença dos outros veículos,Colisão lateral mesmo sentido,Com Vítimas Feridas,Pleno dia,Crescente,Céu Claro,Simples,Viaduto,Sim,2,0,1,0,1,0,1,2,"-8,30610303","-35,96342301",SPRF-PE,DEL02-PE,UOP03-DEL02-PE
360194.0,2021-05-14,sexta-feira,22:45:00,PE,316,58,TRINDADE,Transitar na contramão,Colisão frontal,Com Vítimas Feridas,Plena Noite,Decrescente,Chuva,Simples,Aclive,Sim,2,0,0,1,0,1,1,2,"-7,75370631","-40,26496546",SPRF-PE,DEL05-PE,UOP02-DEL05-PE
360282.0,2021-05-23,domingo,19:00:00,PE,424,"43,9",VENTUROSA,Falta de acostamento,Colisão traseira,Com Vítimas Feridas,Plena Noite,Crescente,Nevoeiro/Neblina,Simples,Aclive,Não,3,0,0,2,1,0,2,2,"-8,674274","-36,808548",SPRF-PE,DEL03-PE,UOP01-DEL03-PE
360310.0,2021-05-27,quinta-feira,17:30:00,PE,407,"121,4",PETROLINA,Demais falhas mecânicas ou elétricas,Tombamento,Com Vítimas Feridas,Anoitecer,Crescente,Céu Claro,Simples,Reta,Não,3,0,2,0,1,0,2,1,"-9,34588493","-40,55509788",SPRF-PE,DEL06-PE,UOP01-DEL06-PE
360357.0,2021-05-27,quinta-feira,18:30:00,PE,428,141,PETROLINA,Acessar a via sem observar a presença dos outros veículos,Colisão lateral mesmo sentido,Com Vítimas Feridas,Anoitecer,Decrescente,Ignorado,Simples,Reta,Sim,1,0,0,1,0,0,1,1,"-8,99987394","-40,2721263",SPRF-PE,DEL06-PE,UOP01-DEL06-PE
360415.0,2021-05-22,sábado,09:30:00,PE,408,"86,6",PAUDALHO,Velocidade Incompatível,Saída de leito carroçável,Com Vítimas Feridas,Pleno dia,Decrescente,Céu Claro,Simples,Declive;Curva                 ,Não,2,0,0,2,0,0,2,1,"-7,96439","-35,092736",SPRF-PE,DEL01-PE,UOP01-DEL01-PE
360487.0,2021-05-28,sexta-feira,16:25:00,PE,101,"77,5",RECIFE,Acessar a via sem observar a presença dos outros veículos,Colisão lateral mesmo sentido,Com Vítimas Feridas,Pleno dia,Crescente,Nublado,Dupla,Reta;Retorno Regulamentado    ,Sim,2,0,1,0,1,0,1,2,"-8,126982","-34,94386",SPRF-PE,DEL01-PE,UOP01-DEL01-PE
360566.0,2021-05-28,sexta-feira,19:10:00,PE,423,"59,8",LAJEDO,Ultrapassagem Indevida,Colisão frontal,Com Vítimas Feridas,Plena Noite,Crescente,Céu Claro,Simples,Reta,Sim,4,0,2,0,2,0,2,2,"-8,64676387","-36,31558317",SPRF-PE,DEL03-PE,UOP01-DEL03-PE
360581.0,2021-05-28,sexta-feira,20:15:00,PE,101,103,CABO DE SANTO AGOSTINHO,Curva acentuada,Saída de leito carroçável,Com Vítimas Feridas,Plena Noite,Decrescente,Chuva,Dupla,Curva,Não,1,0,1,0,0,0,1,1,"-8,29241321","-35,05598304",SPRF-PE,DEL01-PE,UOP01-DEL01-PE
360665.0,2021-05-29,sábado,07:00:00,PE,101,89,JABOATAO DOS GUARARAPES,Ausência de reação do condutor,Capotamento,Com Vítimas Feridas,Pleno dia,Crescente,Céu Claro,Dupla,Curva,Não,1,0,1,0,0,0,1,1,"-8,20760697","-34,98372005",SPRF-PE,DEL01-PE,UOP01-DEL01-PE
360718.0,2021-05-29,sábado,11:50:00,PE,101,67,RECIFE,Condutor deixou de manter distância do veículo da frente,Colisão com objeto,Sem Vítimas,Pleno dia,Crescente,Sol,Dupla,Reta,Sim,1,0,0,0,1,0,0,1,"-8,042334","-34,943096",SPRF-PE,DEL01-PE,UOP01-DEL01-PE
360722.0,2021-05-29,sábado,13:15:00,PE,101,"77,8",RECIFE,Condutor deixou de manter distância do veículo da frente,Colisão lateral mesmo sentido,Com Vítimas Feridas,Pleno dia,Decrescente,Céu Claro,Dupla,Curva,Não,3,0,1,0,1,1,1,3,"-8,126982","-34,94386",SPRF-PE,DEL01-PE,UOP01-DEL01-PE
360781.0,2021-05-29,sábado,17:30:00,PE,104,77,AGRESTINA,Ingestão de álcool pelo condutor,Colisão traseira,Com Vítimas Feridas,Anoitecer,Decrescente,Céu Claro,Simples,Reta,Não,4,0,2,0,0,2,2,2,"-8,375978","-35,983662",SPRF-PE,DEL02-PE,UOP01-DEL02-PE
360791.0,2021-05-29,sábado,17:30:00,PE,104,"77,7",CARUARU,Animais na Pista,Atropelamento de Animal,Com Vítimas Feridas,Anoitecer,Decrescente,Céu Claro,Simples,Reta,Não,1,0,1,0,0,0,1,1,"-8,375978","-35,983662",SPRF-PE,DEL02-PE,UOP01-DEL02-PE
360840.0,2021-05-29,sábado,20:00:00,PE,232,391,SERRA TALHADA,Animais na Pista,Atropelamento de Animal,Com Vítimas Feridas,Plena Noite,Decrescente,Céu Claro,Simples,Reta,Não,2,0,2,0,0,0,2,1,"-8,03043186","-38,14760499",SPRF-PE,DEL04-PE,UOP01-DEL04-PE
361082.0,2021-05-30,domingo,22:00:00,PE,428,"190,3",PETROLINA,Ingestão de álcool pelo condutor,Colisão com objeto,Sem Vítimas,Plena Noite,Crescente,Céu Claro,Múltipla,Reta,Sim,3,0,0,0,1,2,0,2,"-9,37605965","-40,49382106",SPRF-PE,DEL06-PE,UOP01-DEL06-PE