id,data_inversa,dia_semana,horario,uf,br,km,municipio,causa_acidente,tipo_acidente,classificacao_acidente,fase_dia,sentido_via,condicao_metereologica,tipo_pista,tracado_via,uso_solo,pessoas,mortos,feridos_leves,feridos_graves,ilesos,ignorados,feridos,veiculos,latitude,longitude,regional,delegacia,uop
361143.0,2021-05-31,segunda-feira,03:00:00,PE,110,"101,6",SERTANIA,Problema na suspensão,Capotamento,Sem Vítimas,Plena Noite,Crescente,Nublado,Simples,Curva,Não,1,0,0,0,0,1,0,1,"-8,38806855","-37,32554829",SPRF-PE,DEL03-PE,UOP02-DEL03-PE
361172.0,2021-05-31,segunda-feira,12:30:00,PE,101,"42,1",IGARASSU,Ausência de reação do condutor,Colisão com objeto,Com Vítimas Feridas,Pleno dia,Crescente,Sol,Múltipla,Aclive;Reta                   ,Sim,2,0,2,0,0,0,2,1,"-7,83887431","-34,91196739",SPRF-PE,DEL01-PE,UOP02-DEL01-PE
361193.0,2021-05-31,segunda-feira,14:43:00,PE,101,94,CABO DE SANTO AGOSTINHO,Ausência de reação do condutor,Colisão com objeto,Com Vítimas Fatais,Pleno dia,Crescente,Nublado,Dupla,Curva,Não,1,1,0,0,0,0,0,1,"-8,251663","-35,026308",SPRF-PE,DEL01-PE,UOP01-DEL01-PE
361363.0,2021-06-01,terça-feira,12:30:00,PE,,,PETROLINA,Acessar a via sem observar a presença dos outros veículos,Colisão traseira,Sem Vítimas,Pleno dia,Não Informado,Céu Claro,Dupla,Rotatória,Não,2,0,0,0,2,0,0,2,"-9,37540502","-40,48813283",SPRF-PE,DEL06-PE,UOP01-DEL06-PE
361364.0,2021-06-01,terça-feira,12:45:00,PE,101,"67,9",RECIFE,Reação tardia ou ineficiente do condutor,Engavetamento,Com Vítimas Feridas,Pleno dia,Decrescente,Céu Claro,Múltipla,Declive,Sim,3,0,1,0,0,2,1,3,"-8,050435","-34,945715",SPRF-PE,DEL01-PE,UOP01-DEL01-PE
361401.0,2021-06-01,terça-feira,14:10:00,PE,101,"92,2",CABO DE SANTO AGOSTINHO,Velocidade Incompatível,Saída de leito carroçável,Com Vítimas Feridas,Pleno dia,Decrescente,Sol,Dupla,Reta,Sim,3,0,3,0,0,0,3,2,"-8,23201792","-34,99778611",SPRF-PE,DEL01-PE,UOP01-DEL01-PE
361408.0,2021-06-01,terça-feira,10:50:00,PE,428,41,OROCO,Reação tardia ou ineficiente do condutor,Saída de leito carroçável,Com Vítimas Fatais,Pleno dia,Decrescente,Céu Claro,Simples,Reta,Não,1,1,0,0,0,0,0,1,"-8,56355101","-39,56756399",SPRF-PE,DEL05-PE,UOP03-DEL05-PE
361411.0,2021-06-01,terça-feira,16:20:00,PE,101,82,JABOATAO DOS GUARARAPES,Trafegar com motocicleta (ou similar) entre as faixas,Colisão lateral mesmo sentido,Com Vítimas Feridas,Pleno dia,Crescente,Céu Claro,Múltipla,Reta,Sim,2,0,1,0,1,0,1,2,"-8,168383","-34,9376",SPRF-PE,DEL01-PE,UOP01-DEL01-PE
361527.0,2021-06-02,quarta-feira,09:00:00,PE,101,"41,1",IGARASSU,Condutor deixou de manter distância do veículo da frente,Colisão traseira,Com Vítimas Feridas,Pleno dia,Decrescente,Céu Claro,Dupla,Reta,Sim,3,0,1,0,2,0,1,2,"-7,83038346","-34,91426785",SPRF-PE,DEL01-PE,UOP02-DEL01-PE
361656.0,2021-06-02,quarta-feira,21:25:00,PE,101,"77,5",RECIFE,Demais falhas mecânicas ou elétricas,Colisão lateral mesmo sentido,Com Vítimas Feridas,Plena Noite,Crescente,Céu Claro,Dupla,Reta,Sim,2,0,0,1,1,0,1,2,"-8,126982","-34,94386",SPRF-PE,DEL01-PE,UOP01-DEL01-PE
361658.0,2021-06-02,quarta-feira,19:00:00,PE,407,113,PETROLINA,Ingestão de álcool pelo condutor,Colisão lateral sentido oposto,Com Vítimas Feridas,Plena Noite,Crescente,Céu Claro,Simples,Reta,Não,3,0,1,0,2,0,1,2,"-9,28341599","-40,59164299",SPRF-PE,DEL06-PE,UOP02-DEL06-PE
361663.0,2021-06-02,quarta-feira,20:00:00,PE,232,"110,1",BEZERROS,Animais na Pista,Saída de leito carroçável,Com Vítimas Feridas,Plena Noite,Crescente,Céu Claro,Dupla,Curva,Não,1,0,1,0,0,0,1,1,"-8,28634529","-35,81755579",SPRF-PE,DEL02-PE,UOP02-DEL02PE
361665.0,2021-06-02,quarta-feira,20:30:00,PE,232,"110,1",BEZERROS,Animais na Pista,Saída de leito carroçável,Com Vítimas Feridas,Plena Noite,Crescente,Céu Claro,Dupla,Curva,Não,2,0,1,0,0,1,1,2,"-8,286991","-35,818641",SPRF-PE,DEL02-PE,UOP02-DEL02PE
361733.0,2021-06-03,quinta-feira,08:08:00,PE,316,"21,6",ARARIPINA,Acessar a via sem observar a presença dos outros veículos,Colisão transversal,Com Vítimas Feridas,Pleno dia,Decrescente,Nublado,Simples,Reta,Sim,2,0,1,0,1,0,1,2,"-7,56839315","-40,52717307",SPRF-PE,DEL05-PE,UOP02-DEL05-PE
361778.0,2021-06-03,quinta-feira,12:30:00,PE,101,119,ESCADA,Pista esburacada,Colisão lateral mesmo sentido,Com Vítimas Feridas,Pleno dia,Decrescente,Sol,Dupla,Curva,Não,2,0,1,0,1,0,1,2,"-8,35291472","-35,16929901",SPRF-PE,DEL01-PE,UOP01-DEL01-PE
361873.0,2021-06-03,quinta-feira,19:20:00,PE,232,258,ARCOVERDE,Chuva,Colisão traseira,Com Vítimas Feridas,Plena Noite,Decrescente,Chuva,Simples,Reta,Sim,2,0,0,1,1,0,1,2,"-8,40763741","-37,11127205",SPRF-PE,DEL03-PE,UOP02-DEL03-PE
361894.0,2021-06-04,sexta-feira,00:05:00,PE,101,46,IGARASSU,Entrada inopinada do pedestre,Atropelamento de Pedestre,Com Vítimas Feridas,Plena Noite,Crescente,Céu Claro,Dupla,Reta,Sim,2,0,0,1,1,0,1,2,"-7,87406004","-34,90588126",SPRF-PE,DEL01-PE,UOP02-DEL01-PE
361962.0,2021-06-04,sexta-feira,12:30:00,PE,428,"94,8",SANTA MARIA DA BOA VISTA,Reação tardia ou ineficiente do condutor,Colisão transversal,Com Vítimas Feridas,Pleno dia,Decrescente,Céu Claro,Simples,Interseção de Vias,Não,4,0,1,1,2,0,2,3,"-8,81058587","-39,91203508",SPRF-PE,DEL06-PE,UOP03-DEL06-PE
362025.0,2021-06-04,sexta-feira,18:20:00,PE,428,"186,7",PETROLINA,Condutor deixou de manter distância do veículo da frente,Colisão traseira,Sem Vítimas,Plena Noite,Decrescente,Céu Claro,Simples,Reta,Sim,2,0,0,0,2,0,0,2,"-9,34807826","-40,47441248",SPRF-PE,DEL06-PE,UOP01-DEL06-PE
362124.0,2021-06-05,sábado,06:00:00,PE,407,"121,8",PETROLINA,Transitar na contramão,Colisão frontal,Com Vítimas Fatais,Pleno dia,Crescente,Céu Claro,Simples,Reta,Sim,2,2,0,0,0,0,0,2,"-9,35445","-40,55006",SPRF-PE,DEL06-PE,UOP01-DEL06-PE
362135.0,2021-06-05,sábado,08:20:00,PE,101,"69,8",RECIFE,Acessar a via sem observar a presença dos outros veículos,Colisão transversal,Com Vítimas Feridas,Pleno dia,Decrescente,Nublado,Dupla,Reta,Não,2,0,1,0,1,0,1,2,"-8,05951606","-34,94581024",SPRF-PE,DEL01-PE,UOP01-DEL01-PE
362299.0,2021-06-05,sábado,23:15:00,PE,101,126,ESCADA,Reação tardia ou ineficiente do condutor,Saída de leito carroçável,Sem Vítimas,Plena Noite,Decrescente,Garoa/Chuvisco,Dupla,Desvio Temporário,Sim,1,0,0,0,0,1,0,1,"-8,36958202","-35,22919699",SPRF-PE,DEL01-PE,UOP01-DEL01-PE
362346.0,2021-06-06,domingo,05:30:00,PE,232,"6,5",RECIFE,Ausência de reação do condutor,Saída de leito carroçável,Sem Vítimas,Amanhecer,Crescente,Chuva,Dupla,Reta,Não,1,0,0,0,0,1,0,1,"-8,07079525","-34,9535389",SPRF-PE,DEL01-PE,UOP01-DEL01-PE
362374.0,2021-06-06,domingo,05:00:00,PE,428,"180,2",PETROLINA,Condutor Dormindo,Saída de leito carroçável,Sem Vítimas,Amanhecer,Crescente,Nublado,Simples,Reta,Não,1,0,0,0,0,1,0,1,"-9,3001832","-40,44980961",SPRF-PE,DEL06-PE,UOP01-DEL06-PE
362400.0,2021-06-06,domingo,12:20:00,PE,232,"174,7",BELO JARDIM,Reação tardia ou ineficiente do condutor,Saída de leito carroçável,Com Vítimas Feridas,Pleno dia,Crescente,Céu Claro,Simples,Reta,Não,5,0,2,0,3,0,2,1,"-8,3397857","-36,37821402",SPRF-PE,DEL02-PE,UOP03-DEL02-PE
362444.0,2021-06-06,domingo,17:40:00,PE,407,123,PETROLINA,Manobra de mudança de faixa,Tombamento,Com Vítimas Feridas,Plena Noite,Decrescente,Céu Claro,Simples,Reta,Sim,2,0,0,1,1,0,1,1,"-9,36149178","-40,54594462",SPRF-PE,DEL06-PE,UOP01-DEL06-PE
362506.0,2021-06-06,domingo,20:08:00,PE,316,26,ARARIPINA,Transitar na contramão,Colisão frontal,Com Vítimas Fatais,Plena Noite,Crescente,Céu Claro,Simples,Reta,Sim,4,3,0,0,0,1,0,2,"-7,60390506","-40,48995414",SPRF-PE,DEL05-PE,UOP02-DEL05-PE
362646.0,2021-06-07,segunda-feira,15:10:00,PE,101,"68,3",RECIFE,Reação tardia ou ineficiente do condutor,Atropelamento de Pedestre,Com Vítimas Feridas,Pleno dia,Decrescente,Nublado,Dupla,Reta,Sim,3,0,0,1,2,0,1,2,"-8,053872","-34,946139",SPRF-PE,DEL01-PE,UOP01-DEL01-PE
362647.0,2021-06-07,segunda-feira,13:25:00,PE,101,"147,7",RIBEIRAO,Pista Escorregadia,Saída de leito carroçável,Com Vítimas Feridas,Pleno dia,Crescente,Chuva,Dupla,Curva,Não,1,0,1,0,0,0,1,1,"-8,47458903","-35,37134167",SPRF-PE,DEL01-PE,UOP01-DEL01-PE
362707.0,2021-06-07,segunda-feira,18:15:00,PE,101,83,JABOATAO DOS GUARARAPES,Reação tardia ou ineficiente do condutor,Colisão transversal,Com Vítimas Feridas,Plena Noite,Crescente,Nublado,Simples,Reta,Sim,2,0,1,0,0,1,1,2,"-8,188932","-34,95443",SPRF-PE,DEL01-PE,UOP01-DEL01-PE
362717.0,2021-06-07,segunda-feira,19:15:00,PE,423,95,GARANHUNS,Reação tardia ou ineficiente do condutor,Colisão transversal,Com Vítimas Feridas,Plena Noite,Crescente,Nublado,Simples,Reta,Sim,2,0,0,1,1,0,1,2,"-8,87891989","-36,47796305",SPRF-PE,DEL03-PE,UOP01-DEL03-PE
362730.0,2021-06-07,segunda-feira,21:03:00,PE,101,80,JABOATAO DOS GUARARAPES,Manobra de mudança de faixa,Colisão lateral mesmo sentido,Com Vítimas Feridas,Plena Noite,Crescente,Garoa/Chuvisco,Dupla,Reta,Sim,2,0,1,0,1,0,1,2,"-8,15112589","-34,9428866",SPRF-PE,DEL01-PE,UOP01-DEL01-PE
362762.0,2021-06-08,terça-feira,03:50:00,PE,101,71,RECIFE,Acessar a via sem observar a presença dos outros veículos,Colisão transversal,Com Vítimas Feridas,Plena Noite,Decrescente,Nublado,Dupla,Reta,Sim,3,0,1,2,0,0,3,2,"-8,079343","-34,942993",SPRF-PE,DEL01-PE,UOP01-DEL01-PE
362800.0,2021-06-08,terça-feira,08:05:00,PE,428,"186,7",PETROLINA,Acessar a via sem observar a presença dos outros veículos,Colisão transversal,Com Vítimas Feridas,Pleno dia,Decrescente,Céu Claro,Simples,Reta;Interseção de Vias       ,Sim,3,0,2,0,1,0,2,2,"-9,364638","-40,482955",SPRF-PE,DEL06-PE,UOP01-DEL06-PE
362830.0,2021-03-26,sexta-feira,16:00:00,PE,101,"66,5",RECIFE,Reação tardia ou ineficiente do condutor,Colisão traseira,Com Vítimas Feridas,Pleno dia,Crescente,Céu Claro,Dupla,Viaduto,Sim,2,0,1,0,1,0,1,2,"-8,03368534","-34,94184125",SPRF-PE,DEL01-PE,UOP01-DEL01-PE
362876.0,2021-06-08,terça-feira,17:50:00,PE,101,30,IGARASSU,Condutor deixou de manter distância do veículo da frente,Colisão traseira,Com Vítimas Feridas,Anoitecer,Decrescente,Nublado,Dupla,Curva,Sim,2,0,0,1,1,0,1,2,"-7,73816195","-34,94265811",SPRF-PE,DEL01-PE,UOP02-DEL01-PE
362907.0,2021-06-08,terça-feira,18:30:00,PE,232,100,BEZERROS,Acessar a via sem observar a presença dos outros veículos,Colisão transversal,Com Vítimas Feridas,Anoitecer,Crescente,Chuva,Simples,Rotatória;Interseção de Vias  ,Não,2,0,2,0,0,0,2,2,"-8,23791176","-35,74297705",SPRF-PE,DEL02-PE,UOP02-DEL02PE
363119.0,2021-06-09,quarta-feira,20:15:00,PE,101,"75,6",RECIFE,Condutor deixou de manter distância do veículo da frente,Engavetamento,Sem Vítimas,Plena Noite,Decrescente,Nublado,Dupla,Declive;Reta                  ,Sim,5,0,0,0,4,1,0,3,"-8,115244","-34,944436",SPRF-PE,DEL01-PE,UOP01-DEL01-PE
363127.0,2021-05-06,quinta-feira,07:15:00,PE,101,85,JABOATAO DOS GUARARAPES,Reação tardia ou ineficiente do condutor,Colisão traseira,Com Vítimas Feridas,Pleno dia,Decrescente,Céu Claro,Simples,Reta,Sim,3,0,2,0,1,0,2,2,"-8,20291021","-34,96055603",SPRF-PE,DEL01-PE,UOP01-DEL01-PE
363137.0,2021-06-09,quarta-feira,18:35:00,PE,428,178,PETROLINA,Acessar a via sem observar a presença dos outros veículos,Colisão transversal,Com Vítimas Feridas,Plena Noite,Crescente,Céu Claro,Simples,Interseção de Vias,Não,2,0,2,0,0,0,2,2,"-9,2842098","-40,4416324",SPRF-PE,DEL06-PE,UOP01-DEL06-PE
363168.0,2021-06-10,quinta-feira,06:10:00,PE,101,80,JABOATAO DOS GUARARAPES,Condutor deixou de manter distância do veículo da frente,Colisão traseira,Com Vítimas Feridas,Pleno dia,Crescente,Céu Claro,Múltipla,Reta,Sim,2,0,1,0,1,0,1,2,"-8,15112589","-34,9428866",SPRF-PE,DEL01-PE,UOP01-DEL01-PE
363191.0,2021-06-10,quinta-feira,07:50:00,PE,101,79,JABOATAO DOS GUARARAPES,Trafegar com motocicleta (ou similar) entre as faixas,Colisão lateral mesmo sentido,Com Vítimas Feridas,Pleno dia,Crescente,Sol,Dupla,Reta,Sim,3,0,1,0,2,0,1,2,"-8,14366112","-34,94723453",SPRF-PE,DEL01-PE,UOP01-DEL01-PE
363275.0,2021-06-10,quinta-feira,16:20:00,PE,101,63,RECIFE,Manobra de mudança de faixa,Colisão lateral mesmo sentido,Com Vítimas Feridas,Pleno dia,Decrescente,Céu Claro,Dupla,Reta,Sim,2,0,1,0,1,0,1,2,"-8,00800604","-34,93756535",SPRF-PE,DEL01-PE,UOP01-DEL01-PE
363276.0,2021-06-10,quinta-feira,12:30:00,PE,110,"221,5",PETROLANDIA,Ultrapassagem Indevida,Colisão lateral mesmo sentido,Com Vítimas Feridas,Pleno dia,Crescente,Céu Claro,Simples,Reta,Não,5,0,1,1,1,2,2,3,"-9,00936293","-38,22421706",SPRF-BA,DEL07-BA,UOP01-DEL07-BA
363334.0,2021-06-10,quinta-feira,19:00:00,PE,104,"71,6",CARUARU,Transitar na contramão,Colisão frontal,Com Vítimas Feridas,Plena Noite,Decrescente,Céu Claro,Dupla,Retorno Regulamentado,Não,3,0,0,2,0,1,2,2,"-8,3333","-35,9814",SPRF-PE,DEL02-PE,UOP01-DEL02-PE
363363.0,2021-06-11,sexta-feira,01:38:00,PE,232,518,SALGUEIRO,Velocidade Incompatível,Colisão lateral sentido oposto,Com Vítimas Feridas,Plena Noite,Crescente,Céu Claro,Simples,Reta,Não,6,0,3,1,1,1,4,4,"-8,061821","-39,206123",SPRF-PE,DEL05-PE,UOP01-DEL05-PE
363398.0,2021-06-11,sexta-feira,07:30:00,PE,101,"90,6",CABO DE SANTO AGOSTINHO,Acessar a via sem observar a presença dos outros veículos,Colisão transversal,Com Vítimas Feridas,Pleno dia,Crescente,Céu Claro,Dupla,Reta,Sim,3,0,2,0,1,0,2,2,"-8,22399812","-34,99290474",SPRF-PE,DEL01-PE,UOP01-DEL01-PE
363420.0,2021-06-11,sexta-feira,07:30:00,PE,101,96,CABO DE SANTO AGOSTINHO,Acessar a via sem observar a presença dos outros veículos,Tombamento,Com Vítimas Feridas,Pleno dia,Decrescente,Céu Claro,Múltipla,Aclive,Não,2,0,2,0,0,0,2,2,"-8,25146993","-35,021805",SPRF-PE,DEL01-PE,UOP01-DEL01-PE
363447.0,2021-06-11,sexta-feira,12:40:00,PE,101,"67,8",RECIFE,Condutor deixou de manter distância do veículo da frente,Colisão traseira,Com Vítimas Feridas,Pleno dia,Crescente,Céu Claro,Dupla,Reta,Sim,3,0,1,1,0,1,2,2,"-8,042334","-34,943096",SPRF-PE,DEL01-PE,UOP01-DEL01-PE
363465.0,2021-06-11,sexta-feira,13:30:00,PE,423,"96,4",GARANHUNS,Condutor deixou de manter distância do veículo da frente,Colisão traseira,Com Vítimas Feridas,Pleno dia,Decrescente,Sol,Simples,Interseção de Vias,Sim,2,0,1,0,1,0,1,2,"-8,88021822","-36,48651678",SPRF-PE,DEL03-PE,UOP01-DEL03-PE
363487.0,2021-06-11,sexta-feira,16:45:00,PE,101,73,RECIFE,Desrespeitar a preferência no cruzamento,Colisão transversal,Com Vítimas Feridas,Pleno dia,Decrescente,Céu Claro,Dupla,Reta,Sim,3,0,0,1,1,1,1,3,"-8,093369","-34,947464",SPRF-PE,DEL01-PE,UOP01-DEL01-PE
363569.0,2021-06-11,sexta-feira,18:00:00,PE,232,"550,3",PARNAMIRIM,Ultrapassagem Indevida,Colisão frontal,Com Vítimas Fatais,Anoitecer,Crescente,Céu Claro,Simples,Reta,Não,3,2,0,0,1,0,0,2,"-8,08446269","-39,49064311",SPRF-PE,DEL05-PE,UOP01-DEL05-PE
363679.0,2021-06-12,sábado,13:50:00,PE,423,"53,1",LAJEDO,Acessar a via sem observar a presença dos outros veículos,Colisão transversal,Com Vítimas Feridas,Pleno dia,Decrescente,Céu Claro,Simples,Declive,Não,2,0,1,0,1,0,1,2,"-8,602156","-36,292668",SPRF-PE,DEL03-PE,UOP01-DEL03-PE
363754.0,2021-06-12,sábado,19:25:00,PE,101,43,IGARASSU,Animais na Pista,Atropelamento de Animal,Com Vítimas Feridas,Plena Noite,Crescente,Céu Claro,Múltipla,Reta,Sim,2,0,0,1,1,0,1,2,"-7,84753808","-34,90977038",SPRF-PE,DEL01-PE,UOP02-DEL01-PE
363824.0,2021-06-13,domingo,02:00:00,PE,408,73,PAUDALHO,Frear bruscamente,Capotamento,Com Vítimas Feridas,Plena Noite,Decrescente,Céu Claro,Dupla,Ponte,Sim,1,0,1,0,0,0,1,1,"-7,89069683","-35,17793383",SPRF-PE,DEL01-PE,UOP01-DEL01-PE
363837.0,2021-06-13,domingo,06:50:00,PE,232,70,GRAVATA,Ausência de reação do condutor,Queda de ocupante de veículo,Com Vítimas Feridas,Pleno dia,Decrescente,Céu Claro,Dupla,Aclive,Não,1,0,1,0,0,0,1,1,"-8,17698676","-35,48742522",SPRF-PE,DEL02-PE,UOP02-DEL02PE
363841.0,2021-06-13,domingo,07:20:00,PE,232,"8,5",RECIFE,Acessar a via sem observar a presença dos outros veículos,Colisão transversal,Com Vítimas Feridas,Pleno dia,Crescente,Sol,Dupla,Reta,Sim,3,0,1,1,1,0,2,3,"-8,07583727","-34,97015791",SPRF-PE,DEL01-PE,UOP01-DEL01-PE
363869.0,2021-06-13,domingo,09:30:00,PE,428,"189,9",PETROLINA,Ausência de reação do condutor,Colisão lateral mesmo sentido,Sem Vítimas,Pleno dia,Decrescente,Sol,Dupla,Reta,Sim,2,0,0,0,1,1,0,2,"-9,37197508","-40,48679585",SPRF-PE,DEL06-PE,UOP01-DEL06-PE
363943.0,2021-06-13,domingo,18:00:00,PE,428,"172,8",PETROLINA,Acessar a via sem observar a presença dos outros veículos,Colisão frontal,Com Vítimas Feridas,Plena Noite,Decrescente,Céu Claro,Simples,Reta,Não,3,0,2,0,1,0,2,2,"-9,23632318","-40,41701564",SPRF-PE,DEL06-PE,UOP01-DEL06-PE
364004.0,2021-06-13,domingo,21:45:00,PE,316,78,OURICURI,Ingestão de álcool pelo condutor,Colisão frontal,Com Vítimas Feridas,Plena Noite,Decrescente,Céu Claro,Simples,Reta,Não,2,0,0,1,0,1,1,2,"-7,85014392","-40,12241694",SPRF-PE,DEL05-PE,UOP02-DEL05-PE
364171.0,2021-06-14,segunda-feira,15:00:00,PE,232,10,JABOATAO DOS GUARARAPES,Velocidade Incompatível,Colisão traseira,Com Vítimas Feridas,Pleno dia,Decrescente,Céu Claro,Dupla,Reta,Sim,2,0,1,0,1,0,1,2,"-8,07917241","-34,98718609",SPRF-PE,DEL01-PE,UOP01-DEL01-PE
364175.0,2021-06-14,segunda-feira,15:08:00,PE,101,"52,7",PAULISTA,Condutor Dormindo,Colisão com objeto,Com Vítimas Feridas,Plena Noite,Decrescente,Chuva,Simples,Curva;Viaduto                 ,Sim,3,0,1,1,0,1,2,3,"-7,92358799","-34,89607201",SPRF-PE,DEL01-PE,UOP02-DEL01-PE
364226.0,2021-06-14,segunda-feira,18:45:00,PE,423,"90,1",SAO JOAO,Animais na Pista,Colisão traseira,Com Vítimas Feridas,Plena Noite,Decrescente,Nublado,Simples,Reta,Não,2,0,2,0,0,0,2,2,"-8,84566879","-36,4596095",SPRF-PE,DEL03-PE,UOP01-DEL03-PE
364303.0,2021-06-15,terça-feira,08:50:00,PE,232,6,RECIFE,Condutor deixou de manter distância do veículo da frente,Colisão traseira,Com Vítimas Feridas,Pleno dia,Decrescente,Céu Claro,Dupla,Reta,Sim,2,0,1,0,1,0,1,2,"-8,070582","-34,952213",SPRF-PE,DEL01-PE,UOP01-DEL01-PE
364318.0,2021-05-29,sábado,20:29:00,PE,232,100,BEZERROS,Acessar a via sem observar a presença dos outros veículos,Colisão frontal,Com Vítimas Feridas,Plena Noite,Crescente,Céu Claro,Simples,Declive,Sim,3,0,0,2,0,1,2,2,"-8,23791176","-35,74297705",SPRF-PE,DEL02-PE,UOP02-DEL02PE
364323.0,2021-04-30,sexta-feira,06:00:00,PE,232,"39,1",VITORIA DE SANTO ANTAO,Manobra de mudança de faixa,Colisão traseira,Sem Vítimas,Pleno dia,Crescente,Chuva,Dupla,Reta,Não,2,0,0,0,2,0,0,2,"-8,117253","-35,227247",SPRF-PE,DEL01-PE,UOP01-DEL01-PE
364487.0,2021-06-16,quarta-feira,10:00:00,PE,428,"97,9",SANTA MARIA DA BOA VISTA,Velocidade Incompatível,Capotamento,Com Vítimas Feridas,Pleno dia,Decrescente,Sol,Simples,Reta,Não,1,0,1,0,0,0,1,1,"-8,82401066","-39,9348392",SPRF-PE,DEL06-PE,UOP03-DEL06-PE
364522.0,2021-06-16,quarta-feira,16:20:00,PE,101,72,RECIFE,Condutor deixou de manter distância do veículo da frente,Colisão traseira,Com Vítimas Feridas,Pleno dia,Decrescente,Céu Claro,Dupla,Reta,Sim,2,0,1,0,1,0,1,2,"-8,09351881","-34,94762778",SPRF-PE,DEL01-PE,UOP01-DEL01-PE
364531.0,2021-06-16,quarta-feira,17:40:00,PE,423,"96,7",GARANHUNS,Acesso irregular,Colisão transversal,Com Vítimas Feridas,Anoitecer,Crescente,Céu Claro,Simples,Reta,Sim,2,0,1,0,1,0,1,2,"-8,88021822","-36,48651678",SPRF-PE,DEL03-PE,UOP01-DEL03-PE
364598.0,2021-06-17,quinta-feira,06:25:00,PE,101,"42,8",IGARASSU,Frear bruscamente,Capotamento,Com Vítimas Feridas,Amanhecer,Decrescente,Céu Claro,Múltipla,Reta,Sim,2,0,1,0,1,0,1,2,"-7,83887431","-34,91196739",SPRF-PE,DEL01-PE,UOP02-DEL01-PE
364698.0,2021-06-17,quinta-feira,16:30:00,PE,232,"7,5",RECIFE,Manobra de mudança de faixa,Colisão lateral mesmo sentido,Com Vítimas Feridas,Pleno dia,Decrescente,Nublado,Dupla,Reta,Sim,2,0,1,1,0,0,2,2,"-8,074924","-34,966386",SPRF-PE,DEL01-PE,UOP01-DEL01-PE
364719.0,2021-06-17,quinta-feira,18:25:00,PE,408,"100,1",SAO LOURENCO DA MATA,Reação tardia ou ineficiente do condutor,Saída de leito carroçável,Com Vítimas Feridas,Plena Noite,Decrescente,Nublado,Dupla,Reta;Declive                  ,Sim,1,0,0,1,0,0,1,1,"-8,04364056","-35,01674995",SPRF-PE,DEL01-PE,UOP01-DEL01-PE
364746.0,2021-06-17,quinta-feira,21:45:00,PE,232,"78,8",GRAVATA,Ausência de reação do condutor,Colisão lateral mesmo sentido,Com Vítimas Feridas,Plena Noite,Decrescente,Céu Claro,Simples,Reta,Sim,2,0,0,1,1,0,1,2,"-8,19343658","-35,55186505",SPRF-PE,DEL02-PE,UOP02-DEL02PE
364759.0,2021-05-21,sexta-feira,21:25:00,PE,101,84,CABO DE SANTO AGOSTINHO,Animais na Pista,Atropelamento de Animal,Com Vítimas Feridas,Plena Noite,Crescente,Nublado,Dupla,Ponte,Sim,1,0,1,0,0,0,1,1,"-8,17778559","-34,95087297",SPRF-PE,DEL01-PE,UOP01-DEL01-PE
364762.0,2021-06-17,quinta-feira,22:40:00,PE,101,"42,2",IGARASSU,Manobra de mudança de faixa,Saída de leito carroçável,Com Vítimas Feridas,Plena Noite,Decrescente,Garoa/Chuvisco,Múltipla,Declive,Sim,4,0,2,0,0,2,2,2,"-7,84004824","-34,91167239",SPRF-PE,DEL01-PE,UOP02-DEL01-PE
364782.0,2021-06-18,sexta-feira,03:30:00,PE,104,"45,9",CARUARU,Demais falhas mecânicas ou elétricas,Incêndio,Sem Vítimas,Plena Noite,Decrescente,Nublado,Dupla,Reta,Não,1,0,0,0,1,0,0,1,"-8,1203","-35,999",SPRF-PE,DEL02-PE,UOP01-DEL02-PE
364849.0,2021-05-23,domingo,20:30:00,PE,232,"99,7",BEZERROS,Ingestão de álcool pelo condutor,Colisão frontal,Com Vítimas Feridas,Plena Noite,Decrescente,Céu Claro,Simples,Reta,Sim,2,0,0,1,1,0,1,2,"-8,2367277","-35,73401605",SPRF-PE,DEL02-PE,UOP02-DEL02PE
364900.0,2021-05-16,domingo,19:10:00,PE,423,"71,6",JUPI,Ultrapassagem Indevida,Colisão frontal,Com Vítimas Fatais,Plena Noite,Crescente,Céu Claro,Simples,Reta,Não,4,2,0,2,0,0,2,2,"-8,69250589","-36,41166726",SPRF-PE,DEL03-PE,UOP01-DEL03-PE
364970.0,2021-06-18,sexta-feira,18:50:00,PE,408,"87,5",SAO LOURENCO DA MATA,Ultrapassagem Indevida,Saída de leito carroçável,Com Vítimas Feridas,Plena Noite,Decrescente,Chuva,Dupla,Reta,Não,3,0,2,0,1,0,2,2,"-7,96765405","-35,0914341",SPRF-PE,DEL01-PE,UOP01-DEL01-PE
365023.0,2021-06-19,sábado,02:00:00,PE,101,"46,6",ABREU E LIMA,Ingestão de álcool pelo condutor,Colisão traseira,Sem Vítimas,Plena Noite,Decrescente,Céu Claro,Múltipla,Reta,Sim,2,0,0,0,2,0,0,2,"-7,87406004","-34,90588126",SPRF-PE,DEL01-PE,UOP02-DEL01-PE
365084.0,2021-06-19,sábado,11:10:00,PE,101,50,ABREU E LIMA,Desrespeitar a preferência no cruzamento,Colisão transversal,Sem Vítimas,Pleno dia,Crescente,Chuva,Múltipla,Reta,Sim,2,0,0,0,1,1,0,2,"-7,90938602","-34,90123228",SPRF-PE,DEL01-PE,UOP02-DEL01-PE