id,data_inversa,dia_semana,horario,uf,br,km,municipio,causa_acidente,tipo_acidente,classificacao_acidente,fase_dia,sentido_via,condicao_metereologica,tipo_pista,tracado_via,uso_solo,pessoas,mortos,feridos_leves,feridos_graves,ilesos,ignorados,feridos,veiculos,latitude,longitude,regional,delegacia,uop
365261.0,2021-06-20,domingo,04:25:00,PE,101,"70,4",RECIFE,Pedestre cruzava a pista fora da faixa,Atropelamento de Pedestre,Com Vítimas Fatais,Amanhecer,Crescente,Nublado,Dupla,Reta,Sim,2,1,0,0,0,1,0,2,"-8,06776119","-34,94265074",SPRF-PE,DEL01-PE,UOP01-DEL01-PE
365286.0,2021-05-31,segunda-feira,00:36:00,PE,428,187,PETROLINA,Acumulo de areia ou detritos sobre o pavimento,Queda de ocupante de veículo,Com Vítimas Feridas,Plena Noite,Crescente,Céu Claro,Simples,Reta,Sim,1,0,0,1,0,0,1,1,"-9,361863","-40,481571",SPRF-PE,DEL06-PE,UOP01-DEL06-PE
365302.0,2021-06-20,domingo,08:20:00,PE,101,70,RECIFE,Velocidade Incompatível,Saída de leito carroçável,Com Vítimas Feridas,Pleno dia,Crescente,Céu Claro,Dupla,Reta,Sim,1,0,1,0,0,0,1,1,"-8,06776119","-34,94265074",SPRF-PE,DEL01-PE,UOP01-DEL01-PE
365348.0,2021-06-20,domingo,12:45:00,PE,232,"181,1",BELO JARDIM,Ingestão de álcool pelo condutor,Colisão frontal,Com Vítimas Feridas,Pleno dia,Crescente,Sol,Simples,Reta,Sim,5,0,3,0,1,1,3,2,"-8,34627974","-36,43776285",SPRF-PE,DEL02-PE,UOP03-DEL02-PE
365387.0,2021-06-20,domingo,18:35:00,PE,316,"91,1",OURICURI,Acessar a via sem observar a presença dos outros veículos,Colisão traseira,Com Vítimas Fatais,Plena Noite,Decrescente,Céu Claro,Simples,Reta,Não,3,1,0,1,0,1,1,2,"-7,90682315","-40,02152506",SPRF-PE,DEL05-PE,UOP02-DEL05-PE
365500.0,2021-06-21,segunda-feira,06:45:00,PE,101,"88,3",JABOATAO DOS GUARARAPES,Frear bruscamente,Colisão traseira,Com Vítimas Feridas,Pleno dia,Decrescente,Sol,Dupla,Reta,Não,2,0,2,0,0,0,2,1,"-8,19971387","-34,9785382",SPRF-PE,DEL01-PE,UOP01-DEL01-PE
365565.0,2021-06-21,segunda-feira,14:50:00,PE,101,70,RECIFE,Demais falhas mecânicas ou elétricas,Queda de ocupante de veículo,Com Vítimas Feridas,Pleno dia,Crescente,Céu Claro,Dupla,Reta,Sim,2,0,1,0,1,0,1,2,"-8,06776119","-34,94265074",SPRF-PE,DEL01-PE,UOP01-DEL01-PE
365714.0,2021-05-20,quinta-feira,23:40:00,PE,101,"70,6",RECIFE,Demais falhas mecânicas ou elétricas,Incêndio,Sem Vítimas,Plena Noite,Crescente,Céu Claro,Múltipla,Reta,Sim,1,0,0,0,1,0,0,1,"-8,07590238","-34,94311279",SPRF-PE,DEL01-PE,UOP01-DEL01-PE
365730.0,2021-06-22,terça-feira,11:43:00,PE,101,102,CABO DE SANTO AGOSTINHO,Acessar a via sem observar a presença dos outros veículos,Colisão transversal,Com Vítimas Feridas,Pleno dia,Decrescente,Céu Claro,Simples,Reta,Sim,2,0,0,1,1,0,1,2,"-8,29167568","-35,04738634",SPRF-PE,DEL01-PE,UOP01-DEL01-PE
365735.0,2021-06-22,terça-feira,10:30:00,PE,232,"326,6",CUSTODIA,Pedestre andava na pista,Atropelamento de Pedestre,Com Vítimas Feridas,Pleno dia,Crescente,Céu Claro,Simples,Reta,Não,2,0,1,0,1,0,1,2,"-8,09170582","-37,58209902",SPRF-PE,DEL03-PE,UOP02-DEL03-PE
365840.0,2021-06-22,terça-feira,23:50:00,PE,101,"83,7",JABOATAO DOS GUARARAPES,Condutor deixou de manter distância do veículo da frente,Colisão traseira,Com Vítimas Feridas,Plena Noite,Decrescente,Céu Claro,Dupla,Reta,Não,3,0,1,0,2,0,1,2,"-8,175172","-34,942642",SPRF-PE,DEL01-PE,UOP01-DEL01-PE
365906.0,2021-06-23,quarta-feira,08:50:00,PE,423,106,GARANHUNS,Frear bruscamente,Queda de ocupante de veículo,Com Vítimas Feridas,Pleno dia,Decrescente,Nevoeiro/Neblina,Simples,Aclive,Não,1,0,1,0,0,0,1,1,"-8,88171776","-36,57279606",SPRF-PE,DEL03-PE,UOP01-DEL03-PE
365913.0,2021-06-23,quarta-feira,12:15:00,PE,232,"4,2",RECIFE,Ultrapassagem Indevida,Colisão lateral mesmo sentido,Sem Vítimas,Pleno dia,Crescente,Céu Claro,Dupla,Reta,Sim,2,0,0,0,2,0,0,2,"-8,064473","-34,936928",SPRF-PE,DEL01-PE,UOP01-DEL01-PE
365939.0,2021-06-23,quarta-feira,14:40:00,PE,101,88,CABO DE SANTO AGOSTINHO,Manobra de mudança de faixa,Saída de leito carroçável,Com Vítimas Feridas,Pleno dia,Crescente,Céu Claro,Múltipla,Reta,Sim,3,0,3,0,0,0,3,1,"-8,19971387","-34,9785382",SPRF-PE,DEL01-PE,UOP01-DEL01-PE
366001.0,2021-06-23,quarta-feira,19:15:00,PE,104,"71,8",CARUARU,Reação tardia ou ineficiente do condutor,Saída de leito carroçável,Com Vítimas Feridas,Plena Noite,Decrescente,Chuva,Dupla,Interseção de Vias,Não,2,0,1,0,1,0,1,1,"-8,3333","-35,9814",SPRF-PE,DEL02-PE,UOP01-DEL02-PE
366005.0,2021-06-23,quarta-feira,20:10:00,PE,424,"78,5",CAETES,Transitar na contramão,Colisão frontal,Com Vítimas Feridas,Plena Noite,Crescente,Nevoeiro/Neblina,Simples,Declive,Não,3,0,0,2,1,0,2,2,"-8,82024129","-36,5615102",SPRF-PE,DEL03-PE,UOP01-DEL03-PE
366037.0,2021-06-24,quinta-feira,00:15:00,PE,232,134,CARUARU,Ingestão de álcool pelo condutor,Queda de ocupante de veículo,Com Vítimas Feridas,Plena Noite,Crescente,Garoa/Chuvisco,Múltipla,Reta,Sim,1,0,1,0,0,0,1,1,"-8,30853497","-36,02442101",SPRF-PE,DEL02-PE,UOP03-DEL02-PE
366120.0,2021-06-24,quinta-feira,10:10:00,PE,232,"21,3",MORENO,Acumulo de água sobre o pavimento,Colisão lateral mesmo sentido,Com Vítimas Feridas,Pleno dia,Decrescente,Chuva,Dupla,Curva,Sim,2,0,1,0,0,1,1,2,"-8,09580234","-35,08012588",SPRF-PE,DEL01-PE,UOP01-DEL01-PE
366163.0,2021-06-24,quinta-feira,14:00:00,PE,408,"96,6",SAO LOURENCO DA MATA,Ausência de reação do condutor,Saída de leito carroçável,Sem Vítimas,Pleno dia,Decrescente,Nublado,Dupla,Reta,Não,1,0,0,0,0,1,0,1,"-8,025731","-35,038444",SPRF-PE,DEL01-PE,UOP01-DEL01-PE
366168.0,2021-06-24,quinta-feira,15:45:00,PE,101,"49,3",ABREU E LIMA,Condutor deixou de manter distância do veículo da frente,Colisão traseira,Sem Vítimas,Pleno dia,Crescente,Nublado,Múltipla,Reta,Sim,2,0,0,0,2,0,0,2,"-7,9005152","-34,90180641",SPRF-PE,DEL01-PE,UOP02-DEL01-PE
366185.0,2021-06-24,quinta-feira,17:30:00,PE,424,"87,1",GARANHUNS,Ingestão de álcool pelo condutor,Colisão transversal,Com Vítimas Feridas,Anoitecer,Decrescente,Nublado,Simples,Declive,Sim,2,0,1,0,1,0,1,2,"-8,879749","-36,506967",SPRF-PE,DEL03-PE,UOP01-DEL03-PE
366216.0,2021-06-24,quinta-feira,19:45:00,PE,232,"79,8",GRAVATA,Acesso irregular,Colisão frontal,Com Vítimas Feridas,Plena Noite,Decrescente,Chuva,Múltipla,Curva,Não,2,0,2,0,0,0,2,2,"-8,19460572","-35,56074803",SPRF-PE,DEL02-PE,UOP02-DEL02PE
366224.0,2021-06-24,quinta-feira,19:30:00,PE,316,41,ARARIPINA,Pedestre cruzava a pista fora da faixa,Atropelamento de Pedestre,Com Vítimas Fatais,Plena Noite,Crescente,Céu Claro,Simples,Reta,Não,2,1,0,0,0,1,0,2,"-7,67084567","-40,38459884",SPRF-PE,DEL05-PE,UOP02-DEL05-PE
366360.0,2021-06-25,sexta-feira,14:00:00,PE,104,"34,5",CARUARU,Manobra de mudança de faixa,Colisão lateral mesmo sentido,Com Vítimas Feridas,Pleno dia,Crescente,Nublado,Dupla,Reta,Não,1,0,1,0,0,0,1,1,"-8,04105448","-36,05138194",SPRF-PE,DEL02-PE,UOP01-DEL02-PE
366450.0,2021-06-25,sexta-feira,20:00:00,PE,101,13,GOIANA,Manobra de mudança de faixa,Colisão lateral mesmo sentido,Sem Vítimas,Plena Noite,Crescente,Vento,Dupla,Reta,Não,2,0,0,0,1,1,0,2,"-7,61043695","-34,97530291",SPRF-PE,DEL01-PE,UOP02-DEL01-PE
366517.0,2021-06-26,sábado,07:30:00,PE,116,28,SALGUEIRO,Manobra de mudança de faixa,Queda de ocupante de veículo,Com Vítimas Feridas,Pleno dia,Crescente,Céu Claro,Simples,Aclive,Não,1,0,0,1,0,0,1,1,"-8,086088","-39,126305",SPRF-PE,DEL05-PE,UOP01-DEL05-PE
366697.0,2021-06-26,sábado,22:40:00,PE,423,"59,7",LAJEDO,Animais na Pista,Atropelamento de Animal,Com Vítimas Feridas,Plena Noite,Crescente,Garoa/Chuvisco,Simples,Reta,Sim,3,0,0,2,0,1,2,2,"-8,64676387","-36,31558317",SPRF-PE,DEL03-PE,UOP01-DEL03-PE
366807.0,2021-06-27,domingo,14:45:00,PE,101,41,IGARASSU,Chuva,Colisão traseira,Com Vítimas Feridas,Pleno dia,Crescente,Chuva,Simples,Interseção de Vias,Sim,2,0,1,0,0,1,1,2,"-7,83038346","-34,91426785",SPRF-PE,DEL01-PE,UOP02-DEL01-PE
366816.0,2021-06-27,domingo,16:25:00,PE,232,134,CARUARU,Transitar na contramão,Colisão frontal,Com Vítimas Feridas,Pleno dia,Decrescente,Chuva,Dupla,Retorno Regulamentado,Sim,3,0,2,0,1,0,2,2,"-8,30853497","-36,02442101",SPRF-PE,DEL02-PE,UOP03-DEL02-PE
366936.0,2021-06-12,sábado,09:30:00,PE,101,113,IPOJUCA,Reação tardia ou ineficiente do condutor,Colisão com objeto,Com Vítimas Fatais,Pleno dia,Decrescente,Céu Claro,Dupla,Curva;Declive                 ,Não,1,1,0,0,0,0,0,1,"-8,331363","-35,12413",SPRF-PE,DEL01-PE,UOP01-DEL01-PE
367096.0,2021-06-28,segunda-feira,19:20:00,PE,232,"175,4",BELO JARDIM,Ingestão de álcool pelo condutor,Capotamento,Com Vítimas Feridas,Plena Noite,Decrescente,Céu Claro,Simples,Reta,Não,1,0,0,1,0,0,1,1,"-8,34100926","-36,38709684",SPRF-PE,DEL02-PE,UOP03-DEL02-PE
367148.0,2021-06-29,terça-feira,05:00:00,PE,104,"24,2",TAQUARITINGA DO NORTE,Acesso irregular,Colisão com objeto,Com Vítimas Fatais,Pleno dia,Crescente,Céu Claro,Simples,Reta,Não,1,1,0,0,0,0,0,1,"-7,977156","-36,103249",SPRF-PE,DEL02-PE,UOP01-DEL02-PE
367184.0,2021-06-29,terça-feira,10:35:00,PE,408,"74,3",PAUDALHO,Entrada inopinada do pedestre,Atropelamento de Pedestre,Com Vítimas Feridas,Pleno dia,Decrescente,Céu Claro,Múltipla,Reta,Sim,2,0,2,0,0,0,2,2,"-7,899888","-35,173244",SPRF-PE,DEL01-PE,UOP01-DEL01-PE
367194.0,2021-06-29,terça-feira,10:25:00,PE,101,70,RECIFE,Mal súbito do condutor,Colisão com objeto,Com Vítimas Feridas,Pleno dia,Decrescente,Céu Claro,Dupla,Reta,Sim,1,0,1,0,0,0,1,1,"-8,06776119","-34,94265074",SPRF-PE,DEL01-PE,UOP01-DEL01-PE
367226.0,2021-06-29,terça-feira,14:00:00,PE,232,"5,1",RECIFE,Ausência de reação do condutor,Saída de leito carroçável,Com Vítimas Feridas,Pleno dia,Crescente,Sol,Simples,Curva,Não,2,0,1,0,1,0,1,1,"-8,06769597","-34,94598627",SPRF-PE,DEL01-PE,UOP01-DEL01-PE
367409.0,2021-06-30,quarta-feira,15:35:00,PE,232,"83,2",GRAVATA,Acesso irregular,Colisão transversal,Com Vítimas Feridas,Pleno dia,Crescente,Chuva,Dupla,Curva,Sim,3,0,1,0,2,0,1,2,"-8,20317568","-35,59748411",SPRF-PE,DEL02-PE,UOP02-DEL02PE
367494.0,2021-06-30,quarta-feira,09:45:00,PE,101,69,RECIFE,Ausência de reação do condutor,Colisão lateral mesmo sentido,Sem Vítimas,Pleno dia,Crescente,Céu Claro,Múltipla,Interseção de Vias,Sim,2,0,0,0,1,1,0,2,"-8,05951606","-34,94581024",SPRF-PE,DEL01-PE,UOP01-DEL01-PE
367507.0,2021-07-01,quinta-feira,06:20:00,PE,101,"60,8",RECIFE,Ausência de reação do condutor,Capotamento,Com Vítimas Feridas,Pleno dia,Crescente,Chuva,Dupla,Curva,Sim,2,0,1,0,1,0,1,1,"-7,98344307","-34,93176727",SPRF-PE,DEL01-PE,UOP02-DEL01-PE
367537.0,2021-07-01,quinta-feira,10:10:00,PE,101,71,RECIFE,Retorno proibido,Colisão transversal,Com Vítimas Feridas,Pleno dia,Decrescente,Nublado,Dupla,Reta,Sim,2,0,1,0,0,1,1,2,"-8,045774","-34,944484",SPRF-PE,DEL01-PE,UOP01-DEL01-PE
367591.0,2021-07-01,quinta-feira,15:00:00,PE,101,"67,4",RECIFE,Reação tardia ou ineficiente do condutor,Colisão traseira,Com Vítimas Feridas,Pleno dia,Decrescente,Chuva,Múltipla,Reta,Não,2,0,1,0,1,0,1,2,"-8,042334","-34,943096",SPRF-PE,DEL01-PE,UOP01-DEL01-PE
367754.0,2021-07-02,sexta-feira,10:30:00,PE,101,"70,7",RECIFE,Condutor deixou de manter distância do veículo da frente,Colisão lateral mesmo sentido,Com Vítimas Feridas,Pleno dia,Crescente,Céu Claro,Dupla,Reta,Sim,2,0,0,1,1,0,1,2,"-8,074905","-34,9942942",SPRF-PE,DEL01-PE,UOP01-DEL01-PE
367797.0,2021-07-02,sexta-feira,14:50:00,PE,232,34,MORENO,Pista Escorregadia,Capotamento,Com Vítimas Feridas,Pleno dia,Crescente,Chuva,Dupla,Reta,Sim,1,0,1,0,0,0,1,1,"-8,10702537","-35,18394691",SPRF-PE,DEL01-PE,UOP01-DEL01-PE
367822.0,2021-07-02,sexta-feira,16:40:00,PE,101,"48,5",ABREU E LIMA,Acessar a via sem observar a presença dos outros veículos,Colisão lateral mesmo sentido,Com Vítimas Feridas,Pleno dia,Crescente,Céu Claro,Múltipla,Reta,Sim,3,0,2,0,1,0,2,2,"-7,89174705","-34,9033493",SPRF-PE,DEL01-PE,UOP02-DEL01-PE
367836.0,2021-07-02,sexta-feira,16:50:00,PE,232,"124,7",CARUARU,Pedestre andava na pista,Atropelamento de Pedestre,Com Vítimas Feridas,Anoitecer,Crescente,Garoa/Chuvisco,Dupla,Viaduto,Sim,2,0,0,1,1,0,1,2,"-8,3061041","-35,93702498",SPRF-PE,DEL02-PE,UOP03-DEL02-PE
367844.0,2021-07-02,sexta-feira,17:30:00,PE,232,110,BEZERROS,Restrição de visibilidade em curvas horizontais,Saída de leito carroçável,Com Vítimas Feridas,Anoitecer,Crescente,Chuva,Dupla,Curva,Não,4,0,2,0,2,0,2,1,"-8,286691","-35,818181",SPRF-PE,DEL02-PE,UOP02-DEL02PE
367959.0,2021-07-03,sábado,06:50:00,PE,101,71,RECIFE,Ingestão de álcool pelo condutor,Colisão traseira,Sem Vítimas,Pleno dia,Decrescente,Nublado,Dupla,Reta,Sim,4,0,0,0,4,0,0,2,"-8,076641","-34,935961",SPRF-PE,DEL01-PE,UOP01-DEL01-PE
368005.0,2021-07-03,sábado,10:20:00,PE,232,"133,1",CARUARU,Condutor deixou de manter distância do veículo da frente,Engavetamento,Com Vítimas Feridas,Pleno dia,Crescente,Chuva,Dupla,Reta,Sim,6,0,4,0,2,0,4,3,"-8,30607988","-36,01576003",SPRF-PE,DEL02-PE,UOP03-DEL02-PE
368008.0,2021-07-03,sábado,11:30:00,PE,101,74,RECIFE,Falta de elemento de contenção que evite a saída do leito carroçável,Saída de leito carroçável,Com Vítimas Feridas,Pleno dia,Crescente,Chuva,Dupla,Curva,Não,1,0,1,0,0,0,1,1,"-8,10146485","-34,94901577",SPRF-PE,DEL01-PE,UOP01-DEL01-PE
368017.0,2021-07-03,sábado,12:07:00,PE,232,"59,3",POMBOS,Ingestão de álcool pelo condutor,Colisão frontal,Sem Vítimas,Pleno dia,Crescente,Garoa/Chuvisco,Dupla,Reta,Sim,2,0,0,0,2,0,0,2,"-8,14693316","-35,39652228",SPRF-PE,DEL02-PE,UOP02-DEL02PE
368030.0,2021-06-29,terça-feira,20:25:00,PE,116,26,SALGUEIRO,Acessar a via sem observar a presença dos outros veículos,Colisão transversal,Com Vítimas Feridas,Plena Noite,Crescente,Céu Claro,Simples,Reta,Sim,3,0,1,0,2,0,1,2,"-8,078546","-39,130867",SPRF-PE,DEL05-PE,UOP01-DEL05-PE
368066.0,2021-07-03,sábado,15:30:00,PE,232,"265,4",ARCOVERDE,Conversão proibida,Colisão transversal,Com Vítimas Feridas,Pleno dia,Decrescente,Garoa/Chuvisco,Simples,Reta,Não,3,0,2,0,1,0,2,2,"-8,40839508","-37,17389501",SPRF-PE,DEL03-PE,UOP02-DEL03-PE
368101.0,2021-07-03,sábado,17:45:00,PE,104,"74,5",CARUARU,Reação tardia ou ineficiente do condutor,Colisão frontal,Com Vítimas Fatais,Plena Noite,Decrescente,Chuva,Simples,Curva,Não,2,1,0,1,0,0,1,2,"-8,349874","-35,985184",SPRF-PE,DEL02-PE,UOP01-DEL02-PE
368143.0,2021-07-03,sábado,21:30:00,PE,101,"48,2",ABREU E LIMA,Reação tardia ou ineficiente do condutor,Colisão traseira,Com Vítimas Feridas,Plena Noite,Decrescente,Nublado,Múltipla,Reta,Sim,3,0,2,0,1,0,2,2,"-7,89174705","-34,9033493",SPRF-PE,DEL01-PE,UOP02-DEL01-PE
368155.0,2021-07-03,sábado,14:30:00,PE,232,114,BEZERROS,Velocidade Incompatível,Saída de leito carroçável,Com Vítimas Feridas,Pleno dia,Crescente,Chuva,Dupla,Reta,Não,2,0,1,1,0,0,2,1,"-8,30028529","-35,84905306",SPRF-PE,DEL02-PE,UOP02-DEL02PE
368286.0,2021-07-04,domingo,15:00:00,PE,232,117,BEZERROS,Reação tardia ou ineficiente do condutor,Colisão traseira,Com Vítimas Feridas,Pleno dia,Crescente,Céu Claro,Dupla,Reta,Não,2,0,1,0,1,0,1,2,"-8,2952915275","-35,8754959045",SPRF-PE,DEL02-PE,UOP03-DEL02-PE
368329.0,2021-07-04,domingo,19:45:00,PE,407,"124,2",PETROLINA,Conversão proibida,Saída de leito carroçável,Com Vítimas Feridas,Plena Noite,Decrescente,Céu Claro,Dupla,Curva,Sim,1,0,0,1,0,0,1,1,"-9,36929881","-40,54137139",SPRF-PE,DEL06-PE,UOP01-DEL06-PE
368417.0,2021-07-05,segunda-feira,02:00:00,PE,232,105,BEZERROS,Curva acentuada,Saída de leito carroçável,Com Vítimas Feridas,Plena Noite,Crescente,Nublado,Dupla,Curva,Não,1,0,0,1,0,0,1,1,"-8,25830415","-35,78275595",SPRF-PE,DEL02-PE,UOP02-DEL02PE
368426.0,2021-07-05,segunda-feira,00:25:00,PE,407,16,AFRANIO,Condutor Dormindo,Saída de leito carroçável,Com Vítimas Feridas,Plena Noite,Crescente,Céu Claro,Simples,Reta,Não,1,0,0,1,0,0,1,1,"-8,58068174","-40,97110748",SPRF-PE,DEL06-PE,UOP02-DEL06-PE
368453.0,2021-07-05,segunda-feira,07:40:00,PE,101,"86,7",JABOATAO DOS GUARARAPES,Ultrapassagem Indevida,Atropelamento de Pedestre,Com Vítimas Feridas,Pleno dia,Decrescente,Sol,Simples,Reta,Sim,3,0,0,1,1,1,1,3,"-8,18470013","-34,96816895",SPRF-PE,DEL01-PE,UOP01-DEL01-PE
368459.0,2021-07-05,segunda-feira,07:35:00,PE,101,"70,4",RECIFE,Manobra de mudança de faixa,Colisão traseira,Com Vítimas Feridas,Pleno dia,Crescente,Céu Claro,Dupla,Reta,Não,2,0,1,0,1,0,1,2,"-8,06776119","-34,94265074",SPRF-PE,DEL01-PE,UOP01-DEL01-PE
368538.0,2021-07-05,segunda-feira,14:50:00,PE,101,169,AGUA PRETA,Ausência de reação do condutor,Saída de leito carroçável,Com Vítimas Feridas,Pleno dia,Crescente,Céu Claro,Dupla,Reta,Não,1,0,1,0,0,0,1,1,"-8,57679958","-35,48941902",SPRF-PE,DEL01-PE,UOP01-DEL01-PE
368547.0,2021-07-05,segunda-feira,15:10:00,PE,232,129,CARUARU,Reação tardia ou ineficiente do condutor,Saída de leito carroçável,Com Vítimas Feridas,Pleno dia,Decrescente,Céu Claro,Múltipla,Reta,Sim,1,0,0,1,0,0,1,1,"-8,30193507","-35,98092002",SPRF-PE,DEL02-PE,UOP03-DEL02-PE
368567.0,2021-07-05,segunda-feira,17:15:00,PE,232,71,GRAVATA,Pedestre cruzava a pista fora da faixa,Atropelamento de Pedestre,Com Vítimas Fatais,Anoitecer,Decrescente,Céu Claro,Dupla,Reta,Não,4,1,0,0,1,2,0,2,"-8,18344403","-35,49296599",SPRF-PE,DEL02-PE,UOP02-DEL02PE
368605.0,2021-07-05,segunda-feira,18:20:00,PE,101,15,GOIANA,Ausência de reação do condutor,Queda de ocupante de veículo,Com Vítimas Feridas,Plena Noite,Decrescente,Céu Claro,Dupla,Reta,Não,1,0,0,1,0,0,1,1,"-7,62621106","-34,96669711",SPRF-PE,DEL01-PE,UOP02-DEL01-PE
368616.0,2021-07-05,segunda-feira,21:50:00,PE,232,"127,9",CARUARU,Acessar a via sem observar a presença dos outros veículos,Colisão lateral mesmo sentido,Com Vítimas Feridas,Plena Noite,Decrescente,Céu Claro,Múltipla,Reta,Sim,2,0,1,0,1,0,1,2,"-8,30610303","-35,96342301",SPRF-PE,DEL02-PE,UOP03-DEL02-PE
368709.0,2021-07-06,terça-feira,12:30:00,PE,232,8,RECIFE,Manobra de mudança de faixa,Colisão lateral mesmo sentido,Com Vítimas Feridas,Pleno dia,Decrescente,Céu Claro,Dupla,Reta,Sim,2,0,1,0,1,0,1,2,"-8,07583727","-34,97015791",SPRF-PE,DEL01-PE,UOP01-DEL01-PE
368741.0,2021-07-06,terça-feira,15:00:00,PE,101,"53,8",PAULISTA,Acessar a via sem observar a presença dos outros veículos,Colisão traseira,Com Vítimas Feridas,Pleno dia,Crescente,Sol,Simples,Reta,Sim,2,0,1,0,1,0,1,2,"-7,93124094","-34,90068606",SPRF-PE,DEL01-PE,UOP02-DEL01-PE
368742.0,2021-07-06,terça-feira,15:30:00,PE,101,"81,5",JABOATAO DOS GUARARAPES,Acessar a via sem observar a presença dos outros veículos,Colisão transversal,Com Vítimas Feridas,Pleno dia,Crescente,Sol,Dupla,Reta,Sim,2,0,1,0,1,0,1,2,"-8,1597489","-34,94024569",SPRF-PE,DEL01-PE,UOP01-DEL01-PE
368752.0,2021-07-06,terça-feira,16:00:00,PE,101,"72,5",RECIFE,Velocidade Incompatível,Saída de leito carroçável,Sem Vítimas,Pleno dia,Decrescente,Céu Claro,Dupla,Reta,Sim,1,0,0,0,1,0,0,1,"-8,08493106","-34,9450639",SPRF-PE,DEL01-PE,UOP01-DEL01-PE
368798.0,2021-07-06,terça-feira,18:30:00,PE,101,73,RECIFE,Acessar a via sem observar a presença dos outros veículos,Colisão transversal,Com Vítimas Feridas,Plena Noite,Decrescente,Céu Claro,Dupla,Retorno Regulamentado,Sim,2,0,1,0,1,0,1,2,"-8,099179","-34,949992",SPRF-PE,DEL01-PE,UOP01-DEL01-PE
368804.0,2021-07-06,terça-feira,19:30:00,PE,232,"147,1",SAO CAITANO,Animais na Pista,Atropelamento de Animal,Com Vítimas Feridas,Plena Noite,Crescente,Céu Claro,Dupla,Aclive,Sim,3,0,1,1,1,0,2,1,"-8,33373137","-36,13751116",SPRF-PE,DEL02-PE,UOP03-DEL02-PE
368806.0,2021-07-06,terça-feira,19:30:00,PE,232,147,SAO CAITANO,Animais na Pista,Atropelamento de Animal,Com Vítimas Feridas,Plena Noite,Decrescente,Céu Claro,Dupla,Aclive,Sim,3,0,2,1,0,0,3,1,"-8,332704","-36,139697",SPRF-PE,DEL02-PE,UOP03-DEL02-PE
368921.0,2021-07-07,quarta-feira,08:20:00,PE,101,78,RECIFE,Trafegar com motocicleta (ou similar) entre as faixas,Colisão traseira,Com Vítimas Feridas,Pleno dia,Crescente,Céu Claro,Dupla,Reta,Não,4,0,2,0,1,1,2,3,"-8,13496499","-34,94738614",SPRF-PE,DEL01-PE,UOP01-DEL01-PE
368997.0,2021-07-07,quarta-feira,15:40:00,PE,101,"36,2",IGARASSU,Condutor Dormindo,Queda de ocupante de veículo,Com Vítimas Feridas,Pleno dia,Crescente,Sol,Dupla,Aclive,Não,1,0,1,0,0,0,1,1,"-7,788367","-34,92981702",SPRF-PE,DEL01-PE,UOP02-DEL01-PE
369000.0,2021-07-07,quarta-feira,15:50:00,PE,101,"70,2",RECIFE,Ausência de reação do condutor,Colisão lateral mesmo sentido,Com Vítimas Feridas,Pleno dia,Crescente,Sol,Dupla,Reta,Sim,2,0,1,0,1,0,1,2,"-8,069637","-34,940235",SPRF-PE,DEL01-PE,UOP01-DEL01-PE
369010.0,2021-07-07,quarta-feira,17:00:00,PE,101,"42,1",IGARASSU,Acessar a via sem observar a presença dos outros veículos,Colisão transversal,Com Vítimas Feridas,Anoitecer,Decrescente,Céu Claro,Múltipla,Reta,Sim,2,0,1,0,1,0,1,2,"-7,83887431","-34,91196739",SPRF-PE,DEL01-PE,UOP02-DEL01-PE
369032.0,2021-07-07,quarta-feira,18:30:00,PE,116,25,SALGUEIRO,Pista Escorregadia,Queda de ocupante de veículo,Com Vítimas Feridas,Plena Noite,Decrescente,Céu Claro,Simples,Rotatória,Não,1,0,1,0,0,0,1,1,"-8,06761099","-39,13466334",SPRF-PE,DEL05-PE,UOP01-DEL05-PE
369084.0,2021-07-08,quinta-feira,04:15:00,PE,232,"89,5",GRAVATA,Entrada inopinada do pedestre,Atropelamento de Pedestre,Com Vítimas Feridas,Amanhecer,Decrescente,Céu Claro,Dupla,Reta,Não,2,0,1,0,1,0,1,2,"-8,21622964","-35,64675492",SPRF-PE,DEL02-PE,UOP02-DEL02PE
369105.0,2021-07-08,quinta-feira,07:30:00,PE,101,"60,7",RECIFE,Condutor deixou de manter distância do veículo da frente,Colisão traseira,Com Vítimas Feridas,Pleno dia,Crescente,Sol,Dupla,Reta,Sim,2,0,1,0,1,0,1,2,"-7,98344307","-34,93176727",SPRF-PE,DEL01-PE,UOP02-DEL01-PE
369113.0,2021-07-08,quinta-feira,08:50:00,PE,232,32,MORENO,Restrição de visibilidade em curvas horizontais,Capotamento,Com Vítimas Feridas,Pleno dia,Decrescente,Céu Claro,Dupla,Curva,Não,2,0,2,0,0,0,2,1,"-8,10541732","-35,1665671",SPRF-PE,DEL01-PE,UOP01-DEL01-PE
369146.0,2021-07-08,quinta-feira,12:01:00,PE,101,"70,2",RECIFE,Entrada inopinada do pedestre,Atropelamento de Pedestre,Com Vítimas Feridas,Pleno dia,Decrescente,Céu Claro,Dupla,Reta,Sim,2,0,1,0,1,0,1,2,"-8,06776119","-34,94265074",SPRF-PE,DEL01-PE,UOP01-DEL01-PE
369154.0,2021-07-08,quinta-feira,11:30:00,PE,104,63,CARUARU,Reação tardia ou ineficiente do condutor,Colisão traseira,Sem Vítimas,Pleno dia,Crescente,Sol,Múltipla,Desvio Temporário;Reta        ,Sim,2,0,0,0,2,0,0,2,"-8,2698","-35,9803",SPRF-PE,DEL02-PE,UOP01-DEL02-PE