id,data_inversa,dia_semana,horario,uf,br,km,municipio,causa_acidente,tipo_acidente,classificacao_acidente,fase_dia,sentido_via,condicao_metereologica,tipo_pista,tracado_via,uso_solo,pessoas,mortos,feridos_leves,feridos_graves,ilesos,ignorados,feridos,veiculos,latitude,longitude,regional,delegacia,uop
369174.0,2021-07-08,quinta-feira,12:00:00,PE,316,"291,7",BELEM DE SAO FRANCISCO,Demais falhas mecânicas ou elétricas,Incêndio,Sem Vítimas,Pleno dia,Crescente,Sol,Simples,Reta,Não,1,0,0,0,1,0,0,1,"-8,63600187","-38,67315705",SPRF-PE,DEL04-PE,UOP01-DEL04-PE
369192.0,2021-07-08,quinta-feira,16:30:00,PE,232,75,GRAVATA,Animais na Pista,Atropelamento de Animal,Com Vítimas Feridas,Pleno dia,Crescente,Céu Claro,Múltipla,Curva,Não,1,0,0,1,0,0,1,1,"-8,19737799","-35,525476",SPRF-PE,DEL02-PE,UOP02-DEL02PE
369225.0,2021-07-08,quinta-feira,18:50:00,PE,428,"82,7",SANTA MARIA DA BOA VISTA,Ingestão de álcool pelo condutor,Colisão traseira,Com Vítimas Feridas,Plena Noite,Crescente,Nublado,Simples,Reta,Não,2,0,0,1,1,0,1,2,"-8,78713942","-39,82236026",SPRF-PE,DEL06-PE,UOP03-DEL06-PE
369248.0,2021-07-08,quinta-feira,19:50:00,PE,428,"170,7",PETROLINA,Condutor deixou de manter distância do veículo da frente,Colisão traseira,Com Vítimas Fatais,Plena Noite,Crescente,Céu Claro,Simples,Reta,Não,2,1,0,0,0,1,0,2,"-9,22081788","-40,40797219",SPRF-PE,DEL06-PE,UOP01-DEL06-PE
369364.0,2021-07-09,sexta-feira,07:42:00,PE,101,73,RECIFE,Manobra de mudança de faixa,Colisão lateral mesmo sentido,Com Vítimas Feridas,Pleno dia,Decrescente,Céu Claro,Múltipla,Reta,Sim,2,0,1,0,1,0,1,2,"-8,093369","-34,947464",SPRF-PE,DEL01-PE,UOP01-DEL01-PE
369375.0,2021-07-09,sexta-feira,14:10:00,PE,408,"97,4",SAO LOURENCO DA MATA,Velocidade Incompatível,Saída de leito carroçável,Sem Vítimas,Pleno dia,Decrescente,Sol,Dupla,Declive,Sim,1,0,0,0,0,1,0,1,"-8,02843077","-35,03684556",SPRF-PE,DEL01-PE,UOP01-DEL01-PE
369387.0,2021-07-09,sexta-feira,15:20:00,PE,232,"84,4",GRAVATA,Velocidade Incompatível,Capotamento,Com Vítimas Feridas,Pleno dia,Decrescente,Céu Claro,Dupla,Reta;Aclive                   ,Sim,2,0,1,1,0,0,2,1,"-8,207841","-35,607415",SPRF-PE,DEL02-PE,UOP02-DEL02PE
369420.0,2021-07-09,sexta-feira,17:10:00,PE,104,72,CARUARU,Frear bruscamente,Colisão traseira,Com Vítimas Feridas,Anoitecer,Crescente,Céu Claro,Simples,Aclive,Não,2,0,1,0,1,0,1,2,"-8,34063677","-35,98224163",SPRF-PE,DEL02-PE,UOP01-DEL02-PE
369426.0,2021-07-09,sexta-feira,17:30:00,PE,101,141,RIBEIRAO,Condutor Dormindo,Saída de leito carroçável,Com Vítimas Feridas,Anoitecer,Decrescente,Nublado,Dupla,Curva,Não,2,0,2,0,0,0,2,1,"-8,44013935","-35,33528377",SPRF-PE,DEL01-PE,UOP01-DEL01-PE
369427.0,2021-07-09,sexta-feira,17:20:00,PE,101,"69,6",RECIFE,Condutor deixou de manter distância do veículo da frente,Colisão traseira,Sem Vítimas,Anoitecer,Crescente,Céu Claro,Múltipla,Reta,Não,2,0,0,0,1,1,0,2,"-8,05951606","-34,94581024",SPRF-PE,DEL01-PE,UOP01-DEL01-PE
369597.0,2021-07-10,sábado,11:05:00,PE,101,72,RECIFE,Ausência de reação do condutor,Colisão lateral mesmo sentido,Com Vítimas Feridas,Pleno dia,Decrescente,Sol,Dupla,Reta,Sim,2,0,1,0,1,0,1,2,"-8,08493106","-34,9450639",SPRF-PE,DEL01-PE,UOP01-DEL01-PE
369598.0,2021-07-10,sábado,10:30:00,PE,101,"48,8",ABREU E LIMA,Reação tardia ou ineficiente do condutor,Colisão traseira,Com Vítimas Feridas,Pleno dia,Decrescente,Chuva,Múltipla,Reta,Sim,3,0,1,0,2,0,1,3,"-7,9005152","-34,90180641",SPRF-PE,DEL01-PE,UOP02-DEL01-PE
369603.0,2021-07-10,sábado,11:15:00,PE,232,"55,7",POMBOS,Demais falhas mecânicas ou elétricas,Tombamento,Com Vítimas Feridas,Pleno dia,Crescente,Céu Claro,Dupla,Reta,Sim,2,0,2,0,0,0,2,1,"-8,136499","-35,371687",SPRF-PE,DEL02-PE,UOP02-DEL02PE
369661.0,2021-07-04,domingo,18:35:00,PE,408,"56,5",NAZARE DA MATA,Obstrução na via,Colisão traseira,Com Vítimas Feridas,Plena Noite,Decrescente,Céu Claro,Simples,Reta,Não,3,0,1,0,2,0,1,2,"-7,77994878","-35,23919365",SPRF-PE,DEL01-PE,UOP01-DEL01-PE
369667.0,2021-07-10,sábado,17:40:00,PE,232,"47,3",VITORIA DE SANTO ANTAO,Ingestão de álcool pelo condutor,Colisão transversal,Com Vítimas Fatais,Anoitecer,Crescente,Chuva,Dupla,Reta,Não,2,1,0,0,1,0,0,2,"-8,13769724","-35,29733789",SPRF-PE,DEL01-PE,UOP01-DEL01-PE
369701.0,2021-07-10,sábado,19:20:00,PE,104,79,AGRESTINA,Demais falhas mecânicas ou elétricas,Colisão frontal,Com Vítimas Feridas,Plena Noite,Crescente,Céu Claro,Simples,Curva,Não,2,0,2,0,0,0,2,2,"-8,389074","-35,974712",SPRF-PE,DEL02-PE,UOP01-DEL02-PE
369842.0,2021-07-11,domingo,08:20:00,PE,101,"68,2",RECIFE,Ausência de reação do condutor,Colisão com objeto,Sem Vítimas,Pleno dia,Decrescente,Nublado,Múltipla,Rotatória,Sim,1,0,0,0,0,1,0,1,"-8,05074296","-34,94580619",SPRF-PE,DEL01-PE,UOP01-DEL01-PE
369844.0,2021-07-11,domingo,08:50:00,PE,101,"28,4",IGARASSU,Frear bruscamente,Tombamento,Com Vítimas Feridas,Pleno dia,Decrescente,Céu Claro,Dupla,Reta,Não,2,0,2,0,0,0,2,1,"-7,72056385","-34,94127124",SPRF-PE,DEL01-PE,UOP02-DEL01-PE
369890.0,2021-07-11,domingo,11:30:00,PE,232,23,MORENO,Acesso irregular,Colisão transversal,Com Vítimas Feridas,Pleno dia,Decrescente,Céu Claro,Dupla,Curva,Não,2,0,0,1,1,0,1,2,"-8,0992185","-35,09713887",SPRF-PE,DEL01-PE,UOP01-DEL01-PE
369892.0,2021-07-11,domingo,08:50:00,PE,232,"86,7",GRAVATA,Condutor Dormindo,Saída de leito carroçável,Com Vítimas Feridas,Pleno dia,Crescente,Sol,Dupla,Curva,Não,1,0,0,1,0,0,1,1,"-8,21357161","-35,62733173",SPRF-PE,DEL02-PE,UOP02-DEL02PE
369913.0,2021-07-11,domingo,13:10:00,PE,101,"91,5",CABO DE SANTO AGOSTINHO,Conversão proibida,Colisão lateral mesmo sentido,Com Vítimas Feridas,Pleno dia,Decrescente,Nublado,Dupla,Reta,Sim,2,0,1,0,1,0,1,2,"-8,23882808","-34,98446172",SPRF-PE,DEL01-PE,UOP01-DEL01-PE
369918.0,2021-07-11,domingo,15:15:00,PE,423,"83,1",JUCATI,Acessar a via sem observar a presença dos outros veículos,Colisão transversal,Com Vítimas Fatais,Pleno dia,Decrescente,Céu Claro,Simples,Reta,Não,2,1,1,0,0,0,1,2,"-8,79028092","-36,43450918",SPRF-PE,DEL03-PE,UOP01-DEL03-PE
369928.0,2021-07-11,domingo,15:00:00,PE,101,"105,1",CABO DE SANTO AGOSTINHO,Manobra de mudança de faixa,Tombamento,Com Vítimas Feridas,Pleno dia,Crescente,Sol,Dupla,Curva,Não,2,0,2,0,0,0,2,1,"-8,30242751","-35,06989924",SPRF-PE,DEL01-PE,UOP01-DEL01-PE
369943.0,2021-07-11,domingo,17:30:00,PE,232,"6,3",RECIFE,Manobra de mudança de faixa,Colisão transversal,Sem Vítimas,Anoitecer,Decrescente,Chuva,Dupla,Reta,Sim,2,0,0,0,2,0,0,2,"-8,071765","-34,956033",SPRF-PE,DEL01-PE,UOP01-DEL01-PE
369979.0,2021-07-11,domingo,19:00:00,PE,101,48,ABREU E LIMA,Pedestre cruzava a pista fora da faixa,Atropelamento de Pedestre,Com Vítimas Feridas,Plena Noite,Crescente,Nublado,Múltipla,Reta,Sim,2,0,2,0,0,0,2,2,"-7,89174705","-34,9033493",SPRF-PE,DEL01-PE,UOP02-DEL01-PE
370029.0,2021-07-11,domingo,21:10:00,PE,232,"356,7",FLORES,Velocidade Incompatível,Saída de leito carroçável,Com Vítimas Feridas,Plena Noite,Crescente,Céu Claro,Simples,Interseção de Vias,Não,1,0,0,1,0,0,1,1,"-8,0470875","-37,84292221",SPRF-PE,DEL04-PE,UOP01-DEL04-PE
370139.0,2021-07-12,segunda-feira,09:20:00,PE,232,6,RECIFE,Condutor deixou de manter distância do veículo da frente,Engavetamento,Sem Vítimas,Pleno dia,Decrescente,Céu Claro,Dupla,Reta,Sim,4,0,0,0,4,0,0,4,"-8,07079525","-34,9535389",SPRF-PE,DEL01-PE,UOP01-DEL01-PE
370146.0,2021-07-12,segunda-feira,11:10:00,PE,101,"70,5",RECIFE,Acessar a via sem observar a presença dos outros veículos,Colisão lateral mesmo sentido,Sem Vítimas,Pleno dia,Decrescente,Céu Claro,Dupla,Reta,Não,2,0,0,0,2,0,0,2,"-8,06776119","-34,94265074",SPRF-PE,DEL01-PE,UOP01-DEL01-PE
370160.0,2021-07-12,segunda-feira,01:00:00,PE,424,"90,4",GARANHUNS,Pedestre andava na pista,Atropelamento de Pedestre,Com Vítimas Fatais,Plena Noite,Crescente,Nublado,Simples,Reta,Sim,2,1,0,0,0,1,0,2,"-8,90586845","-36,49859905",SPRF-PE,DEL03-PE,UOP01-DEL03-PE
370173.0,2021-07-12,segunda-feira,08:05:00,PE,232,253,ARCOVERDE,Desrespeitar a preferência no cruzamento,Colisão transversal,Com Vítimas Feridas,Pleno dia,Decrescente,Nublado,Dupla,Rotatória,Sim,2,0,0,1,1,0,1,2,"-8,43092055","-37,0638907",SPRF-PE,DEL03-PE,UOP02-DEL03-PE
370175.0,2021-06-20,domingo,08:15:00,PE,104,"26,1",TAQUARITINGA DO NORTE,Condutor Dormindo,Colisão frontal,Com Vítimas Feridas,Pleno dia,Decrescente,Nublado,Simples,Reta,Não,3,0,1,0,1,1,1,2,"-7,993323","-36,095291",SPRF-PE,DEL02-PE,UOP01-DEL02-PE
370204.0,2021-07-12,segunda-feira,16:08:00,PE,101,68,RECIFE,Trafegar com motocicleta (ou similar) entre as faixas,Colisão lateral mesmo sentido,Com Vítimas Feridas,Pleno dia,Decrescente,Céu Claro,Dupla,Viaduto,Sim,3,0,1,0,2,0,1,3,"-8,05074296","-34,94580619",SPRF-PE,DEL01-PE,UOP01-DEL01-PE
370232.0,2021-07-12,segunda-feira,18:25:00,PE,101,67,RECIFE,Reação tardia ou ineficiente do condutor,Colisão lateral mesmo sentido,Sem Vítimas,Plena Noite,Crescente,Céu Claro,Dupla,Reta,Sim,2,0,0,0,2,0,0,2,"-8,042334","-34,943096",SPRF-PE,DEL01-PE,UOP01-DEL01-PE
370307.0,2021-07-13,terça-feira,05:41:00,PE,101,"74,8",RECIFE,Frear bruscamente,Colisão traseira,Com Vítimas Feridas,Pleno dia,Crescente,Céu Claro,Dupla,Reta,Sim,2,0,1,0,1,0,1,2,"-8,10809189","-34,94777799",SPRF-PE,DEL01-PE,UOP01-DEL01-PE
370351.0,2021-07-13,terça-feira,11:50:00,PE,104,"72,2",CARUARU,Curva acentuada,Capotamento,Com Vítimas Feridas,Pleno dia,Crescente,Céu Claro,Simples,Curva,Não,2,0,1,0,1,0,1,1,"-8,332917","-35,981609",SPRF-PE,DEL02-PE,UOP01-DEL02-PE
370479.0,2021-07-14,quarta-feira,00:30:00,PE,101,"80,3",JABOATAO DOS GUARARAPES,Acessar a via sem observar a presença dos outros veículos,Colisão transversal,Sem Vítimas,Plena Noite,Crescente,Céu Claro,Dupla,Reta,Sim,4,0,0,0,1,3,0,3,"-8,15112589","-34,9428866",SPRF-PE,DEL01-PE,UOP01-DEL01-PE
370502.0,2021-07-14,quarta-feira,07:50:00,PE,232,7,RECIFE,Condutor deixou de manter distância do veículo da frente,Colisão traseira,Sem Vítimas,Pleno dia,Decrescente,Céu Claro,Dupla,Reta,Sim,2,0,0,0,1,1,0,1,"-8,07333497","-34,96184301",SPRF-PE,DEL01-PE,UOP01-DEL01-PE
370529.0,2021-07-14,quarta-feira,09:30:00,PE,232,98,BEZERROS,Demais falhas mecânicas ou elétricas,Colisão com objeto,Sem Vítimas,Pleno dia,Crescente,Céu Claro,Múltipla,Reta,Não,1,0,0,0,1,0,0,1,"-8,23595538","-35,72633743",SPRF-PE,DEL02-PE,UOP02-DEL02PE
370631.0,2021-07-14,quarta-feira,21:00:00,PE,101,"65,9",RECIFE,Entrada inopinada do pedestre,Atropelamento de Pedestre,Com Vítimas Fatais,Plena Noite,Crescente,Chuva,Dupla,Reta,Sim,2,1,0,0,1,0,0,2,"-8,02478597","-34,94276635",SPRF-PE,DEL01-PE,UOP01-DEL01-PE
370664.0,2021-07-15,quinta-feira,02:00:00,PE,407,127,PETROLINA,Ingestão de álcool pelo condutor,Colisão transversal,Com Vítimas Feridas,Plena Noite,Decrescente,Céu Claro,Simples,Interseção de Vias,Sim,2,0,1,0,1,0,1,2,"-9,3908678","-40,52038627",SPRF-PE,DEL06-PE,UOP01-DEL06-PE
370705.0,2021-07-15,quinta-feira,08:30:00,PE,101,"90,9",CABO DE SANTO AGOSTINHO,Carga excessiva e/ou mal acondicionada,Tombamento,Com Vítimas Feridas,Pleno dia,Crescente,Céu Claro,Dupla,Curva,Não,2,0,1,0,1,0,1,2,"-8,223015","-34,99264",SPRF-PE,DEL01-PE,UOP01-DEL01-PE
370742.0,2021-07-15,quinta-feira,11:20:00,PE,101,"44,1",IGARASSU,Desrespeitar a preferência no cruzamento,Colisão transversal,Com Vítimas Feridas,Pleno dia,Decrescente,Sol,Múltipla,Reta,Sim,3,0,0,2,1,0,2,2,"-7,85797214","-34,90817785",SPRF-PE,DEL01-PE,UOP02-DEL01-PE
370759.0,2021-07-15,quinta-feira,14:25:00,PE,101,82,JABOATAO DOS GUARARAPES,Trafegar com motocicleta (ou similar) entre as faixas,Colisão traseira,Com Vítimas Feridas,Pleno dia,Decrescente,Céu Claro,Dupla,Viaduto,Não,2,0,1,0,1,0,1,2,"-8,168383","-34,9376",SPRF-PE,DEL01-PE,UOP01-DEL01-PE
370766.0,2021-07-15,quinta-feira,15:30:00,PE,,,RECIFE,Redutor de velocidade em desacordo,Tombamento,Com Vítimas Feridas,Pleno dia,Não Informado,Céu Claro,Simples,Reta,Sim,1,0,0,1,0,0,1,1,"-8,058556","-34,94964",SPRF-PE,DEL01-PE,UOP01-DEL01-PE
370777.0,2021-07-15,quinta-feira,16:20:00,PE,232,"250,8",ARCOVERDE,Condutor deixou de manter distância do veículo da frente,Engavetamento,Sem Vítimas,Pleno dia,Crescente,Céu Claro,Simples,Aclive,Sim,3,0,0,0,3,0,0,3,"-8,42350887","-37,05286107",SPRF-PE,DEL03-PE,UOP02-DEL03-PE
370864.0,2021-07-16,sexta-feira,04:30:00,PE,101,"46,6",IGARASSU,Desrespeitar a preferência no cruzamento,Colisão transversal,Com Vítimas Feridas,Pleno dia,Decrescente,Garoa/Chuvisco,Múltipla,Reta,Sim,2,0,0,1,1,0,1,2,"-7,87406004","-34,90588126",SPRF-PE,DEL01-PE,UOP02-DEL01-PE
370906.0,2021-07-16,sexta-feira,08:45:00,PE,101,"27,5",IGARASSU,Animais na Pista,Colisão com objeto,Com Vítimas Feridas,Pleno dia,Decrescente,Chuva,Dupla,Reta,Não,1,0,1,0,0,0,1,1,"-7,71433379","-34,93478417",SPRF-PE,DEL01-PE,UOP02-DEL01-PE
370939.0,2021-07-16,sexta-feira,12:50:00,PE,232,"411,7",SERRA TALHADA,Conversão proibida,Colisão lateral mesmo sentido,Com Vítimas Feridas,Pleno dia,Crescente,Céu Claro,Simples,Reta,Sim,4,0,0,1,1,2,1,3,"-7,98000712","-38,30890775",SPRF-PE,DEL04-PE,UOP01-DEL04-PE
371005.0,2021-07-16,sexta-feira,15:25:00,PE,232,13,JABOATAO DOS GUARARAPES,Velocidade Incompatível,Saída de leito carroçável,Sem Vítimas,Pleno dia,Decrescente,Céu Claro,Dupla,Reta,Não,1,0,0,0,0,1,0,1,"-8,08831567","-35,01203806",SPRF-PE,DEL01-PE,UOP01-DEL01-PE
371014.0,2021-07-16,sexta-feira,17:15:00,PE,423,"96,4",GARANHUNS,Trafegar com motocicleta (ou similar) entre as faixas,Colisão lateral sentido oposto,Com Vítimas Feridas,Plena Noite,Decrescente,Nevoeiro/Neblina,Simples,Reta,Sim,2,0,1,0,1,0,1,2,"-8,88021822","-36,48651678",SPRF-PE,DEL03-PE,UOP01-DEL03-PE
371027.0,2021-07-16,sexta-feira,18:45:00,PE,101,71,RECIFE,Ausência de reação do condutor,Colisão traseira,Com Vítimas Feridas,Plena Noite,Crescente,Nublado,Dupla,Reta,Sim,3,0,1,0,2,0,1,2,"-8,07663102","-34,94277871",SPRF-PE,DEL01-PE,UOP01-DEL01-PE
371083.0,2021-07-16,sexta-feira,22:35:00,PE,232,"36,2",MORENO,Demais falhas mecânicas ou elétricas,Incêndio,Sem Vítimas,Plena Noite,Crescente,Garoa/Chuvisco,Dupla,Reta,Não,1,0,0,0,0,1,0,1,"-8,11082778","-35,20125807",SPRF-PE,DEL01-PE,UOP01-DEL01-PE
371140.0,2021-07-17,sábado,07:40:00,PE,232,22,MORENO,Demais falhas mecânicas ou elétricas,Saída de leito carroçável,Com Vítimas Feridas,Pleno dia,Decrescente,Nublado,Múltipla,Declive;Curva                 ,Não,1,0,1,0,0,0,1,1,"-8,09712273","-35,088592",SPRF-PE,DEL01-PE,UOP01-DEL01-PE
371143.0,2021-07-17,sábado,09:00:00,PE,101,"59,5",RECIFE,Condutor deixou de manter distância do veículo da frente,Colisão traseira,Com Vítimas Feridas,Pleno dia,Decrescente,Chuva,Dupla,Reta,Sim,2,0,1,0,1,0,1,2,"-7,97708575","-34,92607318",SPRF-PE,DEL01-PE,UOP02-DEL01-PE
371161.0,2021-07-17,sábado,10:30:00,PE,101,"42,7",IGARASSU,Acessar a via sem observar a presença dos outros veículos,Colisão traseira,Com Vítimas Feridas,Pleno dia,Decrescente,Nublado,Múltipla,Reta,Sim,3,0,1,0,1,1,1,2,"-7,83887431","-34,91196739",SPRF-PE,DEL01-PE,UOP02-DEL01-PE
371202.0,2021-07-17,sábado,14:55:00,PE,101,148,RIBEIRAO,Retorno proibido,Colisão transversal,Com Vítimas Fatais,Pleno dia,Decrescente,Céu Claro,Múltipla,Reta,Não,3,2,0,0,1,0,0,2,"-8,47458903","-35,37134167",SPRF-PE,DEL01-PE,UOP01-DEL01-PE
371279.0,2021-06-20,domingo,17:30:00,PE,232,"276,2",SERTANIA,Demais falhas mecânicas ou elétricas,Saída de leito carroçável,Com Vítimas Feridas,Anoitecer,Crescente,Neve,Simples,Curva,Não,2,0,1,1,0,0,2,1,"-8,381581","-37,252664",SPRF-PE,DEL03-PE,UOP02-DEL03-PE
371300.0,2021-07-17,sábado,21:50:00,PE,101,90,CABO DE SANTO AGOSTINHO,Reação tardia ou ineficiente do condutor,Colisão traseira,Com Vítimas Feridas,Plena Noite,Decrescente,Chuva,Dupla,Reta,Sim,2,0,0,1,1,0,1,2,"-8,21612792","-34,98772817",SPRF-PE,DEL01-PE,UOP01-DEL01-PE
371313.0,2021-07-17,sábado,23:50:00,PE,232,"199,4",SANHARO,Transitar no acostamento,Colisão com objeto,Com Vítimas Fatais,Plena Noite,Decrescente,Nublado,Simples,Reta,Não,2,1,0,0,0,1,0,2,"-8,36991711","-36,59847999",SPRF-PE,DEL02-PE,UOP03-DEL02-PE
371351.0,2021-07-18,domingo,06:30:00,PE,104,"27,4",TORITAMA,Ingestão de álcool pelo condutor,Saída de leito carroçável,Com Vítimas Feridas,Pleno dia,Crescente,Sol,Simples,Curva,Sim,2,0,0,2,0,0,2,1,"-8,004067","-36,087899",SPRF-PE,DEL02-PE,UOP01-DEL02-PE
371368.0,2021-07-18,domingo,07:50:00,PE,101,99,CABO DE SANTO AGOSTINHO,Manobra de mudança de faixa,Capotamento,Com Vítimas Feridas,Pleno dia,Decrescente,Sol,Dupla,Reta,Não,1,0,1,0,0,0,1,1,"-8,26025316","-35,04629883",SPRF-PE,DEL01-PE,UOP01-DEL01-PE
371381.0,2021-07-18,domingo,10:20:00,PE,101,"40,8",IGARASSU,Acessar a via sem observar a presença dos outros veículos,Colisão transversal,Com Vítimas Feridas,Pleno dia,Decrescente,Nublado,Dupla,Reta,Sim,2,0,1,0,1,0,1,2,"-7,821475","-34,916545",SPRF-PE,DEL01-PE,UOP02-DEL01-PE
371389.0,2021-07-18,domingo,11:50:00,PE,232,"6,1",RECIFE,Ausência de reação do condutor,Engavetamento,Com Vítimas Feridas,Pleno dia,Decrescente,Céu Claro,Dupla,Reta,Sim,7,0,1,0,6,0,1,6,"-8,071285","-34,954841",SPRF-PE,DEL01-PE,UOP01-DEL01-PE
371417.0,2021-07-18,domingo,15:20:00,PE,101,"49,6",ABREU E LIMA,Acessar a via sem observar a presença dos outros veículos,Atropelamento de Pedestre,Sem Vítimas,Pleno dia,Decrescente,Sol,Dupla,Reta,Sim,2,0,0,0,1,1,0,2,"-7,9005152","-34,90180641",SPRF-PE,DEL01-PE,UOP02-DEL01-PE
371448.0,2021-07-18,domingo,18:00:00,PE,104,"19,2",TAQUARITINGA DO NORTE,Ultrapassagem Indevida,Colisão frontal,Com Vítimas Fatais,Plena Noite,Decrescente,Céu Claro,Simples,Reta,Não,2,1,0,0,0,1,0,2,"-7,947535","-36,127937",SPRF-PE,DEL02-PE,UOP01-DEL02-PE
371475.0,2021-07-18,domingo,18:06:00,PE,316,"57,5",TRINDADE,Conversão proibida,Colisão transversal,Com Vítimas Feridas,Plena Noite,Decrescente,Céu Claro,Simples,Reta,Sim,2,0,1,0,1,0,1,2,"-7,74765771","-40,2710428",SPRF-PE,DEL05-PE,UOP02-DEL05-PE
371482.0,2021-07-18,domingo,20:30:00,PE,232,"31,2",MORENO,Ingestão de álcool pelo condutor,Saída de leito carroçável,Com Vítimas Feridas,Plena Noite,Decrescente,Chuva,Dupla,Reta,Não,1,0,1,0,0,0,1,1,"-8,10678602","-35,15841205",SPRF-PE,DEL01-PE,UOP01-DEL01-PE
371496.0,2021-07-18,domingo,18:20:00,PE,408,55,NAZARE DA MATA,Ingestão de álcool pelo condutor,Colisão lateral sentido oposto,Com Vítimas Feridas,Plena Noite,Crescente,Nublado,Simples,Reta,Não,3,0,1,0,2,0,1,2,"-7,77176315","-35,23566726",SPRF-PE,DEL01-PE,UOP01-DEL01-PE
371508.0,2021-07-18,domingo,18:15:00,PE,104,"19,2",TAQUARITINGA DO NORTE,Ingestão de álcool pelo condutor,Colisão transversal,Sem Vítimas,Plena Noite,Crescente,Céu Claro,Simples,Reta,Não,2,0,0,0,2,0,0,2,"-7,947535","-36,127937",SPRF-PE,DEL02-PE,UOP01-DEL02-PE
371528.0,2021-07-18,domingo,23:20:00,PE,423,"95,2",GARANHUNS,Ingestão de álcool pelo condutor,Saída de leito carroçável,Com Vítimas Feridas,Plena Noite,Crescente,Céu Claro,Simples,Curva,Sim,3,0,3,0,0,0,3,1,"-8,878079","-36,48284",SPRF-PE,DEL03-PE,UOP01-DEL03-PE
371578.0,2021-07-19,segunda-feira,08:00:00,PE,101,"45,7",IGARASSU,Chuva,Colisão lateral mesmo sentido,Com Vítimas Feridas,Pleno dia,Crescente,Chuva,Múltipla,Reta,Sim,2,0,1,0,1,0,1,2,"-7,86521297","-34,90715176",SPRF-PE,DEL01-PE,UOP02-DEL01-PE
371598.0,2021-07-09,sexta-feira,19:40:00,PE,428,"168,8",PETROLINA,Animais na Pista,Atropelamento de Animal,Sem Vítimas,Plena Noite,Crescente,Céu Claro,Simples,Reta,Não,1,0,0,0,1,0,0,1,"-9,20669407","-40,39689092",SPRF-PE,DEL06-PE,UOP01-DEL06-PE
371611.0,2021-07-19,segunda-feira,12:30:00,PE,101,26,GOIANA,Acumulo de água sobre o pavimento,Saída de leito carroçável,Com Vítimas Feridas,Pleno dia,Decrescente,Chuva,Dupla,Curva,Não,2,0,1,0,1,0,1,1,"-7,7009082","-34,9229207",SPRF-PE,DEL01-PE,UOP02-DEL01-PE
371615.0,2021-07-19,segunda-feira,11:40:00,PE,101,"25,9",ITAPISSUMA,Avarias e/ou desgaste excessivo no pneu,Saída de leito carroçável,Com Vítimas Feridas,Pleno dia,Crescente,Chuva,Dupla,Reta,Não,4,0,4,0,0,0,4,1,"-7,70826223","-34,92811677",SPRF-PE,DEL01-PE,UOP02-DEL01-PE
371626.0,2021-07-19,segunda-feira,10:20:00,PE,423,"154,8",IATI,Velocidade Incompatível,Capotamento,Sem Vítimas,Pleno dia,Decrescente,Céu Claro,Simples,Curva,Não,4,0,0,0,4,0,0,1,"-9,0566026","-36,93412423",SPRF-PE,DEL03-PE,UOP01-DEL03-PE
371709.0,2021-07-19,segunda-feira,20:40:00,PE,104,"28,8",TORITAMA,Ingestão de álcool pelo condutor,Colisão transversal,Com Vítimas Feridas,Plena Noite,Crescente,Nublado,Simples,Reta,Sim,4,0,1,1,2,0,2,2,"-8,00620208","-36,07316852",SPRF-PE,DEL02-PE,UOP01-DEL02-PE
371724.0,2021-07-19,segunda-feira,23:10:00,PE,232,409,SERRA TALHADA,Condutor desrespeitou a iluminação vermelha do semáforo,Colisão transversal,Com Vítimas Feridas,Plena Noite,Decrescente,Céu Claro,Dupla,Viaduto,Sim,2,0,1,0,1,0,1,2,"-7,981944","-38,289467",SPRF-PE,DEL04-PE,UOP01-DEL04-PE
371745.0,2021-07-20,terça-feira,05:20:00,PE,101,68,RECIFE,Animais na Pista,Atropelamento de Animal,Sem Vítimas,Pleno dia,Decrescente,Chuva,Múltipla,Reta,Sim,2,0,0,0,1,1,0,2,"-8,05074296","-34,94580619",SPRF-PE,DEL01-PE,UOP01-DEL01-PE
371800.0,2021-07-20,terça-feira,11:47:00,PE,232,79,GRAVATA,Mal súbito do condutor,Queda de ocupante de veículo,Com Vítimas Feridas,Pleno dia,Crescente,Nublado,Simples,Reta,Sim,1,0,0,1,0,0,1,1,"-8,19524317","-35,56256175",SPRF-PE,DEL02-PE,UOP02-DEL02PE
371907.0,2021-07-20,terça-feira,23:20:00,PE,408,"66,1",PAUDALHO,Chuva,Colisão com objeto,Com Vítimas Feridas,Plena Noite,Crescente,Nublado,Dupla,Reta,Sim,1,0,1,0,0,0,1,1,"-7,85456416","-35,22363707",SPRF-PE,DEL01-PE,UOP01-DEL01-PE
371930.0,2021-07-21,quarta-feira,05:30:00,PE,101,"73,7",RECIFE,Avarias e/ou desgaste excessivo no pneu,Eventos atípicos,Com Vítimas Feridas,Amanhecer,Crescente,Chuva,Múltipla,Reta,Sim,2,0,1,0,1,0,1,1,"-8,093369","-34,947464",SPRF-PE,DEL01-PE,UOP01-DEL01-PE
371941.0,2021-07-21,quarta-feira,08:00:00,PE,101,"69,9",RECIFE,Condutor deixou de manter distância do veículo da frente,Colisão traseira,Com Vítimas Feridas,Pleno dia,Crescente,Garoa/Chuvisco,Dupla,Reta,Não,3,0,1,0,1,1,1,2,"-8,066853","-34,943287",SPRF-PE,DEL01-PE,UOP01-DEL01-PE