id,data_inversa,dia_semana,horario,uf,br,km,municipio,causa_acidente,tipo_acidente,classificacao_acidente,fase_dia,sentido_via,condicao_metereologica,tipo_pista,tracado_via,uso_solo,pessoas,mortos,feridos_leves,feridos_graves,ilesos,ignorados,feridos,veiculos,latitude,longitude,regional,delegacia,uop
371997.0,2021-07-21,quarta-feira,14:10:00,PE,424,"89,3",GARANHUNS,Acessar a via sem observar a presença dos outros veículos,Colisão lateral mesmo sentido,Com Vítimas Feridas,Pleno dia,Crescente,Nublado,Simples,Curva;Interseção de Vias      ,Sim,4,0,0,1,3,0,1,2,"-8,89138375","-36,50571483",SPRF-PE,DEL03-PE,UOP01-DEL03-PE
372023.0,2021-07-21,quarta-feira,17:00:00,PE,101,54,PAULISTA,Entrada inopinada do pedestre,Atropelamento de Pedestre,Com Vítimas Feridas,Pleno dia,Crescente,Nublado,Simples,Interseção de Vias,Não,2,0,0,1,1,0,1,2,"-7,93961103","-34,90356584",SPRF-PE,DEL01-PE,UOP02-DEL01-PE
372036.0,2021-07-21,quarta-feira,19:00:00,PE,104,"53,6",CARUARU,Ingestão de álcool pelo condutor,Colisão traseira,Com Vítimas Feridas,Plena Noite,Decrescente,Nublado,Dupla,Declive,Sim,4,0,1,0,3,0,1,2,"-8,178876","-35,969398",SPRF-PE,DEL02-PE,UOP01-DEL02-PE
372126.0,2021-07-22,quinta-feira,07:45:00,PE,101,50,ABREU E LIMA,Reação tardia ou ineficiente do condutor,Colisão traseira,Com Vítimas Feridas,Pleno dia,Decrescente,Céu Claro,Dupla,Reta,Sim,2,0,2,0,0,0,2,2,"-7,90938602","-34,90123228",SPRF-PE,DEL01-PE,UOP02-DEL01-PE
372130.0,2021-07-22,quinta-feira,08:30:00,PE,423,95,GARANHUNS,Condutor deixou de manter distância do veículo da frente,Colisão traseira,Sem Vítimas,Pleno dia,Crescente,Nublado,Simples,Reta,Sim,2,0,0,0,2,0,0,2,"-8,87891989","-36,47796305",SPRF-PE,DEL03-PE,UOP01-DEL03-PE
372135.0,2021-07-22,quinta-feira,08:15:00,PE,101,69,RECIFE,Trafegar com motocicleta (ou similar) entre as faixas,Colisão lateral mesmo sentido,Com Vítimas Feridas,Pleno dia,Decrescente,Céu Claro,Dupla,Viaduto,Sim,2,0,1,0,1,0,1,2,"-8,052406","-34,946173",SPRF-PE,DEL01-PE,UOP01-DEL01-PE
372136.0,2021-07-22,quinta-feira,08:30:00,PE,101,"64,5",RECIFE,Pedestre cruzava a pista fora da faixa,Atropelamento de Pedestre,Com Vítimas Feridas,Pleno dia,Crescente,Céu Claro,Dupla,Reta,Sim,2,0,0,1,1,0,1,2,"-8,02046","-34,942649",SPRF-PE,DEL01-PE,UOP01-DEL01-PE
372228.0,2021-07-22,quinta-feira,16:50:00,PE,101,"69,3",RECIFE,Demais Fenômenos da natureza,Atropelamento de Pedestre,Com Vítimas Feridas,Anoitecer,Decrescente,Nublado,Múltipla,Reta,Sim,4,0,3,0,1,0,3,2,"-8,064128","-34,941816",SPRF-PE,DEL01-PE,UOP01-DEL01-PE
372232.0,2021-07-22,quinta-feira,20:45:00,PE,101,72,RECIFE,Condutor deixou de manter distância do veículo da frente,Colisão traseira,Com Vítimas Feridas,Plena Noite,Decrescente,Céu Claro,Dupla,Reta,Sim,4,0,1,0,3,0,1,2,"-8,08493106","-34,9450639",SPRF-PE,DEL01-PE,UOP01-DEL01-PE
372250.0,2021-07-22,quinta-feira,22:00:00,PE,232,"184,3",BELO JARDIM,Acostamento em desnível,Saída de leito carroçável,Com Vítimas Feridas,Plena Noite,Decrescente,Céu Claro,Simples,Ponte,Não,1,0,0,1,0,0,1,1,"-8,35118645","-36,46450196",SPRF-PE,DEL02-PE,UOP03-DEL02-PE
372397.0,2021-07-23,sexta-feira,16:20:00,PE,101,"75,1",RECIFE,Manobra de mudança de faixa,Colisão lateral mesmo sentido,Com Vítimas Feridas,Pleno dia,Decrescente,Nublado,Dupla,Reta,Sim,2,0,1,0,1,0,1,2,"-8,10973523","-34,94660151",SPRF-PE,DEL01-PE,UOP01-DEL01-PE
372402.0,2021-07-23,sexta-feira,18:20:00,PE,101,"9,8",GOIANA,Pista esburacada,Colisão com objeto,Com Vítimas Feridas,Plena Noite,Decrescente,Céu Claro,Dupla,Reta;Declive                  ,Não,2,0,1,0,1,0,1,1,"-7,58468449","-34,98743311",SPRF-PE,DEL01-PE,UOP02-DEL01-PE
372490.0,2021-07-24,sábado,03:00:00,PE,232,"256,9",ARCOVERDE,Condutor deixou de manter distância do veículo da frente,Colisão traseira,Com Vítimas Feridas,Plena Noite,Decrescente,Céu Claro,Simples,Reta,Não,6,0,4,1,0,1,5,2,"-8,408928","-37,10183",SPRF-PE,DEL03-PE,UOP02-DEL03-PE
372505.0,2021-07-24,sábado,06:30:00,PE,232,"61,7",POMBOS,Avarias e/ou desgaste excessivo no pneu,Queda de ocupante de veículo,Com Vítimas Feridas,Pleno dia,Crescente,Céu Claro,Dupla,Reta,Não,2,0,1,0,1,0,1,1,"-8,1519066","-35,4153532",SPRF-PE,DEL02-PE,UOP02-DEL02PE
372630.0,2021-07-24,sábado,17:40:00,PE,408,"93,8",SAO LOURENCO DA MATA,Pedestre cruzava a pista fora da faixa,Atropelamento de Pedestre,Com Vítimas Fatais,Plena Noite,Decrescente,Chuva,Dupla,Declive,Sim,2,1,0,0,0,1,0,2,"-8,00201425","-35,05473707",SPRF-PE,DEL01-PE,UOP01-DEL01-PE
372816.0,2021-07-25,domingo,10:55:00,PE,424,"94,6",GARANHUNS,Reação tardia ou ineficiente do condutor,Colisão lateral sentido oposto,Com Vítimas Feridas,Pleno dia,Crescente,Nublado,Simples,Curva,Não,2,0,0,1,1,0,1,2,"-8,925337","-36,489582",SPRF-PE,DEL03-PE,UOP01-DEL03-PE
372854.0,2021-07-25,domingo,16:20:00,PE,101,"73,5",RECIFE,Trafegar com motocicleta (ou similar) entre as faixas,Tombamento,Com Vítimas Feridas,Pleno dia,Decrescente,Garoa/Chuvisco,Dupla,Curva,Sim,1,0,1,0,0,0,1,1,"-8,093369","-34,947464",SPRF-PE,DEL01-PE,UOP01-DEL01-PE
372882.0,2021-07-25,domingo,17:30:00,PE,232,334,CUSTODIA,Ingestão de álcool pelo condutor,Colisão lateral mesmo sentido,Com Vítimas Feridas,Anoitecer,Crescente,Nublado,Simples,Reta,Sim,2,0,1,0,1,0,1,2,"-8,08748731","-37,6361501",SPRF-PE,DEL03-PE,UOP02-DEL03-PE
372885.0,2021-07-25,domingo,18:20:00,PE,101,"91,5",CABO DE SANTO AGOSTINHO,Chuva,Queda de ocupante de veículo,Com Vítimas Feridas,Plena Noite,Decrescente,Chuva,Dupla,Reta,Não,2,0,0,1,1,0,1,1,"-8,22399812","-34,99290474",SPRF-PE,DEL01-PE,UOP01-DEL01-PE
372916.0,2021-07-25,domingo,20:00:00,PE,424,"87,5",GARANHUNS,Pedestre andava na pista,Atropelamento de Pedestre,Com Vítimas Feridas,Plena Noite,Decrescente,Nublado,Simples,Aclive;Reta                   ,Não,2,0,0,2,0,0,2,2,"-8,882967","-36,508531",SPRF-PE,DEL03-PE,UOP01-DEL03-PE
372976.0,2021-07-26,segunda-feira,05:00:00,PE,101,54,PAULISTA,Condutor deixou de manter distância do veículo da frente,Colisão traseira,Com Vítimas Feridas,Amanhecer,Crescente,Nublado,Dupla,Reta,Sim,3,0,2,0,0,1,2,2,"-7,93961103","-34,90356584",SPRF-PE,DEL01-PE,UOP02-DEL01-PE
372980.0,2021-07-25,domingo,21:00:00,PE,232,54,POMBOS,Acumulo de água sobre o pavimento,Saída de leito carroçável,Com Vítimas Feridas,Plena Noite,Crescente,Chuva,Dupla,Reta,Não,1,0,0,1,0,0,1,1,"-8,12919504","-35,35716398",SPRF-PE,DEL02-PE,UOP02-DEL02PE
372987.0,2021-07-26,segunda-feira,07:00:00,PE,407,"123,3",PETROLINA,Acumulo de areia ou detritos sobre o pavimento,Queda de ocupante de veículo,Com Vítimas Feridas,Pleno dia,Crescente,Céu Claro,Simples,Reta,Sim,1,0,1,0,0,0,1,1,"-9,36149178","-40,54594462",SPRF-PE,DEL06-PE,UOP01-DEL06-PE
373032.0,2021-07-26,segunda-feira,11:20:00,PE,101,47,IGARASSU,Acessar a via sem observar a presença dos outros veículos,Atropelamento de Pedestre,Com Vítimas Feridas,Pleno dia,Decrescente,Sol,Múltipla,Reta,Sim,2,0,2,0,0,0,2,2,"-7,88290701","-34,90461208",SPRF-PE,DEL01-PE,UOP02-DEL01-PE
373035.0,2021-07-26,segunda-feira,07:00:00,PE,101,"110,6",CABO DE SANTO AGOSTINHO,Reação tardia ou ineficiente do condutor,Saída de leito carroçável,Com Vítimas Fatais,Amanhecer,Decrescente,Ignorado,Dupla,Curva,Não,1,1,0,0,0,0,0,1,"-8,317532","-35,108049",SPRF-PE,DEL01-PE,UOP01-DEL01-PE
373043.0,2021-07-26,segunda-feira,13:00:00,PE,101,99,CABO DE SANTO AGOSTINHO,Reação tardia ou ineficiente do condutor,Colisão com objeto,Com Vítimas Fatais,Pleno dia,Decrescente,Sol,Múltipla,Reta,Sim,1,1,0,0,0,0,0,1,"-8,26025316","-35,04629883",SPRF-PE,DEL01-PE,UOP01-DEL01-PE
373177.0,2021-07-26,segunda-feira,20:00:00,PE,101,"135,8",ESCADA,Reação tardia ou ineficiente do condutor,Tombamento,Com Vítimas Fatais,Plena Noite,Crescente,Chuva,Dupla,Curva,Não,2,1,0,1,0,0,1,1,"-8,41222018","-35,3005743",SPRF-PE,DEL01-PE,UOP01-DEL01-PE
373239.0,2021-07-27,terça-feira,14:20:00,PE,101,48,ABREU E LIMA,Pedestre cruzava a pista fora da faixa,Atropelamento de Pedestre,Com Vítimas Feridas,Pleno dia,Crescente,Nublado,Múltipla,Reta,Sim,2,0,1,0,1,0,1,2,"-7,89174705","-34,9033493",SPRF-PE,DEL01-PE,UOP02-DEL01-PE
373324.0,2021-07-08,quinta-feira,14:40:00,PE,101,67,RECIFE,Reação tardia ou ineficiente do condutor,Colisão transversal,Com Vítimas Feridas,Pleno dia,Crescente,Céu Claro,Dupla,Reta,Sim,3,0,1,0,1,1,1,3,"-8,042631","-34,943405",SPRF-PE,DEL01-PE,UOP01-DEL01-PE
373351.0,2021-07-28,quarta-feira,07:40:00,PE,232,371,FLORES,Condutor Dormindo,Colisão frontal,Com Vítimas Feridas,Pleno dia,Decrescente,Sol,Simples,Reta,Não,3,0,0,3,0,0,3,2,"-8,029973","-37,974468",SPRF-PE,DEL04-PE,UOP01-DEL04-PE
373400.0,2021-07-28,quarta-feira,12:30:00,PE,428,"159,2",PETROLINA,Acessar a via sem observar a presença dos outros veículos,Colisão transversal,Com Vítimas Feridas,Pleno dia,Decrescente,Céu Claro,Simples,Reta,Não,4,0,2,0,1,1,2,2,"-9,13950503","-40,35244194",SPRF-PE,DEL06-PE,UOP01-DEL06-PE
373458.0,2021-07-28,quarta-feira,18:25:00,PE,423,95,GARANHUNS,Iluminação deficiente,Atropelamento de Pedestre,Com Vítimas Feridas,Plena Noite,Crescente,Nublado,Simples,Reta,Sim,2,0,0,1,0,1,1,2,"-8,87891989","-36,47796305",SPRF-PE,DEL03-PE,UOP01-DEL03-PE
373491.0,2021-07-29,quinta-feira,00:45:00,PE,232,"252,1",ARCOVERDE,Ingestão de álcool ou de substâncias psicoativas pelo pedestre,Atropelamento de Pedestre,Com Vítimas Fatais,Plena Noite,Decrescente,Céu Claro,Simples,Reta,Sim,2,1,0,0,0,1,0,2,"-8,43086","-37,06536",SPRF-PE,DEL03-PE,UOP02-DEL03-PE
373505.0,2021-07-29,quinta-feira,05:55:00,PE,101,81,JABOATAO DOS GUARARAPES,Reação tardia ou ineficiente do condutor,Colisão transversal,Com Vítimas Feridas,Pleno dia,Decrescente,Céu Claro,Dupla,Reta,Sim,2,0,1,1,0,0,2,2,"-8,1597489","-34,94024569",SPRF-PE,DEL01-PE,UOP01-DEL01-PE
373530.0,2021-07-29,quinta-feira,07:40:00,PE,408,94,SAO LOURENCO DA MATA,Entrada inopinada do pedestre,Atropelamento de Pedestre,Com Vítimas Feridas,Pleno dia,Decrescente,Céu Claro,Dupla,Curva,Sim,2,0,1,0,1,0,1,2,"-8,006926","-35,043865",SPRF-PE,DEL01-PE,UOP01-DEL01-PE
373658.0,2021-07-29,quinta-feira,20:30:00,PE,101,49,ABREU E LIMA,Ausência de reação do condutor,Colisão com objeto,Sem Vítimas,Plena Noite,Crescente,Nublado,Múltipla,Curva,Sim,1,0,0,0,0,1,0,1,"-7,9005152","-34,90180641",SPRF-PE,DEL01-PE,UOP02-DEL01-PE
373693.0,2021-07-30,sexta-feira,02:10:00,PE,232,"118,6",CARUARU,Ausência de reação do condutor,Saída de leito carroçável,Sem Vítimas,Plena Noite,Crescente,Céu Claro,Dupla,Reta,Não,1,0,0,0,0,1,0,1,"-8,29431633","-35,88437194",SPRF-PE,DEL02-PE,UOP03-DEL02-PE
373698.0,2021-07-30,sexta-feira,02:00:00,PE,104,"99,1",CUPIRA,Animais na Pista,Atropelamento de Animal,Com Vítimas Feridas,Plena Noite,Crescente,Nevoeiro/Neblina,Simples,Curva,Não,2,0,2,0,0,0,2,1,"-8,555543","-35,943687",SPRF-PE,DEL02-PE,UOP01-DEL02-PE
373699.0,2021-07-30,sexta-feira,03:00:00,PE,,,PETROLINA,Acumulo de areia ou detritos sobre o pavimento,Colisão com objeto,Sem Vítimas,Plena Noite,Não Informado,Nublado,Simples,Interseção de Vias,Sim,2,0,0,0,2,0,0,1,"-9,359697","-40,477606",SPRF-PE,DEL06-PE,UOP01-DEL06-PE
373701.0,2021-07-30,sexta-feira,02:00:00,PE,428,184,PETROLINA,Condutor deixou de manter distância do veículo da frente,Colisão traseira,Com Vítimas Feridas,Plena Noite,Crescente,Céu Claro,Simples,Em Obras;Reta                 ,Sim,3,0,2,0,0,1,2,2,"-9,349377","-40,474979",SPRF-PE,DEL06-PE,UOP01-DEL06-PE
373727.0,2021-07-30,sexta-feira,06:56:00,PE,423,"90,8",GARANHUNS,Condutor deixou de manter distância do veículo da frente,Colisão traseira,Com Vítimas Feridas,Pleno dia,Crescente,Sol,Simples,Reta;Aclive                   ,Não,3,0,2,0,1,0,2,2,"-8,84566879","-36,4596095",SPRF-PE,DEL03-PE,UOP01-DEL03-PE
373761.0,2021-07-30,sexta-feira,09:50:00,PE,232,105,BEZERROS,Manobra de mudança de faixa,Colisão lateral mesmo sentido,Com Vítimas Feridas,Pleno dia,Crescente,Céu Claro,Dupla,Retorno Regulamentado,Não,3,0,1,0,2,0,1,2,"-8,25830415","-35,78275595",SPRF-PE,DEL02-PE,UOP02-DEL02PE
373835.0,2021-07-30,sexta-feira,16:25:00,PE,101,46,IGARASSU,Condutor deixou de manter distância do veículo da frente,Colisão traseira,Sem Vítimas,Pleno dia,Decrescente,Céu Claro,Dupla,Reta,Sim,2,0,0,0,2,0,0,2,"-7,87406004","-34,90588126",SPRF-PE,DEL01-PE,UOP02-DEL01-PE
373925.0,2021-07-30,sexta-feira,22:45:00,PE,428,188,PETROLINA,Pista Escorregadia,Queda de ocupante de veículo,Com Vítimas Feridas,Plena Noite,Decrescente,Céu Claro,Simples,Rotatória,Sim,1,0,1,0,0,0,1,1,"-9,36400596","-40,48266808",SPRF-PE,DEL06-PE,UOP01-DEL06-PE
373957.0,2021-07-31,sábado,01:40:00,PE,423,"154,8",IATI,Velocidade Incompatível,Colisão com objeto,Com Vítimas Feridas,Plena Noite,Crescente,Céu Claro,Simples,Reta,Não,2,0,1,1,0,0,2,1,"-9,0566026","-36,93412423",SPRF-PE,DEL03-PE,UOP01-DEL03-PE
373998.0,2021-07-31,sábado,08:00:00,PE,232,"394,9",SERRA TALHADA,Condutor Dormindo,Saída de leito carroçável,Com Vítimas Feridas,Pleno dia,Decrescente,Céu Claro,Simples,Reta,Não,5,0,1,0,4,0,1,1,"-8,02725978","-38,17461297",SPRF-PE,DEL04-PE,UOP01-DEL04-PE
374000.0,2021-07-31,sábado,10:00:00,PE,101,"25,8",ITAPISSUMA,Acumulo de água sobre o pavimento,Saída de leito carroçável,Com Vítimas Feridas,Pleno dia,Decrescente,Chuva,Dupla,Curva,Não,3,0,2,1,0,0,3,1,"-7,7009082","-34,9229207",SPRF-PE,DEL01-PE,UOP02-DEL01-PE
374055.0,2021-07-31,sábado,15:30:00,PE,101,47,IGARASSU,Ingestão de álcool pelo condutor,Saída de leito carroçável,Com Vítimas Feridas,Pleno dia,Decrescente,Céu Claro,Dupla,Reta,Sim,1,0,1,0,0,0,1,1,"-7,88290701","-34,90461208",SPRF-PE,DEL01-PE,UOP02-DEL01-PE
374087.0,2021-07-31,sábado,18:40:00,PE,232,"79,5",GRAVATA,Ausência de reação do condutor,Colisão lateral sentido oposto,Com Vítimas Feridas,Plena Noite,Crescente,Nublado,Simples,Reta,Sim,2,0,1,0,1,0,1,2,"-8,19460572","-35,56074803",SPRF-PE,DEL02-PE,UOP02-DEL02PE
374204.0,2021-08-01,domingo,05:30:00,PE,407,"97,1",PETROLINA,Ingestão de álcool ou de substâncias psicoativas pelo pedestre,Atropelamento de Pedestre,Com Vítimas Fatais,Plena Noite,Decrescente,Nublado,Simples,Reta,Não,2,1,0,0,0,1,0,2,"-9,155247","-40,635912",SPRF-PE,DEL06-PE,UOP02-DEL06-PE
374271.0,2021-08-01,domingo,12:50:00,PE,232,39,VITORIA DE SANTO ANTAO,Velocidade Incompatível,Colisão traseira,Com Vítimas Feridas,Pleno dia,Crescente,Chuva,Dupla,Reta,Não,4,0,1,0,2,1,1,4,"-8,11725249","-35,2270359",SPRF-PE,DEL01-PE,UOP01-DEL01-PE
374324.0,2021-08-01,domingo,19:15:00,PE,101,"72,1",RECIFE,Reação tardia ou ineficiente do condutor,Saída de leito carroçável,Com Vítimas Fatais,Plena Noite,Decrescente,Nublado,Dupla,Interseção de Vias,Sim,1,1,0,0,0,0,0,1,"-8,09361441","-34,94754195",SPRF-PE,DEL01-PE,UOP01-DEL01-PE
374335.0,2021-08-01,domingo,20:15:00,PE,101,"90,3",JABOATAO DOS GUARARAPES,Velocidade Incompatível,Saída de leito carroçável,Com Vítimas Feridas,Plena Noite,Crescente,Nublado,Dupla,Reta,Sim,1,0,1,0,0,0,1,1,"-8,21612792","-34,98772817",SPRF-PE,DEL01-PE,UOP01-DEL01-PE
374391.0,2021-08-01,domingo,23:40:00,PE,101,70,RECIFE,Velocidade Incompatível,Colisão com objeto,Com Vítimas Feridas,Plena Noite,Decrescente,Céu Claro,Dupla,Reta,Sim,2,0,1,0,1,0,1,1,"-8,073839","-34,942629",SPRF-PE,DEL01-PE,UOP01-DEL01-PE
374419.0,2021-08-02,segunda-feira,06:30:00,PE,101,180,JOAQUIM NABUCO,Reação tardia ou ineficiente do condutor,Saída de leito carroçável,Com Vítimas Feridas,Pleno dia,Crescente,Chuva,Múltipla,Reta,Não,1,0,1,0,0,0,1,1,"-8,636912","-35,560818",SPRF-PE,DEL01-PE,UOP01-DEL01-PE
374475.0,2021-08-02,segunda-feira,12:45:00,PE,101,"64,1",RECIFE,Demais falhas mecânicas ou elétricas,Queda de ocupante de veículo,Com Vítimas Feridas,Pleno dia,Crescente,Chuva,Dupla,Declive;Curva                 ,Não,1,0,1,0,0,0,1,1,"-8,0162921","-34,94045886",SPRF-PE,DEL01-PE,UOP01-DEL01-PE
374551.0,2021-07-28,quarta-feira,12:30:00,PE,423,"83,1",JUCATI,Desrespeitar a preferência no cruzamento,Colisão transversal,Sem Vítimas,Pleno dia,Crescente,Céu Claro,Simples,Reta,Não,3,0,0,0,2,1,0,2,"-8,79028092","-36,43450918",SPRF-PE,DEL03-PE,UOP01-DEL03-PE
374559.0,2021-08-02,segunda-feira,13:50:00,PE,232,"530,2",TERRA NOVA,Condutor Dormindo,Saída de leito carroçável,Sem Vítimas,Pleno dia,Decrescente,Céu Claro,Simples,Reta;Aclive                   ,Não,1,0,0,0,0,1,0,1,"-8,07534919","-39,31367798",SPRF-PE,DEL05-PE,UOP01-DEL05-PE
374595.0,2021-08-03,terça-feira,03:10:00,PE,408,"51,3",NAZARE DA MATA,Pedestre cruzava a pista fora da faixa,Atropelamento de Pedestre,Com Vítimas Fatais,Amanhecer,Decrescente,Chuva,Simples,Curva,Não,2,1,0,0,0,1,0,2,"-7,73723901","-35,23503603",SPRF-PE,DEL01-PE,UOP02-DEL01-PE
374602.0,2021-08-03,terça-feira,07:40:00,PE,101,"57,9",RECIFE,Condutor deixou de manter distância do veículo da frente,Colisão traseira,Com Vítimas Feridas,Pleno dia,Crescente,Chuva,Dupla,Reta;Declive                  ,Não,2,0,1,0,1,0,1,2,"-7,96346213","-34,91513486",SPRF-PE,DEL01-PE,UOP02-DEL01-PE
374618.0,2021-08-03,terça-feira,08:40:00,PE,101,"69,8",RECIFE,Manobra de mudança de faixa,Colisão lateral mesmo sentido,Com Vítimas Feridas,Pleno dia,Crescente,Chuva,Dupla,Em Obras,Sim,3,0,2,0,0,1,2,2,"-8,05951606","-34,94581024",SPRF-PE,DEL01-PE,UOP01-DEL01-PE
374621.0,2021-08-03,terça-feira,08:20:00,PE,101,44,IGARASSU,Desrespeitar a preferência no cruzamento,Colisão lateral mesmo sentido,Com Vítimas Feridas,Pleno dia,Decrescente,Chuva,Dupla,Retorno Regulamentado,Sim,2,0,1,0,1,0,1,2,"-7,85637001","-34,90842109",SPRF-PE,DEL01-PE,UOP02-DEL01-PE
374796.0,2021-07-29,quinta-feira,15:00:00,PE,424,"89,7",GARANHUNS,Conversão proibida,Colisão frontal,Com Vítimas Feridas,Pleno dia,Crescente,Céu Claro,Simples,Reta,Sim,3,0,1,1,0,1,2,2,"-8,89138375","-36,50571483",SPRF-PE,DEL03-PE,UOP01-DEL03-PE
374818.0,2021-08-04,quarta-feira,06:20:00,PE,428,"159,9",PETROLINA,Reação tardia ou ineficiente do condutor,Colisão traseira,Com Vítimas Feridas,Pleno dia,Decrescente,Céu Claro,Simples,Reta,Não,2,0,0,1,1,0,1,2,"-9,13950503","-40,35244194",SPRF-PE,DEL06-PE,UOP01-DEL06-PE
374825.0,2021-08-04,quarta-feira,13:00:00,PE,101,3,GOIANA,Velocidade Incompatível,Saída de leito carroçável,Com Vítimas Feridas,Pleno dia,Crescente,Chuva,Dupla,Curva;Declive                 ,Não,1,0,1,0,0,0,1,1,"-7,52387351","-34,99333161",SPRF-PE,DEL01-PE,UOP02-DEL01-PE
374826.0,2021-08-04,quarta-feira,13:20:00,PE,408,"58,2",TRACUNHAEM,Reação tardia ou ineficiente do condutor,Colisão traseira,Sem Vítimas,Pleno dia,Decrescente,Céu Claro,Simples,Reta,Sim,2,0,0,0,2,0,0,2,"-7,801376","-35,244731",SPRF-PE,DEL01-PE,UOP01-DEL01-PE
374882.0,2021-08-04,quarta-feira,20:10:00,PE,101,108,CABO DE SANTO AGOSTINHO,Reação tardia ou ineficiente do condutor,Saída de leito carroçável,Com Vítimas Fatais,Plena Noite,Decrescente,Chuva,Dupla,Curva,Não,1,1,0,0,0,0,0,1,"-8,30670238","-35,09303416",SPRF-PE,DEL01-PE,UOP01-DEL01-PE
374902.0,2021-08-04,quarta-feira,19:20:00,PE,232,44,VITORIA DE SANTO ANTAO,Animais na Pista,Atropelamento de Animal,Com Vítimas Feridas,Plena Noite,Decrescente,Nublado,Dupla,Reta,Não,1,0,1,0,0,0,1,1,"-8,123916","-35,271905",SPRF-PE,DEL01-PE,UOP01-DEL01-PE
374906.0,2021-08-04,quarta-feira,17:30:00,PE,101,"87,6",JABOATAO DOS GUARARAPES,Velocidade Incompatível,Saída de leito carroçável,Com Vítimas Feridas,Anoitecer,Crescente,Garoa/Chuvisco,Dupla,Reta,Sim,6,0,4,2,0,0,6,2,"-8,196932","-34,977152",SPRF-PE,DEL01-PE,UOP01-DEL01-PE
374915.0,2021-08-04,quarta-feira,19:50:00,PE,232,"81,1",GRAVATA,Ausência de reação do condutor,Colisão transversal,Com Vítimas Feridas,Plena Noite,Crescente,Céu Claro,Dupla,Reta,Sim,2,0,1,0,1,0,1,2,"-8,19696348","-35,57968497",SPRF-PE,DEL02-PE,UOP02-DEL02PE
374923.0,2021-08-04,quarta-feira,21:25:00,PE,101,86,JABOATAO DOS GUARARAPES,Condutor deixou de manter distância do veículo da frente,Engavetamento,Sem Vítimas,Plena Noite,Crescente,Chuva,Simples,Reta,Sim,3,0,0,0,3,0,0,3,"-8,18470013","-34,96816895",SPRF-PE,DEL01-PE,UOP01-DEL01-PE
374934.0,2021-08-04,quarta-feira,21:30:00,PE,232,"110,1",BEZERROS,Ausência de reação do condutor,Saída de leito carroçável,Com Vítimas Feridas,Plena Noite,Crescente,Céu Claro,Dupla,Curva,Não,2,0,1,0,1,0,1,1,"-8,28634529","-35,81755579",SPRF-PE,DEL02-PE,UOP02-DEL02PE
374935.0,2021-08-04,quarta-feira,20:20:00,PE,316,23,ARARIPINA,Reação tardia ou ineficiente do condutor,Queda de ocupante de veículo,Sem Vítimas,Plena Noite,Decrescente,Céu Claro,Simples,Reta,Sim,1,0,0,0,0,1,0,1,"-7,58229315","-40,50694911",SPRF-PE,DEL05-PE,UOP02-DEL05-PE
374972.0,2021-08-05,quinta-feira,07:00:00,PE,101,35,IGARASSU,Acumulo de água sobre o pavimento,Colisão com objeto,Com Vítimas Feridas,Pleno dia,Crescente,Chuva,Dupla,Reta,Não,3,0,2,1,0,0,3,1,"-7,77952193","-34,93231384",SPRF-PE,DEL01-PE,UOP02-DEL01-PE
374995.0,2021-08-05,quinta-feira,06:50:00,PE,232,"17,5",JABOATAO DOS GUARARAPES,Velocidade Incompatível,Capotamento,Sem Vítimas,Pleno dia,Decrescente,Nublado,Dupla,Reta,Não,1,0,0,0,0,1,0,1,"-8,09565202","-35,04581599",SPRF-PE,DEL01-PE,UOP01-DEL01-PE
375033.0,2021-08-05,quinta-feira,12:50:00,PE,232,"333,1",CUSTODIA,Ingestão de álcool pelo condutor,Colisão frontal,Com Vítimas Feridas,Pleno dia,Crescente,Céu Claro,Simples,Reta,Sim,2,0,1,0,1,0,1,2,"-8,0886886","-37,62796997",SPRF-PE,DEL03-PE,UOP02-DEL03-PE
375176.0,2021-08-06,sexta-feira,09:10:00,PE,101,50,ABREU E LIMA,Entrada inopinada do pedestre,Atropelamento de Pedestre,Sem Vítimas,Pleno dia,Crescente,Céu Claro,Dupla,Reta,Sim,2,0,0,0,1,1,0,2,"-7,90938602","-34,90123228",SPRF-PE,DEL01-PE,UOP02-DEL01-PE
375239.0,2021-08-06,sexta-feira,11:20:00,PE,232,"506,8",SALGUEIRO,Acessar a via sem observar a presença dos outros veículos,Colisão transversal,Com Vítimas Feridas,Pleno dia,Decrescente,Nublado,Simples,Declive,Não,2,0,0,1,1,0,1,2,"-8,05986546","-39,10271397",SPRF-PE,DEL05-PE,UOP01-DEL05-PE
375255.0,2021-08-06,sexta-feira,15:07:00,PE,101,49,ABREU E LIMA,Ausência de reação do condutor,Colisão lateral mesmo sentido,Sem Vítimas,Pleno dia,Crescente,Céu Claro,Dupla,Reta,Sim,1,0,0,0,0,1,0,1,"-7,9005152","-34,90180641",SPRF-PE,DEL01-PE,UOP02-DEL01-PE
375394.0,2021-08-07,sábado,04:50:00,PE,101,"69,5",RECIFE,Obras na pista,Queda de ocupante de veículo,Com Vítimas Feridas,Amanhecer,Decrescente,Chuva,Múltipla,Reta;Em Obras                 ,Sim,1,0,1,0,0,0,1,1,"-8,05951606","-34,94581024",SPRF-PE,DEL01-PE,UOP01-DEL01-PE