id,data_inversa,dia_semana,horario,uf,br,km,municipio,causa_acidente,tipo_acidente,classificacao_acidente,fase_dia,sentido_via,condicao_metereologica,tipo_pista,tracado_via,uso_solo,pessoas,mortos,feridos_leves,feridos_graves,ilesos,ignorados,feridos,veiculos,latitude,longitude,regional,delegacia,uop
375474.0,2021-08-07,sábado,11:45:00,PE,232,"144,5",SAO CAITANO,Reação tardia ou ineficiente do condutor,Saída de leito carroçável,Com Vítimas Fatais,Pleno dia,Crescente,Garoa/Chuvisco,Dupla,Declive,Não,3,1,0,2,0,0,2,1,"-8,32868","-36,120811",SPRF-PE,DEL02-PE,UOP03-DEL02-PE
375510.0,2021-08-07,sábado,14:30:00,PE,101,80,JABOATAO DOS GUARARAPES,Condutor deixou de manter distância do veículo da frente,Colisão traseira,Com Vítimas Feridas,Pleno dia,Crescente,Nublado,Múltipla,Rotatória,Sim,2,0,2,0,0,0,2,2,"-8,15112589","-34,9428866",SPRF-PE,DEL01-PE,UOP01-DEL01-PE
375553.0,2021-08-07,sábado,18:30:00,PE,232,"113,5",BEZERROS,Ingestão de álcool e/ou substâncias psicoativas pelo pedestre,Atropelamento de Pedestre,Com Vítimas Feridas,Plena Noite,Crescente,Céu Claro,Dupla,Reta,Não,2,0,0,1,1,0,1,2,"-8,29906533","-35,8402169",SPRF-PE,DEL02-PE,UOP02-DEL02PE
375575.0,2021-08-07,sábado,20:05:00,PE,104,85,AGRESTINA,Entrada inopinada do pedestre,Atropelamento de Pedestre,Com Vítimas Fatais,Plena Noite,Crescente,Céu Claro,Simples,Reta,Não,2,1,0,0,0,1,0,2,"-8,438719","-35,955177",SPRF-PE,DEL02-PE,UOP01-DEL02-PE
375677.0,2021-08-07,sábado,05:00:00,PE,424,"93,1",GARANHUNS,Velocidade Incompatível,Colisão com objeto,Sem Vítimas,Amanhecer,Decrescente,Chuva,Simples,Reta,Não,1,0,0,0,0,1,0,1,"-8,908124","-36,487436",SPRF-PE,DEL03-PE,UOP01-DEL03-PE
375702.0,2021-08-08,domingo,06:40:00,PE,101,15,CABO DE SANTO AGOSTINHO,Condutor deixou de manter distância do veículo da frente,Colisão lateral mesmo sentido,Sem Vítimas,Pleno dia,Decrescente,Sol,Simples,Reta,Sim,3,0,0,0,1,2,0,3,"-8,287093","-35,03529",SPRF-PE,DEL01-PE,UOP01-DEL01-PE
375717.0,2021-08-08,domingo,08:35:00,PE,101,"75,2",RECIFE,Ausência de reação do condutor,Colisão traseira,Com Vítimas Feridas,Pleno dia,Decrescente,Céu Claro,Dupla,Reta,Sim,2,0,1,0,1,0,1,2,"-8,111438","-34,945862",SPRF-PE,DEL01-PE,UOP01-DEL01-PE
375752.0,2021-08-08,domingo,11:15:00,PE,232,27,MORENO,Ingestão de álcool pelo condutor,Colisão traseira,Com Vítimas Feridas,Pleno dia,Decrescente,Céu Claro,Dupla,Reta,Não,3,0,1,1,1,0,2,3,"-8,11418416","-35,12568999",SPRF-PE,DEL01-PE,UOP01-DEL01-PE
375770.0,2021-08-08,domingo,14:55:00,PE,101,44,IGARASSU,Manobra de mudança de faixa,Colisão lateral mesmo sentido,Com Vítimas Feridas,Pleno dia,Crescente,Nublado,Múltipla,Reta,Sim,2,0,1,0,1,0,1,2,"-7,85637001","-34,90842109",SPRF-PE,DEL01-PE,UOP02-DEL01-PE
375771.0,2021-08-08,domingo,12:10:00,PE,424,"77,5",GARANHUNS,Reação tardia ou ineficiente do condutor,Saída de leito carroçável,Com Vítimas Feridas,Pleno dia,Crescente,Céu Claro,Simples,Reta,Não,2,0,1,1,0,0,2,1,"-8,8151088","-36,56890186",SPRF-PE,DEL03-PE,UOP01-DEL03-PE
375875.0,2021-08-08,domingo,18:50:00,PE,104,64,CARUARU,Velocidade Incompatível,Colisão com objeto,Sem Vítimas,Plena Noite,Decrescente,Céu Claro,Dupla,Reta,Sim,1,0,0,0,0,1,0,1,"-8,2783","-35,9815",SPRF-PE,DEL02-PE,UOP01-DEL02-PE
375929.0,2021-08-09,segunda-feira,00:10:00,PE,424,"64,6",CAETES,Reação tardia ou ineficiente do condutor,Colisão frontal,Com Vítimas Fatais,Plena Noite,Decrescente,Nevoeiro/Neblina,Simples,Declive,Não,3,1,0,0,2,0,0,2,"-8,753403","-36,667581",SPRF-PE,DEL03-PE,UOP01-DEL03-PE
375974.0,2021-08-09,segunda-feira,08:05:00,PE,101,65,RECIFE,Condutor deixou de manter distância do veículo da frente,Engavetamento,Com Vítimas Feridas,Pleno dia,Crescente,Chuva,Dupla,Ponte,Sim,3,0,1,0,2,0,1,3,"-8,02304169","-34,94281238",SPRF-PE,DEL01-PE,UOP01-DEL01-PE
376093.0,2021-08-09,segunda-feira,19:00:00,PE,316,75,OURICURI,Ingestão de álcool pelo condutor,Colisão com objeto,Com Vítimas Feridas,Plena Noite,Crescente,Céu Claro,Simples,Aclive,Não,1,0,1,0,0,0,1,1,"-7,83384491","-40,14394393",SPRF-PE,DEL05-PE,UOP02-DEL05-PE
376162.0,2021-08-09,segunda-feira,14:15:00,PE,101,98,CABO DE SANTO AGOSTINHO,Acessar a via sem observar a presença dos outros veículos,Colisão transversal,Com Vítimas Feridas,Pleno dia,Crescente,Chuva,Dupla,Reta,Sim,2,0,1,0,0,1,1,2,"-8,25653422","-35,03811793",SPRF-PE,DEL01-PE,UOP01-DEL01-PE
376214.0,2021-08-10,terça-feira,08:40:00,PE,101,78,RECIFE,Acessar a via sem observar a presença dos outros veículos,Atropelamento de Pedestre,Com Vítimas Feridas,Pleno dia,Crescente,Chuva,Dupla,Reta,Sim,2,0,1,0,0,1,1,2,"-8,13496499","-34,94738614",SPRF-PE,DEL01-PE,UOP01-DEL01-PE
376219.0,2021-07-16,sexta-feira,16:45:00,PE,407,"124,5",PETROLINA,Desrespeitar a preferência no cruzamento,Colisão transversal,Com Vítimas Feridas,Pleno dia,Crescente,Céu Claro,Dupla,Rotatória,Não,2,0,1,0,0,1,1,2,"-9,37544256","-40,53771799",SPRF-PE,DEL06-PE,UOP01-DEL06-PE
376242.0,2021-07-18,domingo,03:40:00,PE,423,"64,4",CALCADO,Ingestão de álcool pelo condutor,Colisão frontal,Com Vítimas Fatais,Plena Noite,Decrescente,Céu Claro,Simples,Reta,Não,3,2,0,0,0,1,0,2,"-8,66427961","-36,35636509",SPRF-PE,DEL03-PE,UOP01-DEL03-PE
376284.0,2021-08-10,terça-feira,14:30:00,PE,428,"134,6",LAGOA GRANDE,Condutor Dormindo,Saída de leito carroçável,Com Vítimas Feridas,Pleno dia,Crescente,Céu Claro,Simples,Reta,Não,1,0,1,0,0,0,1,1,"-8,96753834","-40,22357088",SPRF-PE,DEL06-PE,UOP03-DEL06-PE
376296.0,2021-08-10,terça-feira,16:40:00,PE,101,94,CABO DE SANTO AGOSTINHO,Acessar a via sem observar a presença dos outros veículos,Colisão transversal,Com Vítimas Feridas,Anoitecer,Crescente,Céu Claro,Simples,Reta,Sim,3,0,1,0,2,0,1,2,"-8,289731","-35,042444",SPRF-PE,DEL01-PE,UOP01-DEL01-PE
376310.0,2021-08-10,terça-feira,18:40:00,PE,104,67,CARUARU,Chuva,Colisão traseira,Com Vítimas Feridas,Plena Noite,Crescente,Chuva,Dupla,Reta,Sim,2,0,1,0,1,0,1,2,"-8,3016","-35,9882",SPRF-PE,DEL02-PE,UOP01-DEL02-PE
376338.0,2021-08-10,terça-feira,18:10:00,PE,116,"25,1",SALGUEIRO,Acessar a via sem observar a presença dos outros veículos,Colisão transversal,Com Vítimas Feridas,Plena Noite,Decrescente,Céu Claro,Simples,Reta,Sim,3,0,2,0,1,0,2,2,"-8,061417","-39,135975",SPRF-PE,DEL05-PE,UOP01-DEL05-PE
376345.0,2021-08-10,terça-feira,18:00:00,PE,104,"67,5",CARUARU,Ingestão de álcool e/ou substâncias psicoativas pelo pedestre,Atropelamento de Pedestre,Com Vítimas Feridas,Plena Noite,Crescente,Chuva,Dupla,Reta,Sim,2,0,1,0,1,0,1,2,"-8,29770591","-35,98876476",SPRF-PE,DEL02-PE,UOP01-DEL02-PE
376589.0,2021-08-12,quinta-feira,07:15:00,PE,101,"78,6",JABOATAO DOS GUARARAPES,Transitar no acostamento,Atropelamento de Pedestre,Com Vítimas Feridas,Pleno dia,Crescente,Nublado,Dupla,Reta,Sim,5,0,3,0,0,2,3,2,"-8,130574","-34,947112",SPRF-PE,DEL01-PE,UOP01-DEL01-PE
376606.0,2021-08-12,quinta-feira,08:40:00,PE,101,69,RECIFE,Trafegar com motocicleta (ou similar) entre as faixas,Tombamento,Com Vítimas Feridas,Pleno dia,Decrescente,Nublado,Dupla,Reta,Sim,1,0,0,1,0,0,1,1,"-8,05951606","-34,94581024",SPRF-PE,DEL01-PE,UOP01-DEL01-PE
376685.0,2021-08-12,quinta-feira,17:50:00,PE,101,"96,7",CABO DE SANTO AGOSTINHO,Acessar a via sem observar a presença dos outros veículos,Colisão transversal,Sem Vítimas,Anoitecer,Decrescente,Céu Claro,Dupla,Declive,Não,3,0,0,0,1,2,0,3,"-8,25146993","-35,021805",SPRF-PE,DEL01-PE,UOP01-DEL01-PE
376689.0,2021-08-12,quinta-feira,18:00:00,PE,316,"25,5",ARARIPINA,Acessar a via sem observar a presença dos outros veículos,Colisão transversal,Com Vítimas Feridas,Plena Noite,Decrescente,Céu Claro,Simples,Reta;Declive                  ,Sim,3,0,1,1,1,0,2,2,"-7,58815514","-40,49663544",SPRF-PE,DEL05-PE,UOP02-DEL05-PE
376705.0,2021-08-12,quinta-feira,19:40:00,PE,101,46,IGARASSU,Pedestre cruzava a pista fora da faixa,Atropelamento de Pedestre,Com Vítimas Feridas,Plena Noite,Decrescente,Nublado,Múltipla,Reta,Sim,2,0,0,1,1,0,1,2,"-7,87406004","-34,90588126",SPRF-PE,DEL01-PE,UOP02-DEL01-PE
376746.0,2021-07-28,quarta-feira,15:30:00,PE,101,"65,5",RECIFE,Estacionar ou parar em local proibido,Colisão traseira,Com Vítimas Feridas,Pleno dia,Decrescente,Nublado,Dupla,Reta,Sim,3,0,0,1,2,0,1,3,"-8,01900461","-34,94214719",SPRF-PE,DEL01-PE,UOP01-DEL01-PE
376772.0,2021-08-13,sexta-feira,07:05:00,PE,101,69,RECIFE,Condutor deixou de manter distância do veículo da frente,Colisão traseira,Com Vítimas Feridas,Pleno dia,Crescente,Chuva,Múltipla,Reta,Sim,2,0,1,0,0,1,1,2,"-8,05951606","-34,94581024",SPRF-PE,DEL01-PE,UOP01-DEL01-PE
376799.0,2021-08-13,sexta-feira,09:20:00,PE,104,"49,3",CARUARU,Pedestre cruzava a pista fora da faixa,Atropelamento de Pedestre,Com Vítimas Fatais,Pleno dia,Crescente,Céu Claro,Dupla,Reta,Não,3,1,0,0,2,0,0,2,"-8,1522","-35,9842",SPRF-PE,DEL02-PE,UOP01-DEL02-PE
376832.0,2021-08-13,sexta-feira,11:40:00,PE,232,8,RECIFE,Condutor deixou de manter distância do veículo da frente,Colisão traseira,Sem Vítimas,Pleno dia,Crescente,Céu Claro,Dupla,Reta,Sim,2,0,0,0,2,0,0,2,"-8,07583727","-34,97015791",SPRF-PE,DEL01-PE,UOP01-DEL01-PE
376845.0,2021-07-28,quarta-feira,17:50:00,PE,232,172,BELO JARDIM,Animais na Pista,Colisão frontal,Com Vítimas Feridas,Anoitecer,Crescente,Céu Claro,Simples,Reta,Não,3,0,0,3,0,0,3,2,"-8,33854887","-36,360134",SPRF-PE,DEL02-PE,UOP03-DEL02-PE
376852.0,2021-08-13,sexta-feira,14:10:00,PE,232,"282,2",SERTANIA,Ultrapassagem Indevida,Tombamento,Com Vítimas Feridas,Pleno dia,Decrescente,Céu Claro,Simples,Reta,Não,2,0,0,1,0,1,1,2,"-8,34332584","-37,30756591",SPRF-PE,DEL03-PE,UOP02-DEL03-PE
376872.0,2021-08-13,sexta-feira,17:00:00,PE,101,"132,9",ESCADA,Acessar a via sem observar a presença dos outros veículos,Colisão transversal,Com Vítimas Feridas,Pleno dia,Decrescente,Nublado,Dupla,Reta,Não,3,0,0,1,2,0,1,2,"-8,40468469","-35,27017723",SPRF-PE,DEL01-PE,UOP01-DEL01-PE
376878.0,2021-08-13,sexta-feira,17:00:00,PE,232,"126,8",CARUARU,Condutor deixou de manter distância do veículo da frente,Colisão traseira,Com Vítimas Feridas,Pleno dia,Crescente,Céu Claro,Dupla,Reta,Não,2,0,1,0,1,0,1,2,"-8,30610303","-35,96342301",SPRF-PE,DEL02-PE,UOP03-DEL02-PE
376896.0,2021-08-13,sexta-feira,18:20:00,PE,316,80,OURICURI,Transitar na contramão,Colisão frontal,Com Vítimas Feridas,Plena Noite,Decrescente,Céu Claro,Simples,Reta,Não,2,0,2,0,0,0,2,2,"-7,86203027","-40,10893727",SPRF-PE,DEL05-PE,UOP02-DEL05-PE
376929.0,2021-08-13,sexta-feira,21:00:00,PE,101,"148,9",RIBEIRAO,Ingestão de álcool pelo condutor,Queda de ocupante de veículo,Com Vítimas Feridas,Pleno dia,Crescente,Garoa/Chuvisco,Dupla,Reta,Sim,1,0,0,1,0,0,1,1,"-8,48336698","-35,37204035",SPRF-PE,DEL01-PE,UOP01-DEL01-PE
376999.0,2021-08-14,sábado,07:30:00,PE,232,"81,9",GRAVATA,Condutor Dormindo,Colisão com objeto,Com Vítimas Feridas,Pleno dia,Decrescente,Céu Claro,Simples,Reta,Sim,2,0,1,1,0,0,2,1,"-8,19697746","-35,57850408",SPRF-PE,DEL02-PE,UOP02-DEL02PE
377039.0,2021-08-14,sábado,10:15:00,PE,423,"37,4",CACHOEIRINHA,Animais na Pista,Atropelamento de Animal,Com Vítimas Feridas,Pleno dia,Crescente,Céu Claro,Simples,Reta,Sim,1,0,1,0,0,0,1,1,"-8,47542022","-36,22203249",SPRF-PE,DEL02-PE,UOP03-DEL02-PE
377065.0,2021-08-14,sábado,14:50:00,PE,232,8,RECIFE,Reação tardia ou ineficiente do condutor,Engavetamento,Sem Vítimas,Pleno dia,Decrescente,Céu Claro,Dupla,Reta,Sim,4,0,0,0,4,0,0,4,"-8,076033","-34,970416",SPRF-PE,DEL01-PE,UOP01-DEL01-PE
377072.0,2021-08-14,sábado,15:50:00,PE,101,71,RECIFE,Obras na pista,Colisão frontal,Com Vítimas Feridas,Pleno dia,Crescente,Céu Claro,Dupla,Desvio Temporário;Em Obras    ,Não,4,0,4,0,0,0,4,2,"-8,07663102","-34,94277871",SPRF-PE,DEL01-PE,UOP01-DEL01-PE
377088.0,2021-08-14,sábado,17:00:00,PE,101,"68,1",RECIFE,Condutor deixou de manter distância do veículo da frente,Engavetamento,Com Vítimas Feridas,Anoitecer,Crescente,Céu Claro,Dupla,Viaduto,Sim,1,0,1,0,0,0,1,1,"-8,051465","-34,946188",SPRF-PE,DEL01-PE,UOP01-DEL01-PE
377165.0,2021-05-18,terça-feira,17:20:00,PE,232,"100,4",BEZERROS,Reação tardia ou ineficiente do condutor,Colisão frontal,Com Vítimas Feridas,Anoitecer,Decrescente,Céu Claro,Simples,Reta,Sim,2,0,1,0,0,1,1,2,"-8,23791176","-35,74297705",SPRF-PE,DEL02-PE,UOP02-DEL02PE
377169.0,2021-08-15,domingo,00:40:00,PE,101,185,PALMARES,Manobra de mudança de faixa,Queda de ocupante de veículo,Com Vítimas Feridas,Plena Noite,Crescente,Chuva,Múltipla,Reta,Sim,2,0,0,2,0,0,2,1,"-8,67427585","-35,57646077",SPRF-PE,DEL01-PE,UOP01-DEL01-PE
377255.0,2021-08-15,domingo,10:40:00,PE,101,145,RIBEIRAO,Velocidade Incompatível,Saída de leito carroçável,Com Vítimas Feridas,Pleno dia,Decrescente,Chuva,Dupla,Reta,Não,1,0,1,0,0,0,1,1,"-8,45921248","-35,3639066",SPRF-PE,DEL01-PE,UOP01-DEL01-PE
377344.0,2021-08-15,domingo,18:00:00,PE,232,409,SERRA TALHADA,Transitar na contramão,Colisão frontal,Com Vítimas Feridas,Anoitecer,Crescente,Céu Claro,Simples,Reta,Não,3,0,1,1,0,1,2,2,"-7,981944","-38,289467",SPRF-PE,DEL04-PE,UOP01-DEL04-PE
377345.0,2021-08-15,domingo,19:25:00,PE,428,"191,2",PETROLINA,Reação tardia ou ineficiente do condutor,Colisão com objeto,Com Vítimas Feridas,Plena Noite,Decrescente,Céu Claro,Múltipla,Reta,Sim,1,0,0,1,0,0,1,1,"-9,37766429","-40,50269795",SPRF-PE,DEL06-PE,UOP01-DEL06-PE
377353.0,2021-08-15,domingo,19:00:00,PE,423,"82,3",JUCATI,Reação tardia ou ineficiente do condutor,Colisão frontal,Com Vítimas Fatais,Plena Noite,Decrescente,Nublado,Simples,Reta,Não,2,2,0,0,0,0,0,2,"-8,78236498","-36,43093004",SPRF-PE,DEL03-PE,UOP01-DEL03-PE
377431.0,2021-08-16,segunda-feira,08:20:00,PE,101,"103,5",CABO DE SANTO AGOSTINHO,Reação tardia ou ineficiente do condutor,Atropelamento de Pedestre,Com Vítimas Feridas,Pleno dia,Decrescente,Nublado,Dupla,Declive,Sim,2,0,0,1,1,0,1,2,"-8,29241321","-35,05598304",SPRF-PE,DEL01-PE,UOP01-DEL01-PE
377519.0,2021-08-16,segunda-feira,17:00:00,PE,101,49,ABREU E LIMA,Acessar a via sem observar a presença dos outros veículos,Colisão transversal,Com Vítimas Feridas,Plena Noite,Crescente,Céu Claro,Múltipla,Retorno Regulamentado,Sim,2,0,0,1,1,0,1,2,"-7,9005152","-34,90180641",SPRF-PE,DEL01-PE,UOP02-DEL01-PE
377524.0,2021-08-06,sexta-feira,19:40:00,PE,423,55,LAJEDO,Pedestre cruzava a pista fora da faixa,Atropelamento de Pedestre,Sem Vítimas,Plena Noite,Decrescente,Garoa/Chuvisco,Simples,Reta,Sim,2,0,0,0,0,2,0,2,"-8,61537298","-36,29867707",SPRF-PE,DEL03-PE,UOP01-DEL03-PE
377539.0,2021-08-16,segunda-feira,18:40:00,PE,101,80,JABOATAO DOS GUARARAPES,Área urbana sem a presença de local apropriado para a travessia de pedestres,Atropelamento de Pedestre,Com Vítimas Feridas,Plena Noite,Crescente,Céu Claro,Múltipla,Reta,Sim,2,0,0,1,1,0,1,2,"-8,15112589","-34,9428866",SPRF-PE,DEL01-PE,UOP01-DEL01-PE
377540.0,2021-08-16,segunda-feira,16:00:00,PE,316,339,PETROLANDIA,Ausência de reação do condutor,Saída de leito carroçável,Com Vítimas Feridas,Pleno dia,Decrescente,Céu Claro,Simples,Reta,Não,1,0,1,0,0,0,1,1,"-8,78188444","-38,33648234",SPRF-PE,DEL04-PE,UOP01-DEL04-PE
377585.0,2021-08-16,segunda-feira,22:03:00,PE,232,"79,5",GRAVATA,Ausência de reação do condutor,Colisão frontal,Com Vítimas Feridas,Plena Noite,Decrescente,Céu Claro,Simples,Reta,Sim,2,0,1,0,1,0,1,2,"-8,19562546","-35,56517959",SPRF-PE,DEL02-PE,UOP02-DEL02PE
377602.0,2021-08-17,terça-feira,08:10:00,PE,101,60,RECIFE,Frear bruscamente,Colisão lateral mesmo sentido,Com Vítimas Feridas,Pleno dia,Crescente,Céu Claro,Dupla,Ponte,Sim,3,0,1,0,0,2,1,3,"-7,98344307","-34,93176727",SPRF-PE,DEL01-PE,UOP02-DEL01-PE
377633.0,2021-08-17,terça-feira,09:41:00,PE,104,"30,4",TORITAMA,Acessar a via sem observar a presença dos outros veículos,Colisão frontal,Com Vítimas Feridas,Pleno dia,Decrescente,Céu Claro,Simples,Interseção de Vias,Sim,3,0,1,0,2,0,1,2,"-8,0137","-36,0565",SPRF-PE,DEL02-PE,UOP01-DEL02-PE
377653.0,2021-08-17,terça-feira,10:40:00,PE,232,4,RECIFE,Reação tardia ou ineficiente do condutor,Atropelamento de Pedestre,Com Vítimas Fatais,Pleno dia,Decrescente,Céu Claro,Dupla,Reta,Sim,2,1,0,0,0,1,0,2,"-8,065098","-34,937902",SPRF-PE,DEL01-PE,UOP01-DEL01-PE
377678.0,2021-08-17,terça-feira,16:15:00,PE,104,63,CARUARU,Manobra de mudança de faixa,Tombamento,Com Vítimas Feridas,Pleno dia,Decrescente,Céu Claro,Múltipla,Reta,Sim,2,0,1,0,1,0,1,2,"-8,26654518","-35,97861528",SPRF-PE,DEL02-PE,UOP01-DEL02-PE
377715.0,2021-08-17,terça-feira,18:20:00,PE,424,91,GARANHUNS,Ingestão de álcool e/ou substâncias psicoativas pelo pedestre,Atropelamento de Pedestre,Com Vítimas Feridas,Plena Noite,Decrescente,Céu Claro,Simples,Reta,Sim,2,0,0,1,0,1,1,2,"-8,90409633","-36,49974647",SPRF-PE,DEL03-PE,UOP01-DEL03-PE
377755.0,2021-08-18,quarta-feira,05:42:00,PE,101,70,RECIFE,Ausência de reação do condutor,Colisão traseira,Sem Vítimas,Amanhecer,Decrescente,Céu Claro,Dupla,Reta,Sim,2,0,0,0,1,1,0,2,"-8,06776119","-34,94265074",SPRF-PE,DEL01-PE,UOP01-DEL01-PE
377826.0,2021-08-18,quarta-feira,13:00:00,PE,101,9,GOIANA,Demais falhas mecânicas ou elétricas,Queda de ocupante de veículo,Com Vítimas Feridas,Pleno dia,Decrescente,Céu Claro,Dupla,Reta,Não,2,0,2,0,0,0,2,1,"-7,57788903","-34,98847822",SPRF-PE,DEL01-PE,UOP02-DEL01-PE
377894.0,2021-08-18,quarta-feira,20:25:00,PE,232,126,CARUARU,Ausência de reação do condutor,Queda de ocupante de veículo,Com Vítimas Feridas,Plena Noite,Crescente,Céu Claro,Dupla,Reta,Não,1,0,1,0,0,0,1,1,"-8,30819677","-35,95467594",SPRF-PE,DEL02-PE,UOP03-DEL02-PE
377943.0,2021-08-19,quinta-feira,07:00:00,PE,101,"60,8",RECIFE,Pedestre cruzava a pista fora da faixa,Atropelamento de Pedestre,Com Vítimas Feridas,Pleno dia,Decrescente,Garoa/Chuvisco,Dupla,Reta,Sim,2,0,0,1,1,0,1,2,"-7,98344307","-34,93176727",SPRF-PE,DEL01-PE,UOP02-DEL01-PE
377966.0,2021-08-19,quinta-feira,08:30:00,PE,101,63,RECIFE,Transitar no acostamento,Atropelamento de Pedestre,Com Vítimas Feridas,Pleno dia,Decrescente,Céu Claro,Dupla,Reta,Sim,2,0,0,1,1,0,1,2,"-8,00800604","-34,93756535",SPRF-PE,DEL01-PE,UOP01-DEL01-PE
377967.0,2021-08-19,quinta-feira,08:55:00,PE,101,"49,9",ABREU E LIMA,Desrespeitar a preferência no cruzamento,Colisão transversal,Sem Vítimas,Pleno dia,Crescente,Céu Claro,Múltipla,Interseção de Vias,Sim,2,0,0,0,2,0,0,2,"-7,9005152","-34,90180641",SPRF-PE,DEL01-PE,UOP02-DEL01-PE
377987.0,2021-08-19,quinta-feira,12:20:00,PE,101,"49,1",ABREU E LIMA,Ausência de sinalização,Engavetamento,Com Vítimas Feridas,Pleno dia,Crescente,Nublado,Múltipla,Curva,Sim,4,0,2,0,2,0,2,4,"-7,9005152","-34,90180641",SPRF-PE,DEL01-PE,UOP02-DEL01-PE
378008.0,2021-08-19,quinta-feira,12:20:00,PE,101,99,CABO DE SANTO AGOSTINHO,Reação tardia ou ineficiente do condutor,Queda de ocupante de veículo,Com Vítimas Feridas,Pleno dia,Decrescente,Nublado,Simples,Curva,Sim,1,0,0,1,0,0,1,1,"-8,26025316","-35,04629883",SPRF-PE,DEL01-PE,UOP01-DEL01-PE
378065.0,2021-08-19,quinta-feira,18:20:00,PE,407,129,PETROLINA,Acessar a via sem observar a presença dos outros veículos,Colisão lateral mesmo sentido,Com Vítimas Feridas,Plena Noite,Crescente,Céu Claro,Dupla,Rotatória,Sim,2,0,1,0,1,0,1,2,"-9,39958299","-40,50459298",SPRF-PE,DEL06-PE,UOP01-DEL06-PE
378077.0,2021-08-19,quinta-feira,19:00:00,PE,316,"144,7",PARNAMIRIM,Condutor deixou de manter distância do veículo da frente,Colisão traseira,Sem Vítimas,Plena Noite,Decrescente,Céu Claro,Simples,Reta,Não,2,0,0,0,2,0,0,2,"-8,093369","-39,568021",SPRF-PE,DEL05-PE,UOP02-DEL05-PE
378085.0,2021-08-19,quinta-feira,17:10:00,PE,232,"57,4",POMBOS,Transitar na contramão,Colisão frontal,Com Vítimas Feridas,Pleno dia,Crescente,Céu Claro,Dupla,Reta,Sim,3,0,1,0,2,0,1,2,"-8,142806","-35,385934",SPRF-PE,DEL02-PE,UOP02-DEL02PE
378112.0,2021-08-20,sexta-feira,00:05:00,PE,101,"82,1",JABOATAO DOS GUARARAPES,Chuva,Queda de ocupante de veículo,Com Vítimas Feridas,Plena Noite,Crescente,Chuva,Dupla,Reta,Sim,1,0,1,0,0,0,1,1,"-8,168383","-34,9376",SPRF-PE,DEL01-PE,UOP01-DEL01-PE
378140.0,2021-08-19,quinta-feira,17:30:00,PE,408,"102,3",JABOATAO DOS GUARARAPES,Velocidade Incompatível,Colisão com objeto,Com Vítimas Feridas,Anoitecer,Crescente,Nublado,Simples,Declive,Não,1,0,0,1,0,0,1,1,"-8,05746154","-34,99468175",SPRF-PE,DEL01-PE,UOP01-DEL01-PE
378157.0,2021-08-20,sexta-feira,07:20:00,PE,101,"40,3",IGARASSU,Transitar no acostamento,Atropelamento de Pedestre,Com Vítimas Feridas,Pleno dia,Crescente,Nublado,Dupla,Reta,Sim,3,0,2,0,0,1,2,2,"-7,821475","-34,916545",SPRF-PE,DEL01-PE,UOP02-DEL01-PE
378158.0,2021-08-20,sexta-feira,09:15:00,PE,232,133,CARUARU,Ausência de sinalização,Colisão traseira,Sem Vítimas,Pleno dia,Crescente,Garoa/Chuvisco,Dupla,Reta,Sim,2,0,0,0,2,0,0,2,"-8,30607988","-36,01576003",SPRF-PE,DEL02-PE,UOP03-DEL02-PE
378195.0,2021-08-20,sexta-feira,13:00:00,PE,424,84,GARANHUNS,Ultrapassagem Indevida,Colisão frontal,Com Vítimas Feridas,Pleno dia,Decrescente,Céu Claro,Simples,Declive;Curva                 ,Não,2,0,0,1,0,1,1,2,"-8,84941934","-36,51641817",SPRF-PE,DEL03-PE,UOP01-DEL03-PE
378211.0,2021-08-20,sexta-feira,13:20:00,PE,408,"99,5",SAO LOURENCO DA MATA,Velocidade Incompatível,Colisão com objeto,Com Vítimas Feridas,Pleno dia,Crescente,Chuva,Dupla,Aclive,Não,1,0,1,0,0,0,1,1,"-8,042808","-35,021054",SPRF-PE,DEL01-PE,UOP01-DEL01-PE
378222.0,2021-08-20,sexta-feira,14:38:00,PE,232,"133,1",CARUARU,Reação tardia ou ineficiente do condutor,Colisão traseira,Com Vítimas Feridas,Pleno dia,Crescente,Chuva,Múltipla,Reta,Sim,4,0,1,0,3,0,1,2,"-8,30607988","-36,01576003",SPRF-PE,DEL02-PE,UOP03-DEL02-PE
378309.0,2021-08-20,sexta-feira,20:55:00,PE,232,"109,5",BEZERROS,Ausência de sinalização,Saída de leito carroçável,Com Vítimas Feridas,Plena Noite,Crescente,Nublado,Dupla,Curva,Não,2,0,2,0,0,0,2,1,"-8,28036785","-35,81085313",SPRF-PE,DEL02-PE,UOP02-DEL02PE
378353.0,2021-08-21,sábado,04:10:00,PE,232,"6,4",RECIFE,Ausência de reação do condutor,Saída de leito carroçável,Sem Vítimas,Plena Noite,Crescente,Céu Claro,Dupla,Reta,Não,3,0,0,0,3,0,0,2,"-8,07079525","-34,9535389",SPRF-PE,DEL01-PE,UOP01-DEL01-PE
378356.0,2021-08-21,sábado,04:40:00,PE,101,"50,3",ABREU E LIMA,Desrespeitar a preferência no cruzamento,Colisão frontal,Com Vítimas Fatais,Amanhecer,Crescente,Nublado,Múltipla,Reta,Sim,2,1,0,0,1,0,0,2,"-7,91207689","-34,90067169",SPRF-PE,DEL01-PE,UOP02-DEL01-PE