id,data_inversa,dia_semana,horario,uf,br,km,municipio,causa_acidente,tipo_acidente,classificacao_acidente,fase_dia,sentido_via,condicao_metereologica,tipo_pista,tracado_via,uso_solo,pessoas,mortos,feridos_leves,feridos_graves,ilesos,ignorados,feridos,veiculos,latitude,longitude,regional,delegacia,uop
378380.0,2021-08-21,sábado,07:00:00,PE,407,"128,9",PETROLINA,Desrespeitar a preferência no cruzamento,Colisão transversal,Com Vítimas Feridas,Pleno dia,Decrescente,Céu Claro,Simples,Rotatória;Interseção de Vias  ,Sim,3,0,2,0,1,0,2,2,"-9,39387565","-40,51133888",SPRF-PE,DEL06-PE,UOP01-DEL06-PE
378424.0,2021-08-21,sábado,10:30:00,PE,232,29,MORENO,Manobra de mudança de faixa,Colisão lateral mesmo sentido,Com Vítimas Feridas,Pleno dia,Decrescente,Céu Claro,Dupla,Curva,Não,2,0,1,0,1,0,1,2,"-8,111269","-35,143135",SPRF-PE,DEL01-PE,UOP01-DEL01-PE
378529.0,2021-07-23,sexta-feira,11:30:00,PE,316,364,PETROLANDIA,Condutor deixou de manter distância do veículo da frente,Colisão traseira,Com Vítimas Feridas,Pleno dia,Crescente,Céu Claro,Simples,Reta,Sim,3,0,1,0,2,0,1,2,"-8,95361595","-38,22353282",SPRF-PE,DEL04-PE,UOP01-DEL04-PE
378556.0,2021-08-21,sábado,23:50:00,PE,116,"24,4",SALGUEIRO,Animais na Pista,Tombamento,Com Vítimas Feridas,Plena Noite,Crescente,Céu Claro,Simples,Reta,Sim,1,0,1,0,0,0,1,1,"-8,05570282","-39,13724899",SPRF-PE,DEL05-PE,UOP01-DEL05-PE
378616.0,2021-08-22,domingo,06:30:00,PE,101,92,CABO DE SANTO AGOSTINHO,Ausência de reação do condutor,Saída de leito carroçável,Sem Vítimas,Pleno dia,Crescente,Chuva,Múltipla,Reta,Sim,3,0,0,0,1,2,0,1,"-8,235529","-35,000647",SPRF-PE,DEL01-PE,UOP01-DEL01-PE
378681.0,2021-08-22,domingo,14:30:00,PE,232,42,VITORIA DE SANTO ANTAO,Reação tardia ou ineficiente do condutor,Colisão lateral mesmo sentido,Sem Vítimas,Pleno dia,Crescente,Céu Claro,Dupla,Reta,Não,4,0,0,0,2,2,0,2,"-8,11528219","-35,25204496",SPRF-PE,DEL01-PE,UOP01-DEL01-PE
378698.0,2021-08-22,domingo,17:08:00,PE,101,29,IGARASSU,Ingestão de álcool ou de substâncias psicoativas pelo pedestre,Atropelamento de Pedestre,Com Vítimas Feridas,Anoitecer,Crescente,Chuva,Dupla,Reta,Não,2,0,1,0,1,0,1,2,"-7,72939697","-34,94185854",SPRF-PE,DEL01-PE,UOP02-DEL01-PE
378748.0,2021-08-22,domingo,20:15:00,PE,101,63,RECIFE,Ingestão de álcool pelo condutor,Colisão traseira,Com Vítimas Feridas,Plena Noite,Crescente,Nublado,Dupla,Reta,Sim,2,0,1,0,1,0,1,2,"-8,00800604","-34,93756535",SPRF-PE,DEL01-PE,UOP01-DEL01-PE
378831.0,2021-08-23,segunda-feira,07:10:00,PE,101,82,JABOATAO DOS GUARARAPES,Condutor deixou de manter distância do veículo da frente,Engavetamento,Sem Vítimas,Pleno dia,Decrescente,Nublado,Múltipla,Viaduto,Sim,3,0,0,0,3,0,0,3,"-8,168383","-34,9376",SPRF-PE,DEL01-PE,UOP01-DEL01-PE
378891.0,2021-08-23,segunda-feira,12:30:00,PE,101,70,RECIFE,Pista Escorregadia,Queda de ocupante de veículo,Com Vítimas Feridas,Pleno dia,Crescente,Sol,Dupla,Reta,Sim,1,0,1,0,0,0,1,1,"-8,06776119","-34,94265074",SPRF-PE,DEL01-PE,UOP01-DEL01-PE
378914.0,2021-08-23,segunda-feira,15:30:00,PE,104,102,CUPIRA,Transitar na contramão,Colisão frontal,Com Vítimas Fatais,Pleno dia,Decrescente,Nublado,Simples,Reta,Não,3,1,0,1,1,0,1,2,"-8,581185","-35,950191",SPRF-PE,DEL02-PE,UOP01-DEL02-PE
379030.0,2021-08-24,terça-feira,08:35:00,PE,101,20,GOIANA,Reação tardia ou ineficiente do condutor,Colisão lateral mesmo sentido,Com Vítimas Feridas,Pleno dia,Decrescente,Céu Claro,Dupla,Reta,Não,4,0,1,0,1,2,1,3,"-7,66042701","-34,93780401",SPRF-PE,DEL01-PE,UOP02-DEL01-PE
379035.0,2021-08-24,terça-feira,09:00:00,PE,101,57,RECIFE,Condutor deixou de manter distância do veículo da frente,Colisão traseira,Sem Vítimas,Pleno dia,Decrescente,Sol,Múltipla,Reta,Não,2,0,0,0,1,1,0,2,"-7,96346213","-34,91513486",SPRF-PE,DEL01-PE,UOP02-DEL01-PE
379129.0,2021-08-24,terça-feira,19:10:00,PE,316,"76,2",OURICURI,Deficiência do Sistema de Iluminação/Sinalização,Colisão traseira,Com Vítimas Feridas,Plena Noite,Decrescente,Ignorado,Simples,Aclive,Não,6,0,3,1,2,0,4,2,"-7,83927563","-40,13676572",SPRF-PE,DEL05-PE,UOP02-DEL05-PE
379234.0,2021-08-25,quarta-feira,09:40:00,PE,101,"7,2",CABO DE SANTO AGOSTINHO,Acessar a via sem observar a presença dos outros veículos,Colisão transversal,Com Vítimas Feridas,Pleno dia,Decrescente,Nublado,Simples,Reta,Sim,2,0,1,0,1,0,1,2,"-8,23089628","-34,97463763",SPRF-PE,DEL01-PE,UOP02-DEL01-PE
379277.0,2021-08-25,quarta-feira,15:00:00,PE,101,"85,9",JABOATAO DOS GUARARAPES,Manobra de mudança de faixa,Tombamento,Com Vítimas Feridas,Pleno dia,Decrescente,Nublado,Dupla,Reta,Sim,2,0,1,0,1,0,1,1,"-8,18065563","-34,95965322",SPRF-PE,DEL01-PE,UOP01-DEL01-PE
379283.0,2021-08-25,quarta-feira,17:10:00,PE,407,"129,2",PETROLINA,Manobra de mudança de faixa,Colisão lateral mesmo sentido,Com Vítimas Feridas,Pleno dia,Crescente,Céu Claro,Dupla,Ponte,Não,2,0,1,0,1,0,1,2,"-9,39958299","-40,50459298",SPRF-PE,DEL06-PE,UOP01-DEL06-PE
379335.0,2021-08-25,quarta-feira,21:45:00,PE,232,82,GRAVATA,Condutor Dormindo,Saída de leito carroçável,Com Vítimas Feridas,Plena Noite,Decrescente,Nublado,Simples,Reta,Sim,2,0,0,1,1,0,1,1,"-8,19905415","-35,58715194",SPRF-PE,DEL02-PE,UOP02-DEL02PE
379344.0,2021-08-25,quarta-feira,21:40:00,PE,232,129,CARUARU,Ingestão de álcool pelo condutor,Saída de leito carroçável,Com Vítimas Feridas,Plena Noite,Decrescente,Nublado,Múltipla,Reta,Sim,1,0,1,0,0,0,1,1,"-8,301305","-35,984275",SPRF-PE,DEL02-PE,UOP03-DEL02-PE
379378.0,2021-08-26,quinta-feira,07:10:00,PE,101,"75,7",RECIFE,Trafegar com motocicleta (ou similar) entre as faixas,Colisão lateral mesmo sentido,Com Vítimas Feridas,Pleno dia,Crescente,Céu Claro,Dupla,Reta,Sim,2,0,1,0,0,1,1,2,"-8,117496","-34,94383",SPRF-PE,DEL01-PE,UOP01-DEL01-PE
379389.0,2021-08-26,quinta-feira,07:40:00,PE,428,"186,4",PETROLINA,Condutor deixou de manter distância do veículo da frente,Colisão traseira,Com Vítimas Feridas,Pleno dia,Crescente,Céu Claro,Simples,Reta,Sim,2,0,1,0,1,0,1,2,"-9,34807826","-40,47441248",SPRF-PE,DEL06-PE,UOP01-DEL06-PE
379402.0,2021-08-01,domingo,14:00:00,PE,232,"253,8",ARCOVERDE,Acessar a via sem observar a presença dos outros veículos,Colisão transversal,Com Vítimas Feridas,Pleno dia,Crescente,Nublado,Simples,Reta,Sim,3,0,1,1,1,0,2,2,"-8,42522112","-37,07235809",SPRF-PE,DEL03-PE,UOP02-DEL03-PE
379411.0,2021-08-26,quinta-feira,10:20:00,PE,407,"115,6",PETROLINA,Condutor deixou de manter distância do veículo da frente,Colisão traseira,Com Vítimas Feridas,Pleno dia,Decrescente,Céu Claro,Simples,Reta,Não,3,0,1,0,2,0,1,3,"-9,2990308","-40,58250065",SPRF-PE,DEL06-PE,UOP02-DEL06-PE
379436.0,2021-08-05,quinta-feira,13:10:00,PE,232,8,RECIFE,Condutor Dormindo,Colisão com objeto,Com Vítimas Feridas,Pleno dia,Crescente,Garoa/Chuvisco,Dupla,Reta,Sim,2,0,2,0,0,0,2,1,"-8,07583727","-34,97015791",SPRF-PE,DEL01-PE,UOP01-DEL01-PE
379448.0,2021-08-02,segunda-feira,20:00:00,PE,101,"69,7",RECIFE,Condutor deixou de manter distância do veículo da frente,Colisão traseira,Sem Vítimas,Plena Noite,Decrescente,Chuva,Múltipla,Curva,Sim,2,0,0,0,2,0,0,2,"-8,05951606","-34,94581024",SPRF-PE,DEL01-PE,UOP01-DEL01-PE
379472.0,2021-08-26,quinta-feira,16:30:00,PE,101,"42,5",IGARASSU,Reação tardia ou ineficiente do condutor,Colisão lateral mesmo sentido,Com Vítimas Feridas,Anoitecer,Decrescente,Céu Claro,Dupla,Retorno Regulamentado,Sim,3,0,2,0,1,0,2,2,"-7,83887431","-34,91196739",SPRF-PE,DEL01-PE,UOP02-DEL01-PE
379490.0,2021-08-26,quinta-feira,19:00:00,PE,101,68,RECIFE,Reação tardia ou ineficiente do condutor,Colisão traseira,Com Vítimas Feridas,Plena Noite,Decrescente,Céu Claro,Dupla,Viaduto,Sim,2,0,1,0,1,0,1,2,"-8,05074296","-34,94580619",SPRF-PE,DEL01-PE,UOP01-DEL01-PE
379601.0,2021-08-27,sexta-feira,11:40:00,PE,232,"7,1",RECIFE,Condutor deixou de manter distância do veículo da frente,Engavetamento,Sem Vítimas,Pleno dia,Crescente,Céu Claro,Dupla,Reta,Sim,5,0,0,0,5,0,0,5,"-8,073877","-34,963243",SPRF-PE,DEL01-PE,UOP01-DEL01-PE
379629.0,2021-08-27,sexta-feira,15:20:00,PE,101,7,GOIANA,Manobra de mudança de faixa,Colisão traseira,Sem Vítimas,Pleno dia,Crescente,Céu Claro,Múltipla,Reta,Não,2,0,0,0,2,0,0,2,"-7,55997111","-34,99072674",SPRF-PE,DEL01-PE,UOP02-DEL01-PE
379648.0,2021-08-27,sexta-feira,17:10:00,PE,428,"185,9",PETROLINA,Ingestão de álcool pelo condutor,Colisão traseira,Sem Vítimas,Pleno dia,Crescente,Sol,Simples,Reta,Sim,2,0,0,0,2,0,0,2,"-9,35919823","-40,48016529",SPRF-PE,DEL06-PE,UOP01-DEL06-PE
379707.0,2021-08-27,sexta-feira,22:20:00,PE,101,"61,9",RECIFE,Ingestão de álcool e/ou substâncias psicoativas pelo pedestre,Atropelamento de Pedestre,Com Vítimas Fatais,Plena Noite,Decrescente,Nublado,Múltipla,Reta,Sim,2,1,0,0,0,1,0,2,"-7,99097103","-34,93598295",SPRF-PE,DEL01-PE,UOP02-DEL01-PE
379777.0,2021-08-28,sábado,08:30:00,PE,232,104,BEZERROS,Velocidade Incompatível,Capotamento,Com Vítimas Feridas,Pleno dia,Crescente,Céu Claro,Dupla,Curva,Não,1,0,0,1,0,0,1,1,"-8,2553139","-35,77427504",SPRF-PE,DEL02-PE,UOP02-DEL02PE
379809.0,2021-08-28,sábado,11:45:00,PE,101,"47,1",IGARASSU,Manobra de mudança de faixa,Colisão traseira,Com Vítimas Feridas,Pleno dia,Decrescente,Sol,Múltipla,Reta,Sim,2,0,1,0,1,0,1,2,"-7,88290701","-34,90461208",SPRF-PE,DEL01-PE,UOP02-DEL01-PE
379817.0,2021-08-28,sábado,12:30:00,PE,408,"68,1",PAUDALHO,Condutor deixou de manter distância do veículo da frente,Colisão traseira,Com Vítimas Feridas,Pleno dia,Decrescente,Céu Claro,Dupla,Reta,Não,2,0,1,0,1,0,1,2,"-7,863094","-35,207225",SPRF-PE,DEL01-PE,UOP01-DEL01-PE
379818.0,2021-08-28,sábado,13:10:00,PE,101,68,RECIFE,Condutor deixou de manter distância do veículo da frente,Colisão traseira,Com Vítimas Feridas,Pleno dia,Crescente,Céu Claro,Dupla,Reta,Sim,4,0,1,0,3,0,1,3,"-8,05074296","-34,94580619",SPRF-PE,DEL01-PE,UOP01-DEL01-PE
379863.0,2021-08-28,sábado,14:20:00,PE,101,"54,6",PAULISTA,Acessar a via sem observar a presença dos outros veículos,Colisão frontal,Com Vítimas Feridas,Pleno dia,Decrescente,Sol,Simples,Rotatória,Sim,2,0,1,0,1,0,1,2,"-7,93961103","-34,90356584",SPRF-PE,DEL01-PE,UOP02-DEL01-PE
379888.0,2021-08-28,sábado,18:00:00,PE,232,"146,1",SAO CAITANO,Transitar na contramão,Colisão frontal,Com Vítimas Feridas,Plena Noite,Decrescente,Céu Claro,Dupla,Reta,Sim,4,0,0,1,3,0,1,2,"-8,33343949","-36,130777",SPRF-PE,DEL02-PE,UOP03-DEL02-PE
379891.0,2021-08-28,sábado,17:20:00,PE,101,"40,8",IGARASSU,Acesso irregular,Colisão transversal,Sem Vítimas,Anoitecer,Crescente,Céu Claro,Dupla,Reta,Sim,2,0,0,0,1,1,0,2,"-7,821475","-34,916545",SPRF-PE,DEL01-PE,UOP02-DEL01-PE
379904.0,2021-07-31,sábado,20:50:00,PE,423,66,CALCADO,Condutor deixou de manter distância do veículo da frente,Colisão traseira,Com Vítimas Fatais,Plena Noite,Decrescente,Garoa/Chuvisco,Simples,Reta,Não,2,1,0,0,0,1,0,2,"-8,66844631","-36,37491793",SPRF-PE,DEL03-PE,UOP01-DEL03-PE
380050.0,2021-08-29,domingo,11:00:00,PE,101,49,ABREU E LIMA,Manobra de mudança de faixa,Colisão lateral mesmo sentido,Com Vítimas Feridas,Pleno dia,Decrescente,Céu Claro,Múltipla,Reta,Sim,2,0,1,0,0,1,1,2,"-7,9005152","-34,90180641",SPRF-PE,DEL01-PE,UOP02-DEL01-PE
380051.0,2021-08-29,domingo,11:29:00,PE,101,49,ABREU E LIMA,Condutor deixou de manter distância do veículo da frente,Colisão lateral mesmo sentido,Com Vítimas Feridas,Pleno dia,Decrescente,Nublado,Múltipla,Reta,Sim,2,0,1,0,1,0,1,2,"-7,9005152","-34,90180641",SPRF-PE,DEL01-PE,UOP02-DEL01-PE
380062.0,2021-08-29,domingo,11:05:00,PE,101,141,RIBEIRAO,Acumulo de areia ou detritos sobre o pavimento,Colisão com objeto,Sem Vítimas,Pleno dia,Decrescente,Chuva,Múltipla,Reta,Não,1,0,0,0,1,0,0,1,"-8,44013935","-35,33528377",SPRF-PE,DEL01-PE,UOP01-DEL01-PE
380088.0,2021-08-29,domingo,14:40:00,PE,428,"184,8",PETROLINA,Ingestão de álcool pelo condutor,Colisão transversal,Com Vítimas Feridas,Pleno dia,Crescente,Sol,Simples,Reta;Interseção de Vias;Em Obr,Sim,5,0,1,1,3,0,2,2,"-9,34658227","-40,47358928",SPRF-PE,DEL06-PE,UOP01-DEL06-PE
380113.0,2021-08-29,domingo,16:50:00,PE,101,81,JABOATAO DOS GUARARAPES,Reação tardia ou ineficiente do condutor,Tombamento,Com Vítimas Feridas,Pleno dia,Decrescente,Nublado,Dupla,Viaduto,Sim,2,0,2,0,0,0,2,1,"-8,17010655","-34,9374032",SPRF-PE,DEL01-PE,UOP01-DEL01-PE
380165.0,2021-08-29,domingo,20:20:00,PE,316,81,OURICURI,Ingestão de álcool pelo condutor,Colisão traseira,Com Vítimas Feridas,Plena Noite,Crescente,Céu Claro,Simples,Reta,Não,4,0,1,0,3,0,1,2,"-7,86751496","-40,10182598",SPRF-PE,DEL05-PE,UOP02-DEL05-PE
380187.0,2021-08-29,domingo,23:00:00,PE,232,156,TACAIMBO,Animais na Pista,Atropelamento de Animal,Sem Vítimas,Plena Noite,Decrescente,Nublado,Simples,Reta,Não,1,0,0,0,1,0,0,1,"-8,32936019","-36,21722099",SPRF-PE,DEL02-PE,UOP03-DEL02-PE
380236.0,2021-07-30,sexta-feira,17:40:00,PE,232,102,BEZERROS,Acessar a via sem observar a presença dos outros veículos,Colisão frontal,Com Vítimas Feridas,Anoitecer,Decrescente,Céu Claro,Múltipla,Rotatória,Não,2,0,1,0,1,0,1,2,"-8,24710671","-35,75844018",SPRF-PE,DEL02-PE,UOP02-DEL02PE
380240.0,2021-08-30,segunda-feira,07:30:00,PE,428,"187,9",PETROLINA,Demais falhas mecânicas ou elétricas,Colisão traseira,Com Vítimas Feridas,Pleno dia,Crescente,Céu Claro,Simples,Rotatória;Reta                ,Sim,4,0,2,1,1,0,3,3,"-9,37399419","-40,48808371",SPRF-PE,DEL06-PE,UOP01-DEL06-PE
380248.0,2021-08-30,segunda-feira,08:15:00,PE,232,"6,1",RECIFE,Reação tardia ou ineficiente do condutor,Colisão lateral mesmo sentido,Com Vítimas Feridas,Pleno dia,Decrescente,Céu Claro,Dupla,Reta,Não,2,0,1,0,1,0,1,2,"-8,07333497","-34,96184301",SPRF-PE,DEL01-PE,UOP01-DEL01-PE
380289.0,2021-08-30,segunda-feira,13:00:00,PE,232,"180,5",BELO JARDIM,Manobra de mudança de faixa,Colisão frontal,Com Vítimas Feridas,Pleno dia,Decrescente,Céu Claro,Simples,Reta,Sim,3,0,1,0,2,0,1,2,"-8,34449745","-36,4288801",SPRF-PE,DEL02-PE,UOP03-DEL02-PE
380337.0,2021-08-30,segunda-feira,18:00:00,PE,101,"4,7",RECIFE,Condutor deixou de manter distância do veículo da frente,Colisão lateral mesmo sentido,Com Vítimas Feridas,Plena Noite,Decrescente,Céu Claro,Dupla,Viaduto,Sim,2,0,1,0,0,1,1,2,"-8,066738","-34,942028",SPRF-PE,DEL01-PE,UOP02-DEL01-PE
380363.0,2021-08-30,segunda-feira,19:50:00,PE,104,65,CARUARU,Condutor desrespeitou a iluminação vermelha do semáforo,Colisão transversal,Com Vítimas Feridas,Plena Noite,Crescente,Céu Claro,Múltipla,Interseção de Vias,Sim,2,0,2,0,0,0,2,2,"-8,276128","-35,981988",SPRF-PE,DEL02-PE,UOP01-DEL02-PE
380367.0,2021-08-30,segunda-feira,19:50:00,PE,101,58,RECIFE,Trafegar com motocicleta (ou similar) entre as faixas,Colisão lateral mesmo sentido,Com Vítimas Feridas,Plena Noite,Decrescente,Céu Claro,Dupla,Reta,Sim,4,0,3,0,1,0,3,2,"-7,97063209","-34,92064675",SPRF-PE,DEL01-PE,UOP02-DEL01-PE
380475.0,2021-08-31,terça-feira,11:30:00,PE,232,52,VITORIA DE SANTO ANTAO,Reação tardia ou ineficiente do condutor,Saída de leito carroçável,Sem Vítimas,Pleno dia,Decrescente,Céu Claro,Dupla,Reta,Não,1,0,0,0,0,1,0,1,"-8,13420544","-35,34022822",SPRF-PE,DEL01-PE,UOP01-DEL01-PE
380497.0,2021-08-31,terça-feira,06:15:00,PE,232,"136,9",CARUARU,Velocidade Incompatível,Saída de leito carroçável,Sem Vítimas,Amanhecer,Crescente,Ignorado,Dupla,Aclive;Reta                   ,Não,1,0,0,0,0,1,0,1,"-8,31595","-36,050098",SPRF-PE,DEL02-PE,UOP03-DEL02-PE
380536.0,2021-08-31,terça-feira,17:40:00,PE,101,46,IGARASSU,Condutor deixou de manter distância do veículo da frente,Colisão traseira,Com Vítimas Feridas,Anoitecer,Crescente,Céu Claro,Dupla,Reta,Sim,2,0,1,0,1,0,1,2,"-7,87406004","-34,90588126",SPRF-PE,DEL01-PE,UOP02-DEL01-PE
380541.0,2021-08-31,terça-feira,08:00:00,PE,104,"68,4",CARUARU,Reação tardia ou ineficiente do condutor,Saída de leito carroçável,Sem Vítimas,Pleno dia,Decrescente,Sol,Dupla,Curva;Declive                 ,Não,1,0,0,0,0,1,0,1,"-8,3107","-35,9904",SPRF-PE,DEL02-PE,UOP01-DEL02-PE
380550.0,2021-08-31,terça-feira,18:40:00,PE,232,"111,5",BEZERROS,Ingestão de álcool pelo condutor,Saída de leito carroçável,Sem Vítimas,Plena Noite,Decrescente,Céu Claro,Dupla,Reta,Não,1,0,0,0,0,1,0,1,"-8,2922971","-35,82419791",SPRF-PE,DEL02-PE,UOP02-DEL02PE
380555.0,2021-08-31,terça-feira,19:30:00,PE,101,8,CABO DE SANTO AGOSTINHO,Transitar no acostamento,Colisão transversal,Com Vítimas Feridas,Plena Noite,Crescente,Chuva,Simples,Reta,Sim,3,0,2,0,1,0,2,2,"-8,287093","-35,03529",SPRF-PE,DEL01-PE,UOP01-DEL01-PE
380558.0,2021-08-31,terça-feira,19:20:00,PE,101,"69,8",RECIFE,Conversão proibida,Colisão transversal,Com Vítimas Feridas,Plena Noite,Crescente,Nublado,Múltipla,Reta,Sim,2,0,1,0,1,0,1,2,"-8,06645","-34,943504",SPRF-PE,DEL01-PE,UOP01-DEL01-PE
380586.0,2021-08-31,terça-feira,22:40:00,PE,423,98,GARANHUNS,Ingestão de álcool pelo condutor,Tombamento,Sem Vítimas,Plena Noite,Decrescente,Céu Claro,Simples,Rotatória,Sim,1,0,0,0,0,1,0,1,"-8,877901","-36,5061",SPRF-PE,DEL03-PE,UOP01-DEL03-PE
380605.0,2021-09-01,quarta-feira,03:55:00,PE,101,69,RECIFE,Condutor Dormindo,Queda de ocupante de veículo,Com Vítimas Feridas,Amanhecer,Crescente,Céu Claro,Dupla,Reta,Sim,1,0,1,0,0,0,1,1,"-8,05951606","-34,94581024",SPRF-PE,DEL01-PE,UOP01-DEL01-PE
380632.0,2021-09-01,quarta-feira,07:35:00,PE,101,74,RECIFE,Ultrapassagem Indevida,Atropelamento de Pedestre,Com Vítimas Feridas,Pleno dia,Decrescente,Céu Claro,Dupla,Reta,Sim,2,0,2,0,0,0,2,2,"-8,10146485","-34,94901577",SPRF-PE,DEL01-PE,UOP01-DEL01-PE
380646.0,2021-09-01,quarta-feira,05:00:00,PE,232,268,SERTANIA,Condutor deixou de manter distância do veículo da frente,Colisão traseira,Sem Vítimas,Amanhecer,Decrescente,Céu Claro,Simples,Aclive,Não,2,0,0,0,2,0,0,2,"-8,40626526","-37,20062302",SPRF-PE,DEL03-PE,UOP02-DEL03-PE
380657.0,2021-08-15,domingo,01:20:00,PE,101,70,RECIFE,Velocidade Incompatível,Colisão traseira,Com Vítimas Feridas,Plena Noite,Decrescente,Chuva,Dupla,Reta,Sim,2,0,0,1,0,1,1,2,"-8,06776119","-34,94265074",SPRF-PE,DEL01-PE,UOP01-DEL01-PE
380661.0,2021-08-08,domingo,16:00:00,PE,232,203,PESQUEIRA,Acessar a via sem observar a presença dos outros veículos,Colisão transversal,Com Vítimas Feridas,Pleno dia,Crescente,Céu Claro,Simples,Reta,Não,3,0,2,0,1,0,2,2,"-8,37188729","-36,63471898",SPRF-PE,DEL03-PE,UOP02-DEL03-PE
380745.0,2021-09-01,quarta-feira,19:20:00,PE,101,"58,4",PAULISTA,Trafegar com motocicleta (ou similar) entre as faixas,Colisão lateral mesmo sentido,Com Vítimas Feridas,Plena Noite,Crescente,Garoa/Chuvisco,Dupla,Reta,Não,2,0,1,0,1,0,1,2,"-7,97063209","-34,92064675",SPRF-PE,DEL01-PE,UOP02-DEL01-PE
380763.0,2021-09-01,quarta-feira,20:45:00,PE,101,"58,8",PAULISTA,Chuva,Tombamento,Com Vítimas Feridas,Plena Noite,Crescente,Chuva,Múltipla,Declive,Não,1,0,1,0,0,0,1,1,"-7,97063209","-34,92064675",SPRF-PE,DEL01-PE,UOP02-DEL01-PE
380888.0,2021-09-02,quinta-feira,16:15:00,PE,232,"165,1",TACAIMBO,Ultrapassagem Indevida,Colisão frontal,Com Vítimas Feridas,Pleno dia,Decrescente,Céu Claro,Simples,Reta,Não,3,0,2,0,1,0,2,2,"-8,33670241","-36,29834395",SPRF-PE,DEL02-PE,UOP03-DEL02-PE
380929.0,2021-09-02,quinta-feira,19:30:00,PE,408,99,SAO LOURENCO DA MATA,Reação tardia ou ineficiente do condutor,Tombamento,Sem Vítimas,Plena Noite,Crescente,Céu Claro,Dupla,Declive,Não,1,0,0,0,0,1,0,1,"-8,04133634","-35,02531212",SPRF-PE,DEL01-PE,UOP01-DEL01-PE
380934.0,2021-09-02,quinta-feira,21:40:00,PE,101,"6,3",GOIANA,Animais na Pista,Atropelamento de Animal,Com Vítimas Feridas,Plena Noite,Decrescente,Céu Claro,Dupla,Reta,Não,3,0,1,0,2,0,1,1,"-7,550887","-34,99136",SPRF-PE,DEL01-PE,UOP02-DEL01-PE
380959.0,2021-09-03,sexta-feira,01:20:00,PE,232,409,SERRA TALHADA,Condutor desrespeitou a iluminação vermelha do semáforo,Colisão transversal,Sem Vítimas,Plena Noite,Decrescente,Céu Claro,Simples,Reta,Sim,18,0,0,0,17,1,0,2,"-7,981944","-38,289467",SPRF-PE,DEL04-PE,UOP01-DEL04-PE
381035.0,2021-09-03,sexta-feira,13:15:00,PE,232,"71,1",GRAVATA,Mal súbito do condutor,Colisão traseira,Com Vítimas Feridas,Pleno dia,Decrescente,Céu Claro,Dupla,Aclive;Reta                   ,Sim,3,0,3,0,0,0,3,2,"-8,18005731","-35,48755646",SPRF-PE,DEL02-PE,UOP02-DEL02PE
381136.0,2021-09-03,sexta-feira,18:10:00,PE,,,IBIMIRIM,Animais na Pista,Atropelamento de Animal,Sem Vítimas,Plena Noite,Não Informado,Céu Claro,Simples,Reta,Não,3,0,0,0,2,1,0,2,"-8,54231858","-37,71469116",SPRF-PE,DEL03-PE,UOP02-DEL03-PE
381157.0,2021-09-03,sexta-feira,20:00:00,PE,101,"136,7",ESCADA,Demais falhas mecânicas ou elétricas,Incêndio,Sem Vítimas,Plena Noite,Crescente,Céu Claro,Dupla,Reta,Não,1,0,0,0,0,1,0,1,"-8,3770776","-35,23599744",SPRF-PE,DEL01-PE,UOP01-DEL01-PE
381205.0,2021-09-04,sábado,01:00:00,PE,428,"92,8",SANTA MARIA DA BOA VISTA,Ingestão de álcool pelo condutor,Colisão frontal,Com Vítimas Fatais,Plena Noite,Crescente,Céu Claro,Simples,Reta,Não,52,1,1,0,50,0,1,2,"-8,80162047","-39,89683872",SPRF-PE,DEL06-PE,UOP03-DEL06-PE
381238.0,2021-09-04,sábado,04:45:00,PE,423,22,SAO CAITANO,Manobra de mudança de faixa,Tombamento,Com Vítimas Feridas,Amanhecer,Decrescente,Céu Claro,Simples,Reta,Não,1,0,1,0,0,0,1,1,"-8,35258392","-36,17123712",SPRF-PE,DEL02-PE,UOP03-DEL02-PE
381241.0,2021-09-04,sábado,05:30:00,PE,232,"79,6",GRAVATA,Condutor Dormindo,Colisão frontal,Com Vítimas Feridas,Amanhecer,Decrescente,Céu Claro,Simples,Reta,Sim,2,0,1,0,1,0,1,2,"-8,19460572","-35,56074803",SPRF-PE,DEL02-PE,UOP02-DEL02PE
381258.0,2021-09-03,sexta-feira,22:50:00,PE,101,"22,5",GOIANA,Velocidade Incompatível,Colisão com objeto,Sem Vítimas,Plena Noite,Crescente,Chuva,Dupla,Declive;Reta                  ,Não,1,0,0,0,0,1,0,1,"-7,67583307","-34,92870811",SPRF-PE,DEL01-PE,UOP02-DEL01-PE
381268.0,2021-09-04,sábado,08:30:00,PE,104,"53,7",CARUARU,Ausência de sinalização,Tombamento,Com Vítimas Feridas,Pleno dia,Decrescente,Céu Claro,Dupla,Declive,Sim,2,0,1,0,1,0,1,1,"-8,1837","-35,967",SPRF-PE,DEL02-PE,UOP01-DEL02-PE
381294.0,2021-09-04,sábado,09:50:00,PE,232,"54,5",POMBOS,Acessar a via sem observar a presença dos outros veículos,Colisão transversal,Sem Vítimas,Pleno dia,Decrescente,Sol,Dupla,Rotatória,Não,2,0,0,0,2,0,0,2,"-8,12919504","-35,35716398",SPRF-PE,DEL02-PE,UOP02-DEL02PE
381319.0,2021-09-04,sábado,12:05:00,PE,104,"57,1",CARUARU,Afundamento ou ondulação no pavimento,Queda de ocupante de veículo,Com Vítimas Feridas,Pleno dia,Crescente,Sol,Dupla,Reta,Não,2,0,1,0,1,0,1,1,"-8,2181","-35,9747",SPRF-PE,DEL02-PE,UOP01-DEL02-PE