id,data_inversa,dia_semana,horario,uf,br,km,municipio,causa_acidente,tipo_acidente,classificacao_acidente,fase_dia,sentido_via,condicao_metereologica,tipo_pista,tracado_via,uso_solo,pessoas,mortos,feridos_leves,feridos_graves,ilesos,ignorados,feridos,veiculos,latitude,longitude,regional,delegacia,uop
381341.0,2021-09-04,sábado,14:10:00,PE,232,61,POMBOS,Reação tardia ou ineficiente do condutor,Tombamento,Com Vítimas Feridas,Pleno dia,Crescente,Céu Claro,Dupla,Retorno Regulamentado,Não,1,0,1,0,0,0,1,1,"-8,15534456","-35,42120934",SPRF-PE,DEL02-PE,UOP02-DEL02PE
381361.0,2021-09-04,sábado,15:00:00,PE,101,64,RECIFE,Pedestre andava na pista,Atropelamento de Pedestre,Com Vítimas Feridas,Pleno dia,Crescente,Céu Claro,Dupla,Reta,Sim,2,0,2,0,0,0,2,2,"-8,0162921","-34,94045886",SPRF-PE,DEL01-PE,UOP01-DEL01-PE
381403.0,2021-09-04,sábado,19:15:00,PE,232,"250,9",ARCOVERDE,Pedestre cruzava a pista fora da faixa,Atropelamento de Pedestre,Com Vítimas Feridas,Plena Noite,Crescente,Céu Claro,Simples,Reta,Sim,2,0,0,1,1,0,1,2,"-8,42350887","-37,05286107",SPRF-PE,DEL03-PE,UOP02-DEL03-PE
381410.0,2021-09-04,sábado,19:39:00,PE,423,69,JUPI,Ingestão de álcool pelo condutor,Colisão lateral sentido oposto,Com Vítimas Feridas,Plena Noite,Crescente,Céu Claro,Simples,Curva;Aclive                  ,Não,3,0,1,0,1,1,1,2,"-8,67648714","-36,40182687",SPRF-PE,DEL03-PE,UOP01-DEL03-PE
381442.0,2021-09-04,sábado,21:10:00,PE,407,124,PETROLINA,Ingestão de álcool pelo condutor,Colisão lateral mesmo sentido,Sem Vítimas,Plena Noite,Crescente,Céu Claro,Dupla,Reta,Não,2,0,0,0,2,0,0,2,"-9,38722281","-40,52605432",SPRF-PE,DEL06-PE,UOP01-DEL06-PE
381468.0,2021-09-04,sábado,23:50:00,PE,232,"204,5",PESQUEIRA,Ingestão de álcool pelo condutor,Colisão com objeto,Com Vítimas Feridas,Plena Noite,Decrescente,Céu Claro,Simples,Reta,Não,2,0,1,1,0,0,2,2,"-8,37237557","-36,64377902",SPRF-PE,DEL03-PE,UOP02-DEL03-PE
381491.0,2021-09-05,domingo,01:00:00,PE,423,"75,3",JUCATI,Ingestão de álcool pelo condutor,Atropelamento de Pedestre,Com Vítimas Feridas,Plena Noite,Decrescente,Nublado,Simples,Curva,Não,4,0,1,3,0,0,4,2,"-8,726611","-36,430951",SPRF-PE,DEL03-PE,UOP01-DEL03-PE
381540.0,2021-09-05,domingo,06:50:00,PE,232,"95,2",SAIRE,Animais na Pista,Atropelamento de Animal,Com Vítimas Feridas,Pleno dia,Decrescente,Céu Claro,Dupla,Reta,Não,1,0,1,0,0,0,1,1,"-8,228592","-35,701105",SPRF-PE,DEL02-PE,UOP02-DEL02PE
381619.0,2021-09-05,domingo,16:50:00,PE,232,248,ARCOVERDE,Acessar a via sem observar a presença dos outros veículos,Colisão transversal,Com Vítimas Feridas,Pleno dia,Crescente,Céu Claro,Simples,Reta,Não,2,0,1,0,0,1,1,2,"-8,42451258","-37,03463008",SPRF-PE,DEL03-PE,UOP02-DEL03-PE
381626.0,2021-09-05,domingo,16:30:00,PE,101,"39,6",ITAPISSUMA,Demais falhas mecânicas ou elétricas,Queda de ocupante de veículo,Com Vítimas Feridas,Pleno dia,Crescente,Céu Claro,Dupla,Reta,Não,2,0,1,1,0,0,2,1,"-7,81259899","-34,91890497",SPRF-PE,DEL01-PE,UOP02-DEL01-PE
381631.0,2021-09-05,domingo,17:15:00,PE,232,"121,3",CARUARU,Ingestão de álcool pelo condutor,Colisão traseira,Com Vítimas Feridas,Anoitecer,Crescente,Céu Claro,Dupla,Aclive,Não,3,0,1,0,2,0,1,3,"-8,30018257","-35,91071184",SPRF-PE,DEL02-PE,UOP03-DEL02-PE
381660.0,2021-09-05,domingo,19:00:00,PE,101,"66,7",RECIFE,Ingestão de álcool pelo condutor,Saída de leito carroçável,Sem Vítimas,Plena Noite,Crescente,Céu Claro,Múltipla,Reta,Sim,1,0,0,0,1,0,0,1,"-8,03520847","-34,8934021",SPRF-PE,DEL01-PE,UOP01-DEL01-PE
381671.0,2021-09-05,domingo,19:30:00,PE,232,77,GRAVATA,Ingestão de álcool pelo condutor,Colisão lateral sentido oposto,Sem Vítimas,Plena Noite,Decrescente,Céu Claro,Simples,Reta,Sim,3,0,0,0,3,0,0,2,"-8,19343863","-35,54300692",SPRF-PE,DEL02-PE,UOP02-DEL02PE
381690.0,2021-09-05,domingo,20:10:00,PE,408,"94,2",SAO LOURENCO DA MATA,Transitar na contramão,Colisão transversal,Com Vítimas Feridas,Plena Noite,Decrescente,Céu Claro,Dupla,Curva,Não,3,0,0,1,1,1,1,2,"-8,007543","-35,043394",SPRF-PE,DEL01-PE,UOP01-DEL01-PE
381714.0,2021-09-05,domingo,21:37:00,PE,232,139,CARUARU,Velocidade Incompatível,Saída de leito carroçável,Sem Vítimas,Plena Noite,Crescente,Céu Claro,Dupla,Retorno Regulamentado,Não,2,0,0,0,2,0,0,1,"-8,31947086","-36,06799801",SPRF-PE,DEL02-PE,UOP03-DEL02-PE
381729.0,2021-09-05,domingo,23:00:00,PE,408,"66,1",PAUDALHO,Manobra de mudança de faixa,Colisão traseira,Sem Vítimas,Plena Noite,Decrescente,Nublado,Múltipla,Reta,Sim,2,0,0,0,0,2,0,2,"-7,854954","-35,222706",SPRF-PE,DEL01-PE,UOP01-DEL01-PE
381884.0,2021-09-06,segunda-feira,12:00:00,PE,101,"188,5",PALMARES,Ultrapassagem Indevida,Colisão lateral mesmo sentido,Com Vítimas Feridas,Pleno dia,Crescente,Sol,Dupla,Reta,Sim,2,0,0,1,1,0,1,2,"-8,69048752","-35,60664654",SPRF-PE,DEL01-PE,UOP01-DEL01-PE
381903.0,2021-09-06,segunda-feira,17:15:00,PE,424,88,GARANHUNS,Ingestão de álcool pelo condutor,Colisão traseira,Com Vítimas Feridas,Anoitecer,Decrescente,Céu Claro,Simples,Reta,Sim,2,0,1,0,1,0,1,2,"-8,88289772","-36,50848532",SPRF-PE,DEL03-PE,UOP01-DEL03-PE
381986.0,2021-09-07,terça-feira,04:35:00,PE,428,"183,3",PETROLINA,Ingestão de álcool pelo condutor,Colisão traseira,Com Vítimas Fatais,Plena Noite,Crescente,Céu Claro,Simples,Em Obras;Reta                 ,Sim,2,1,0,0,1,0,0,2,"-9,33934115","-40,46992328",SPRF-PE,DEL06-PE,UOP01-DEL06-PE
382023.0,2021-09-07,terça-feira,10:45:00,PE,101,51,ABREU E LIMA,Ingestão de álcool pelo condutor,Colisão lateral mesmo sentido,Com Vítimas Feridas,Pleno dia,Decrescente,Céu Claro,Dupla,Reta,Sim,2,0,1,0,1,0,1,2,"-7,9169968","-34,89689272",SPRF-PE,DEL01-PE,UOP02-DEL01-PE
382030.0,2021-09-07,terça-feira,11:15:00,PE,407,129,PETROLINA,Ausência de reação do condutor,Colisão traseira,Com Vítimas Feridas,Pleno dia,Crescente,Céu Claro,Dupla,Ponte,Sim,2,0,1,0,1,0,1,2,"-9,39958299","-40,50459298",SPRF-PE,DEL06-PE,UOP01-DEL06-PE
382043.0,2021-09-07,terça-feira,11:00:00,PE,232,"39,3",VITORIA DE SANTO ANTAO,Avarias e/ou desgaste excessivo no pneu,Saída de leito carroçável,Com Vítimas Feridas,Pleno dia,Crescente,Céu Claro,Dupla,Reta,Não,2,0,2,0,0,0,2,1,"-8,116812","-35,234502",SPRF-PE,DEL01-PE,UOP01-DEL01-PE
382094.0,2021-09-07,terça-feira,17:45:00,PE,101,154,RIBEIRAO,Animais na Pista,Atropelamento de Animal,Sem Vítimas,Plena Noite,Decrescente,Céu Claro,Dupla,Reta,Não,2,0,0,0,0,2,0,2,"-8,52860711","-35,38883966",SPRF-PE,DEL01-PE,UOP01-DEL01-PE
382125.0,2021-09-07,terça-feira,19:01:00,PE,424,"89,4",GARANHUNS,Transitar na contramão,Colisão frontal,Sem Vítimas,Plena Noite,Crescente,Céu Claro,Simples,Curva,Sim,2,0,0,0,1,1,0,2,"-8,89486602","-36,50038004",SPRF-PE,DEL03-PE,UOP01-DEL03-PE
382134.0,2021-09-07,terça-feira,20:00:00,PE,423,"89,4",SAO JOAO,Transitar na contramão,Colisão frontal,Com Vítimas Feridas,Plena Noite,Crescente,Céu Claro,Simples,Curva,Sim,2,0,1,1,0,0,2,2,"-8,83774896","-36,45604009",SPRF-PE,DEL03-PE,UOP01-DEL03-PE
382144.0,2021-09-07,terça-feira,21:30:00,PE,101,46,IGARASSU,Ingestão de álcool e/ou substâncias psicoativas pelo pedestre,Atropelamento de Pedestre,Com Vítimas Feridas,Plena Noite,Decrescente,Céu Claro,Múltipla,Reta,Sim,2,0,2,0,0,0,2,2,"-7,87406004","-34,90588126",SPRF-PE,DEL01-PE,UOP02-DEL01-PE
382162.0,2021-09-07,terça-feira,23:05:00,PE,232,"58,5",POMBOS,Reação tardia ou ineficiente do condutor,Colisão com objeto,Com Vítimas Fatais,Plena Noite,Decrescente,Céu Claro,Dupla,Aclive;Curva                  ,Sim,3,1,0,0,1,1,0,1,"-8,14462866","-35,39034714",SPRF-PE,DEL02-PE,UOP02-DEL02PE
382206.0,2021-09-08,quarta-feira,07:30:00,PE,101,"77,8",RECIFE,Conversão proibida,Colisão transversal,Com Vítimas Feridas,Pleno dia,Crescente,Céu Claro,Dupla,Reta,Sim,2,0,1,0,1,0,1,2,"-8,133236","-34,946931",SPRF-PE,DEL01-PE,UOP01-DEL01-PE
382263.0,2021-02-06,sábado,20:10:00,PE,232,5,RECIFE,Transitar na contramão,Eventos atípicos,Com Vítimas Feridas,Plena Noite,Crescente,Céu Claro,Múltipla,Viaduto,Sim,3,0,1,1,1,0,2,3,"-8,06795766","-34,94535414",SPRF-PE,DEL01-PE,UOP01-DEL01-PE
382273.0,2021-09-08,quarta-feira,13:30:00,PE,101,"80,8",JABOATAO DOS GUARARAPES,Reação tardia ou ineficiente do condutor,Colisão lateral mesmo sentido,Sem Vítimas,Pleno dia,Crescente,Céu Claro,Múltipla,Reta,Sim,2,0,0,0,2,0,0,2,"-8,154427","-34,941662",SPRF-PE,DEL01-PE,UOP01-DEL01-PE
382293.0,2021-09-08,quarta-feira,15:50:00,PE,232,22,MORENO,Animais na Pista,Atropelamento de Animal,Com Vítimas Feridas,Pleno dia,Decrescente,Sol,Dupla,Reta,Não,1,0,1,0,0,0,1,1,"-8,09712273","-35,088592",SPRF-PE,DEL01-PE,UOP01-DEL01-PE
382448.0,2021-09-09,quinta-feira,15:00:00,PE,101,20,GOIANA,Objeto estático sobre o leito carroçável,Colisão traseira,Com Vítimas Feridas,Pleno dia,Decrescente,Sol,Dupla,Reta,Não,2,0,1,0,1,0,1,2,"-7,66042701","-34,93780401",SPRF-PE,DEL01-PE,UOP02-DEL01-PE
382460.0,2021-09-09,quinta-feira,15:00:00,PE,101,"119,8",ESCADA,Transitar na contramão,Colisão frontal,Sem Vítimas,Pleno dia,Crescente,Sol,Dupla,Retorno Regulamentado,Não,2,0,0,0,1,1,0,2,"-8,35291472","-35,16929901",SPRF-PE,DEL01-PE,UOP01-DEL01-PE
382461.0,2021-09-09,quinta-feira,10:05:00,PE,232,101,BEZERROS,Reação tardia ou ineficiente do condutor,Queda de ocupante de veículo,Com Vítimas Feridas,Pleno dia,Crescente,Céu Claro,Dupla,Reta,Sim,2,0,1,0,1,0,1,1,"-8,24194679","-35,75097313",SPRF-PE,DEL02-PE,UOP02-DEL02PE
382495.0,2021-09-09,quinta-feira,17:25:00,PE,424,"66,9",CAETES,Velocidade Incompatível,Saída de leito carroçável,Com Vítimas Feridas,Anoitecer,Crescente,Céu Claro,Simples,Reta;Declive                  ,Sim,1,0,0,1,0,0,1,1,"-8,75960275","-36,65067654",SPRF-PE,DEL03-PE,UOP01-DEL03-PE
382516.0,2021-09-09,quinta-feira,20:00:00,PE,232,12,JABOATAO DOS GUARARAPES,Acostamento em desnível,Tombamento,Com Vítimas Feridas,Plena Noite,Crescente,Céu Claro,Dupla,Reta,Não,2,0,2,0,0,0,2,1,"-8,08577691","-35,00345603",SPRF-PE,DEL01-PE,UOP01-DEL01-PE
382551.0,2021-09-09,quinta-feira,23:20:00,PE,232,251,ARCOVERDE,Condutor deixou de manter distância do veículo da frente,Colisão traseira,Com Vítimas Feridas,Plena Noite,Decrescente,Céu Claro,Simples,Reta,Sim,2,0,1,0,0,1,1,2,"-8,42617175","-37,0563609",SPRF-PE,DEL03-PE,UOP02-DEL03-PE
382580.0,2021-09-10,sexta-feira,06:40:00,PE,232,"18,3",JABOATAO DOS GUARARAPES,Manobra de mudança de faixa,Colisão lateral mesmo sentido,Com Vítimas Feridas,Pleno dia,Decrescente,Céu Claro,Dupla,Reta,Não,4,0,3,0,1,0,3,1,"-8,09696393","-35,054484",SPRF-PE,DEL01-PE,UOP01-DEL01-PE
382582.0,2021-09-10,sexta-feira,07:20:00,PE,232,9,RECIFE,Condutor deixou de manter distância do veículo da frente,Engavetamento,Sem Vítimas,Pleno dia,Decrescente,Sol,Dupla,Reta,Sim,3,0,0,0,3,0,0,3,"-8,07583727","-34,97015791",SPRF-PE,DEL01-PE,UOP01-DEL01-PE
382636.0,2021-09-10,sexta-feira,09:35:00,PE,232,"116,2",CARUARU,Demais falhas mecânicas ou elétricas,Saída de leito carroçável,Com Vítimas Feridas,Pleno dia,Crescente,Sol,Dupla,Reta,Não,2,0,2,0,0,0,2,1,"-8,2970005","-35,86666391",SPRF-PE,DEL02-PE,UOP03-DEL02-PE
382642.0,2021-09-10,sexta-feira,11:45:00,PE,408,"93,4",SAO LOURENCO DA MATA,Animais na Pista,Saída de leito carroçável,Com Vítimas Feridas,Pleno dia,Decrescente,Céu Claro,Dupla,Declive,Sim,1,0,1,0,0,0,1,1,"-8,003328","-35,049998",SPRF-PE,DEL01-PE,UOP01-DEL01-PE
382721.0,2021-07-18,domingo,19:00:00,PE,104,"54,9",CARUARU,Pista esburacada,Queda de ocupante de veículo,Com Vítimas Feridas,Plena Noite,Decrescente,Céu Claro,Dupla,Reta,Não,2,0,2,0,0,0,2,1,"-8,1928","-35,9662",SPRF-PE,DEL02-PE,UOP01-DEL02-PE
382730.0,2021-09-10,sexta-feira,18:10:00,PE,232,"33,2",MORENO,Demais falhas mecânicas ou elétricas,Incêndio,Sem Vítimas,Plena Noite,Decrescente,Céu Claro,Dupla,Curva;Aclive                  ,Não,1,0,0,0,1,0,0,1,"-8,10546935","-35,17359149",SPRF-PE,DEL01-PE,UOP01-DEL01-PE
382737.0,2021-09-10,sexta-feira,21:15:00,PE,101,"70,8",RECIFE,Área urbana sem a presença de local apropriado para a travessia de pedestres,Atropelamento de Pedestre,Sem Vítimas,Plena Noite,Crescente,Céu Claro,Dupla,Reta,Sim,3,0,0,0,1,2,0,2,"-8,076286","-34,942979",SPRF-PE,DEL01-PE,UOP01-DEL01-PE
382741.0,2021-09-10,sexta-feira,20:50:00,PE,316,"364,5",PETROLANDIA,Frear bruscamente,Queda de ocupante de veículo,Com Vítimas Feridas,Plena Noite,Decrescente,Céu Claro,Simples,Reta,Sim,1,0,0,1,0,0,1,1,"-8,95361595","-38,22353282",SPRF-PE,DEL04-PE,UOP01-DEL04-PE
382827.0,2021-09-11,sábado,12:30:00,PE,104,61,CARUARU,Manobra de mudança de faixa,Colisão lateral mesmo sentido,Com Vítimas Feridas,Pleno dia,Crescente,Céu Claro,Dupla,Reta,Sim,2,0,0,1,1,0,1,2,"-8,2529","-35,9751",SPRF-PE,DEL02-PE,UOP01-DEL02-PE
382840.0,2021-09-11,sábado,14:10:00,PE,101,42,IGARASSU,Ausência de reação do condutor,Colisão lateral mesmo sentido,Com Vítimas Feridas,Pleno dia,Decrescente,Céu Claro,Múltipla,Reta,Sim,6,0,4,0,1,1,4,2,"-7,83887431","-34,91196739",SPRF-PE,DEL01-PE,UOP02-DEL01-PE
382888.0,2021-09-11,sábado,17:40:00,PE,101,"59,5",RECIFE,Pedestre cruzava a pista fora da faixa,Atropelamento de Pedestre,Com Vítimas Feridas,Pleno dia,Decrescente,Céu Claro,Dupla,Reta,Sim,2,0,1,1,0,0,2,2,"-7,97708575","-34,92607318",SPRF-PE,DEL01-PE,UOP02-DEL01-PE
382893.0,2021-09-11,sábado,18:00:00,PE,232,"12,6",JABOATAO DOS GUARARAPES,Velocidade Incompatível,Colisão traseira,Sem Vítimas,Plena Noite,Crescente,Céu Claro,Dupla,Declive,Não,2,0,0,0,2,0,0,2,"-8,08577691","-35,00345603",SPRF-PE,DEL01-PE,UOP01-DEL01-PE
382911.0,2021-09-11,sábado,17:40:00,PE,101,152,RIBEIRAO,Reação tardia ou ineficiente do condutor,Capotamento,Com Vítimas Feridas,Anoitecer,Decrescente,Céu Claro,Múltipla,Curva,Não,3,0,3,0,0,0,3,1,"-8,51119897","-35,38696321",SPRF-PE,DEL01-PE,UOP01-DEL01-PE
382969.0,2021-09-12,domingo,01:00:00,PE,101,44,IGARASSU,Transitar na contramão,Colisão frontal,Com Vítimas Feridas,Plena Noite,Decrescente,Céu Claro,Múltipla,Reta,Sim,2,0,0,1,0,1,1,2,"-7,858102","-34,908084",SPRF-PE,DEL01-PE,UOP02-DEL01-PE
383041.0,2021-09-12,domingo,07:30:00,PE,408,81,PAUDALHO,Reação tardia ou ineficiente do condutor,Saída de leito carroçável,Com Vítimas Feridas,Pleno dia,Crescente,Sol,Dupla,Reta,Sim,2,0,2,0,0,0,2,1,"-7,93468246","-35,1301265",SPRF-PE,DEL01-PE,UOP01-DEL01-PE
383053.0,2021-09-12,domingo,03:00:00,PE,101,"42,7",IGARASSU,Demais falhas mecânicas ou elétricas,Incêndio,Sem Vítimas,Plena Noite,Crescente,Céu Claro,Múltipla,Reta,Sim,1,0,0,0,1,0,0,1,"-7,83887431","-34,91196739",SPRF-PE,DEL01-PE,UOP02-DEL01-PE
383098.0,2021-09-12,domingo,15:40:00,PE,101,9,GOIANA,Transitar na contramão,Colisão frontal,Com Vítimas Fatais,Pleno dia,Decrescente,Céu Claro,Dupla,Reta,Não,4,1,1,0,0,2,1,2,"-7,57788903","-34,98847822",SPRF-PE,DEL01-PE,UOP02-DEL01-PE
383104.0,2021-09-12,domingo,17:50:00,PE,101,"9,5",GOIANA,Ingestão de álcool pelo condutor,Colisão traseira,Sem Vítimas,Anoitecer,Decrescente,Céu Claro,Dupla,Reta,Não,3,0,0,0,2,1,0,3,"-7,57788903","-34,98847822",SPRF-PE,DEL01-PE,UOP02-DEL01-PE
383175.0,2021-09-12,domingo,20:30:00,PE,101,10,CABO DE SANTO AGOSTINHO,Velocidade Incompatível,Colisão com objeto,Com Vítimas Feridas,Plena Noite,Decrescente,Céu Claro,Simples,Reta,Sim,3,0,0,1,0,2,1,1,"-8,2371163","-34,98247146",SPRF-PE,DEL01-PE,UOP02-DEL01-PE
383180.0,2021-09-12,domingo,22:00:00,PE,232,"48,1",VITORIA DE SANTO ANTAO,Pista esburacada,Capotamento,Sem Vítimas,Plena Noite,Crescente,Céu Claro,Dupla,Reta,Sim,3,0,0,0,1,2,0,1,"-8,14168181","-35,30561909",SPRF-PE,DEL01-PE,UOP01-DEL01-PE
383240.0,2021-09-13,segunda-feira,06:15:00,PE,232,"8,1",RECIFE,Trafegar com motocicleta (ou similar) entre as faixas,Colisão traseira,Com Vítimas Feridas,Pleno dia,Decrescente,Nublado,Múltipla,Reta,Sim,2,0,1,0,1,0,1,2,"-8,076325","-34,971461",SPRF-PE,DEL01-PE,UOP01-DEL01-PE
383253.0,2021-09-13,segunda-feira,06:45:00,PE,101,"71,5",RECIFE,Acessar a via sem observar a presença dos outros veículos,Colisão transversal,Com Vítimas Feridas,Pleno dia,Decrescente,Nublado,Dupla,Reta,Sim,2,0,1,0,1,0,1,2,"-8,081677","-34,943108",SPRF-PE,DEL01-PE,UOP01-DEL01-PE
383324.0,2021-09-13,segunda-feira,15:15:00,PE,232,"132,4",CARUARU,Acessar a via sem observar a presença dos outros veículos,Colisão transversal,Com Vítimas Feridas,Pleno dia,Decrescente,Céu Claro,Dupla,Interseção de Vias,Não,3,0,2,0,1,0,2,2,"-8,3036244","-36,00710089",SPRF-PE,DEL02-PE,UOP03-DEL02-PE
383339.0,2021-09-13,segunda-feira,17:45:00,PE,104,60,CARUARU,Ausência de reação do condutor,Colisão traseira,Com Vítimas Feridas,Anoitecer,Decrescente,Nublado,Dupla,Reta,Não,2,0,1,0,1,0,1,2,"-8,2438","-35,9752",SPRF-PE,DEL02-PE,UOP01-DEL02-PE
383340.0,2021-09-13,segunda-feira,17:40:00,PE,232,"80,1",GRAVATA,Pedestre andava na pista,Atropelamento de Pedestre,Com Vítimas Fatais,Plena Noite,Crescente,Céu Claro,Dupla,Reta,Sim,2,1,0,1,0,0,1,2,"-8,19601837","-35,57075858",SPRF-PE,DEL02-PE,UOP02-DEL02PE
383489.0,2021-09-14,terça-feira,14:25:00,PE,101,65,RECIFE,Manobra de mudança de faixa,Colisão traseira,Sem Vítimas,Pleno dia,Crescente,Sol,Múltipla,Reta,Sim,2,0,0,0,1,1,0,2,"-8,02478597","-34,94276635",SPRF-PE,DEL01-PE,UOP01-DEL01-PE
383532.0,2021-09-14,terça-feira,18:30:00,PE,101,"67,5",RECIFE,Condutor deixou de manter distância do veículo da frente,Colisão traseira,Com Vítimas Feridas,Plena Noite,Decrescente,Céu Claro,Dupla,Reta,Sim,2,0,0,1,1,0,1,2,"-8,042334","-34,943096",SPRF-PE,DEL01-PE,UOP01-DEL01-PE
383545.0,2021-09-14,terça-feira,17:00:00,PE,101,82,JABOATAO DOS GUARARAPES,Condutor usando celular,Colisão lateral mesmo sentido,Com Vítimas Feridas,Pleno dia,Crescente,Céu Claro,Múltipla,Interseção de Vias,Sim,2,0,1,0,1,0,1,2,"-8,171281","-34,939222",SPRF-PE,DEL01-PE,UOP01-DEL01-PE
383558.0,2021-09-14,terça-feira,21:00:00,PE,232,250,ARCOVERDE,Animais na Pista,Atropelamento de Animal,Com Vítimas Feridas,Plena Noite,Crescente,Vento,Simples,Reta,Não,1,0,1,0,0,0,1,1,"-8,42350887","-37,05286107",SPRF-PE,DEL03-PE,UOP02-DEL03-PE
383559.0,2021-09-14,terça-feira,19:35:00,PE,,,GARANHUNS,Frear bruscamente,Colisão traseira,Sem Vítimas,Plena Noite,Não Informado,Céu Claro,Simples,Reta,Não,5,0,0,0,4,1,0,2,"-8,845408","-36,484828",SPRF-PE,DEL03-PE,UOP01-DEL03-PE
383588.0,2021-09-15,quarta-feira,05:40:00,PE,408,"80,8",PAUDALHO,Mal súbito do condutor,Saída de leito carroçável,Com Vítimas Fatais,Pleno dia,Decrescente,Céu Claro,Múltipla,Interseção de Vias,Não,1,1,0,0,0,0,0,1,"-7,9310439","-35,13844295",SPRF-PE,DEL01-PE,UOP01-DEL01-PE
383611.0,2021-09-15,quarta-feira,06:30:00,PE,232,"399,9",SERRA TALHADA,Condutor deixou de manter distância do veículo da frente,Queda de ocupante de veículo,Com Vítimas Feridas,Pleno dia,Crescente,Céu Claro,Simples,Reta,Não,1,0,0,1,0,0,1,1,"-8,01068306","-38,21652203",SPRF-PE,DEL04-PE,UOP01-DEL04-PE
383618.0,2021-09-15,quarta-feira,08:45:00,PE,424,80,GARANHUNS,Frear bruscamente,Colisão traseira,Com Vítimas Feridas,Pleno dia,Crescente,Céu Claro,Simples,Reta,Não,8,0,3,0,5,0,3,3,"-8,8305209","-36,54673593",SPRF-PE,DEL03-PE,UOP01-DEL03-PE
383620.0,2021-09-15,quarta-feira,09:09:00,PE,428,188,PETROLINA,Manobra de mudança de faixa,Colisão traseira,Com Vítimas Feridas,Pleno dia,Crescente,Céu Claro,Dupla,Rotatória,Sim,2,0,1,0,1,0,1,2,"-9,36400596","-40,48266808",SPRF-PE,DEL06-PE,UOP01-DEL06-PE
383624.0,2021-09-15,quarta-feira,09:00:00,PE,101,"54,9",PAULISTA,Manobra de mudança de faixa,Colisão traseira,Com Vítimas Feridas,Pleno dia,Decrescente,Sol,Múltipla,Curva,Sim,2,0,0,1,1,0,1,2,"-7,93961103","-34,90356584",SPRF-PE,DEL01-PE,UOP02-DEL01-PE
383630.0,2021-09-15,quarta-feira,10:35:00,PE,423,135,CARUARU,Condutor Dormindo,Colisão com objeto,Com Vítimas Feridas,Pleno dia,Decrescente,Sol,Dupla,Aclive,Não,1,0,1,0,0,0,1,1,"-8,31304648","-36,0396409",SPRF-PE,DEL03-PE,UOP01-DEL03-PE
383695.0,2021-09-15,quarta-feira,17:50:00,PE,407,30,AFRANIO,Ausência de reação do condutor,Capotamento,Com Vítimas Feridas,Anoitecer,Decrescente,Céu Claro,Simples,Declive,Não,2,0,2,0,0,0,2,1,"-8,672439","-40,96205399",SPRF-PE,DEL06-PE,UOP02-DEL06-PE
383699.0,2021-09-15,quarta-feira,18:00:00,PE,104,84,AGRESTINA,Transitar na contramão,Colisão lateral sentido oposto,Com Vítimas Fatais,Plena Noite,Crescente,Céu Claro,Simples,Reta,Não,3,1,0,0,2,0,0,2,"-8,430662","-35,959164",SPRF-PE,DEL02-PE,UOP01-DEL02-PE
383843.0,2021-09-15,quarta-feira,11:00:00,PE,232,"78,9",GRAVATA,Acessar a via sem observar a presença dos outros veículos,Colisão lateral mesmo sentido,Com Vítimas Feridas,Pleno dia,Crescente,Céu Claro,Simples,Reta,Sim,2,0,1,0,1,0,1,2,"-8,19343658","-35,55186505",SPRF-PE,DEL02-PE,UOP02-DEL02PE
384012.0,2021-09-17,sexta-feira,10:30:00,PE,408,"76,4",PAUDALHO,Avarias e/ou desgaste excessivo no pneu,Colisão com objeto,Com Vítimas Feridas,Pleno dia,Crescente,Sol,Dupla,Ponte,Não,1,0,1,0,0,0,1,1,"-7,913693","-35,170002",SPRF-PE,DEL01-PE,UOP01-DEL01-PE
384111.0,2021-09-17,sexta-feira,17:50:00,PE,424,"85,6",GARANHUNS,Ingestão de álcool ou de substâncias psicoativas pelo pedestre,Atropelamento de Pedestre,Com Vítimas Feridas,Anoitecer,Decrescente,Chuva,Simples,Reta;Declive                  ,Não,2,0,0,1,0,1,1,2,"-8,85702308","-36,51218326",SPRF-PE,DEL03-PE,UOP01-DEL03-PE
384130.0,2021-09-17,sexta-feira,19:10:00,PE,232,"101,3",BEZERROS,Condutor deixou de manter distância do veículo da frente,Colisão traseira,Com Vítimas Feridas,Plena Noite,Crescente,Céu Claro,Dupla,Reta,Sim,2,0,0,1,1,0,1,2,"-8,24194679","-35,75097313",SPRF-PE,DEL02-PE,UOP02-DEL02PE
384178.0,2021-09-17,sexta-feira,19:10:00,PE,423,"76,6",JUCATI,Transitar na contramão,Colisão frontal,Com Vítimas Fatais,Plena Noite,Decrescente,Garoa/Chuvisco,Simples,Reta,Não,4,1,1,0,0,2,1,3,"-8,73183901","-36,43146015",SPRF-PE,DEL03-PE,UOP01-DEL03-PE
384247.0,2021-09-18,sábado,07:25:00,PE,101,"42,6",IGARASSU,Reação tardia ou ineficiente do condutor,Colisão transversal,Com Vítimas Feridas,Pleno dia,Decrescente,Sol,Múltipla,Declive,Sim,6,0,0,1,5,0,1,2,"-7,83887431","-34,91196739",SPRF-PE,DEL01-PE,UOP02-DEL01-PE
384329.0,2021-09-18,sábado,16:40:00,PE,316,6,ARARIPINA,Conversão proibida,Colisão frontal,Com Vítimas Feridas,Pleno dia,Decrescente,Céu Claro,Simples,Reta,Não,2,0,2,0,0,0,2,2,"-7,47423236","-40,61678038",SPRF-PE,DEL05-PE,UOP02-DEL05-PE