id,data_inversa,dia_semana,horario,uf,br,km,municipio,causa_acidente,tipo_acidente,classificacao_acidente,fase_dia,sentido_via,condicao_metereologica,tipo_pista,tracado_via,uso_solo,pessoas,mortos,feridos_leves,feridos_graves,ilesos,ignorados,feridos,veiculos,latitude,longitude,regional,delegacia,uop
384337.0,2021-09-18,sábado,18:00:00,PE,101,127,ESCADA,Demais falhas na via,Queda de ocupante de veículo,Com Vítimas Feridas,Plena Noite,Decrescente,Céu Claro,Dupla,Reta,Sim,2,0,1,1,0,0,2,1,"-8,37472564","-35,23663257",SPRF-PE,DEL01-PE,UOP01-DEL01-PE
384352.0,2021-09-18,sábado,18:45:00,PE,232,55,POMBOS,Ingestão de álcool pelo condutor,Saída de leito carroçável,Com Vítimas Feridas,Plena Noite,Decrescente,Céu Claro,Dupla,Reta,Não,3,0,0,3,0,0,3,1,"-8,13255758","-35,36570027",SPRF-PE,DEL02-PE,UOP02-DEL02PE
384366.0,2021-09-18,sábado,20:00:00,PE,101,"184,3",PALMARES,Velocidade Incompatível,Colisão com objeto,Com Vítimas Feridas,Plena Noite,Crescente,Céu Claro,Múltipla,Reta,Sim,3,0,3,0,0,0,3,1,"-8,66602702","-35,57292197",SPRF-PE,DEL01-PE,UOP01-DEL01-PE
384403.0,2021-09-18,sábado,22:03:00,PE,232,409,SERRA TALHADA,Velocidade Incompatível,Atropelamento de Pedestre,Com Vítimas Feridas,Plena Noite,Crescente,Céu Claro,Simples,Reta,Sim,2,0,0,2,0,0,2,2,"-7,981944","-38,289467",SPRF-PE,DEL04-PE,UOP01-DEL04-PE
384407.0,2021-09-18,sábado,22:00:00,PE,232,132,CARUARU,Transitar na contramão,Colisão frontal,Sem Vítimas,Plena Noite,Decrescente,Céu Claro,Dupla,Reta,Não,2,0,0,0,2,0,0,2,"-8,3036244","-36,00710089",SPRF-PE,DEL02-PE,UOP03-DEL02-PE
384430.0,2021-09-19,domingo,03:10:00,PE,232,190,SANHARO,Ingestão de álcool pelo condutor,Colisão frontal,Com Vítimas Fatais,Plena Noite,Decrescente,Céu Claro,Simples,Reta,Não,2,2,0,0,0,0,0,2,"-8,35625579","-36,51869702",SPRF-PE,DEL02-PE,UOP03-DEL02-PE
384480.0,2021-09-19,domingo,07:10:00,PE,232,452,SAO JOSE DO BELMONTE,Condutor Dormindo,Saída de leito carroçável,Com Vítimas Feridas,Pleno dia,Decrescente,Céu Claro,Simples,Reta,Não,5,0,3,2,0,0,5,1,"-7,98931631","-38,65122981",SPRF-PE,DEL04-PE,UOP01-DEL04-PE
384514.0,2021-09-19,domingo,14:30:00,PE,101,"49,9",ABREU E LIMA,Condutor Dormindo,Saída de leito carroçável,Com Vítimas Feridas,Pleno dia,Decrescente,Céu Claro,Dupla,Reta,Sim,2,0,1,0,1,0,1,2,"-7,9005152","-34,90180641",SPRF-PE,DEL01-PE,UOP02-DEL01-PE
384528.0,2021-09-19,domingo,15:37:00,PE,101,49,ABREU E LIMA,Estacionar ou parar em local proibido,Colisão traseira,Com Vítimas Feridas,Pleno dia,Crescente,Céu Claro,Múltipla,Curva,Sim,2,0,1,0,0,1,1,2,"-7,9005152","-34,90180641",SPRF-PE,DEL01-PE,UOP02-DEL01-PE
384619.0,2021-09-19,domingo,22:20:00,PE,101,"49,7",ABREU E LIMA,Ingestão de álcool pelo condutor,Colisão traseira,Sem Vítimas,Plena Noite,Decrescente,Céu Claro,Múltipla,Reta,Sim,2,0,0,0,1,1,0,2,"-7,9005152","-34,90180641",SPRF-PE,DEL01-PE,UOP02-DEL01-PE
384625.0,2021-09-19,domingo,23:30:00,PE,101,"48,5",ABREU E LIMA,Ingestão de álcool pelo condutor,Saída de leito carroçável,Sem Vítimas,Plena Noite,Decrescente,Céu Claro,Múltipla,Reta,Sim,1,0,0,0,1,0,0,1,"-7,89174705","-34,9033493",SPRF-PE,DEL01-PE,UOP02-DEL01-PE
384642.0,2021-09-20,segunda-feira,02:00:00,PE,232,"18,2",JABOATAO DOS GUARARAPES,Objeto estático sobre o leito carroçável,Colisão com objeto,Com Vítimas Feridas,Plena Noite,Decrescente,Céu Claro,Dupla,Reta,Não,1,0,1,0,0,0,1,1,"-8,097177","-35,054304",SPRF-PE,DEL01-PE,UOP01-DEL01-PE
384736.0,2021-09-20,segunda-feira,08:00:00,PE,101,"17,9",CABO DE SANTO AGOSTINHO,Condutor deixou de manter distância do veículo da frente,Colisão traseira,Com Vítimas Feridas,Pleno dia,Decrescente,Sol,Simples,Reta,Sim,2,0,1,0,1,0,1,2,"-8,287093","-35,03529",SPRF-PE,DEL01-PE,UOP01-DEL01-PE
384761.0,2021-09-20,segunda-feira,16:20:00,PE,101,"130,1",ESCADA,Demais falhas mecânicas ou elétricas,Saída de leito carroçável,Com Vítimas Feridas,Pleno dia,Crescente,Céu Claro,Dupla,Reta,Sim,1,0,0,1,0,0,1,1,"-8,392345","-35,257055",SPRF-PE,DEL01-PE,UOP01-DEL01-PE
384825.0,2021-09-20,segunda-feira,22:15:00,PE,407,124,PETROLINA,Acessar a via sem observar a presença dos outros veículos,Colisão transversal,Com Vítimas Feridas,Plena Noite,Decrescente,Céu Claro,Simples,Rotatória,Sim,2,0,2,0,0,0,2,2,"-9,37556716","-40,53771228",SPRF-PE,DEL06-PE,UOP01-DEL06-PE
384828.0,2021-09-20,segunda-feira,21:30:00,PE,232,"39,3",VITORIA DE SANTO ANTAO,Reação tardia ou ineficiente do condutor,Colisão com objeto,Com Vítimas Feridas,Plena Noite,Crescente,Céu Claro,Dupla,Curva,Não,1,0,1,0,0,0,1,1,"-8,117431","-35,233838",SPRF-PE,DEL01-PE,UOP01-DEL01-PE
384843.0,2021-09-21,terça-feira,04:40:00,PE,428,184,PETROLINA,Velocidade Incompatível,Capotamento,Com Vítimas Feridas,Amanhecer,Crescente,Céu Claro,Simples,Interseção de Vias,Sim,1,0,1,0,0,0,1,1,"-9,33211208","-40,46621385",SPRF-PE,DEL06-PE,UOP01-DEL06-PE
384893.0,2021-09-21,terça-feira,11:05:00,PE,428,"181,3",PETROLINA,Condutor deixou de manter distância do veículo da frente,Colisão traseira,Com Vítimas Feridas,Pleno dia,Decrescente,Sol,Simples,Reta,Não,2,0,1,0,1,0,1,2,"-9,32225502","-40,46114445",SPRF-PE,DEL06-PE,UOP01-DEL06-PE
384900.0,2021-09-21,terça-feira,11:55:00,PE,232,"407,9",SERRA TALHADA,Condutor deixou de manter distância do veículo da frente,Tombamento,Com Vítimas Feridas,Pleno dia,Crescente,Sol,Simples,Reta,Não,1,0,1,0,0,0,1,1,"-7,9854402","-38,27148304",SPRF-PE,DEL04-PE,UOP01-DEL04-PE
384927.0,2021-09-21,terça-feira,16:16:00,PE,101,"67,1",RECIFE,Manobra de mudança de faixa,Colisão lateral mesmo sentido,Com Vítimas Feridas,Pleno dia,Crescente,Céu Claro,Múltipla,Interseção de Vias,Sim,2,0,1,0,1,0,1,2,"-8,043991","-34,943998",SPRF-PE,DEL01-PE,UOP01-DEL01-PE
384956.0,2021-09-21,terça-feira,19:00:00,PE,232,"8,8",RECIFE,Demais falhas mecânicas ou elétricas,Tombamento,Com Vítimas Feridas,Plena Noite,Decrescente,Céu Claro,Dupla,Reta,Sim,1,0,0,1,0,0,1,1,"-8,0760028","-34,97004032",SPRF-PE,DEL01-PE,UOP01-DEL01-PE
384976.0,2021-09-21,terça-feira,18:40:00,PE,423,"117,7",PARANATAMA,Condutor deixou de manter distância do veículo da frente,Colisão traseira,Com Vítimas Feridas,Plena Noite,Crescente,Nublado,Simples,Reta;Aclive                   ,Não,2,0,1,0,1,0,1,2,"-8,90662085","-36,66901104",SPRF-PE,DEL03-PE,UOP01-DEL03-PE
384987.0,2021-09-21,terça-feira,21:30:00,PE,232,"110,1",BEZERROS,Ausência de reação do condutor,Saída de leito carroçável,Sem Vítimas,Plena Noite,Crescente,Céu Claro,Dupla,Curva,Não,1,0,0,0,0,1,0,1,"-8,28634529","-35,81755579",SPRF-PE,DEL02-PE,UOP02-DEL02PE
385019.0,2021-09-22,quarta-feira,07:05:00,PE,232,146,SAO CAITANO,Estacionar ou parar em local proibido,Colisão traseira,Com Vítimas Feridas,Pleno dia,Decrescente,Céu Claro,Múltipla,Reta,Sim,2,0,1,0,0,1,1,2,"-8,33218974","-36,12904312",SPRF-PE,DEL02-PE,UOP03-DEL02-PE
385051.0,2021-09-22,quarta-feira,11:25:00,PE,232,"100,6",BEZERROS,Reação tardia ou ineficiente do condutor,Colisão transversal,Com Vítimas Feridas,Pleno dia,Crescente,Céu Claro,Simples,Reta,Sim,2,0,0,1,1,0,1,2,"-8,23791176","-35,74297705",SPRF-PE,DEL02-PE,UOP02-DEL02PE
385068.0,2021-09-22,quarta-feira,13:30:00,PE,101,"89,4",CABO DE SANTO AGOSTINHO,Condutor deixou de manter distância do veículo da frente,Colisão traseira,Com Vítimas Feridas,Pleno dia,Decrescente,Céu Claro,Dupla,Reta,Sim,2,0,1,0,0,1,1,2,"-8,20760697","-34,98372005",SPRF-PE,DEL01-PE,UOP01-DEL01-PE
385086.0,2021-09-22,quarta-feira,15:30:00,PE,101,"2,1",JABOATAO DOS GUARARAPES,Acessar a via sem observar a presença dos outros veículos,Colisão transversal,Com Vítimas Feridas,Pleno dia,Decrescente,Sol,Simples,Interseção de Vias,Sim,2,0,1,0,1,0,1,2,"-8,19122906","-34,95526671",SPRF-PE,DEL01-PE,UOP02-DEL01-PE
385128.0,2021-09-22,quarta-feira,19:30:00,PE,232,"86,7",GRAVATA,Reação tardia ou ineficiente do condutor,Saída de leito carroçável,Com Vítimas Feridas,Plena Noite,Crescente,Céu Claro,Simples,Curva,Não,2,0,1,0,1,0,1,1,"-8,21286855","-35,62011813",SPRF-PE,DEL02-PE,UOP02-DEL02PE
385135.0,2021-09-22,quarta-feira,15:10:00,PE,428,"17,2",CABROBO,Ausência de reação do condutor,Saída de leito carroçável,Com Vítimas Feridas,Pleno dia,Crescente,Céu Claro,Simples,Reta,Não,3,0,2,1,0,0,3,1,"-8,49693528","-39,37029804",SPRF-PE,DEL05-PE,UOP03-DEL05-PE
385140.0,2021-09-22,quarta-feira,18:30:00,PE,428,"10,9",CABROBO,Entrada inopinada do pedestre,Atropelamento de Pedestre,Com Vítimas Feridas,Plena Noite,Crescente,Céu Claro,Simples,Aclive,Sim,2,0,0,1,1,0,1,2,"-8,5091915","-39,30745984",SPRF-PE,DEL05-PE,UOP03-DEL05-PE
385144.0,2021-09-22,quarta-feira,19:05:00,PE,428,"0,3",BELEM DE SAO FRANCISCO,Reação tardia ou ineficiente do condutor,Queda de ocupante de veículo,Com Vítimas Feridas,Plena Noite,Decrescente,Céu Claro,Simples,Reta,Não,1,0,1,0,0,0,1,1,"-8,547853","-39,226963",SPRF-PE,DEL05-PE,UOP01-DEL05-PE
385225.0,2021-09-23,quinta-feira,11:45:00,PE,232,"84,3",GRAVATA,Velocidade Incompatível,Saída de leito carroçável,Com Vítimas Feridas,Pleno dia,Decrescente,Céu Claro,Dupla,Reta,Não,7,0,2,3,2,0,5,1,"-8,2059894","-35,60359683",SPRF-PE,DEL02-PE,UOP02-DEL02PE
385262.0,2021-09-23,quinta-feira,15:00:00,PE,232,"75,1",GRAVATA,Reação tardia ou ineficiente do condutor,Colisão lateral mesmo sentido,Com Vítimas Feridas,Pleno dia,Crescente,Céu Claro,Dupla,Declive;Reta                  ,Não,2,0,1,0,1,0,1,2,"-8,19737799","-35,525476",SPRF-PE,DEL02-PE,UOP02-DEL02PE
385273.0,2021-09-23,quinta-feira,18:15:00,PE,232,9,RECIFE,Acessar a via sem observar a presença dos outros veículos,Atropelamento de Pedestre,Com Vítimas Feridas,Plena Noite,Decrescente,Céu Claro,Dupla,Reta,Sim,3,0,0,1,1,1,1,2,"-8,07764447","-34,97863609",SPRF-PE,DEL01-PE,UOP01-DEL01-PE
385279.0,2021-09-23,quinta-feira,17:56:00,PE,428,183,PETROLINA,Acessar a via sem observar a presença dos outros veículos,Colisão frontal,Com Vítimas Feridas,Anoitecer,Crescente,Céu Claro,Simples,Reta,Não,3,0,2,0,1,0,2,2,"-9,32412987","-40,46211325",SPRF-PE,DEL06-PE,UOP01-DEL06-PE
385367.0,2021-09-24,sexta-feira,08:20:00,PE,101,71,RECIFE,Trafegar com motocicleta (ou similar) entre as faixas,Queda de ocupante de veículo,Com Vítimas Feridas,Pleno dia,Crescente,Nublado,Dupla,Reta,Sim,1,0,1,0,0,0,1,1,"-8,07663102","-34,94277871",SPRF-PE,DEL01-PE,UOP01-DEL01-PE
385377.0,2021-09-24,sexta-feira,09:10:00,PE,101,58,PAULISTA,Reação tardia ou ineficiente do condutor,Colisão traseira,Sem Vítimas,Pleno dia,Crescente,Chuva,Dupla,Reta,Não,3,0,0,0,3,0,0,3,"-7,97063209","-34,92064675",SPRF-PE,DEL01-PE,UOP02-DEL01-PE
385416.0,2021-09-24,sexta-feira,13:30:00,PE,101,"51,8",ABREU E LIMA,Entrada inopinada do pedestre,Atropelamento de Pedestre,Com Vítimas Feridas,Pleno dia,Crescente,Céu Claro,Múltipla,Reta,Sim,2,0,0,1,1,0,1,2,"-7,9169968","-34,89689272",SPRF-PE,DEL01-PE,UOP02-DEL01-PE
385464.0,2021-09-24,sexta-feira,16:50:00,PE,101,41,IGARASSU,Transitar no acostamento,Colisão transversal,Com Vítimas Feridas,Anoitecer,Crescente,Céu Claro,Simples,Reta,Sim,2,0,1,0,1,0,1,2,"-7,83038346","-34,91426785",SPRF-PE,DEL01-PE,UOP02-DEL01-PE
385504.0,2021-09-24,sexta-feira,19:30:00,PE,104,"19,6",TAQUARITINGA DO NORTE,Ausência de reação do condutor,Capotamento,Com Vítimas Feridas,Plena Noite,Crescente,Céu Claro,Simples,Curva,Não,1,0,1,0,0,0,1,1,"-7,947535","-36,127937",SPRF-PE,DEL02-PE,UOP01-DEL02-PE
385507.0,2021-09-24,sexta-feira,18:00:00,PE,232,72,GRAVATA,Reação tardia ou ineficiente do condutor,Tombamento,Sem Vítimas,Anoitecer,Decrescente,Céu Claro,Dupla,Reta,Não,1,0,0,0,1,0,0,1,"-8,18714215","-35,50102523",SPRF-PE,DEL02-PE,UOP02-DEL02PE
385539.0,2021-09-24,sexta-feira,23:10:00,PE,101,"65,5",RECIFE,Acumulo de água sobre o pavimento,Queda de ocupante de veículo,Com Vítimas Feridas,Plena Noite,Crescente,Chuva,Múltipla,Reta,Sim,1,0,1,0,0,0,1,1,"-8,030089","-34,943134",SPRF-PE,DEL01-PE,UOP01-DEL01-PE
385578.0,2021-09-24,sexta-feira,13:30:00,PE,408,74,PAUDALHO,Ingestão de substâncias psicoativas pelo condutor,Colisão com objeto,Sem Vítimas,Pleno dia,Crescente,Céu Claro,Dupla,Reta,Sim,1,0,0,0,0,1,0,1,"-7,89701706","-35,17300548",SPRF-PE,DEL01-PE,UOP01-DEL01-PE
385648.0,2021-09-25,sábado,12:20:00,PE,101,"48,2",ABREU E LIMA,Ingestão de álcool e/ou substâncias psicoativas pelo pedestre,Colisão lateral mesmo sentido,Com Vítimas Feridas,Pleno dia,Crescente,Céu Claro,Dupla,Reta,Sim,2,0,1,0,1,0,1,2,"-7,89174705","-34,9033493",SPRF-PE,DEL01-PE,UOP02-DEL01-PE
385669.0,2021-09-25,sábado,14:15:00,PE,428,186,PETROLINA,Reação tardia ou ineficiente do condutor,Colisão traseira,Sem Vítimas,Pleno dia,Crescente,Céu Claro,Simples,Reta,Sim,2,0,0,0,2,0,0,2,"-9,367215","-40,484337",SPRF-PE,DEL06-PE,UOP01-DEL06-PE
385692.0,2021-09-25,sábado,17:40:00,PE,101,"75,3",RECIFE,Condutor deixou de manter distância do veículo da frente,Colisão traseira,Com Vítimas Feridas,Anoitecer,Crescente,Céu Claro,Dupla,Reta,Sim,2,0,1,0,1,0,1,2,"-8,10973523","-34,94660151",SPRF-PE,DEL01-PE,UOP01-DEL01-PE
385696.0,2021-09-25,sábado,17:50:00,PE,232,"88,3",GRAVATA,Reação tardia ou ineficiente do condutor,Colisão traseira,Com Vítimas Fatais,Plena Noite,Decrescente,Céu Claro,Dupla,Reta,Não,3,1,0,1,1,0,1,2,"-8,215178","-35,637814",SPRF-PE,DEL02-PE,UOP02-DEL02PE
385734.0,2021-09-25,sábado,21:15:00,PE,101,49,ABREU E LIMA,Entrada inopinada do pedestre,Atropelamento de Pedestre,Com Vítimas Feridas,Plena Noite,Decrescente,Nublado,Múltipla,Reta;Interseção de Vias       ,Sim,2,0,0,1,1,0,1,2,"-7,9005152","-34,90180641",SPRF-PE,DEL01-PE,UOP02-DEL01-PE
385769.0,2021-09-26,domingo,00:16:00,PE,101,"83,8",JABOATAO DOS GUARARAPES,Acumulo de água sobre o pavimento,Capotamento,Com Vítimas Feridas,Plena Noite,Decrescente,Chuva,Dupla,Curva,Sim,2,0,2,0,0,0,2,1,"-8,16244352","-34,95128632",SPRF-PE,DEL01-PE,UOP01-DEL01-PE
385799.0,2021-09-26,domingo,04:00:00,PE,116,"40,1",SALGUEIRO,Objeto estático sobre o leito carroçável,Colisão com objeto,Com Vítimas Feridas,Plena Noite,Decrescente,Céu Claro,Simples,Reta,Não,2,0,1,0,1,0,1,1,"-8,188874","-39,10149",SPRF-PE,DEL05-PE,UOP01-DEL05-PE
385809.0,2021-09-26,domingo,06:14:00,PE,101,69,RECIFE,Condutor deixou de manter distância do veículo da frente,Colisão traseira,Com Vítimas Feridas,Pleno dia,Crescente,Céu Claro,Dupla,Reta,Sim,4,0,0,1,3,0,1,3,"-8,05951606","-34,94581024",SPRF-PE,DEL01-PE,UOP01-DEL01-PE
385891.0,2021-09-26,domingo,14:20:00,PE,101,"41,8",IGARASSU,Estacionar ou parar em local proibido,Colisão traseira,Sem Vítimas,Pleno dia,Decrescente,Céu Claro,Dupla,Declive,Sim,3,0,0,0,3,0,0,2,"-7,83038346","-34,91426785",SPRF-PE,DEL01-PE,UOP02-DEL01-PE
385931.0,2021-09-26,domingo,17:40:00,PE,101,"58,8",RECIFE,Velocidade Incompatível,Colisão com objeto,Com Vítimas Feridas,Plena Noite,Decrescente,Nublado,Dupla,Reta,Não,1,0,0,1,0,0,1,1,"-7,97063209","-34,92064675",SPRF-PE,DEL01-PE,UOP02-DEL01-PE
385944.0,2021-09-26,domingo,19:15:00,PE,232,"254,5",ARCOVERDE,Animais na Pista,Atropelamento de Animal,Com Vítimas Fatais,Plena Noite,Crescente,Céu Claro,Simples,Reta,Sim,3,1,2,0,0,0,2,1,"-8,41875994","-37,07859892",SPRF-PE,DEL03-PE,UOP02-DEL03-PE
385951.0,2021-09-26,domingo,18:40:00,PE,232,410,SERRA TALHADA,Ultrapassagem Indevida,Colisão lateral sentido oposto,Com Vítimas Feridas,Plena Noite,Decrescente,Céu Claro,Simples,Reta,Não,2,0,0,1,1,0,1,2,"-7,98261841","-38,30039606",SPRF-PE,DEL04-PE,UOP01-DEL04-PE
386039.0,2021-09-27,segunda-feira,00:10:00,PE,232,131,CARUARU,Condutor usando celular,Saída de leito carroçável,Sem Vítimas,Plena Noite,Crescente,Céu Claro,Dupla,Reta,Sim,1,0,0,0,0,1,0,1,"-8,30117613","-35,99843996",SPRF-PE,DEL02-PE,UOP03-DEL02-PE
386068.0,2021-09-27,segunda-feira,08:30:00,PE,428,188,PETROLINA,Condutor deixou de manter distância do veículo da frente,Colisão traseira,Com Vítimas Feridas,Pleno dia,Crescente,Céu Claro,Simples,Rotatória,Sim,2,0,1,0,1,0,1,2,"-9,36400596","-40,48266808",SPRF-PE,DEL06-PE,UOP01-DEL06-PE
386070.0,2021-09-27,segunda-feira,08:00:00,PE,101,73,RECIFE,Reação tardia ou ineficiente do condutor,Queda de ocupante de veículo,Com Vítimas Feridas,Pleno dia,Decrescente,Céu Claro,Dupla,Curva,Sim,1,0,1,0,0,0,1,1,"-8,093369","-34,947464",SPRF-PE,DEL01-PE,UOP01-DEL01-PE
386100.0,2021-09-27,segunda-feira,10:50:00,PE,101,"65,4",RECIFE,Condutor deixou de manter distância do veículo da frente,Colisão traseira,Com Vítimas Feridas,Pleno dia,Crescente,Céu Claro,Múltipla,Reta,Sim,2,0,1,0,1,0,1,2,"-8,02478597","-34,94276635",SPRF-PE,DEL01-PE,UOP01-DEL01-PE
386149.0,2021-09-27,segunda-feira,17:15:00,PE,101,68,RECIFE,Condutor deixou de manter distância do veículo da frente,Colisão lateral mesmo sentido,Com Vítimas Feridas,Anoitecer,Crescente,Nublado,Dupla,Viaduto,Sim,3,0,2,0,0,1,2,2,"-8,051077","-34,946053",SPRF-PE,DEL01-PE,UOP01-DEL01-PE
386275.0,2021-09-28,terça-feira,10:00:00,PE,104,52,CARUARU,Reação tardia ou ineficiente do condutor,Colisão traseira,Com Vítimas Feridas,Pleno dia,Decrescente,Céu Claro,Dupla,Reta,Sim,2,0,0,1,1,0,1,2,"-8,167598","-35,97684",SPRF-PE,DEL02-PE,UOP01-DEL02-PE
386289.0,2021-09-28,terça-feira,10:20:00,PE,101,203,XEXEU,Transitar na contramão,Colisão frontal,Sem Vítimas,Pleno dia,Crescente,Sol,Dupla,Reta,Não,2,0,0,0,1,1,0,2,"-8,79726501","-35,62641334",SPRF-PE,DEL01-PE,UOP01-DEL01-PE
386293.0,2021-09-28,terça-feira,12:00:00,PE,232,300,SERTANIA,Animais na Pista,Atropelamento de Animal,Com Vítimas Feridas,Pleno dia,Decrescente,Céu Claro,Simples,Reta,Não,1,0,1,0,0,0,1,1,"-8,22802112","-37,41517316",SPRF-PE,DEL03-PE,UOP02-DEL03-PE
386331.0,2021-09-28,terça-feira,15:25:00,PE,424,"94,4",GARANHUNS,Condutor deixou de manter distância do veículo da frente,Colisão traseira,Com Vítimas Feridas,Pleno dia,Decrescente,Sol,Simples,Aclive;Curva                  ,Não,2,0,1,0,1,0,1,2,"-8,91590392","-36,48883344",SPRF-PE,DEL03-PE,UOP01-DEL03-PE
386343.0,2021-09-28,terça-feira,18:20:00,PE,101,52,PAULISTA,Acessar a via sem observar a presença dos outros veículos,Colisão transversal,Sem Vítimas,Plena Noite,Decrescente,Vento,Múltipla,Reta,Sim,2,0,0,0,1,1,0,2,"-7,92358799","-34,89607201",SPRF-PE,DEL01-PE,UOP02-DEL01-PE
386344.0,2021-09-28,terça-feira,18:40:00,PE,101,77,RECIFE,Ingestão de álcool pelo condutor,Colisão frontal,Sem Vítimas,Plena Noite,Decrescente,Céu Claro,Dupla,Curva,Sim,2,0,0,0,2,0,0,2,"-8,126982","-34,94386",SPRF-PE,DEL01-PE,UOP01-DEL01-PE
386389.0,2021-09-29,quarta-feira,07:00:00,PE,101,"66,7",RECIFE,Velocidade Incompatível,Colisão traseira,Com Vítimas Feridas,Pleno dia,Crescente,Nublado,Dupla,Reta,Sim,2,0,0,1,1,0,1,2,"-8,035238","-34,941597",SPRF-PE,DEL01-PE,UOP01-DEL01-PE
386410.0,2021-09-29,quarta-feira,08:20:00,PE,232,10,JABOATAO DOS GUARARAPES,Condutor deixou de manter distância do veículo da frente,Colisão traseira,Sem Vítimas,Pleno dia,Crescente,Nublado,Dupla,Curva,Não,2,0,0,0,2,0,0,2,"-8,07917241","-34,98718609",SPRF-PE,DEL01-PE,UOP01-DEL01-PE
386426.0,2021-09-29,quarta-feira,08:30:00,PE,408,64,CARPINA,Transitar na contramão,Colisão frontal,Com Vítimas Feridas,Pleno dia,Decrescente,Céu Claro,Múltipla,Reta,Sim,2,0,0,1,1,0,1,2,"-7,846511","-35,24029",SPRF-PE,DEL01-PE,UOP01-DEL01-PE
386437.0,2021-09-29,quarta-feira,10:40:00,PE,232,"54,5",POMBOS,Ausência de reação do condutor,Colisão traseira,Com Vítimas Feridas,Pleno dia,Crescente,Céu Claro,Dupla,Reta,Não,2,0,1,0,1,0,1,2,"-8,12919504","-35,35716398",SPRF-PE,DEL02-PE,UOP02-DEL02PE
386466.0,2021-09-29,quarta-feira,14:25:00,PE,408,"62,2",CARPINA,Desrespeitar a preferência no cruzamento,Colisão transversal,Com Vítimas Feridas,Pleno dia,Crescente,Céu Claro,Simples,Reta,Não,3,0,2,0,1,0,2,2,"-7,834593","-35,244334",SPRF-PE,DEL01-PE,UOP01-DEL01-PE
386477.0,2021-09-29,quarta-feira,16:00:00,PE,101,60,RECIFE,Condutor deixou de manter distância do veículo da frente,Colisão traseira,Com Vítimas Feridas,Pleno dia,Decrescente,Céu Claro,Simples,Reta,Não,4,0,1,0,3,0,1,3,"-7,98344307","-34,93176727",SPRF-PE,DEL01-PE,UOP02-DEL01-PE
386498.0,2021-09-29,quarta-feira,18:15:00,PE,232,"225,6",PESQUEIRA,Transitar na contramão,Colisão lateral sentido oposto,Com Vítimas Feridas,Plena Noite,Decrescente,Céu Claro,Simples,Reta,Não,3,0,1,0,2,0,1,2,"-8,40348197","-36,82849199",SPRF-PE,DEL03-PE,UOP02-DEL03-PE
386508.0,2021-09-29,quarta-feira,18:30:00,PE,101,68,RECIFE,Pista Escorregadia,Tombamento,Com Vítimas Feridas,Plena Noite,Decrescente,Chuva,Dupla,Viaduto,Sim,2,0,2,0,0,0,2,1,"-8,050794","-34,945832",SPRF-PE,DEL01-PE,UOP01-DEL01-PE
386572.0,2021-09-18,sábado,06:45:00,PE,101,"24,7",ITAPISSUMA,Ausência de reação do condutor,Saída de leito carroçável,Sem Vítimas,Pleno dia,Crescente,Céu Claro,Dupla,Aclive,Não,1,0,0,0,1,0,0,1,"-7,69218298","-34,92211684",SPRF-PE,DEL01-PE,UOP02-DEL01-PE
386603.0,2021-09-30,quinta-feira,07:40:00,PE,104,"46,5",CARUARU,Pista esburacada,Saída de leito carroçável,Com Vítimas Feridas,Pleno dia,Decrescente,Sol,Dupla,Curva,Não,1,0,1,0,0,0,1,1,"-8,1272","-35,9943",SPRF-PE,DEL02-PE,UOP01-DEL02-PE
386638.0,2021-09-30,quinta-feira,12:05:00,PE,428,"184,9",PETROLINA,Ausência de reação do condutor,Colisão lateral mesmo sentido,Com Vítimas Feridas,Pleno dia,Crescente,Céu Claro,Simples,Reta,Sim,4,0,2,1,0,1,3,4,"-9,33211208","-40,46621385",SPRF-PE,DEL06-PE,UOP01-DEL06-PE
386651.0,2021-09-30,quinta-feira,14:10:00,PE,232,"9,9",RECIFE,Condutor deixou de manter distância do veículo da frente,Colisão traseira,Sem Vítimas,Pleno dia,Crescente,Sol,Dupla,Reta,Sim,2,0,0,0,2,0,0,2,"-8,07764447","-34,97863609",SPRF-PE,DEL01-PE,UOP01-DEL01-PE
386654.0,2021-09-30,quinta-feira,14:00:00,PE,407,124,PETROLINA,Desrespeitar a preferência no cruzamento,Colisão lateral mesmo sentido,Com Vítimas Feridas,Pleno dia,Decrescente,Céu Claro,Dupla,Reta,Sim,2,0,1,0,1,0,1,2,"-9,36929881","-40,54137139",SPRF-PE,DEL06-PE,UOP01-DEL06-PE
386670.0,2021-09-30,quinta-feira,17:00:00,PE,101,"43,8",IGARASSU,Desrespeitar a preferência no cruzamento,Colisão transversal,Com Vítimas Feridas,Anoitecer,Decrescente,Céu Claro,Simples,Reta,Sim,2,0,1,0,1,0,1,2,"-7,84753808","-34,90977038",SPRF-PE,DEL01-PE,UOP02-DEL01-PE
386697.0,2021-09-23,quinta-feira,16:15:00,PE,232,"203,2",PESQUEIRA,Conversão proibida,Colisão traseira,Sem Vítimas,Pleno dia,Decrescente,Céu Claro,Simples,Reta,Não,7,0,0,0,5,2,0,3,"-8,37188729","-36,63471898",SPRF-PE,DEL03-PE,UOP02-DEL03-PE