id,data_inversa,dia_semana,horario,uf,br,km,municipio,causa_acidente,tipo_acidente,classificacao_acidente,fase_dia,sentido_via,condicao_metereologica,tipo_pista,tracado_via,uso_solo,pessoas,mortos,feridos_leves,feridos_graves,ilesos,ignorados,feridos,veiculos,latitude,longitude,regional,delegacia,uop
386710.0,2021-09-30,quinta-feira,19:20:00,PE,232,"61,7",POMBOS,Pedestre andava na pista,Atropelamento de Pedestre,Com Vítimas Feridas,Plena Noite,Decrescente,Céu Claro,Dupla,Curva,Não,2,0,0,1,0,1,1,2,"-8,1519066","-35,4153532",SPRF-PE,DEL02-PE,UOP02-DEL02PE
386719.0,2021-09-30,quinta-feira,20:00:00,PE,101,90,CABO DE SANTO AGOSTINHO,Retorno proibido,Colisão transversal,Com Vítimas Feridas,Plena Noite,Decrescente,Céu Claro,Simples,Reta,Sim,5,0,0,2,2,1,2,2,"-8,21612792","-34,98772817",SPRF-PE,DEL01-PE,UOP01-DEL01-PE
386759.0,2021-10-01,sexta-feira,05:30:00,PE,101,"67,8",RECIFE,Reação tardia ou ineficiente do condutor,Capotamento,Com Vítimas Feridas,Pleno dia,Decrescente,Céu Claro,Dupla,Reta,Sim,2,0,1,0,1,0,1,1,"-8,042334","-34,943096",SPRF-PE,DEL01-PE,UOP01-DEL01-PE
386797.0,2021-10-01,sexta-feira,09:05:00,PE,232,487,VERDEJANTE,Acessar a via sem observar a presença dos outros veículos,Colisão frontal,Com Vítimas Feridas,Pleno dia,Crescente,Céu Claro,Simples,Reta,Não,2,0,0,1,0,1,1,2,"-8,01425426","-38,94872102",SPRF-PE,DEL05-PE,UOP01-DEL05-PE
386893.0,2021-10-01,sexta-feira,16:30:00,PE,101,"119,7",ESCADA,Velocidade Incompatível,Saída de leito carroçável,Com Vítimas Fatais,Anoitecer,Crescente,Nublado,Dupla,Reta,Não,1,1,0,0,0,0,0,1,"-8,353219","-35,175971",SPRF-PE,DEL01-PE,UOP01-DEL01-PE
386915.0,2021-10-01,sexta-feira,17:45:00,PE,407,127,PETROLINA,Ausência de reação do condutor,Colisão transversal,Com Vítimas Feridas,Anoitecer,Decrescente,Céu Claro,Simples,Interseção de Vias,Sim,2,0,2,0,0,0,2,2,"-9,3908678","-40,52038627",SPRF-PE,DEL06-PE,UOP01-DEL06-PE
386919.0,2021-10-01,sexta-feira,18:45:00,PE,232,509,SALGUEIRO,Transitar no acostamento,Atropelamento de Pedestre,Com Vítimas Feridas,Plena Noite,Crescente,Céu Claro,Simples,Reta,Sim,2,0,1,0,0,1,1,2,"-8,06449154","-39,1298447",SPRF-PE,DEL05-PE,UOP01-DEL05-PE
387013.0,2021-09-23,quinta-feira,08:10:00,PE,232,"191,8",SANHARO,Acessar a via sem observar a presença dos outros veículos,Colisão lateral mesmo sentido,Com Vítimas Feridas,Pleno dia,Decrescente,Céu Claro,Simples,Reta,Não,2,0,0,1,1,0,1,2,"-8,35709895","-36,52773",SPRF-PE,DEL02-PE,UOP03-DEL02-PE
387072.0,2021-10-02,sábado,11:10:00,PE,407,"115,6",PETROLINA,Acessar a via sem observar a presença dos outros veículos,Colisão transversal,Com Vítimas Feridas,Pleno dia,Crescente,Céu Claro,Simples,Interseção de Vias,Não,2,0,0,1,0,1,1,2,"-9,2990308","-40,58250065",SPRF-PE,DEL06-PE,UOP02-DEL06-PE
387079.0,2021-10-02,sábado,11:00:00,PE,101,71,RECIFE,Velocidade Incompatível,Tombamento,Com Vítimas Feridas,Pleno dia,Crescente,Céu Claro,Simples,Curva,Não,2,0,1,1,0,0,2,1,"-8,07663102","-34,94277871",SPRF-PE,DEL01-PE,UOP01-DEL01-PE
387106.0,2021-10-02,sábado,14:40:00,PE,101,70,RECIFE,Desrespeitar a preferência no cruzamento,Colisão transversal,Com Vítimas Feridas,Pleno dia,Crescente,Sol,Múltipla,Reta,Sim,3,0,2,0,0,1,2,2,"-8,06776119","-34,94265074",SPRF-PE,DEL01-PE,UOP01-DEL01-PE
387127.0,2021-10-02,sábado,13:00:00,PE,101,65,RECIFE,Entrada inopinada do pedestre,Atropelamento de Pedestre,Sem Vítimas,Pleno dia,Decrescente,Sol,Múltipla,Reta,Sim,2,0,0,0,1,1,0,2,"-8,02478597","-34,94276635",SPRF-PE,DEL01-PE,UOP01-DEL01-PE
387156.0,2021-10-02,sábado,19:10:00,PE,232,"407,4",SERRA TALHADA,Ingestão de álcool pelo condutor,Colisão traseira,Sem Vítimas,Plena Noite,Decrescente,Céu Claro,Simples,Reta,Sim,2,0,0,0,2,0,0,2,"-7,9854402","-38,27148304",SPRF-PE,DEL04-PE,UOP01-DEL04-PE
387157.0,2021-10-02,sábado,20:05:00,PE,316,55,TRINDADE,Acessar a via sem observar a presença dos outros veículos,Colisão lateral mesmo sentido,Com Vítimas Feridas,Plena Noite,Crescente,Céu Claro,Simples,Declive;Reta                  ,Não,3,0,2,0,1,0,2,2,"-7,74026268","-40,28663631",SPRF-PE,DEL05-PE,UOP02-DEL05-PE
387158.0,2021-10-02,sábado,18:40:00,PE,423,"69,2",JUPI,Ingestão de álcool pelo condutor,Colisão frontal,Com Vítimas Feridas,Plena Noite,Crescente,Nublado,Simples,Aclive;Curva                  ,Não,3,0,2,0,1,0,2,2,"-8,67648714","-36,40182687",SPRF-PE,DEL03-PE,UOP01-DEL03-PE
387164.0,2021-10-02,sábado,20:50:00,PE,232,"94,5",BEZERROS,Velocidade Incompatível,Saída de leito carroçável,Sem Vítimas,Plena Noite,Crescente,Céu Claro,Dupla,Curva,Não,1,0,0,0,0,1,0,1,"-8,22473335","-35,69081624",SPRF-PE,DEL02-PE,UOP02-DEL02PE
387206.0,2021-10-02,sábado,23:30:00,PE,423,21,SAO CAITANO,Demais falhas mecânicas ou elétricas,Tombamento,Com Vítimas Feridas,Plena Noite,Decrescente,Céu Claro,Simples,Reta,Não,4,0,2,2,0,0,4,1,"-8,34587741","-36,16528759",SPRF-PE,DEL02-PE,UOP03-DEL02-PE
387213.0,2021-10-03,domingo,01:00:00,PE,316,"65,5",TRINDADE,Condutor Dormindo,Colisão frontal,Com Vítimas Fatais,Plena Noite,Decrescente,Céu Claro,Simples,Aclive;Reta                   ,Não,2,1,0,0,1,0,0,2,"-7,78713245","-40,21815308",SPRF-PE,DEL05-PE,UOP02-DEL05-PE
387257.0,2021-10-03,domingo,05:40:00,PE,407,121,PETROLINA,Animais na Pista,Colisão com objeto,Com Vítimas Feridas,Pleno dia,Crescente,Céu Claro,Simples,Reta,Sim,1,0,1,0,0,0,1,1,"-9,35369","-40,55049",SPRF-PE,DEL06-PE,UOP01-DEL06-PE
387286.0,2021-10-03,domingo,09:40:00,PE,101,"154,3",RIBEIRAO,Avarias e/ou desgaste excessivo no pneu,Tombamento,Com Vítimas Feridas,Pleno dia,Decrescente,Céu Claro,Dupla,Reta,Não,2,0,1,1,0,0,2,1,"-8,52860711","-35,38883966",SPRF-PE,DEL01-PE,UOP01-DEL01-PE
387380.0,2021-10-03,domingo,18:10:00,PE,232,510,SALGUEIRO,Velocidade Incompatível,Colisão traseira,Sem Vítimas,Plena Noite,Decrescente,Céu Claro,Simples,Reta,Sim,2,0,0,0,2,0,0,2,"-8,069539","-39,144712",SPRF-PE,DEL05-PE,UOP01-DEL05-PE
387421.0,2021-10-03,domingo,20:40:00,PE,232,"198,5",SANHARO,Acessar a via sem observar a presença dos outros veículos,Colisão transversal,Com Vítimas Feridas,Plena Noite,Decrescente,Céu Claro,Simples,Reta,Não,2,0,0,1,1,0,1,2,"-8,36980669","-36,59468651",SPRF-PE,DEL02-PE,UOP03-DEL02-PE
387567.0,2021-10-04,segunda-feira,12:00:00,PE,232,"389,7",SERRA TALHADA,Ultrapassagem Indevida,Capotamento,Com Vítimas Feridas,Pleno dia,Decrescente,Céu Claro,Simples,Reta,Não,3,0,3,0,0,0,3,1,"-8,03207549","-38,12954194",SPRF-PE,DEL04-PE,UOP01-DEL04-PE
387608.0,2021-08-21,sábado,07:25:00,PE,232,"79,8",GRAVATA,Acessar a via sem observar a presença dos outros veículos,Colisão traseira,Com Vítimas Feridas,Pleno dia,Crescente,Céu Claro,Simples,Reta,Sim,2,0,0,1,1,0,1,2,"-8,19460572","-35,56074803",SPRF-PE,DEL02-PE,UOP02-DEL02PE
387662.0,2021-09-07,terça-feira,21:40:00,PE,428,"179,9",PETROLINA,Animais na Pista,Atropelamento de Animal,Com Vítimas Feridas,Plena Noite,Crescente,Céu Claro,Simples,Reta,Não,1,0,1,0,0,0,1,1,"-9,29218306","-40,4457509",SPRF-PE,DEL06-PE,UOP01-DEL06-PE
387669.0,2021-10-05,terça-feira,02:10:00,PE,101,"46,2",IGARASSU,Velocidade Incompatível,Colisão com objeto,Com Vítimas Feridas,Plena Noite,Decrescente,Céu Claro,Múltipla,Reta,Sim,2,0,1,0,1,0,1,1,"-7,87406004","-34,90588126",SPRF-PE,DEL01-PE,UOP02-DEL01-PE
387680.0,2021-10-05,terça-feira,06:40:00,PE,407,"98,9",PETROLINA,Acesso irregular,Colisão frontal,Com Vítimas Feridas,Pleno dia,Decrescente,Céu Claro,Simples,Reta,Não,7,0,0,5,1,1,5,3,"-9,17281","-40,634897",SPRF-PE,DEL06-PE,UOP02-DEL06-PE
387719.0,2021-10-05,terça-feira,10:05:00,PE,232,8,RECIFE,Ausência de reação do condutor,Colisão traseira,Com Vítimas Feridas,Pleno dia,Crescente,Céu Claro,Dupla,Reta,Sim,4,0,1,0,3,0,1,3,"-8,076306","-34,971548",SPRF-PE,DEL01-PE,UOP01-DEL01-PE
387722.0,2021-10-05,terça-feira,10:10:00,PE,408,"104,8",JABOATAO DOS GUARARAPES,Acesso irregular,Colisão traseira,Com Vítimas Feridas,Pleno dia,Decrescente,Céu Claro,Dupla,Reta,Sim,3,0,1,0,2,0,1,2,"-8,07564","-34,992254",SPRF-PE,DEL01-PE,UOP01-DEL01-PE
387747.0,2021-10-05,terça-feira,12:20:00,PE,232,"133,1",CARUARU,Ausência de sinalização,Colisão traseira,Com Vítimas Feridas,Pleno dia,Crescente,Sol,Dupla,Reta,Sim,5,0,2,0,3,0,2,2,"-8,306284","-36,016364",SPRF-PE,DEL02-PE,UOP03-DEL02-PE
387769.0,2021-10-05,terça-feira,16:30:00,PE,101,"46,7",IGARASSU,Condutor deixou de manter distância do veículo da frente,Colisão traseira,Sem Vítimas,Pleno dia,Crescente,Céu Claro,Dupla,Reta,Sim,3,0,0,0,2,1,0,3,"-7,87406004","-34,90588126",SPRF-PE,DEL01-PE,UOP02-DEL01-PE
387780.0,2021-10-05,terça-feira,17:15:00,PE,423,91,GARANHUNS,Retorno proibido,Colisão transversal,Com Vítimas Feridas,Anoitecer,Decrescente,Céu Claro,Simples,Declive,Não,2,0,0,1,0,1,1,2,"-8,85375408","-36,46278381",SPRF-PE,DEL03-PE,UOP01-DEL03-PE
387822.0,2021-09-04,sábado,14:50:00,PE,408,"104,8",JABOATAO DOS GUARARAPES,Condutor Dormindo,Colisão com objeto,Com Vítimas Feridas,Pleno dia,Crescente,Céu Claro,Dupla,Reta,Sim,2,0,2,0,0,0,2,1,"-8,064443","-34,99006",SPRF-PE,DEL01-PE,UOP01-DEL01-PE
387846.0,2021-10-06,quarta-feira,04:20:00,PE,101,71,RECIFE,Acessar a via sem observar a presença dos outros veículos,Colisão transversal,Com Vítimas Feridas,Amanhecer,Crescente,Céu Claro,Múltipla,Reta,Sim,2,0,0,1,0,1,1,2,"-8,07663102","-34,94277871",SPRF-PE,DEL01-PE,UOP01-DEL01-PE
387893.0,2021-09-19,domingo,09:30:00,PE,428,6,CABROBO,Transitar na contramão,Colisão traseira,Sem Vítimas,Pleno dia,Crescente,Céu Claro,Simples,Reta,Não,2,0,0,0,2,0,0,2,"-8,523357","-39,275797",SPRF-PE,DEL05-PE,UOP01-DEL05-PE
387901.0,2021-10-06,quarta-feira,04:00:00,PE,101,"97,4",CABO DE SANTO AGOSTINHO,Reação tardia ou ineficiente do condutor,Saída de leito carroçável,Sem Vítimas,Amanhecer,Crescente,Céu Claro,Dupla,Reta,Não,1,0,0,0,0,1,0,1,"-8,254856","-35,033034",SPRF-PE,DEL01-PE,UOP01-DEL01-PE
387955.0,2021-10-06,quarta-feira,17:30:00,PE,424,0,ARCOVERDE,Acessar a via sem observar a presença dos outros veículos,Colisão transversal,Sem Vítimas,Anoitecer,Decrescente,Céu Claro,Simples,Interseção de Vias,Sim,4,0,0,0,4,0,0,2,"-8,43102668","-37,0640409",SPRF-PE,DEL03-PE,UOP02-DEL03-PE
387967.0,2021-10-06,quarta-feira,18:50:00,PE,101,"62,4",RECIFE,Condutor deixou de manter distância do veículo da frente,Colisão traseira,Com Vítimas Feridas,Plena Noite,Decrescente,Céu Claro,Múltipla,Reta,Sim,3,0,1,0,2,0,1,3,"-7,99905898","-34,93899295",SPRF-PE,DEL01-PE,UOP02-DEL01-PE
388027.0,2021-10-07,quinta-feira,07:40:00,PE,101,"55,5",PAULISTA,Demais falhas mecânicas ou elétricas,Colisão com objeto,Com Vítimas Feridas,Pleno dia,Decrescente,Céu Claro,Dupla,Reta;Declive                  ,Sim,1,0,1,0,0,0,1,1,"-7,94806621","-34,9062148",SPRF-PE,DEL01-PE,UOP02-DEL01-PE
388037.0,2021-10-07,quinta-feira,08:00:00,PE,101,"75,7",RECIFE,Pedestre andava na pista,Atropelamento de Pedestre,Com Vítimas Feridas,Pleno dia,Crescente,Céu Claro,Dupla,Reta,Sim,2,0,0,1,0,1,1,2,"-8,117677","-34,943685",SPRF-PE,DEL01-PE,UOP01-DEL01-PE
388047.0,2021-10-07,quinta-feira,07:25:00,PE,101,100,CABO DE SANTO AGOSTINHO,Reação tardia ou ineficiente do condutor,Atropelamento de Pedestre,Com Vítimas Feridas,Pleno dia,Crescente,Sol,Dupla,Reta,Sim,2,0,2,0,0,0,2,2,"-8,26699309","-35,05234386",SPRF-PE,DEL01-PE,UOP01-DEL01-PE
388146.0,2021-10-07,quinta-feira,17:48:00,PE,101,70,RECIFE,Área urbana sem a presença de local apropriado para a travessia de pedestres,Atropelamento de Pedestre,Sem Vítimas,Anoitecer,Crescente,Céu Claro,Dupla,Reta,Sim,3,0,0,0,1,2,0,2,"-8,06776119","-34,94265074",SPRF-PE,DEL01-PE,UOP01-DEL01-PE
388193.0,2021-10-07,quinta-feira,21:30:00,PE,232,"123,9",CARUARU,Ausência de reação do condutor,Saída de leito carroçável,Com Vítimas Feridas,Plena Noite,Crescente,Céu Claro,Dupla,Reta,Não,1,0,0,1,0,0,1,1,"-8,30417276","-35,92823905",SPRF-PE,DEL02-PE,UOP03-DEL02-PE
388201.0,2021-10-08,sexta-feira,00:30:00,PE,316,61,TRINDADE,Ingestão de álcool pelo condutor,Colisão lateral mesmo sentido,Com Vítimas Feridas,Plena Noite,Crescente,Céu Claro,Simples,Reta,Sim,2,0,1,0,1,0,1,2,"-7,77549362","-40,25174282",SPRF-PE,DEL05-PE,UOP02-DEL05-PE
388214.0,2021-10-08,sexta-feira,04:00:00,PE,101,73,RECIFE,Demais falhas mecânicas ou elétricas,Saída de leito carroçável,Com Vítimas Feridas,Amanhecer,Decrescente,Céu Claro,Dupla,Curva,Sim,2,0,1,0,1,0,1,1,"-8,02478597","-34,94276635",SPRF-PE,DEL01-PE,UOP01-DEL01-PE
388275.0,2021-10-08,sexta-feira,10:12:00,PE,232,408,SERRA TALHADA,Área urbana sem a presença de local apropriado para a travessia de pedestres,Atropelamento de Pedestre,Com Vítimas Feridas,Pleno dia,Crescente,Céu Claro,Simples,Reta,Sim,2,0,2,0,0,0,2,2,"-7,981944","-38,289467",SPRF-PE,DEL04-PE,UOP01-DEL04-PE
388286.0,2021-10-08,sexta-feira,12:35:00,PE,408,74,PAUDALHO,Entrada inopinada do pedestre,Atropelamento de Pedestre,Com Vítimas Feridas,Pleno dia,Decrescente,Céu Claro,Dupla,Reta,Sim,2,0,0,1,1,0,1,2,"-7,89701706","-35,17300548",SPRF-PE,DEL01-PE,UOP01-DEL01-PE
388351.0,2021-10-08,sexta-feira,15:40:00,PE,232,"87,6",GRAVATA,Demais falhas na via,Queda de ocupante de veículo,Com Vítimas Feridas,Pleno dia,Decrescente,Céu Claro,Simples,Reta,Não,1,0,0,1,0,0,1,1,"-8,21379064","-35,62898606",SPRF-PE,DEL02-PE,UOP02-DEL02PE
388358.0,2021-10-08,sexta-feira,16:20:00,PE,232,"25,5",MORENO,Condutor deixou de manter distância do veículo da frente,Colisão traseira,Sem Vítimas,Pleno dia,Crescente,Céu Claro,Dupla,Curva,Não,2,0,0,0,2,0,0,2,"-8,11191765","-35,10836516",SPRF-PE,DEL01-PE,UOP01-DEL01-PE
388365.0,2021-10-08,sexta-feira,16:45:00,PE,101,69,RECIFE,Transitar na contramão,Colisão traseira,Com Vítimas Feridas,Pleno dia,Crescente,Céu Claro,Dupla,Reta,Sim,5,0,1,1,3,0,2,3,"-8,06449854","-34,94394779",SPRF-PE,DEL01-PE,UOP01-DEL01-PE
388383.0,2021-10-08,sexta-feira,17:30:00,PE,101,"64,2",RECIFE,Ausência de reação do condutor,Colisão lateral mesmo sentido,Sem Vítimas,Plena Noite,Decrescente,Céu Claro,Dupla,Reta,Sim,3,0,0,0,0,3,0,3,"-8,017847","-34,941525",SPRF-PE,DEL01-PE,UOP01-DEL01-PE
388433.0,2021-10-08,sexta-feira,23:35:00,PE,232,"79,3",GRAVATA,Reação tardia ou ineficiente do condutor,Saída de leito carroçável,Com Vítimas Feridas,Plena Noite,Crescente,Céu Claro,Dupla,Reta,Sim,1,0,1,0,0,0,1,1,"-8,19460572","-35,56074803",SPRF-PE,DEL02-PE,UOP02-DEL02PE
388514.0,2021-08-08,domingo,13:35:00,PE,424,64,CAPOEIRAS,Velocidade Incompatível,Saída de leito carroçável,Com Vítimas Feridas,Pleno dia,Crescente,Céu Claro,Simples,Declive,Não,1,0,0,1,0,0,1,1,"-8,753403","-36,667581",SPRF-PE,DEL03-PE,UOP01-DEL03-PE
388528.0,2021-10-09,sábado,09:10:00,PE,232,154,SAO CAITANO,Demais falhas mecânicas ou elétricas,Queda de ocupante de veículo,Com Vítimas Feridas,Pleno dia,Crescente,Céu Claro,Simples,Declive,Não,2,0,2,0,0,0,2,1,"-8,32819273","-36,19911602",SPRF-PE,DEL02-PE,UOP03-DEL02-PE
388571.0,2021-10-09,sábado,14:00:00,PE,232,380,CALUMBI,Condutor deixou de manter distância do veículo da frente,Queda de ocupante de veículo,Com Vítimas Fatais,Pleno dia,Crescente,Céu Claro,Simples,Reta,Sim,1,1,0,0,0,0,0,1,"-8,04030787","-38,05014604",SPRF-PE,DEL04-PE,UOP01-DEL04-PE
388592.0,2021-10-09,sábado,15:30:00,PE,408,"99,2",SAO LOURENCO DA MATA,Demais falhas mecânicas ou elétricas,Saída de leito carroçável,Com Vítimas Feridas,Pleno dia,Crescente,Céu Claro,Dupla,Reta,Não,3,0,1,0,2,0,1,1,"-8,04133634","-35,02531212",SPRF-PE,DEL01-PE,UOP01-DEL01-PE
388604.0,2021-10-09,sábado,16:00:00,PE,101,"51,8",ABREU E LIMA,Manobra de mudança de faixa,Colisão lateral mesmo sentido,Com Vítimas Feridas,Pleno dia,Decrescente,Céu Claro,Dupla,Reta,Sim,3,0,2,0,1,0,2,2,"-7,9169968","-34,89689272",SPRF-PE,DEL01-PE,UOP02-DEL01-PE
388634.0,2021-10-09,sábado,18:25:00,PE,101,50,ABREU E LIMA,Ausência de reação do condutor,Colisão traseira,Com Vítimas Feridas,Plena Noite,Decrescente,Nublado,Múltipla,Reta,Sim,2,0,1,0,1,0,1,2,"-7,90938602","-34,90123228",SPRF-PE,DEL01-PE,UOP02-DEL01-PE
388639.0,2021-10-09,sábado,17:00:00,PE,110,222,PETROLANDIA,Ultrapassagem Indevida,Tombamento,Com Vítimas Feridas,Anoitecer,Decrescente,Céu Claro,Simples,Declive,Não,8,0,3,3,0,2,6,1,"-9,01531065","-38,2309433",SPRF-BA,DEL07-BA,UOP01-DEL07-BA
388674.0,2021-07-23,sexta-feira,12:30:00,PE,424,19,PEDRA,Acessar a via sem observar a presença dos outros veículos,Colisão transversal,Com Vítimas Feridas,Pleno dia,Crescente,Céu Claro,Simples,Reta,Sim,2,0,0,1,0,1,1,2,"-8,49696473","-36,9399423",SPRF-PE,DEL03-PE,UOP02-DEL03-PE
388677.0,2021-10-09,sábado,19:15:00,PE,104,44,CARUARU,Manobra de mudança de faixa,Colisão transversal,Sem Vítimas,Plena Noite,Decrescente,Céu Claro,Dupla,Reta,Não,6,0,0,0,5,1,0,2,"-8,10982321","-36,01845145",SPRF-PE,DEL02-PE,UOP01-DEL02-PE
388721.0,2021-10-09,sábado,23:30:00,PE,232,"180,1",BELO JARDIM,Ingestão de álcool pelo condutor,Colisão lateral sentido oposto,Sem Vítimas,Plena Noite,Crescente,Céu Claro,Simples,Reta,Sim,2,0,0,0,2,0,0,2,"-8,34449745","-36,4288801",SPRF-PE,DEL02-PE,UOP03-DEL02-PE
388785.0,2021-10-10,domingo,06:50:00,PE,408,71,PAUDALHO,Acessar a via sem observar a presença dos outros veículos,Colisão lateral mesmo sentido,Com Vítimas Feridas,Pleno dia,Decrescente,Sol,Dupla,Aclive,Não,3,0,2,0,1,0,2,2,"-7,87509387","-35,18571891",SPRF-PE,DEL01-PE,UOP01-DEL01-PE
388819.0,2021-10-10,domingo,09:20:00,PE,101,50,ABREU E LIMA,Ausência de reação do condutor,Colisão traseira,Sem Vítimas,Pleno dia,Crescente,Sol,Múltipla,Reta,Sim,2,0,0,0,2,0,0,2,"-7,90938602","-34,90123228",SPRF-PE,DEL01-PE,UOP02-DEL01-PE
388862.0,2021-10-10,domingo,12:00:00,PE,101,91,CABO DE SANTO AGOSTINHO,Reação tardia ou ineficiente do condutor,Saída de leito carroçável,Com Vítimas Feridas,Pleno dia,Decrescente,Céu Claro,Dupla,Reta,Sim,2,0,2,0,0,0,2,1,"-8,22399812","-34,99290474",SPRF-PE,DEL01-PE,UOP01-DEL01-PE
388890.0,2021-10-10,domingo,14:30:00,PE,424,82,CAETES,Ultrapassagem Indevida,Colisão frontal,Com Vítimas Feridas,Pleno dia,Crescente,Céu Claro,Simples,Declive;Reta                  ,Não,2,0,1,0,0,1,1,2,"-8,84079808","-36,53196006",SPRF-PE,DEL03-PE,UOP01-DEL03-PE
389030.0,2021-10-11,segunda-feira,07:10:00,PE,423,"98,2",GARANHUNS,Afundamento ou ondulação no pavimento,Queda de ocupante de veículo,Com Vítimas Feridas,Pleno dia,Decrescente,Céu Claro,Simples,Viaduto,Sim,1,0,0,1,0,0,1,1,"-8,87617488","-36,50363499",SPRF-PE,DEL03-PE,UOP01-DEL03-PE
389034.0,2021-10-11,segunda-feira,08:04:00,PE,101,"71,8",RECIFE,Manobra de mudança de faixa,Tombamento,Com Vítimas Feridas,Pleno dia,Crescente,Céu Claro,Dupla,Reta,Sim,1,0,1,0,0,0,1,1,"-8,08406","-34,944486",SPRF-PE,DEL01-PE,UOP01-DEL01-PE
389041.0,2021-10-11,segunda-feira,07:40:00,PE,101,84,JABOATAO DOS GUARARAPES,Transitar no acostamento,Colisão transversal,Com Vítimas Feridas,Pleno dia,Crescente,Céu Claro,Simples,Reta,Não,3,0,0,1,2,0,1,2,"-8,18838306","-34,95300293",SPRF-PE,DEL01-PE,UOP01-DEL01-PE
389089.0,2021-10-11,segunda-feira,12:30:00,PE,232,122,CARUARU,Entrada inopinada do pedestre,Atropelamento de Pedestre,Com Vítimas Feridas,Pleno dia,Decrescente,Sol,Dupla,Reta;Declive                  ,Não,2,0,0,1,0,1,1,2,"-8,30217741","-35,91946793",SPRF-PE,DEL02-PE,UOP03-DEL02-PE
389099.0,2021-10-11,segunda-feira,13:30:00,PE,110,222,PETROLANDIA,Condutor Dormindo,Saída de leito carroçável,Com Vítimas Fatais,Pleno dia,Decrescente,Sol,Simples,Interseção de Vias,Não,4,1,3,0,0,0,3,1,"-9,01531065","-38,2309433",SPRF-BA,DEL07-BA,UOP01-DEL07-BA
389163.0,2021-10-11,segunda-feira,16:50:00,PE,101,"47,1",IGARASSU,Acesso irregular,Colisão lateral mesmo sentido,Com Vítimas Feridas,Anoitecer,Crescente,Céu Claro,Múltipla,Reta,Sim,3,0,0,1,1,1,1,3,"-7,88291324","-34,90470175",SPRF-PE,DEL01-PE,UOP02-DEL01-PE
389255.0,2021-10-12,terça-feira,07:20:00,PE,101,"0,7",GOIANA,Reação tardia ou ineficiente do condutor,Saída de leito carroçável,Com Vítimas Feridas,Pleno dia,Crescente,Nublado,Dupla,Reta,Não,3,0,2,0,1,0,2,1,"-7,5001955","-34,985073",SPRF-PE,DEL01-PE,UOP02-DEL01-PE
389351.0,2021-10-12,terça-feira,20:25:00,PE,423,94,GARANHUNS,Condutor deixou de manter distância do veículo da frente,Colisão traseira,Com Vítimas Feridas,Plena Noite,Crescente,Céu Claro,Múltipla,Reta,Sim,3,0,2,0,0,1,2,2,"-8,874732","-36,46946",SPRF-PE,DEL03-PE,UOP01-DEL03-PE
389402.0,2021-10-13,quarta-feira,05:50:00,PE,101,"68,1",RECIFE,Velocidade Incompatível,Colisão traseira,Com Vítimas Feridas,Pleno dia,Crescente,Céu Claro,Dupla,Viaduto,Sim,4,0,1,0,3,0,1,3,"-8,05074296","-34,94580619",SPRF-PE,DEL01-PE,UOP01-DEL01-PE
389424.0,2021-10-13,quarta-feira,07:50:00,PE,428,184,PETROLINA,Acessar a via sem observar a presença dos outros veículos,Colisão lateral mesmo sentido,Sem Vítimas,Pleno dia,Decrescente,Céu Claro,Simples,Reta,Não,2,0,0,0,2,0,0,2,"-9,33211208","-40,46621385",SPRF-PE,DEL06-PE,UOP01-DEL06-PE
389444.0,2021-10-13,quarta-feira,11:00:00,PE,104,70,CARUARU,Pedestre cruzava a pista fora da faixa,Atropelamento de Pedestre,Com Vítimas Feridas,Pleno dia,Crescente,Sol,Dupla,Reta,Sim,2,0,0,1,1,0,1,2,"-8,3264","-35,9852",SPRF-PE,DEL02-PE,UOP01-DEL02-PE
389452.0,2021-10-13,quarta-feira,09:45:00,PE,232,173,BELO JARDIM,Demais falhas na via,Tombamento,Com Vítimas Feridas,Pleno dia,Crescente,Céu Claro,Simples,Reta,Não,1,0,1,0,0,0,1,1,"-8,33916255","-36,36917103",SPRF-PE,DEL02-PE,UOP03-DEL02-PE
389512.0,2021-10-13,quarta-feira,17:26:00,PE,101,43,IGARASSU,Pedestre cruzava a pista fora da faixa,Atropelamento de Pedestre,Com Vítimas Feridas,Anoitecer,Crescente,Céu Claro,Múltipla,Reta,Sim,2,0,1,0,1,0,1,2,"-7,855974","-34,908635",SPRF-PE,DEL01-PE,UOP02-DEL01-PE
389526.0,2021-10-13,quarta-feira,19:40:00,PE,407,117,PETROLINA,Acesso irregular,Colisão frontal,Com Vítimas Feridas,Plena Noite,Crescente,Céu Claro,Simples,Reta,Não,2,0,1,0,1,0,1,2,"-9,314647","-40,57336",SPRF-PE,DEL06-PE,UOP02-DEL06-PE
389562.0,2021-10-14,quinta-feira,01:00:00,PE,101,49,ABREU E LIMA,Ausência de reação do condutor,Saída de leito carroçável,Com Vítimas Feridas,Plena Noite,Crescente,Nublado,Dupla,Reta,Sim,2,0,2,0,0,0,2,1,"-7,9005152","-34,90180641",SPRF-PE,DEL01-PE,UOP02-DEL01-PE
389573.0,2021-10-14,quinta-feira,03:30:00,PE,408,26,TIMBAUBA,Demais falhas mecânicas ou elétricas,Incêndio,Sem Vítimas,Amanhecer,Crescente,Céu Claro,Simples,Reta,Não,1,0,0,0,1,0,0,1,"-7,52257159","-35,29948406",SPRF-PE,DEL01-PE,UOP02-DEL01-PE