id,data_inversa,dia_semana,horario,uf,br,km,municipio,causa_acidente,tipo_acidente,classificacao_acidente,fase_dia,sentido_via,condicao_metereologica,tipo_pista,tracado_via,uso_solo,pessoas,mortos,feridos_leves,feridos_graves,ilesos,ignorados,feridos,veiculos,latitude,longitude,regional,delegacia,uop
389581.0,2021-10-14,quinta-feira,06:15:00,PE,232,"9,9",JABOATAO DOS GUARARAPES,Condutor deixou de manter distância do veículo da frente,Engavetamento,Com Vítimas Feridas,Pleno dia,Decrescente,Nublado,Dupla,Reta,Sim,6,0,2,0,4,0,2,4,"-8,07917819","-34,9864119",SPRF-PE,DEL01-PE,UOP01-DEL01-PE
389606.0,2021-10-14,quinta-feira,09:35:00,PE,101,"17,5",GOIANA,Condutor Dormindo,Colisão com objeto,Com Vítimas Feridas,Pleno dia,Decrescente,Chuva,Dupla,Reta,Não,2,0,2,0,0,0,2,1,"-7,64064477","-34,95599769",SPRF-PE,DEL01-PE,UOP02-DEL01-PE
389620.0,2021-10-14,quinta-feira,09:30:00,PE,423,64,CALCADO,Reação tardia ou ineficiente do condutor,Colisão lateral mesmo sentido,Com Vítimas Feridas,Pleno dia,Crescente,Céu Claro,Simples,Reta,Não,3,0,1,0,2,0,1,2,"-8,66427961","-36,35636509",SPRF-PE,DEL03-PE,UOP01-DEL03-PE
389621.0,2021-10-14,quinta-feira,12:20:00,PE,101,70,RECIFE,Entrada inopinada do pedestre,Atropelamento de Pedestre,Com Vítimas Feridas,Pleno dia,Decrescente,Nublado,Dupla,Reta,Sim,2,0,0,1,1,0,1,2,"-8,06776119","-34,94265074",SPRF-PE,DEL01-PE,UOP01-DEL01-PE
389653.0,2021-10-14,quinta-feira,14:20:00,PE,423,"171,8",AGUAS BELAS,Condutor deixou de manter distância do veículo da frente,Colisão traseira,Com Vítimas Feridas,Pleno dia,Crescente,Céu Claro,Simples,Reta,Não,8,0,5,0,3,0,5,2,"-9,12738994","-37,060194",SPRF-AL,DEL03-AL,UOP02-DEL03-AL
389703.0,2021-10-14,quinta-feira,21:00:00,PE,101,"72,6",RECIFE,Acessar a via sem observar a presença dos outros veículos,Colisão transversal,Sem Vítimas,Plena Noite,Decrescente,Céu Claro,Dupla,Curva,Sim,2,0,0,0,1,1,0,2,"-8,090662","-34,946687",SPRF-PE,DEL01-PE,UOP01-DEL01-PE
389731.0,2021-10-15,sexta-feira,04:30:00,PE,232,"66,7",POMBOS,Chuva,Tombamento,Com Vítimas Feridas,Plena Noite,Decrescente,Céu Claro,Simples,Curva,Não,2,0,1,0,1,0,1,2,"-8,16707371","-35,45583389",SPRF-PE,DEL02-PE,UOP02-DEL02PE
389853.0,2021-10-15,sexta-feira,15:20:00,PE,101,"10,1",JABOATAO DOS GUARARAPES,Condutor deixou de manter distância do veículo da frente,Colisão traseira,Sem Vítimas,Pleno dia,Crescente,Céu Claro,Dupla,Reta,Sim,5,0,0,0,5,0,0,3,"-8,078812","-34,983499",SPRF-PE,DEL01-PE,UOP02-DEL01-PE
389879.0,2021-10-15,sexta-feira,18:20:00,PE,101,"51,3",ABREU E LIMA,Trafegar com motocicleta (ou similar) entre as faixas,Queda de ocupante de veículo,Com Vítimas Feridas,Plena Noite,Crescente,Céu Claro,Dupla,Curva,Sim,1,0,1,0,0,0,1,1,"-7,9169968","-34,89689272",SPRF-PE,DEL01-PE,UOP02-DEL01-PE
389997.0,2021-10-16,sábado,03:50:00,PE,423,"96,7",GARANHUNS,Condutor deixou de manter distância do veículo da frente,Colisão traseira,Sem Vítimas,Amanhecer,Crescente,Céu Claro,Simples,Aclive,Sim,2,0,0,0,0,2,0,2,"-8,88021822","-36,48651678",SPRF-PE,DEL03-PE,UOP01-DEL03-PE
390081.0,2021-10-16,sábado,15:40:00,PE,101,73,RECIFE,Condutor deixou de manter distância do veículo da frente,Colisão traseira,Com Vítimas Feridas,Pleno dia,Decrescente,Garoa/Chuvisco,Dupla,Reta,Sim,5,0,1,0,4,0,1,4,"-8,093369","-34,947464",SPRF-PE,DEL01-PE,UOP01-DEL01-PE
390101.0,2021-10-16,sábado,17:30:00,PE,101,67,RECIFE,Condutor deixou de manter distância do veículo da frente,Colisão traseira,Com Vítimas Feridas,Anoitecer,Crescente,Garoa/Chuvisco,Dupla,Reta,Sim,3,0,1,0,2,0,1,3,"-8,042334","-34,943096",SPRF-PE,DEL01-PE,UOP01-DEL01-PE
390109.0,2021-10-16,sábado,18:15:00,PE,104,123,PANELAS,Demais Fenômenos da natureza,Colisão frontal,Com Vítimas Fatais,Plena Noite,Crescente,Chuva,Simples,Aclive,Não,4,1,0,1,2,0,1,3,"-8,722103","-36,021805",SPRF-PE,DEL02-PE,UOP01-DEL02-PE
390141.0,2021-10-16,sábado,20:35:00,PE,101,69,RECIFE,Ingestão de álcool pelo condutor,Colisão traseira,Com Vítimas Feridas,Plena Noite,Crescente,Nublado,Dupla,Reta,Sim,3,0,1,0,2,0,1,2,"-8,06166226","-34,94544983",SPRF-PE,DEL01-PE,UOP01-DEL01-PE
390335.0,2021-10-17,domingo,20:35:00,PE,428,"191,2",PETROLINA,Ingestão de álcool pelo condutor,Colisão transversal,Com Vítimas Feridas,Plena Noite,Decrescente,Céu Claro,Dupla,Reta,Sim,4,0,0,1,0,3,1,3,"-9,38371138","-40,51813967",SPRF-PE,DEL06-PE,UOP01-DEL06-PE
390380.0,2021-10-18,segunda-feira,00:40:00,PE,232,"296,9",SERTANIA,Ingestão de álcool pelo condutor,Queda de ocupante de veículo,Com Vítimas Fatais,Plena Noite,Crescente,Céu Claro,Simples,Reta,Não,2,1,0,1,0,0,1,1,"-8,25823213","-37,39521225",SPRF-PE,DEL03-PE,UOP02-DEL03-PE
390405.0,2021-10-18,segunda-feira,04:40:00,PE,101,187,PALMARES,Animais na Pista,Atropelamento de Animal,Sem Vítimas,Amanhecer,Decrescente,Céu Claro,Múltipla,Reta,Sim,1,0,0,0,1,0,0,1,"-8,686644","-35,587478",SPRF-PE,DEL01-PE,UOP01-DEL01-PE
390471.0,2021-10-18,segunda-feira,12:45:00,PE,101,"44,1",IGARASSU,Condutor deixou de manter distância do veículo da frente,Colisão traseira,Sem Vítimas,Pleno dia,Crescente,Céu Claro,Múltipla,Reta,Sim,4,0,0,0,4,0,0,3,"-7,85637001","-34,90842109",SPRF-PE,DEL01-PE,UOP02-DEL01-PE
390490.0,2021-10-18,segunda-feira,15:15:00,PE,101,"59,8",RECIFE,Conversão proibida,Colisão transversal,Com Vítimas Fatais,Pleno dia,Crescente,Céu Claro,Dupla,Reta,Sim,2,1,0,0,1,0,0,2,"-7,982487","-34,932137",SPRF-PE,DEL01-PE,UOP02-DEL01-PE
390512.0,2021-10-18,segunda-feira,17:00:00,PE,428,"187,8",PETROLINA,Condutor deixou de manter distância do veículo da frente,Colisão traseira,Com Vítimas Feridas,Anoitecer,Crescente,Céu Claro,Simples,Reta,Sim,2,0,1,0,1,0,1,2,"-9,35604301","-40,47854198",SPRF-PE,DEL06-PE,UOP01-DEL06-PE
390560.0,2021-10-18,segunda-feira,20:00:00,PE,101,"78,2",JABOATAO DOS GUARARAPES,Ingestão de álcool pelo condutor,Colisão lateral mesmo sentido,Sem Vítimas,Plena Noite,Crescente,Céu Claro,Dupla,Reta,Sim,2,0,0,0,2,0,0,2,"-8,139101","-34,947229",SPRF-PE,DEL01-PE,UOP01-DEL01-PE
390567.0,2021-10-18,segunda-feira,20:30:00,PE,101,"69,5",RECIFE,Condutor deixou de manter distância do veículo da frente,Colisão traseira,Com Vítimas Feridas,Plena Noite,Decrescente,Céu Claro,Simples,Reta,Sim,2,0,1,0,1,0,1,2,"-8,05951606","-34,94581024",SPRF-PE,DEL01-PE,UOP01-DEL01-PE
390632.0,2021-10-19,terça-feira,11:40:00,PE,232,"409,9",SERRA TALHADA,Acessar a via sem observar a presença dos outros veículos,Colisão transversal,Com Vítimas Feridas,Pleno dia,Decrescente,Sol,Simples,Reta,Sim,4,0,2,0,2,0,2,2,"-7,981944","-38,289467",SPRF-PE,DEL04-PE,UOP01-DEL04-PE
390640.0,2021-10-19,terça-feira,13:13:00,PE,407,124,PETROLINA,Desrespeitar a preferência no cruzamento,Colisão lateral mesmo sentido,Com Vítimas Feridas,Pleno dia,Decrescente,Céu Claro,Dupla,Rotatória,Sim,2,0,1,0,0,1,1,2,"-9,36929881","-40,54137139",SPRF-PE,DEL06-PE,UOP01-DEL06-PE
390650.0,2021-10-19,terça-feira,14:20:00,PE,232,5,RECIFE,Reação tardia ou ineficiente do condutor,Queda de ocupante de veículo,Com Vítimas Feridas,Pleno dia,Crescente,Céu Claro,Simples,Curva,Não,1,0,0,1,0,0,1,1,"-8,06795766","-34,94535414",SPRF-PE,DEL01-PE,UOP01-DEL01-PE
390657.0,2021-08-03,terça-feira,16:55:00,PE,428,186,PETROLINA,Desrespeitar a preferência no cruzamento,Colisão transversal,Com Vítimas Feridas,Pleno dia,Decrescente,Céu Claro,Simples,Reta,Sim,2,0,0,1,1,0,1,2,"-9,34807826","-40,47441248",SPRF-PE,DEL06-PE,UOP01-DEL06-PE
390707.0,2021-10-19,terça-feira,18:00:00,PE,232,"46,2",VITORIA DE SANTO ANTAO,Pedestre cruzava a pista fora da faixa,Atropelamento de Pedestre,Com Vítimas Fatais,Pleno dia,Decrescente,Nublado,Dupla,Reta,Não,5,1,0,1,2,1,1,3,"-8,134605","-35,290761",SPRF-PE,DEL01-PE,UOP01-DEL01-PE
390709.0,2021-10-19,terça-feira,18:20:00,PE,407,"126,8",PETROLINA,Acessar a via sem observar a presença dos outros veículos,Colisão frontal,Com Vítimas Feridas,Plena Noite,Crescente,Ignorado,Simples,Reta,Sim,2,0,1,0,1,0,1,2,"-9,38491309","-40,52809509",SPRF-PE,DEL06-PE,UOP01-DEL06-PE
390727.0,2021-10-19,terça-feira,19:20:00,PE,407,129,PETROLINA,Ausência de reação do condutor,Colisão traseira,Com Vítimas Feridas,Plena Noite,Crescente,Céu Claro,Simples,Aclive,Sim,2,0,1,0,1,0,1,2,"-9,39991542","-40,50493419",SPRF-PE,DEL06-PE,UOP01-DEL06-PE
390743.0,2021-09-24,sexta-feira,16:50:00,PE,101,186,PALMARES,Acessar a via sem observar a presença dos outros veículos,Colisão lateral mesmo sentido,Com Vítimas Feridas,Pleno dia,Crescente,Nublado,Dupla,Reta,Sim,2,0,0,2,0,0,2,2,"-8,68263674","-35,57938824",SPRF-PE,DEL01-PE,UOP01-DEL01-PE
390750.0,2021-10-19,terça-feira,20:30:00,PE,428,"155,6",PETROLINA,Animais na Pista,Atropelamento de Animal,Com Vítimas Feridas,Plena Noite,Crescente,Céu Claro,Simples,Reta,Não,2,0,2,0,0,0,2,1,"-9,10860107","-40,33416488",SPRF-PE,DEL06-PE,UOP01-DEL06-PE
390840.0,2021-10-20,quarta-feira,14:12:00,PE,232,"19,4",JABOATAO DOS GUARARAPES,Ausência de reação do condutor,Colisão lateral mesmo sentido,Com Vítimas Feridas,Pleno dia,Decrescente,Céu Claro,Dupla,Reta,Não,2,0,1,0,1,0,1,2,"-8,09822484","-35,06316202",SPRF-PE,DEL01-PE,UOP01-DEL01-PE
390853.0,2021-10-20,quarta-feira,16:35:00,PE,232,166,TACAIMBO,Acessar a via sem observar a presença dos outros veículos,Queda de ocupante de veículo,Com Vítimas Feridas,Pleno dia,Crescente,Céu Claro,Simples,Reta,Não,1,0,0,1,0,0,1,1,"-8,33783366","-36,30733704",SPRF-PE,DEL02-PE,UOP03-DEL02-PE
390854.0,2021-10-20,quarta-feira,16:23:00,PE,232,"4,8",RECIFE,Condutor deixou de manter distância do veículo da frente,Colisão traseira,Sem Vítimas,Pleno dia,Crescente,Céu Claro,Dupla,Viaduto,Não,2,0,0,0,2,0,0,1,"-8,064473","-34,936928",SPRF-PE,DEL01-PE,UOP01-DEL01-PE
390871.0,2021-10-20,quarta-feira,17:30:00,PE,408,59,TRACUNHAEM,Velocidade Incompatível,Colisão traseira,Com Vítimas Feridas,Anoitecer,Crescente,Céu Claro,Simples,Curva,Não,3,0,1,0,2,0,1,3,"-7,80575494","-35,24395484",SPRF-PE,DEL01-PE,UOP01-DEL01-PE
390876.0,2021-10-20,quarta-feira,18:45:00,PE,232,83,GRAVATA,Reação tardia ou ineficiente do condutor,Colisão frontal,Com Vítimas Feridas,Plena Noite,Crescente,Céu Claro,Dupla,Curva,Sim,2,0,1,0,0,1,1,2,"-8,2024868","-35,59542005",SPRF-PE,DEL02-PE,UOP02-DEL02PE
390935.0,2021-10-21,quinta-feira,01:00:00,PE,428,188,PETROLINA,Ingestão de álcool e/ou substâncias psicoativas pelo pedestre,Colisão com objeto,Sem Vítimas,Plena Noite,Decrescente,Céu Claro,Dupla,Reta,Sim,1,0,0,0,1,0,0,1,"-9,36400596","-40,48266808",SPRF-PE,DEL06-PE,UOP01-DEL06-PE
390947.0,2021-10-21,quinta-feira,06:35:00,PE,423,94,GARANHUNS,Ausência de reação do condutor,Colisão transversal,Com Vítimas Feridas,Pleno dia,Crescente,Céu Claro,Múltipla,Reta,Sim,2,0,1,0,1,0,1,2,"-8,874732","-36,46946",SPRF-PE,DEL03-PE,UOP01-DEL03-PE
391062.0,2021-10-21,quinta-feira,20:00:00,PE,232,183,BELO JARDIM,Ultrapassagem Indevida,Colisão frontal,Com Vítimas Feridas,Plena Noite,Decrescente,Céu Claro,Simples,Reta,Não,4,0,0,4,0,0,4,2,"-8,34981605","-36,45554399",SPRF-PE,DEL02-PE,UOP03-DEL02-PE
391089.0,2021-10-22,sexta-feira,00:05:00,PE,101,50,ABREU E LIMA,Ingestão de substâncias psicoativas pelo condutor,Colisão traseira,Com Vítimas Feridas,Plena Noite,Crescente,Céu Claro,Dupla,Reta,Sim,2,0,1,0,1,0,1,2,"-7,90938602","-34,90123228",SPRF-PE,DEL01-PE,UOP02-DEL01-PE
391192.0,2021-10-22,sexta-feira,14:15:00,PE,101,68,RECIFE,Retorno proibido,Colisão transversal,Com Vítimas Feridas,Pleno dia,Decrescente,Céu Claro,Dupla,Rotatória,Sim,2,0,0,1,1,0,1,2,"-8,05262215","-34,94585752",SPRF-PE,DEL01-PE,UOP01-DEL01-PE
391202.0,2021-10-22,sexta-feira,15:35:00,PE,428,"189,5",PETROLINA,Condutor desrespeitou a iluminação vermelha do semáforo,Colisão transversal,Com Vítimas Feridas,Pleno dia,Decrescente,Céu Claro,Dupla,Interseção de Vias,Sim,2,0,1,1,0,0,2,2,"-9,37197508","-40,48679585",SPRF-PE,DEL06-PE,UOP01-DEL06-PE
391204.0,2021-10-22,sexta-feira,15:40:00,PE,101,68,RECIFE,Manobra de mudança de faixa,Colisão lateral mesmo sentido,Com Vítimas Feridas,Pleno dia,Crescente,Céu Claro,Dupla,Reta,Sim,2,0,1,0,1,0,1,2,"-8,05074296","-34,94580619",SPRF-PE,DEL01-PE,UOP01-DEL01-PE
391216.0,2021-10-22,sexta-feira,15:30:00,PE,232,"56,3",POMBOS,Ausência de reação do condutor,Saída de leito carroçável,Com Vítimas Feridas,Pleno dia,Crescente,Céu Claro,Dupla,Reta,Não,1,0,1,0,0,0,1,1,"-8,13762681","-35,37336212",SPRF-PE,DEL02-PE,UOP02-DEL02PE
391224.0,2021-10-22,sexta-feira,16:25:00,PE,424,"62,3",CAETES,Avarias e/ou desgaste excessivo no pneu,Tombamento,Com Vítimas Feridas,Anoitecer,Crescente,Céu Claro,Simples,Reta,Não,2,0,0,1,1,0,1,1,"-8,74711911","-36,68445304",SPRF-PE,DEL03-PE,UOP01-DEL03-PE
391237.0,2021-10-22,sexta-feira,17:25:00,PE,101,39,IGARASSU,Entrada inopinada do pedestre,Atropelamento de Pedestre,Sem Vítimas,Anoitecer,Crescente,Sol,Dupla,Curva,Sim,2,0,0,0,1,1,0,2,"-7,81259899","-34,91890497",SPRF-PE,DEL01-PE,UOP02-DEL01-PE
391251.0,2021-09-19,domingo,13:30:00,PE,428,"174,8",PETROLINA,Demais falhas mecânicas ou elétricas,Capotamento,Com Vítimas Feridas,Pleno dia,Crescente,Céu Claro,Simples,Reta,Não,5,0,0,3,2,0,3,1,"-9,268231","-40,433433",SPRF-PE,DEL06-PE,UOP01-DEL06-PE
391256.0,2021-10-22,sexta-feira,18:00:00,PE,232,286,SERTANIA,Chuva,Colisão transversal,Com Vítimas Feridas,Plena Noite,Crescente,Chuva,Simples,Reta,Não,4,0,2,1,0,1,3,3,"-8,32570406","-37,33935504",SPRF-PE,DEL03-PE,UOP02-DEL03-PE
391267.0,2021-10-22,sexta-feira,19:40:00,PE,232,"6,5",RECIFE,Condutor deixou de manter distância do veículo da frente,Colisão traseira,Sem Vítimas,Plena Noite,Crescente,Céu Claro,Dupla,Reta,Não,2,0,0,0,1,1,0,2,"-8,07079525","-34,9535389",SPRF-PE,DEL01-PE,UOP01-DEL01-PE
391327.0,2021-10-23,sábado,02:09:00,PE,407,104,PETROLINA,Animais na Pista,Atropelamento de Animal,Com Vítimas Feridas,Plena Noite,Decrescente,Céu Claro,Simples,Reta,Não,1,0,0,1,0,0,1,1,"-9,219","-40,6293",SPRF-PE,DEL06-PE,UOP02-DEL06-PE
391401.0,2021-10-23,sábado,06:55:00,PE,423,"93,7",GARANHUNS,Acessar a via sem observar a presença dos outros veículos,Colisão transversal,Com Vítimas Feridas,Pleno dia,Decrescente,Céu Claro,Simples,Interseção de Vias,Sim,3,0,2,0,1,0,2,2,"-8,87557386","-36,46911621",SPRF-PE,DEL03-PE,UOP01-DEL03-PE
391434.0,2021-10-23,sábado,14:40:00,PE,232,127,CARUARU,Retorno proibido,Colisão lateral mesmo sentido,Com Vítimas Feridas,Pleno dia,Crescente,Céu Claro,Simples,Reta,Sim,2,0,1,0,1,0,1,2,"-8,30479768","-35,9641099",SPRF-PE,DEL02-PE,UOP03-DEL02-PE
391493.0,2021-10-23,sábado,20:00:00,PE,428,"179,1",PETROLINA,Velocidade Incompatível,Capotamento,Com Vítimas Feridas,Plena Noite,Crescente,Chuva,Simples,Reta,Não,4,0,4,0,0,0,4,1,"-9,29218306","-40,4457509",SPRF-PE,DEL06-PE,UOP01-DEL06-PE
391517.0,2021-10-23,sábado,22:00:00,PE,232,"58,5",POMBOS,Ausência de reação do condutor,Tombamento,Com Vítimas Feridas,Plena Noite,Crescente,Céu Claro,Dupla,Reta,Não,1,0,0,1,0,0,1,1,"-8,14462866","-35,39034714",SPRF-PE,DEL02-PE,UOP02-DEL02PE
391537.0,2021-10-23,sábado,21:30:00,PE,424,72,CAETES,Transitar na contramão,Colisão frontal,Com Vítimas Fatais,Plena Noite,Decrescente,Céu Claro,Simples,Reta,Não,3,1,1,1,0,0,2,2,"-8,78940416","-36,60582811",SPRF-PE,DEL03-PE,UOP01-DEL03-PE
391595.0,2021-10-24,domingo,05:50:00,PE,101,84,JABOATAO DOS GUARARAPES,Ausência de reação do condutor,Colisão com objeto,Com Vítimas Feridas,Pleno dia,Crescente,Céu Claro,Dupla,Reta,Não,1,0,1,0,0,0,1,1,"-8,17778559","-34,95087297",SPRF-PE,DEL01-PE,UOP01-DEL01-PE
391663.0,2021-10-24,domingo,13:40:00,PE,101,25,ITAPISSUMA,Manobra de mudança de faixa,Capotamento,Com Vítimas Feridas,Pleno dia,Crescente,Céu Claro,Dupla,Reta,Não,2,0,2,0,0,0,2,1,"-7,7009082","-34,9229207",SPRF-PE,DEL01-PE,UOP02-DEL01-PE
391684.0,2021-10-24,domingo,15:40:00,PE,101,45,IGARASSU,Pedestre cruzava a pista fora da faixa,Atropelamento de Pedestre,Com Vítimas Feridas,Pleno dia,Crescente,Céu Claro,Múltipla,Reta,Sim,3,0,2,1,0,0,3,2,"-7,86521297","-34,90715176",SPRF-PE,DEL01-PE,UOP02-DEL01-PE
391751.0,2021-10-24,domingo,20:49:00,PE,428,142,PETROLINA,Ingestão de álcool pelo condutor,Colisão lateral sentido oposto,Sem Vítimas,Plena Noite,Crescente,Céu Claro,Simples,Reta,Sim,2,0,0,0,2,0,0,2,"-9,00816471","-40,2747905",SPRF-PE,DEL06-PE,UOP01-DEL06-PE
391780.0,2021-10-24,domingo,21:10:00,PE,408,"51,7",NAZARE DA MATA,Condutor deixou de manter distância do veículo da frente,Colisão lateral mesmo sentido,Com Vítimas Feridas,Plena Noite,Crescente,Céu Claro,Simples,Reta,Sim,2,0,0,1,1,0,1,2,"-7,74422542","-35,23444176",SPRF-PE,DEL01-PE,UOP02-DEL01-PE
391808.0,2021-10-25,segunda-feira,03:14:00,PE,428,191,PETROLINA,Ingestão de álcool pelo condutor,Colisão traseira,Com Vítimas Feridas,Plena Noite,Decrescente,Céu Claro,Dupla,Reta,Sim,2,0,2,0,0,0,2,2,"-9,37766429","-40,50269795",SPRF-PE,DEL06-PE,UOP01-DEL06-PE
391819.0,2021-10-24,domingo,20:00:00,PE,428,73,SANTA MARIA DA BOA VISTA,Ingestão de álcool pelo condutor,Colisão com objeto,Sem Vítimas,Plena Noite,Crescente,Céu Claro,Simples,Ponte,Não,1,0,0,0,1,0,0,1,"-8,72001251","-39,77282524",SPRF-PE,DEL06-PE,UOP03-DEL06-PE
391821.0,2021-10-25,segunda-feira,06:08:00,PE,101,70,RECIFE,Velocidade Incompatível,Atropelamento de Pedestre,Com Vítimas Feridas,Pleno dia,Crescente,Céu Claro,Dupla,Reta,Sim,2,0,0,1,0,1,1,2,"-8,06776119","-34,94265074",SPRF-PE,DEL01-PE,UOP01-DEL01-PE
391828.0,2021-10-25,segunda-feira,07:00:00,PE,101,74,RECIFE,Reação tardia ou ineficiente do condutor,Colisão traseira,Com Vítimas Feridas,Pleno dia,Crescente,Sol,Dupla,Reta,Sim,2,0,1,0,1,0,1,2,"-8,107945","-34,94776",SPRF-PE,DEL01-PE,UOP01-DEL01-PE
391861.0,2021-10-25,segunda-feira,11:40:00,PE,101,"10,2",GOIANA,Ausência de reação do condutor,Saída de leito carroçável,Com Vítimas Feridas,Pleno dia,Decrescente,Céu Claro,Dupla,Declive;Reta                  ,Não,5,0,4,0,0,1,4,2,"-7,58679204","-34,98736241",SPRF-PE,DEL01-PE,UOP02-DEL01-PE
391904.0,2021-10-25,segunda-feira,16:15:00,PE,101,"70,2",RECIFE,Retorno proibido,Colisão traseira,Com Vítimas Feridas,Pleno dia,Crescente,Céu Claro,Dupla,Reta,Sim,3,0,1,0,2,0,1,2,"-8,070166","-34,93986",SPRF-PE,DEL01-PE,UOP01-DEL01-PE
391925.0,2021-10-25,segunda-feira,18:30:00,PE,101,72,RECIFE,Acessar a via sem observar a presença dos outros veículos,Atropelamento de Pedestre,Com Vítimas Feridas,Plena Noite,Crescente,Céu Claro,Dupla,Reta,Sim,2,0,1,0,0,1,1,2,"-8,087683","-34,946803",SPRF-PE,DEL01-PE,UOP01-DEL01-PE
391965.0,2021-10-25,segunda-feira,22:50:00,PE,104,66,CARUARU,Ingestão de álcool pelo condutor,Queda de ocupante de veículo,Com Vítimas Feridas,Plena Noite,Crescente,Céu Claro,Dupla,Reta,Sim,1,0,1,0,0,0,1,1,"-8,2937","-35,9864",SPRF-PE,DEL02-PE,UOP01-DEL02-PE
392017.0,2021-10-26,terça-feira,08:10:00,PE,104,74,CARUARU,Manobra de mudança de faixa,Colisão frontal,Com Vítimas Feridas,Pleno dia,Decrescente,Céu Claro,Simples,Curva,Não,3,0,0,3,0,0,3,2,"-8,349874","-35,985184",SPRF-PE,DEL02-PE,UOP01-DEL02-PE
392052.0,2021-10-26,terça-feira,11:40:00,PE,428,"176,9",PETROLINA,Carga excessiva e/ou mal acondicionada,Tombamento,Com Vítimas Feridas,Pleno dia,Decrescente,Céu Claro,Simples,Reta,Não,3,0,2,0,1,0,2,1,"-9,26824308","-40,43343586",SPRF-PE,DEL06-PE,UOP01-DEL06-PE
392075.0,2021-10-26,terça-feira,15:50:00,PE,101,52,PAULISTA,Acessar a via sem observar a presença dos outros veículos,Colisão transversal,Com Vítimas Feridas,Pleno dia,Decrescente,Sol,Dupla,Reta,Sim,2,0,1,1,0,0,2,2,"-7,92358799","-34,89607201",SPRF-PE,DEL01-PE,UOP02-DEL01-PE
392076.0,2021-10-26,terça-feira,16:00:00,PE,423,"93,4",GARANHUNS,Condutor deixou de manter distância do veículo da frente,Colisão traseira,Com Vítimas Feridas,Pleno dia,Crescente,Céu Claro,Simples,Reta,Sim,2,0,1,0,1,0,1,2,"-8,86972012","-36,46323792",SPRF-PE,DEL03-PE,UOP01-DEL03-PE
392110.0,2021-10-26,terça-feira,18:13:00,PE,428,"190,9",PETROLINA,Conversão proibida,Colisão com objeto,Com Vítimas Feridas,Plena Noite,Decrescente,Céu Claro,Dupla,Reta,Sim,2,0,2,0,0,0,2,1,"-9,37766429","-40,50269795",SPRF-PE,DEL06-PE,UOP01-DEL06-PE
392135.0,2021-10-26,terça-feira,18:30:00,PE,232,437,SERRA TALHADA,Deficiência do Sistema de Iluminação/Sinalização,Colisão traseira,Com Vítimas Fatais,Plena Noite,Decrescente,Céu Claro,Simples,Reta,Não,2,1,0,0,1,0,0,2,"-8,01093072","-38,53329706",SPRF-PE,DEL04-PE,UOP01-DEL04-PE
392156.0,2021-10-27,quarta-feira,05:00:00,PE,423,"61,9",LAJEDO,Ausência de reação do condutor,Colisão transversal,Com Vítimas Feridas,Pleno dia,Crescente,Chuva,Simples,Reta,Sim,3,0,0,1,2,0,1,2,"-8,65805731","-36,32866993",SPRF-PE,DEL03-PE,UOP01-DEL03-PE
392182.0,2021-10-27,quarta-feira,09:20:00,PE,101,"82,3",JABOATAO DOS GUARARAPES,Acessar a via sem observar a presença dos outros veículos,Colisão lateral mesmo sentido,Com Vítimas Feridas,Pleno dia,Crescente,Sol,Múltipla,Reta,Sim,2,0,1,0,1,0,1,2,"-8,168383","-34,9376",SPRF-PE,DEL01-PE,UOP01-DEL01-PE
392232.0,2021-04-30,sexta-feira,18:50:00,PE,424,"97,5",GARANHUNS,Avarias e/ou desgaste excessivo no pneu,Saída de leito carroçável,Com Vítimas Feridas,Plena Noite,Decrescente,Nublado,Simples,Reta,Não,4,0,1,2,1,0,3,3,"-8,93478014","-36,50438092",SPRF-PE,DEL03-PE,UOP01-DEL03-PE
392238.0,2021-10-27,quarta-feira,15:00:00,PE,232,63,POMBOS,Velocidade Incompatível,Saída de leito carroçável,Com Vítimas Fatais,Plena Noite,Decrescente,Céu Claro,Dupla,Declive;Curva                 ,Não,1,1,0,0,0,0,0,1,"-8,15842797","-35,43147902",SPRF-PE,DEL02-PE,UOP02-DEL02PE
392287.0,2021-10-25,segunda-feira,14:30:00,PE,423,"51,8",LAJEDO,Avarias e/ou desgaste excessivo no pneu,Incêndio,Sem Vítimas,Pleno dia,Crescente,Céu Claro,Simples,Reta,Não,1,0,0,0,0,1,0,1,"-8,589103","-36,289748",SPRF-PE,DEL03-PE,UOP01-DEL03-PE
392315.0,2021-10-27,quarta-feira,22:10:00,PE,232,"15,7",JABOATAO DOS GUARARAPES,Velocidade Incompatível,Saída de leito carroçável,Com Vítimas Feridas,Plena Noite,Decrescente,Garoa/Chuvisco,Dupla,Curva,Não,3,0,3,0,0,0,3,1,"-8,093791","-35,032133",SPRF-PE,DEL01-PE,UOP01-DEL01-PE
392326.0,2021-10-27,quarta-feira,23:30:00,PE,408,"97,2",SAO LOURENCO DA MATA,Avarias e/ou desgaste excessivo no pneu,Incêndio,Sem Vítimas,Plena Noite,Crescente,Céu Claro,Dupla,Reta,Não,1,0,0,0,0,1,0,1,"-8,031726","-35,034629",SPRF-PE,DEL01-PE,UOP01-DEL01-PE