id,data_inversa,dia_semana,horario,uf,br,km,municipio,causa_acidente,tipo_acidente,classificacao_acidente,fase_dia,sentido_via,condicao_metereologica,tipo_pista,tracado_via,uso_solo,pessoas,mortos,feridos_leves,feridos_graves,ilesos,ignorados,feridos,veiculos,latitude,longitude,regional,delegacia,uop
392416.0,2021-10-28,quinta-feira,12:40:00,PE,101,144,RIBEIRAO,Demais falhas na via,Tombamento,Com Vítimas Feridas,Pleno dia,Crescente,Céu Claro,Dupla,Reta,Não,2,0,2,0,0,0,2,1,"-8,456739","-35,361316",SPRF-PE,DEL01-PE,UOP01-DEL01-PE
392480.0,2021-10-28,quinta-feira,18:24:00,PE,101,"75,3",RECIFE,Pedestre cruzava a pista fora da faixa,Atropelamento de Pedestre,Com Vítimas Feridas,Plena Noite,Decrescente,Céu Claro,Dupla,Reta,Sim,2,0,1,1,0,0,2,2,"-8,10973523","-34,94660151",SPRF-PE,DEL01-PE,UOP01-DEL01-PE
392558.0,2021-10-29,sexta-feira,07:50:00,PE,232,"10,6",JABOATAO DOS GUARARAPES,Manobra de mudança de faixa,Colisão lateral mesmo sentido,Com Vítimas Feridas,Pleno dia,Decrescente,Céu Claro,Dupla,Reta,Sim,2,0,1,0,0,1,1,2,"-8,080403","-34,9924",SPRF-PE,DEL01-PE,UOP01-DEL01-PE
392589.0,2021-10-29,sexta-feira,11:30:00,PE,101,18,GOIANA,Demais falhas mecânicas ou elétricas,Queda de ocupante de veículo,Com Vítimas Feridas,Pleno dia,Crescente,Céu Claro,Dupla,Reta,Não,2,0,2,0,0,0,2,1,"-7,62621106","-34,96669711",SPRF-PE,DEL01-PE,UOP02-DEL01-PE
392632.0,2021-10-29,sexta-feira,15:10:00,PE,232,6,RECIFE,Reação tardia ou ineficiente do condutor,Colisão traseira,Com Vítimas Feridas,Pleno dia,Decrescente,Céu Claro,Dupla,Reta,Sim,4,0,1,0,2,1,1,4,"-8,071501","-34,955289",SPRF-PE,DEL01-PE,UOP01-DEL01-PE
392703.0,2021-10-29,sexta-feira,20:50:00,PE,101,"2,8",JABOATAO DOS GUARARAPES,Animais na Pista,Colisão com objeto,Com Vítimas Feridas,Plena Noite,Crescente,Céu Claro,Simples,Reta,Sim,4,0,1,0,0,3,1,3,"-8,196964","-34,957996",SPRF-PE,DEL01-PE,UOP02-DEL01-PE
392821.0,2021-10-30,sábado,09:30:00,PE,101,97,CABO DE SANTO AGOSTINHO,Velocidade Incompatível,Tombamento,Com Vítimas Feridas,Pleno dia,Decrescente,Céu Claro,Dupla,Reta,Sim,2,0,0,2,0,0,2,1,"-8,25331064","-35,0296397",SPRF-PE,DEL01-PE,UOP01-DEL01-PE
392944.0,2021-10-30,sábado,19:20:00,PE,232,20,MORENO,Condutor deixou de manter distância do veículo da frente,Colisão traseira,Com Vítimas Feridas,Plena Noite,Crescente,Céu Claro,Dupla,Reta,Não,2,0,1,0,0,1,1,2,"-8,09543537","-35,07136107",SPRF-PE,DEL01-PE,UOP01-DEL01-PE
393040.0,2021-10-31,domingo,06:45:00,PE,101,127,ESCADA,Velocidade Incompatível,Tombamento,Com Vítimas Feridas,Pleno dia,Crescente,Chuva,Dupla,Reta,Sim,1,0,0,1,0,0,1,1,"-8,37472564","-35,23663257",SPRF-PE,DEL01-PE,UOP01-DEL01-PE
393073.0,2021-10-31,domingo,07:40:00,PE,232,"82,6",GRAVATA,Ausência de reação do condutor,Colisão com objeto,Sem Vítimas,Pleno dia,Decrescente,Sol,Dupla,Reta,Não,1,0,0,0,0,1,0,1,"-8,20155096","-35,59205532",SPRF-PE,DEL02-PE,UOP02-DEL02PE
393094.0,2021-10-31,domingo,13:20:00,PE,101,58,RECIFE,Reação tardia ou ineficiente do condutor,Colisão lateral mesmo sentido,Com Vítimas Feridas,Pleno dia,Decrescente,Nublado,Dupla,Reta,Não,3,0,3,0,0,0,3,2,"-7,97063209","-34,92064675",SPRF-PE,DEL01-PE,UOP02-DEL01-PE
393160.0,2021-10-31,domingo,20:00:00,PE,408,"100,4",SAO LOURENCO DA MATA,Ingestão de álcool pelo condutor,Colisão com objeto,Com Vítimas Feridas,Plena Noite,Decrescente,Céu Claro,Múltipla,Curva,Não,1,0,1,0,0,0,1,1,"-8,045435","-35,010256",SPRF-PE,DEL01-PE,UOP01-DEL01-PE
393183.0,2021-10-31,domingo,21:20:00,PE,101,"79,5",JABOATAO DOS GUARARAPES,Declive acentuado,Saída de leito carroçável,Com Vítimas Feridas,Plena Noite,Crescente,Céu Claro,Dupla,Reta,Sim,1,0,1,0,0,0,1,1,"-8,149261","-34,943445",SPRF-PE,DEL01-PE,UOP01-DEL01-PE
393236.0,2021-11-01,segunda-feira,05:30:00,PE,232,51,VITORIA DE SANTO ANTAO,Acessar a via sem observar a presença dos outros veículos,Colisão transversal,Com Vítimas Feridas,Amanhecer,Decrescente,Céu Claro,Dupla,Reta,Não,3,0,1,0,1,1,1,2,"-8,13823439","-35,33196918",SPRF-PE,DEL01-PE,UOP01-DEL01-PE
393237.0,2021-11-01,segunda-feira,06:50:00,PE,232,512,SALGUEIRO,Ultrapassagem Indevida,Colisão frontal,Com Vítimas Feridas,Pleno dia,Crescente,Céu Claro,Simples,Em Obras,Não,3,0,1,2,0,0,3,2,"-8,07319601","-39,15511499",SPRF-PE,DEL05-PE,UOP01-DEL05-PE
393303.0,2021-11-01,segunda-feira,08:40:00,PE,428,192,PETROLINA,Acumulo de areia ou detritos sobre o pavimento,Colisão traseira,Com Vítimas Feridas,Pleno dia,Decrescente,Céu Claro,Dupla,Interseção de Vias,Sim,2,0,1,0,1,0,1,2,"-9,38067769","-40,51113714",SPRF-PE,DEL06-PE,UOP01-DEL06-PE
393341.0,2021-11-01,segunda-feira,16:45:00,PE,428,"126,5",PETROLINA,Transitar no acostamento,Atropelamento de Pedestre,Com Vítimas Feridas,Pleno dia,Crescente,Sol,Simples,Reta,Sim,2,0,2,0,0,0,2,2,"-9,389902","-40,522905",SPRF-PE,DEL06-PE,UOP03-DEL06-PE
393437.0,2021-11-02,terça-feira,09:20:00,PE,232,28,MORENO,Reação tardia ou ineficiente do condutor,Colisão com objeto,Com Vítimas Feridas,Pleno dia,Decrescente,Céu Claro,Dupla,Reta,Sim,2,0,2,0,0,0,2,1,"-8,11290892","-35,13442099",SPRF-PE,DEL01-PE,UOP01-DEL01-PE
393464.0,2021-11-02,terça-feira,09:30:00,PE,116,"46,2",SALGUEIRO,Velocidade Incompatível,Saída de leito carroçável,Com Vítimas Feridas,Pleno dia,Crescente,Céu Claro,Simples,Reta,Não,5,0,1,0,4,0,1,1,"-8,240053","-39,112076",SPRF-PE,DEL05-PE,UOP01-DEL05-PE
393508.0,2021-11-02,terça-feira,17:50:00,PE,104,"74,3",CARUARU,Ingestão de álcool pelo condutor,Saída de leito carroçável,Com Vítimas Feridas,Anoitecer,Crescente,Céu Claro,Simples,Curva,Não,1,0,1,0,0,0,1,1,"-8,349874","-35,985184",SPRF-PE,DEL02-PE,UOP01-DEL02-PE
393576.0,2021-11-03,quarta-feira,05:10:00,PE,232,"171,1",BELO JARDIM,Transitar na contramão,Colisão frontal,Com Vítimas Fatais,Pleno dia,Decrescente,Sol,Simples,Curva,Não,2,1,0,1,0,0,1,2,"-8,34239456","-36,35216713",SPRF-PE,DEL02-PE,UOP03-DEL02-PE
393614.0,2021-11-03,quarta-feira,07:30:00,PE,104,"77,9",CARUARU,Condutor deixou de manter distância do veículo da frente,Colisão traseira,Com Vítimas Feridas,Pleno dia,Decrescente,Sol,Simples,Curva,Não,2,0,0,1,1,0,1,2,"-8,38452019","-35,98237775",SPRF-PE,DEL02-PE,UOP01-DEL02-PE
393632.0,2021-10-29,sexta-feira,14:40:00,PE,232,"4,5",RECIFE,Condutor deixou de manter distância do veículo da frente,Colisão traseira,Sem Vítimas,Pleno dia,Crescente,Céu Claro,Dupla,Aclive,Sim,3,0,0,0,3,0,0,3,"-8,066598","-34,942008",SPRF-PE,DEL01-PE,UOP01-DEL01-PE
393656.0,2021-11-03,quarta-feira,12:15:00,PE,232,"127,5",CARUARU,Condutor deixou de manter distância do veículo da frente,Colisão traseira,Com Vítimas Feridas,Pleno dia,Crescente,Sol,Dupla,Reta,Sim,4,0,0,2,2,0,2,3,"-8,30413947","-35,97296119",SPRF-PE,DEL02-PE,UOP03-DEL02-PE
393712.0,2021-11-03,quarta-feira,13:00:00,PE,424,"51,6",VENTUROSA,Condutor Dormindo,Saída de leito carroçável,Sem Vítimas,Pleno dia,Decrescente,Sol,Simples,Declive,Não,2,0,0,0,2,0,0,1,"-8,72052154","-36,77046776",SPRF-PE,DEL03-PE,UOP01-DEL03-PE
393755.0,2021-11-04,quinta-feira,06:20:00,PE,407,"124,1",PETROLINA,Pedestre andava na pista,Atropelamento de Pedestre,Com Vítimas Feridas,Pleno dia,Decrescente,Céu Claro,Dupla,Rotatória,Sim,2,0,0,1,1,0,1,2,"-9,374616","-40,538237",SPRF-PE,DEL06-PE,UOP01-DEL06-PE
393770.0,2021-11-04,quinta-feira,08:05:00,PE,428,"191,5",PETROLINA,Reação tardia ou ineficiente do condutor,Atropelamento de Pedestre,Com Vítimas Feridas,Pleno dia,Decrescente,Céu Claro,Dupla,Reta,Sim,3,0,2,0,0,1,2,2,"-9,383894","-40,518249",SPRF-PE,DEL06-PE,UOP01-DEL06-PE
393786.0,2021-11-04,quinta-feira,09:40:00,PE,101,"50,8",ABREU E LIMA,Ultrapassagem Indevida,Colisão lateral mesmo sentido,Com Vítimas Feridas,Pleno dia,Crescente,Sol,Múltipla,Interseção de Vias,Sim,2,0,0,1,1,0,1,2,"-7,90938602","-34,90123228",SPRF-PE,DEL01-PE,UOP02-DEL01-PE
393826.0,2021-10-16,sábado,21:00:00,PE,428,13,CABROBO,Ultrapassagem Indevida,Colisão frontal,Com Vítimas Feridas,Plena Noite,Crescente,Céu Claro,Simples,Reta,Sim,2,0,1,0,0,1,1,2,"-8,502297","-39,329382",SPRF-PE,DEL05-PE,UOP03-DEL05-PE
393840.0,2021-11-04,quinta-feira,10:30:00,PE,424,"82,7",GARANHUNS,Falta de acostamento,Saída de leito carroçável,Sem Vítimas,Pleno dia,Crescente,Céu Claro,Simples,Reta,Não,1,0,0,0,0,1,0,1,"-8,84079808","-36,53196006",SPRF-PE,DEL03-PE,UOP01-DEL03-PE
393906.0,2021-11-05,sexta-feira,01:30:00,PE,101,44,IGARASSU,Ausência de reação do condutor,Queda de ocupante de veículo,Com Vítimas Feridas,Plena Noite,Decrescente,Céu Claro,Dupla,Reta,Sim,1,0,1,0,0,0,1,1,"-7,85637001","-34,90842109",SPRF-PE,DEL01-PE,UOP02-DEL01-PE
393938.0,2021-10-02,sábado,10:00:00,PE,232,109,BEZERROS,Mal súbito do condutor,Saída de leito carroçável,Com Vítimas Feridas,Pleno dia,Crescente,Sol,Dupla,Reta,Não,4,0,4,0,0,0,4,1,"-8,28036785","-35,81085313",SPRF-PE,DEL02-PE,UOP02-DEL02PE
394003.0,2021-11-05,sexta-feira,12:30:00,PE,101,162,GAMELEIRA,Mal súbito do condutor,Saída de leito carroçável,Com Vítimas Feridas,Pleno dia,Decrescente,Céu Claro,Dupla,Reta,Não,1,0,1,0,0,0,1,1,"-8,55169716","-35,43739509",SPRF-PE,DEL01-PE,UOP01-DEL01-PE
394010.0,2021-11-05,sexta-feira,17:00:00,PE,101,"49,3",ABREU E LIMA,Entrada inopinada do pedestre,Atropelamento de Pedestre,Sem Vítimas,Plena Noite,Decrescente,Céu Claro,Múltipla,Reta,Sim,2,0,0,0,0,2,0,2,"-7,9005152","-34,90180641",SPRF-PE,DEL01-PE,UOP02-DEL01-PE
394036.0,2021-11-05,sexta-feira,19:00:00,PE,428,190,PETROLINA,Acesso irregular,Colisão transversal,Com Vítimas Feridas,Plena Noite,Decrescente,Nublado,Múltipla,Reta,Sim,2,0,1,0,1,0,1,2,"-9,37605965","-40,49382106",SPRF-PE,DEL06-PE,UOP01-DEL06-PE
394043.0,2021-11-05,sexta-feira,17:30:00,PE,232,"197,2",SANHARO,Acessar a via sem observar a presença dos outros veículos,Colisão traseira,Com Vítimas Feridas,Anoitecer,Decrescente,Céu Claro,Simples,Reta,Não,2,0,0,1,1,0,1,2,"-8,36891793","-36,580362",SPRF-PE,DEL02-PE,UOP03-DEL02-PE
394075.0,2021-11-05,sexta-feira,21:00:00,PE,232,389,SERRA TALHADA,Transitar na contramão,Colisão frontal,Com Vítimas Fatais,Plena Noite,Decrescente,Céu Claro,Simples,Reta,Não,4,1,2,1,0,0,3,2,"-8,03207549","-38,12954194",SPRF-PE,DEL04-PE,UOP01-DEL04-PE
394237.0,2021-08-30,segunda-feira,19:55:00,PE,232,"7,5",RECIFE,Reação tardia ou ineficiente do condutor,Colisão traseira,Com Vítimas Feridas,Plena Noite,Decrescente,Céu Claro,Dupla,Reta,Não,3,0,2,0,0,1,2,2,"-8,07333497","-34,96184301",SPRF-PE,DEL01-PE,UOP01-DEL01-PE
394250.0,2021-11-06,sábado,20:20:00,PE,408,66,PAUDALHO,Condutor deixou de manter distância do veículo da frente,Colisão traseira,Com Vítimas Feridas,Plena Noite,Crescente,Céu Claro,Dupla,Reta,Sim,2,0,0,1,0,1,1,2,"-7,85456416","-35,22363707",SPRF-PE,DEL01-PE,UOP01-DEL01-PE
394253.0,2021-11-06,sábado,20:40:00,PE,232,"90,1",SAIRE,Ausência de sinalização,Queda de ocupante de veículo,Com Vítimas Feridas,Plena Noite,Crescente,Céu Claro,Dupla,Curva,Sim,2,0,1,1,0,0,2,1,"-8,2172915","-35,65572305",SPRF-PE,DEL02-PE,UOP02-DEL02PE
394267.0,2021-10-17,domingo,20:00:00,PE,232,"80,9",GRAVATA,Iluminação deficiente,Colisão lateral sentido oposto,Com Vítimas Feridas,Plena Noite,Decrescente,Céu Claro,Simples,Reta,Sim,2,0,0,1,1,0,1,2,"-8,19579864","-35,56962305",SPRF-PE,DEL02-PE,UOP02-DEL02PE
394294.0,2021-11-07,domingo,00:30:00,PE,104,27,TORITAMA,Velocidade Incompatível,Capotamento,Com Vítimas Feridas,Plena Noite,Crescente,Céu Claro,Simples,Reta,Não,1,0,0,1,0,0,1,1,"-8,0051","-36,0804",SPRF-PE,DEL02-PE,UOP01-DEL02-PE
394312.0,2021-11-07,domingo,03:40:00,PE,104,20,TAQUARITINGA DO NORTE,Conversão proibida,Colisão frontal,Com Vítimas Feridas,Plena Noite,Decrescente,Céu Claro,Simples,Reta,Não,2,0,0,1,1,0,1,2,"-7,956497","-36,128529",SPRF-PE,DEL02-PE,UOP01-DEL02-PE
394376.0,2021-11-07,domingo,12:00:00,PE,104,30,TORITAMA,Velocidade Incompatível,Queda de ocupante de veículo,Com Vítimas Fatais,Pleno dia,Decrescente,Céu Claro,Simples,Reta,Sim,1,1,0,0,0,0,0,1,"-8,0137","-36,0565",SPRF-PE,DEL02-PE,UOP01-DEL02-PE
394509.0,2021-10-04,segunda-feira,13:00:00,PE,104,"65,4",CARUARU,Acesso irregular,Colisão lateral mesmo sentido,Com Vítimas Feridas,Pleno dia,Decrescente,Nublado,Dupla,Reta,Sim,2,0,1,0,1,0,1,2,"-8,2867","-35,9838",SPRF-PE,DEL02-PE,UOP01-DEL02-PE
394531.0,2021-11-08,segunda-feira,07:15:00,PE,101,"56,8",PAULISTA,Conversão proibida,Colisão traseira,Com Vítimas Feridas,Pleno dia,Crescente,Sol,Dupla,Reta;Retorno Regulamentado    ,Sim,3,0,2,0,1,0,2,2,"-7,9554509","-34,91140727",SPRF-PE,DEL01-PE,UOP02-DEL01-PE
394558.0,2021-09-25,sábado,07:20:00,PE,101,"96,4",CABO DE SANTO AGOSTINHO,Demais falhas mecânicas ou elétricas,Saída de leito carroçável,Com Vítimas Fatais,Pleno dia,Crescente,Nublado,Dupla,Curva,Não,2,1,0,1,0,0,1,1,"-8,25146993","-35,021805",SPRF-PE,DEL01-PE,UOP01-DEL01-PE
394674.0,2021-11-08,segunda-feira,20:50:00,PE,104,"124,5",PANELAS,Velocidade Incompatível,Saída de leito carroçável,Com Vítimas Fatais,Plena Noite,Crescente,Céu Claro,Simples,Curva,Não,2,1,1,0,0,0,1,1,"-8,729818","-36,017517",SPRF-PE,DEL02-PE,UOP01-DEL02-PE
394679.0,2021-11-08,segunda-feira,21:10:00,PE,408,"89,9",SAO LOURENCO DA MATA,Condutor deixou de manter distância do veículo da frente,Colisão traseira,Com Vítimas Feridas,Plena Noite,Crescente,Céu Claro,Dupla,Reta,Não,2,0,1,0,1,0,1,2,"-7,987723","-35,077173",SPRF-PE,DEL01-PE,UOP01-DEL01-PE
394707.0,2021-11-09,terça-feira,06:00:00,PE,101,"54,8",PAULISTA,Demais falhas mecânicas ou elétricas,Incêndio,Sem Vítimas,Pleno dia,Crescente,Nublado,Dupla,Aclive,Não,1,0,0,0,1,0,0,1,"-7,93961103","-34,90356584",SPRF-PE,DEL01-PE,UOP02-DEL01-PE
394709.0,2021-11-09,terça-feira,06:15:00,PE,232,10,JABOATAO DOS GUARARAPES,Ausência de reação do condutor,Colisão traseira,Sem Vítimas,Pleno dia,Decrescente,Garoa/Chuvisco,Dupla,Viaduto,Não,2,0,0,0,2,0,0,2,"-8,07917241","-34,98718609",SPRF-PE,DEL01-PE,UOP01-DEL01-PE
394719.0,2021-11-09,terça-feira,06:50:00,PE,101,112,CABO DE SANTO AGOSTINHO,Condutor deixou de manter distância do veículo da frente,Colisão traseira,Com Vítimas Feridas,Pleno dia,Decrescente,Céu Claro,Dupla,Curva,Não,3,0,2,0,1,0,2,2,"-8,3278918","-35,119238",SPRF-PE,DEL01-PE,UOP01-DEL01-PE
394824.0,2021-11-09,terça-feira,17:00:00,PE,428,"189,5",PETROLINA,Conversão proibida,Colisão transversal,Com Vítimas Feridas,Pleno dia,Crescente,Céu Claro,Dupla,Reta,Sim,2,0,1,0,1,0,1,2,"-9,37197508","-40,48679585",SPRF-PE,DEL06-PE,UOP01-DEL06-PE
394840.0,2021-11-09,terça-feira,19:40:00,PE,101,64,RECIFE,Condutor deixou de manter distância do veículo da frente,Colisão traseira,Com Vítimas Feridas,Plena Noite,Decrescente,Céu Claro,Dupla,Reta,Sim,3,0,2,0,0,1,2,2,"-8,0162921","-34,94045886",SPRF-PE,DEL01-PE,UOP01-DEL01-PE
394841.0,2021-11-09,terça-feira,19:40:00,PE,407,"118,3",PETROLINA,Acessar a via sem observar a presença dos outros veículos,Colisão transversal,Com Vítimas Feridas,Plena Noite,Decrescente,Céu Claro,Simples,Reta,Não,2,0,1,0,1,0,1,2,"-9,32245397","-40,56878794",SPRF-PE,DEL06-PE,UOP02-DEL06-PE
394886.0,2021-11-10,quarta-feira,07:05:00,PE,232,142,SAO CAITANO,Avarias e/ou desgaste excessivo no pneu,Queda de ocupante de veículo,Com Vítimas Feridas,Pleno dia,Crescente,Nublado,Dupla,Reta,Não,1,0,1,0,0,0,1,1,"-8,32242118","-36,09480698",SPRF-PE,DEL02-PE,UOP03-DEL02-PE
394892.0,2021-11-10,quarta-feira,08:15:00,PE,101,"45,3",IGARASSU,Entrada inopinada do pedestre,Atropelamento de Pedestre,Com Vítimas Feridas,Pleno dia,Decrescente,Céu Claro,Múltipla,Reta,Sim,4,0,0,1,1,2,1,2,"-7,86521297","-34,90715176",SPRF-PE,DEL01-PE,UOP02-DEL01-PE
394903.0,2021-11-10,quarta-feira,09:10:00,PE,101,73,RECIFE,Reação tardia ou ineficiente do condutor,Colisão traseira,Com Vítimas Feridas,Pleno dia,Crescente,Céu Claro,Dupla,Reta,Sim,2,0,1,0,1,0,1,2,"-8,097156","-34,950037",SPRF-PE,DEL01-PE,UOP01-DEL01-PE
394905.0,2021-11-10,quarta-feira,09:58:00,PE,101,69,RECIFE,Acessar a via sem observar a presença dos outros veículos,Colisão traseira,Com Vítimas Feridas,Pleno dia,Crescente,Céu Claro,Dupla,Reta,Sim,3,0,2,0,1,0,2,2,"-8,063928","-34,944673",SPRF-PE,DEL01-PE,UOP01-DEL01-PE
394946.0,2021-11-10,quarta-feira,14:40:00,PE,232,333,CUSTODIA,Velocidade Incompatível,Capotamento,Com Vítimas Feridas,Pleno dia,Crescente,Céu Claro,Simples,Reta,Não,1,0,1,0,0,0,1,1,"-8,0886886","-37,62796997",SPRF-PE,DEL03-PE,UOP02-DEL03-PE
394950.0,2021-11-10,quarta-feira,15:10:00,PE,101,80,JABOATAO DOS GUARARAPES,Manobra de mudança de faixa,Colisão transversal,Sem Vítimas,Pleno dia,Decrescente,Céu Claro,Dupla,Aclive,Sim,2,0,0,0,2,0,0,2,"-8,15112589","-34,9428866",SPRF-PE,DEL01-PE,UOP01-DEL01-PE
394951.0,2021-11-10,quarta-feira,15:30:00,PE,428,189,PETROLINA,Condutor desrespeitou a iluminação vermelha do semáforo,Colisão transversal,Com Vítimas Feridas,Pleno dia,Decrescente,Sol,Múltipla,Retorno Regulamentado,Sim,2,0,1,0,1,0,1,2,"-9,37725748","-40,50384521",SPRF-PE,DEL06-PE,UOP01-DEL06-PE
395003.0,2021-11-10,quarta-feira,20:10:00,PE,428,"189,8",PETROLINA,Condutor desrespeitou a iluminação vermelha do semáforo,Colisão transversal,Com Vítimas Feridas,Plena Noite,Crescente,Céu Claro,Dupla,Retorno Regulamentado,Sim,2,0,1,0,1,0,1,2,"-9,37793784","-40,50451845",SPRF-PE,DEL06-PE,UOP01-DEL06-PE
395009.0,2021-11-10,quarta-feira,21:20:00,PE,408,96,SAO LOURENCO DA MATA,Animais na Pista,Atropelamento de Animal,Com Vítimas Feridas,Plena Noite,Decrescente,Céu Claro,Dupla,Reta,Sim,3,0,1,0,2,0,1,2,"-8,022794","-35,040012",SPRF-PE,DEL01-PE,UOP01-DEL01-PE
395116.0,2021-11-11,quinta-feira,13:00:00,PE,116,26,SALGUEIRO,Ausência de reação do condutor,Queda de ocupante de veículo,Com Vítimas Feridas,Pleno dia,Crescente,Céu Claro,Simples,Reta,Sim,1,0,1,0,0,0,1,1,"-8,069921","-39,13364",SPRF-PE,DEL05-PE,UOP01-DEL05-PE
395325.0,2021-11-12,sexta-feira,12:40:00,PE,428,188,PETROLINA,Velocidade Incompatível,Saída de leito carroçável,Com Vítimas Feridas,Pleno dia,Decrescente,Céu Claro,Simples,Rotatória,Sim,1,0,0,1,0,0,1,1,"-9,37511","-40,48865",SPRF-PE,DEL06-PE,UOP01-DEL06-PE
395341.0,2021-09-29,quarta-feira,21:50:00,PE,101,"62,8",RECIFE,Entrada inopinada do pedestre,Atropelamento de Pedestre,Com Vítimas Fatais,Plena Noite,Decrescente,Céu Claro,Dupla,Reta,Sim,2,1,0,0,1,0,0,2,"-7,99905898","-34,93899295",SPRF-PE,DEL01-PE,UOP02-DEL01-PE
395346.0,2021-11-12,sexta-feira,15:23:00,PE,232,"4,3",RECIFE,Pedestre cruzava a pista fora da faixa,Atropelamento de Pedestre,Com Vítimas Feridas,Pleno dia,Crescente,Céu Claro,Simples,Curva,Sim,3,0,0,1,1,1,1,2,"-8,064473","-34,936928",SPRF-PE,DEL01-PE,UOP01-DEL01-PE
395404.0,2021-11-12,sexta-feira,19:45:00,PE,101,72,RECIFE,Entrada inopinada do pedestre,Atropelamento de Pedestre,Com Vítimas Feridas,Plena Noite,Crescente,Céu Claro,Dupla,Reta,Sim,2,0,2,0,0,0,2,2,"-8,08493106","-34,9450639",SPRF-PE,DEL01-PE,UOP01-DEL01-PE
395411.0,2021-11-12,sexta-feira,20:09:00,PE,232,"7,9",RECIFE,Ausência de reação do condutor,Colisão lateral mesmo sentido,Com Vítimas Feridas,Plena Noite,Crescente,Céu Claro,Dupla,Reta,Sim,3,0,2,0,1,0,2,2,"-8,07333497","-34,96184301",SPRF-PE,DEL01-PE,UOP01-DEL01-PE
395424.0,2021-11-12,sexta-feira,21:20:00,PE,101,69,RECIFE,Manobra de mudança de faixa,Colisão traseira,Com Vítimas Feridas,Plena Noite,Decrescente,Nublado,Dupla,Reta,Sim,3,0,3,0,0,0,3,2,"-8,05951606","-34,94581024",SPRF-PE,DEL01-PE,UOP01-DEL01-PE
395426.0,2021-11-12,sexta-feira,18:55:00,PE,407,129,PETROLINA,Reação tardia ou ineficiente do condutor,Colisão traseira,Com Vítimas Feridas,Amanhecer,Decrescente,Céu Claro,Simples,Aclive,Sim,2,0,1,0,1,0,1,2,"-9,39958299","-40,50459298",SPRF-PE,DEL06-PE,UOP01-DEL06-PE
395451.0,2021-09-12,domingo,23:15:00,PE,101,100,CABO DE SANTO AGOSTINHO,Ingestão de álcool pelo condutor,Colisão transversal,Com Vítimas Feridas,Plena Noite,Crescente,Céu Claro,Dupla,Reta,Sim,2,0,0,1,1,0,1,2,"-8,26699309","-35,05234386",SPRF-PE,DEL01-PE,UOP01-DEL01-PE
395554.0,2021-11-13,sábado,11:10:00,PE,101,89,CABO DE SANTO AGOSTINHO,Acessar a via sem observar a presença dos outros veículos,Colisão lateral mesmo sentido,Com Vítimas Feridas,Pleno dia,Crescente,Céu Claro,Simples,Reta,Sim,2,0,1,0,1,0,1,2,"-8,23361937","-34,97828007",SPRF-PE,DEL01-PE,UOP01-DEL01-PE
395624.0,2021-11-13,sábado,16:50:00,PE,232,"72,7",GRAVATA,Reação tardia ou ineficiente do condutor,Atropelamento de Pedestre,Com Vítimas Feridas,Pleno dia,Crescente,Céu Claro,Dupla,Reta,Não,2,0,0,1,1,0,1,2,"-8,18714215","-35,50102523",SPRF-PE,DEL02-PE,UOP02-DEL02PE
395642.0,2021-11-13,sábado,18:00:00,PE,104,"111,8",PANELAS,Velocidade Incompatível,Colisão traseira,Com Vítimas Fatais,Plena Noite,Decrescente,Céu Claro,Simples,Reta,Não,3,1,1,1,0,0,2,2,"-8,628445","-36,008938",SPRF-PE,DEL02-PE,UOP01-DEL02-PE
395664.0,2021-11-13,sábado,20:10:00,PE,101,"48,5",ABREU E LIMA,Entrada inopinada do pedestre,Atropelamento de Pedestre,Com Vítimas Feridas,Plena Noite,Decrescente,Céu Claro,Múltipla,Reta,Sim,2,0,1,0,0,1,1,2,"-7,89174705","-34,9033493",SPRF-PE,DEL01-PE,UOP02-DEL01-PE
395684.0,2021-11-13,sábado,18:40:00,PE,428,21,CABROBO,Transitar no acostamento,Atropelamento de Pedestre,Com Vítimas Feridas,Plena Noite,Decrescente,Céu Claro,Simples,Reta,Não,4,0,1,2,0,1,3,2,"-8,49138185","-39,40660696",SPRF-PE,DEL05-PE,UOP03-DEL05-PE
395715.0,2021-11-14,domingo,03:25:00,PE,232,88,GRAVATA,Condutor Dormindo,Capotamento,Com Vítimas Feridas,Plena Noite,Crescente,Céu Claro,Dupla,Reta,Não,4,0,0,4,0,0,4,1,"-8,215178","-35,637814",SPRF-PE,DEL02-PE,UOP02-DEL02PE
395719.0,2021-11-14,domingo,01:15:00,PE,316,57,TRINDADE,Ausência de reação do condutor,Atropelamento de Animal,Com Vítimas Feridas,Plena Noite,Crescente,Céu Claro,Simples,Reta,Sim,1,0,1,0,0,0,1,1,"-7,74765771","-40,2710428",SPRF-PE,DEL05-PE,UOP02-DEL05-PE
395754.0,2021-11-14,domingo,07:00:00,PE,232,"49,8",VITORIA DE SANTO ANTAO,Manobra de mudança de faixa,Colisão lateral mesmo sentido,Com Vítimas Feridas,Pleno dia,Crescente,Céu Claro,Dupla,Reta,Não,3,0,3,0,0,0,3,2,"-8,143676","-35,314419",SPRF-PE,DEL01-PE,UOP01-DEL01-PE
395840.0,2021-11-14,domingo,18:30:00,PE,101,"48,3",ABREU E LIMA,Mal súbito do condutor,Queda de ocupante de veículo,Com Vítimas Feridas,Plena Noite,Decrescente,Céu Claro,Múltipla,Reta,Sim,1,0,1,0,0,0,1,1,"-7,89174705","-34,9033493",SPRF-PE,DEL01-PE,UOP02-DEL01-PE
395901.0,2021-11-15,segunda-feira,00:45:00,PE,232,409,SERRA TALHADA,Animais na Pista,Atropelamento de Animal,Com Vítimas Feridas,Plena Noite,Decrescente,Céu Claro,Simples,Reta,Sim,1,0,0,1,0,0,1,1,"-7,981944","-38,289467",SPRF-PE,DEL04-PE,UOP01-DEL04-PE