id,data_inversa,dia_semana,horario,uf,br,km,municipio,causa_acidente,tipo_acidente,classificacao_acidente,fase_dia,sentido_via,condicao_metereologica,tipo_pista,tracado_via,uso_solo,pessoas,mortos,feridos_leves,feridos_graves,ilesos,ignorados,feridos,veiculos,latitude,longitude,regional,delegacia,uop
395903.0,2021-11-15,segunda-feira,01:40:00,PE,232,"149,1",SAO CAITANO,Conversão proibida,Colisão lateral mesmo sentido,Sem Vítimas,Plena Noite,Crescente,Céu Claro,Simples,Reta,Não,4,0,0,0,4,0,0,2,"-8,32744699","-36,15405",SPRF-PE,DEL02-PE,UOP03-DEL02-PE
395910.0,2021-11-15,segunda-feira,02:55:00,PE,104,55,CARUARU,Ingestão de álcool pelo condutor,Colisão traseira,Sem Vítimas,Plena Noite,Decrescente,Céu Claro,Dupla,Declive;Curva                 ,Não,2,0,0,0,1,1,0,2,"-8,2018","-35,9671",SPRF-PE,DEL02-PE,UOP01-DEL02-PE
395936.0,2021-11-15,segunda-feira,04:15:00,PE,101,"102,2",CABO DE SANTO AGOSTINHO,Pedestre andava na pista,Atropelamento de Pedestre,Com Vítimas Fatais,Amanhecer,Crescente,Nublado,Dupla,Curva,Não,2,1,0,0,0,1,0,2,"-8,285902","-35,058033",SPRF-PE,DEL01-PE,UOP01-DEL01-PE
395944.0,2021-11-15,segunda-feira,06:55:00,PE,101,82,JABOATAO DOS GUARARAPES,Acessar a via sem observar a presença dos outros veículos,Colisão traseira,Com Vítimas Feridas,Pleno dia,Crescente,Sol,Múltipla,Reta,Sim,3,0,1,0,2,0,1,2,"-8,17093491","-34,93890524",SPRF-PE,DEL01-PE,UOP01-DEL01-PE
396082.0,2021-11-15,segunda-feira,18:30:00,PE,104,"65,7",CARUARU,Condutor deixou de manter distância do veículo da frente,Colisão traseira,Sem Vítimas,Plena Noite,Decrescente,Céu Claro,Simples,Curva,Sim,2,0,0,0,2,0,0,2,"-8,282858","-35,981433",SPRF-PE,DEL02-PE,UOP01-DEL02-PE
396106.0,2021-11-16,terça-feira,01:15:00,PE,101,51,ABREU E LIMA,Ausência de reação do condutor,Colisão com objeto,Sem Vítimas,Plena Noite,Decrescente,Céu Claro,Dupla,Reta,Sim,1,0,0,0,0,1,0,1,"-7,9169968","-34,89689272",SPRF-PE,DEL01-PE,UOP02-DEL01-PE
396123.0,2021-11-15,segunda-feira,17:40:00,PE,232,176,BELO JARDIM,Sinalização mal posicionada,Colisão transversal,Sem Vítimas,Anoitecer,Decrescente,Nublado,Simples,Reta,Não,5,0,0,0,4,1,0,2,"-8,34573608","-36,39481995",SPRF-PE,DEL02-PE,UOP03-DEL02-PE
396155.0,2021-11-16,terça-feira,07:20:00,PE,232,462,SAO JOSE DO BELMONTE,Acessar a via sem observar a presença dos outros veículos,Colisão lateral mesmo sentido,Com Vítimas Feridas,Pleno dia,Crescente,Céu Claro,Simples,Reta,Não,2,0,0,1,1,0,1,2,"-8,01935472","-38,70660414",SPRF-PE,DEL05-PE,UOP01-DEL05-PE
396158.0,2021-11-16,terça-feira,09:35:00,PE,428,"187,9",PETROLINA,Desrespeitar a preferência no cruzamento,Colisão transversal,Com Vítimas Feridas,Pleno dia,Crescente,Céu Claro,Simples,Reta,Sim,2,0,1,0,1,0,1,2,"-9,372928","-40,487629",SPRF-PE,DEL06-PE,UOP01-DEL06-PE
396170.0,2021-11-16,terça-feira,10:30:00,PE,232,"53,6",POMBOS,Ausência de reação do condutor,Colisão com objeto,Com Vítimas Feridas,Pleno dia,Decrescente,Sol,Dupla,Reta,Sim,3,0,0,3,0,0,3,1,"-8,13014263","-35,3484723",SPRF-PE,DEL02-PE,UOP02-DEL02PE
396189.0,2021-11-16,terça-feira,12:22:00,PE,101,66,RECIFE,Reação tardia ou ineficiente do condutor,Queda de ocupante de veículo,Com Vítimas Feridas,Pleno dia,Decrescente,Nublado,Múltipla,Reta,Sim,1,0,1,0,0,0,1,1,"-8,043055","-34,943222",SPRF-PE,DEL01-PE,UOP01-DEL01-PE
396379.0,2021-11-17,quarta-feira,14:30:00,PE,101,70,RECIFE,Acesso irregular,Colisão transversal,Com Vítimas Feridas,Pleno dia,Decrescente,Céu Claro,Dupla,Reta,Sim,2,0,0,1,1,0,1,2,"-8,06776119","-34,94265074",SPRF-PE,DEL01-PE,UOP01-DEL01-PE
396396.0,2021-11-17,quarta-feira,17:10:00,PE,101,46,IGARASSU,Pedestre cruzava a pista fora da faixa,Atropelamento de Pedestre,Com Vítimas Feridas,Anoitecer,Decrescente,Céu Claro,Múltipla,Reta,Sim,2,0,1,0,1,0,1,2,"-7,87406004","-34,90588126",SPRF-PE,DEL01-PE,UOP02-DEL01-PE
396458.0,2021-11-18,quinta-feira,00:00:00,PE,101,86,JABOATAO DOS GUARARAPES,Animais na Pista,Atropelamento de Animal,Com Vítimas Feridas,Plena Noite,Decrescente,Céu Claro,Simples,Reta,Sim,1,0,0,1,0,0,1,1,"-8,18470013","-34,96816895",SPRF-PE,DEL01-PE,UOP01-DEL01-PE
396480.0,2021-11-18,quinta-feira,09:00:00,PE,232,"5,4",RECIFE,Manobra de mudança de faixa,Colisão lateral mesmo sentido,Com Vítimas Feridas,Pleno dia,Crescente,Sol,Dupla,Reta,Não,2,0,1,0,1,0,1,2,"-8,06795766","-34,94535414",SPRF-PE,DEL01-PE,UOP01-DEL01-PE
396504.0,2021-11-18,quinta-feira,08:15:00,PE,428,"186,7",PETROLINA,Acessar a via sem observar a presença dos outros veículos,Colisão frontal,Com Vítimas Feridas,Pleno dia,Decrescente,Sol,Simples,Interseção de Vias;Em Obras   ,Sim,3,0,2,0,1,0,2,2,"-9,36382211","-40,48233892",SPRF-PE,DEL06-PE,UOP01-DEL06-PE
396535.0,2021-11-18,quinta-feira,14:00:00,PE,101,48,ABREU E LIMA,Manobra de mudança de faixa,Colisão traseira,Com Vítimas Feridas,Pleno dia,Crescente,Céu Claro,Dupla,Reta,Sim,3,0,1,0,2,0,1,3,"-7,89174705","-34,9033493",SPRF-PE,DEL01-PE,UOP02-DEL01-PE
396561.0,2021-11-18,quinta-feira,13:30:00,PE,232,"95,2",SAIRE,Demais falhas mecânicas ou elétricas,Incêndio,Sem Vítimas,Pleno dia,Crescente,Céu Claro,Dupla,Declive;Reta                  ,Não,1,0,0,0,0,1,0,1,"-8,22740988","-35,69941904",SPRF-PE,DEL02-PE,UOP02-DEL02PE
396594.0,2021-11-18,quinta-feira,18:51:00,PE,428,187,PETROLINA,Reação tardia ou ineficiente do condutor,Colisão traseira,Com Vítimas Feridas,Pleno dia,Crescente,Céu Claro,Simples,Reta,Sim,3,0,1,0,2,0,1,3,"-9,37048271","-40,48624992",SPRF-PE,DEL06-PE,UOP01-DEL06-PE
396633.0,2021-11-19,sexta-feira,04:00:00,PE,101,"78,7",JABOATAO DOS GUARARAPES,Animais na Pista,Atropelamento de Animal,Com Vítimas Feridas,Amanhecer,Crescente,Céu Claro,Dupla,Curva,Não,1,0,1,0,0,0,1,1,"-8,13496499","-34,94738614",SPRF-PE,DEL01-PE,UOP01-DEL01-PE
396682.0,2021-11-19,sexta-feira,10:00:00,PE,423,"75,9",JUCATI,Reação tardia ou ineficiente do condutor,Colisão transversal,Com Vítimas Fatais,Pleno dia,Crescente,Céu Claro,Simples,Curva;Declive                 ,Não,3,1,1,0,0,1,1,3,"-8,72421234","-36,42879161",SPRF-PE,DEL03-PE,UOP01-DEL03-PE
396693.0,2021-11-19,sexta-feira,12:10:00,PE,116,"26,8",SALGUEIRO,Acessar a via sem observar a presença dos outros veículos,Colisão transversal,Com Vítimas Feridas,Pleno dia,Decrescente,Sol,Simples,Reta,Sim,3,0,2,0,1,0,2,3,"-8,069921","-39,13364",SPRF-PE,DEL05-PE,UOP01-DEL05-PE
396718.0,2021-11-19,sexta-feira,15:05:00,PE,408,96,SAO LOURENCO DA MATA,Animais na Pista,Colisão traseira,Com Vítimas Feridas,Pleno dia,Decrescente,Sol,Dupla,Reta,Sim,3,0,1,0,2,0,1,2,"-8,024225","-35,039202",SPRF-PE,DEL01-PE,UOP01-DEL01-PE
396759.0,2021-11-19,sexta-feira,18:40:00,PE,104,75,AGRESTINA,Ausência de reação do condutor,Saída de leito carroçável,Com Vítimas Feridas,Plena Noite,Crescente,Céu Claro,Simples,Reta,Não,4,0,4,0,0,0,4,1,"-8,358562","-35,985699",SPRF-PE,DEL02-PE,UOP01-DEL02-PE
396857.0,2021-11-20,sábado,07:00:00,PE,101,118,IPOJUCA,Afundamento ou ondulação no pavimento,Colisão com objeto,Com Vítimas Feridas,Pleno dia,Crescente,Nublado,Dupla,Reta,Não,3,0,3,0,0,0,3,1,"-8,35293357","-35,16028998",SPRF-PE,DEL01-PE,UOP01-DEL01-PE
396879.0,2021-11-20,sábado,09:15:00,PE,104,"60,3",CARUARU,Reação tardia ou ineficiente do condutor,Capotamento,Com Vítimas Feridas,Pleno dia,Crescente,Sol,Dupla,Reta,Não,8,0,8,0,0,0,8,1,"-8,2436928","-35,97533762",SPRF-PE,DEL02-PE,UOP01-DEL02-PE
396953.0,2021-11-20,sábado,16:20:00,PE,232,"407,4",SERRA TALHADA,Ausência de reação do condutor,Colisão traseira,Sem Vítimas,Pleno dia,Crescente,Céu Claro,Simples,Reta,Não,2,0,0,0,2,0,0,2,"-7,9854402","-38,27148304",SPRF-PE,DEL04-PE,UOP01-DEL04-PE
397046.0,2021-11-21,domingo,02:20:00,PE,232,"191,9",SANHARO,Animais na Pista,Atropelamento de Animal,Com Vítimas Feridas,Plena Noite,Crescente,Céu Claro,Simples,Reta,Não,2,0,2,0,0,0,2,1,"-8,357748","-36,534935",SPRF-PE,DEL02-PE,UOP03-DEL02-PE
397155.0,2021-11-21,domingo,16:05:00,PE,316,"20,5",ARARIPINA,Acessar a via sem observar a presença dos outros veículos,Colisão transversal,Com Vítimas Fatais,Pleno dia,Crescente,Céu Claro,Simples,Reta,Não,9,1,6,2,0,0,8,2,"-7,55997805","-40,53416406",SPRF-PE,DEL05-PE,UOP02-DEL05-PE
397161.0,2021-11-21,domingo,16:00:00,PE,101,18,GOIANA,Ingestão de álcool e/ou substâncias psicoativas pelo pedestre,Colisão traseira,Com Vítimas Feridas,Pleno dia,Decrescente,Sol,Múltipla,Reta,Não,6,0,1,0,3,2,1,3,"-7,64778973","-34,95054569",SPRF-PE,DEL01-PE,UOP02-DEL01-PE
397176.0,2021-11-21,domingo,18:05:00,PE,101,"47,6",IGARASSU,Ingestão de álcool e/ou substâncias psicoativas pelo pedestre,Atropelamento de Pedestre,Com Vítimas Fatais,Anoitecer,Crescente,Céu Claro,Múltipla,Reta,Sim,2,1,0,0,1,0,0,2,"-7,88290701","-34,90461208",SPRF-PE,DEL01-PE,UOP02-DEL01-PE
397299.0,2021-11-22,segunda-feira,08:00:00,PE,101,45,IGARASSU,Condutor deixou de manter distância do veículo da frente,Colisão traseira,Com Vítimas Feridas,Pleno dia,Decrescente,Céu Claro,Múltipla,Reta,Sim,7,0,5,0,2,0,5,2,"-7,86521297","-34,90715176",SPRF-PE,DEL01-PE,UOP02-DEL01-PE
397308.0,2021-11-22,segunda-feira,08:28:00,PE,101,"58,8",RECIFE,Demais falhas mecânicas ou elétricas,Colisão lateral mesmo sentido,Com Vítimas Feridas,Pleno dia,Crescente,Céu Claro,Dupla,Ponte,Não,4,0,1,0,2,1,1,3,"-7,976253","-34,924986",SPRF-PE,DEL01-PE,UOP02-DEL01-PE
397309.0,2021-11-22,segunda-feira,06:45:00,PE,232,"97,4",BEZERROS,Demais falhas mecânicas ou elétricas,Colisão com objeto,Sem Vítimas,Pleno dia,Crescente,Céu Claro,Dupla,Reta,Sim,2,0,0,0,2,0,0,1,"-8,23379718","-35,71628894",SPRF-PE,DEL02-PE,UOP02-DEL02PE
397318.0,2021-10-26,terça-feira,07:00:00,PE,232,11,JABOATAO DOS GUARARAPES,Área urbana sem a presença de local apropriado para a travessia de pedestres,Atropelamento de Pedestre,Com Vítimas Feridas,Pleno dia,Decrescente,Chuva,Dupla,Reta,Sim,2,0,1,0,0,1,1,2,"-8,079233","-34,98678099",SPRF-PE,DEL01-PE,UOP01-DEL01-PE
397351.0,2021-11-22,segunda-feira,14:50:00,PE,101,17,CABO DE SANTO AGOSTINHO,Conversão proibida,Colisão lateral mesmo sentido,Sem Vítimas,Pleno dia,Crescente,Céu Claro,Simples,Reta,Sim,2,0,0,0,2,0,0,2,"-8,292116","-35,048348",SPRF-PE,DEL01-PE,UOP02-DEL01-PE
397508.0,2021-11-23,terça-feira,15:30:00,PE,408,"78,4",PAUDALHO,Condutor Dormindo,Saída de leito carroçável,Sem Vítimas,Pleno dia,Decrescente,Céu Claro,Dupla,Reta,Não,1,0,0,0,0,1,0,1,"-7,925558","-35,151312",SPRF-PE,DEL01-PE,UOP01-DEL01-PE
397540.0,2021-11-23,terça-feira,18:40:00,PE,232,"13,8",JABOATAO DOS GUARARAPES,Transitar no acostamento,Atropelamento de Pedestre,Com Vítimas Feridas,Plena Noite,Crescente,Céu Claro,Dupla,Curva,Não,3,0,0,2,0,1,2,2,"-8,089794","-35,019126",SPRF-PE,DEL01-PE,UOP01-DEL01-PE
397564.0,2021-11-23,terça-feira,20:30:00,PE,101,41,IGARASSU,Entrada inopinada do pedestre,Atropelamento de Pedestre,Sem Vítimas,Plena Noite,Crescente,Céu Claro,Dupla,Reta,Sim,2,0,0,0,1,1,0,2,"-7,83038346","-34,91426785",SPRF-PE,DEL01-PE,UOP02-DEL01-PE
397594.0,2021-11-24,quarta-feira,05:00:00,PE,232,"109,5",BEZERROS,Reação tardia ou ineficiente do condutor,Saída de leito carroçável,Com Vítimas Feridas,Amanhecer,Crescente,Céu Claro,Dupla,Curva,Não,1,0,0,1,0,0,1,1,"-8,28036785","-35,81085313",SPRF-PE,DEL02-PE,UOP02-DEL02PE
397595.0,2021-11-24,quarta-feira,06:40:00,PE,101,48,ABREU E LIMA,Velocidade Incompatível,Colisão com objeto,Com Vítimas Feridas,Amanhecer,Decrescente,Sol,Múltipla,Reta,Sim,1,0,0,1,0,0,1,1,"-7,89174705","-34,9033493",SPRF-PE,DEL01-PE,UOP02-DEL01-PE
397649.0,2021-11-24,quarta-feira,12:45:00,PE,428,"186,5",PETROLINA,Reação tardia ou ineficiente do condutor,Colisão traseira,Com Vítimas Feridas,Pleno dia,Crescente,Sol,Simples,Reta,Sim,2,0,1,0,1,0,1,2,"-9,3653","-40,4833",SPRF-PE,DEL06-PE,UOP01-DEL06-PE
397668.0,2021-11-24,quarta-feira,13:40:00,PE,101,199,PALMARES,Condutor Dormindo,Saída de leito carroçável,Com Vítimas Feridas,Pleno dia,Crescente,Céu Claro,Dupla,Curva,Não,1,0,1,0,0,0,1,1,"-8,76435921","-35,61464773",SPRF-PE,DEL01-PE,UOP01-DEL01-PE
397712.0,2021-11-24,quarta-feira,19:10:00,PE,101,"60,5",RECIFE,Transitar no acostamento,Atropelamento de Pedestre,Com Vítimas Feridas,Plena Noite,Decrescente,Céu Claro,Dupla,Reta,Sim,3,0,0,1,2,0,1,3,"-7,98344307","-34,93176727",SPRF-PE,DEL01-PE,UOP02-DEL01-PE
397713.0,2021-11-24,quarta-feira,17:36:00,PE,101,"65,8",RECIFE,Manobra de mudança de faixa,Colisão lateral mesmo sentido,Com Vítimas Feridas,Anoitecer,Decrescente,Céu Claro,Dupla,Reta,Sim,2,0,1,0,1,0,1,2,"-8,02478597","-34,94276635",SPRF-PE,DEL01-PE,UOP01-DEL01-PE
397740.0,2021-11-24,quarta-feira,21:30:00,PE,232,"12,7",JABOATAO DOS GUARARAPES,Demais falhas mecânicas ou elétricas,Incêndio,Sem Vítimas,Plena Noite,Decrescente,Céu Claro,Dupla,Reta,Não,1,0,0,0,1,0,0,1,"-8,08577691","-35,00345603",SPRF-PE,DEL01-PE,UOP01-DEL01-PE
397747.0,2021-11-24,quarta-feira,21:36:00,PE,232,"64,5",POMBOS,Reação tardia ou ineficiente do condutor,Tombamento,Com Vítimas Feridas,Plena Noite,Decrescente,Céu Claro,Dupla,Reta,Não,2,0,2,0,0,0,2,1,"-8,16152271","-35,43959107",SPRF-PE,DEL02-PE,UOP02-DEL02PE
397764.0,2021-11-24,quarta-feira,23:40:00,PE,423,98,GARANHUNS,Ingestão de álcool pelo condutor,Colisão com objeto,Sem Vítimas,Plena Noite,Decrescente,Nublado,Simples,Interseção de Vias;Declive;Cur,Sim,1,0,0,0,1,0,0,1,"-8,87617488","-36,50363499",SPRF-PE,DEL03-PE,UOP01-DEL03-PE
397810.0,2021-11-25,quinta-feira,08:00:00,PE,232,"100,9",BEZERROS,Ausência de reação do condutor,Colisão transversal,Com Vítimas Feridas,Pleno dia,Decrescente,Céu Claro,Dupla,Interseção de Vias,Sim,3,0,1,1,1,0,2,2,"-8,23791176","-35,74297705",SPRF-PE,DEL02-PE,UOP02-DEL02PE
397816.0,2021-11-25,quinta-feira,10:45:00,PE,423,94,GARANHUNS,Acessar a via sem observar a presença dos outros veículos,Colisão transversal,Com Vítimas Feridas,Pleno dia,Decrescente,Céu Claro,Simples,Reta,Sim,3,0,2,0,1,0,2,2,"-8,874732","-36,46946",SPRF-PE,DEL03-PE,UOP01-DEL03-PE
397881.0,2021-11-25,quinta-feira,17:25:00,PE,101,69,RECIFE,Objeto estático sobre o leito carroçável,Tombamento,Com Vítimas Feridas,Plena Noite,Decrescente,Céu Claro,Dupla,Reta,Sim,2,0,2,0,0,0,2,1,"-8,05951606","-34,94581024",SPRF-PE,DEL01-PE,UOP01-DEL01-PE
397912.0,2021-11-25,quinta-feira,22:55:00,PE,428,"185,5",PETROLINA,Entrada inopinada do pedestre,Atropelamento de Pedestre,Com Vítimas Feridas,Plena Noite,Decrescente,Céu Claro,Simples,Reta,Sim,2,0,2,0,0,0,2,2,"-9,34009199","-40,47032001",SPRF-PE,DEL06-PE,UOP01-DEL06-PE
398027.0,2021-11-26,sexta-feira,13:40:00,PE,428,"11,2",CABROBO,Ultrapassagem Indevida,Colisão transversal,Com Vítimas Feridas,Pleno dia,Decrescente,Céu Claro,Simples,Reta,Não,2,0,0,1,1,0,1,2,"-8,5063914","-39,3161128",SPRF-PE,DEL05-PE,UOP03-DEL05-PE
398046.0,2021-11-26,sexta-feira,17:05:00,PE,101,"73,6",RECIFE,Área urbana sem a presença de local apropriado para a travessia de pedestres,Atropelamento de Pedestre,Com Vítimas Feridas,Anoitecer,Crescente,Céu Claro,Dupla,Reta,Sim,3,0,0,1,0,2,1,2,"-8,093369","-34,947464",SPRF-PE,DEL01-PE,UOP01-DEL01-PE
398093.0,2021-11-26,sexta-feira,19:20:00,PE,101,"17,9",CABO DE SANTO AGOSTINHO,Velocidade Incompatível,Colisão transversal,Com Vítimas Feridas,Plena Noite,Crescente,Céu Claro,Simples,Reta,Sim,3,0,1,1,0,1,2,2,"-8,292074","-35,048411",SPRF-PE,DEL01-PE,UOP02-DEL01-PE
398158.0,2021-11-27,sábado,06:05:00,PE,232,8,RECIFE,Estacionar ou parar em local proibido,Colisão lateral mesmo sentido,Com Vítimas Feridas,Pleno dia,Crescente,Céu Claro,Dupla,Reta,Sim,2,0,0,1,1,0,1,2,"-8,07583727","-34,97015791",SPRF-PE,DEL01-PE,UOP01-DEL01-PE
398172.0,2021-11-27,sábado,06:40:00,PE,101,64,RECIFE,Avarias e/ou desgaste excessivo no pneu,Saída de leito carroçável,Com Vítimas Feridas,Pleno dia,Crescente,Chuva,Dupla,Viaduto,Sim,1,0,1,0,0,0,1,1,"-8,0162921","-34,94045886",SPRF-PE,DEL01-PE,UOP01-DEL01-PE
398175.0,2021-11-27,sábado,08:00:00,PE,232,76,GRAVATA,Demais falhas mecânicas ou elétricas,Capotamento,Com Vítimas Feridas,Pleno dia,Crescente,Céu Claro,Dupla,Reta,Não,2,0,2,0,0,0,2,1,"-8,19541469","-35,53424693",SPRF-PE,DEL02-PE,UOP02-DEL02PE
398357.0,2021-11-27,sábado,18:40:00,PE,428,"143,2",PETROLINA,Ausência de reação do condutor,Tombamento,Com Vítimas Fatais,Plena Noite,Decrescente,Ignorado,Simples,Reta,Não,1,1,0,0,0,0,0,1,"-9,01587908","-40,27936587",SPRF-PE,DEL06-PE,UOP01-DEL06-PE
398370.0,2021-11-28,domingo,02:35:00,PE,423,"94,4",GARANHUNS,Reação tardia ou ineficiente do condutor,Queda de ocupante de veículo,Com Vítimas Feridas,Plena Noite,Crescente,Céu Claro,Simples,Curva,Sim,1,0,1,0,0,0,1,1,"-8,874732","-36,46946",SPRF-PE,DEL03-PE,UOP01-DEL03-PE
398434.0,2021-11-28,domingo,08:00:00,PE,101,"30,9",IGARASSU,Ausência de reação do condutor,Colisão com objeto,Sem Vítimas,Pleno dia,Crescente,Nublado,Dupla,Curva,Não,1,0,0,0,0,1,0,1,"-7,73816195","-34,94265811",SPRF-PE,DEL01-PE,UOP02-DEL01-PE
398503.0,2021-11-28,domingo,10:50:00,PE,101,"177,7",JOAQUIM NABUCO,Reação tardia ou ineficiente do condutor,Saída de leito carroçável,Com Vítimas Feridas,Pleno dia,Crescente,Céu Claro,Dupla,Retorno Regulamentado,Não,2,0,1,0,1,0,1,1,"-8,622152","-35,552882",SPRF-PE,DEL01-PE,UOP01-DEL01-PE
398516.0,2021-11-28,domingo,18:55:00,PE,101,"68,9",RECIFE,Ingestão de álcool pelo condutor,Tombamento,Com Vítimas Feridas,Plena Noite,Crescente,Céu Claro,Simples,Reta,Sim,1,0,1,0,0,0,1,1,"-8,05074296","-34,94580619",SPRF-PE,DEL01-PE,UOP01-DEL01-PE
398518.0,2021-11-28,domingo,06:10:00,PE,101,83,JABOATAO DOS GUARARAPES,Ingestão de álcool pelo condutor,Colisão traseira,Com Vítimas Feridas,Plena Noite,Crescente,Céu Claro,Simples,Reta,Sim,6,0,1,0,5,0,1,2,"-8,179913","-34,947465",SPRF-PE,DEL01-PE,UOP01-DEL01-PE
398520.0,2021-11-28,domingo,18:50:00,PE,101,"70,9",RECIFE,Animais na Pista,Atropelamento de Animal,Com Vítimas Feridas,Plena Noite,Crescente,Céu Claro,Dupla,Reta,Sim,2,0,1,0,1,0,1,1,"-8,076183","-34,943085",SPRF-PE,DEL01-PE,UOP01-DEL01-PE
398524.0,2021-11-28,domingo,19:00:00,PE,407,"123,9",PETROLINA,Transitar na contramão,Colisão lateral sentido oposto,Sem Vítimas,Plena Noite,Decrescente,Nublado,Simples,Rotatória;Curva               ,Sim,2,0,0,0,1,1,0,2,"-9,37384894","-40,53904653",SPRF-PE,DEL06-PE,UOP01-DEL06-PE
398534.0,2021-11-28,domingo,19:50:00,PE,101,13,GOIANA,Ausência de reação do condutor,Colisão com objeto,Com Vítimas Fatais,Plena Noite,Decrescente,Céu Claro,Múltipla,Interseção de Vias,Não,4,1,0,3,0,0,3,1,"-7,61043695","-34,97530291",SPRF-PE,DEL01-PE,UOP02-DEL01-PE
398550.0,2021-11-28,domingo,20:50:00,PE,104,87,AGRESTINA,Ingestão de álcool pelo condutor,Tombamento,Com Vítimas Feridas,Plena Noite,Crescente,Céu Claro,Simples,Reta,Não,1,0,1,0,0,0,1,1,"-8,454104","-35,945515",SPRF-PE,DEL02-PE,UOP01-DEL02-PE
398564.0,2021-11-28,domingo,19:40:00,PE,232,36,VITORIA DE SANTO ANTAO,Ingestão de álcool pelo condutor,Colisão traseira,Sem Vítimas,Plena Noite,Crescente,Céu Claro,Dupla,Reta,Não,2,0,0,0,2,0,0,2,"-8,11082778","-35,20125807",SPRF-PE,DEL01-PE,UOP01-DEL01-PE
398605.0,2021-11-29,segunda-feira,05:20:00,PE,101,"185,7",PALMARES,Condutor deixou de manter distância do veículo da frente,Colisão traseira,Com Vítimas Fatais,Pleno dia,Decrescente,Céu Claro,Dupla,Reta,Sim,3,1,0,0,2,0,0,2,"-8,676803","-35,576896",SPRF-PE,DEL01-PE,UOP01-DEL01-PE
398653.0,2021-11-29,segunda-feira,10:15:00,PE,232,"94,1",SAIRE,Reação tardia ou ineficiente do condutor,Tombamento,Com Vítimas Feridas,Pleno dia,Crescente,Céu Claro,Dupla,Reta,Não,1,0,1,0,0,0,1,1,"-8,22473335","-35,69081624",SPRF-PE,DEL02-PE,UOP02-DEL02PE
398725.0,2021-11-29,segunda-feira,15:30:00,PE,101,"87,8",JABOATAO DOS GUARARAPES,Demais falhas mecânicas ou elétricas,Incêndio,Sem Vítimas,Pleno dia,Decrescente,Nublado,Dupla,Reta,Não,2,0,0,0,2,0,0,1,"-8,19120206","-34,97449985",SPRF-PE,DEL01-PE,UOP01-DEL01-PE
398755.0,2021-11-29,segunda-feira,19:00:00,PE,424,"92,1",GARANHUNS,Reação tardia ou ineficiente do condutor,Colisão transversal,Com Vítimas Feridas,Plena Noite,Crescente,Céu Claro,Simples,Reta,Sim,2,0,1,0,1,0,1,2,"-8,9114249","-36,49444397",SPRF-PE,DEL03-PE,UOP01-DEL03-PE
398790.0,2021-11-30,terça-feira,07:20:00,PE,101,"75,2",RECIFE,Condutor deixou de manter distância do veículo da frente,Colisão traseira,Com Vítimas Feridas,Pleno dia,Decrescente,Céu Claro,Dupla,Aclive,Sim,3,0,2,0,1,0,2,2,"-8,10973523","-34,94660151",SPRF-PE,DEL01-PE,UOP01-DEL01-PE
398795.0,2021-11-30,terça-feira,08:00:00,PE,101,51,ABREU E LIMA,Manobra de mudança de faixa,Colisão lateral mesmo sentido,Com Vítimas Feridas,Pleno dia,Decrescente,Sol,Dupla,Reta,Sim,3,0,2,0,1,0,2,2,"-7,9169968","-34,89689272",SPRF-PE,DEL01-PE,UOP02-DEL01-PE
398799.0,2021-11-30,terça-feira,08:30:00,PE,232,"7,1",RECIFE,Reação tardia ou ineficiente do condutor,Colisão lateral mesmo sentido,Sem Vítimas,Pleno dia,Crescente,Céu Claro,Dupla,Reta,Sim,3,0,0,0,3,0,0,3,"-8,07333497","-34,96184301",SPRF-PE,DEL01-PE,UOP01-DEL01-PE
398800.0,2021-11-30,terça-feira,08:42:00,PE,101,98,CABO DE SANTO AGOSTINHO,Conversão proibida,Colisão transversal,Com Vítimas Feridas,Pleno dia,Decrescente,Céu Claro,Dupla,Interseção de Vias,Sim,2,0,1,0,1,0,1,2,"-8,277835","-35,029559",SPRF-PE,DEL01-PE,UOP01-DEL01-PE
398820.0,2021-11-30,terça-feira,12:03:00,PE,232,78,GRAVATA,Acesso irregular,Colisão transversal,Com Vítimas Feridas,Pleno dia,Crescente,Céu Claro,Simples,Reta;Declive                  ,Sim,2,0,0,1,1,0,1,2,"-8,194214","-35,554441",SPRF-PE,DEL02-PE,UOP02-DEL02PE
398844.0,2021-10-05,terça-feira,19:30:00,PE,232,"201,7",PESQUEIRA,Ingestão de álcool pelo condutor,Saída de leito carroçável,Com Vítimas Fatais,Plena Noite,Decrescente,Céu Claro,Simples,Reta,Não,1,1,0,0,0,0,0,1,"-8,37139106","-36,62566",SPRF-PE,DEL03-PE,UOP02-DEL03-PE
398861.0,2021-11-30,terça-feira,16:05:00,PE,232,"508,7",SALGUEIRO,Acessar a via sem observar a presença dos outros veículos,Colisão transversal,Com Vítimas Feridas,Pleno dia,Decrescente,Céu Claro,Simples,Reta,Sim,2,0,1,0,1,0,1,2,"-8,06223271","-39,12095006",SPRF-PE,DEL05-PE,UOP01-DEL05-PE
398957.0,2021-12-01,quarta-feira,07:10:00,PE,232,127,CARUARU,Acessar a via sem observar a presença dos outros veículos,Colisão lateral mesmo sentido,Com Vítimas Feridas,Pleno dia,Crescente,Céu Claro,Dupla,Reta,Sim,2,0,1,0,1,0,1,2,"-8,30610303","-35,96342301",SPRF-PE,DEL02-PE,UOP03-DEL02-PE