id,data_inversa,dia_semana,horario,uf,br,km,municipio,causa_acidente,tipo_acidente,classificacao_acidente,fase_dia,sentido_via,condicao_metereologica,tipo_pista,tracado_via,uso_solo,pessoas,mortos,feridos_leves,feridos_graves,ilesos,ignorados,feridos,veiculos,latitude,longitude,regional,delegacia,uop
399034.0,2021-12-01,quarta-feira,16:10:00,PE,104,"79,3",AGRESTINA,Condutor deixou de manter distância do veículo da frente,Colisão traseira,Com Vítimas Feridas,Pleno dia,Decrescente,Sol,Simples,Reta,Não,2,0,1,0,1,0,1,2,"-8,389074","-35,974712",SPRF-PE,DEL02-PE,UOP01-DEL02-PE
399048.0,2021-12-01,quarta-feira,17:00:00,PE,101,112,IPOJUCA,Ausência de reação do condutor,Tombamento,Com Vítimas Feridas,Pleno dia,Crescente,Céu Claro,Dupla,Curva,Não,2,0,2,0,0,0,2,1,"-8,3278918","-35,119238",SPRF-PE,DEL01-PE,UOP01-DEL01-PE
399149.0,2021-12-02,quinta-feira,08:40:00,PE,232,147,SAO CAITANO,Transitar na contramão,Colisão frontal,Com Vítimas Feridas,Pleno dia,Decrescente,Céu Claro,Simples,Reta,Sim,2,0,0,2,0,0,2,2,"-8,33373137","-36,13751116",SPRF-PE,DEL02-PE,UOP03-DEL02-PE
399328.0,2021-12-03,sexta-feira,07:20:00,PE,101,"37,5",ITAPISSUMA,Reação tardia ou ineficiente do condutor,Colisão traseira,Com Vítimas Feridas,Pleno dia,Crescente,Sol,Dupla,Curva;Declive                 ,Não,3,0,2,0,1,0,2,2,"-7,79726705","-34,9274932",SPRF-PE,DEL01-PE,UOP02-DEL01-PE
399418.0,2021-12-03,sexta-feira,16:25:00,PE,101,"25,3",ITAPISSUMA,Ausência de reação do condutor,Queda de ocupante de veículo,Com Vítimas Feridas,Pleno dia,Crescente,Nublado,Dupla,Reta,Não,1,0,0,1,0,0,1,1,"-7,7009082","-34,9229207",SPRF-PE,DEL01-PE,UOP02-DEL01-PE
399491.0,2021-12-03,sexta-feira,19:30:00,PE,101,48,IGARASSU,Velocidade Incompatível,Colisão com objeto,Sem Vítimas,Plena Noite,Crescente,Garoa/Chuvisco,Múltipla,Reta,Sim,1,0,0,0,0,1,0,1,"-7,89174705","-34,9033493",SPRF-PE,DEL01-PE,UOP02-DEL01-PE
399523.0,2021-12-04,sábado,01:10:00,PE,423,"96,4",GARANHUNS,Conversão proibida,Colisão lateral sentido oposto,Com Vítimas Feridas,Plena Noite,Crescente,Céu Claro,Simples,Aclive;Curva                  ,Sim,4,0,2,1,1,0,3,2,"-8,88021822","-36,48651678",SPRF-PE,DEL03-PE,UOP01-DEL03-PE
399534.0,2021-12-04,sábado,02:00:00,PE,101,"49,7",ABREU E LIMA,Ingestão de álcool e/ou substâncias psicoativas pelo pedestre,Tombamento,Com Vítimas Fatais,Plena Noite,Decrescente,Vento,Múltipla,Curva;Declive                 ,Sim,1,1,0,0,0,0,0,1,"-7,9005152","-34,90180641",SPRF-PE,DEL01-PE,UOP02-DEL01-PE
399551.0,2021-12-04,sábado,05:00:00,PE,232,"44,7",VITORIA DE SANTO ANTAO,Reação tardia ou ineficiente do condutor,Atropelamento de Pedestre,Com Vítimas Fatais,Amanhecer,Crescente,Céu Claro,Dupla,Reta,Sim,8,1,7,0,0,0,7,2,"-8,128181","-35,281677",SPRF-PE,DEL01-PE,UOP01-DEL01-PE
399561.0,2021-12-04,sábado,06:04:00,PE,101,80,JABOATAO DOS GUARARAPES,Ingestão de álcool ou de substâncias psicoativas pelo pedestre,Atropelamento de Pedestre,Com Vítimas Feridas,Pleno dia,Crescente,Céu Claro,Múltipla,Reta,Sim,2,0,1,0,0,1,1,2,"-8,15112589","-34,9428866",SPRF-PE,DEL01-PE,UOP01-DEL01-PE
399637.0,2021-12-04,sábado,13:00:00,PE,232,50,VITORIA DE SANTO ANTAO,Demais falhas mecânicas ou elétricas,Incêndio,Sem Vítimas,Pleno dia,Crescente,Céu Claro,Dupla,Aclive,Não,1,0,0,0,1,0,0,1,"-8,14106223","-35,32322707",SPRF-PE,DEL01-PE,UOP01-DEL01-PE
399734.0,2021-12-04,sábado,19:30:00,PE,101,189,PALMARES,Demais falhas mecânicas ou elétricas,Capotamento,Com Vítimas Feridas,Plena Noite,Decrescente,Nublado,Dupla,Curva,Sim,3,0,1,2,0,0,3,1,"-8,69036647","-35,60430503",SPRF-PE,DEL01-PE,UOP01-DEL01-PE
399745.0,2021-12-04,sábado,22:10:00,PE,232,"19,3",MORENO,Acumulo de água sobre o pavimento,Colisão com objeto,Com Vítimas Feridas,Plena Noite,Crescente,Chuva,Dupla,Curva,Sim,1,0,1,0,0,0,1,1,"-8,0984","-35,064229",SPRF-PE,DEL01-PE,UOP01-DEL01-PE
399769.0,2021-12-05,domingo,01:05:00,PE,232,35,MORENO,Ausência de reação do condutor,Saída de leito carroçável,Sem Vítimas,Plena Noite,Crescente,Chuva,Dupla,Reta,Sim,1,0,0,0,0,1,0,1,"-8,10907341","-35,19256991",SPRF-PE,DEL01-PE,UOP01-DEL01-PE
399811.0,2021-12-05,domingo,05:40:00,PE,101,29,ITAPISSUMA,Acumulo de óleo sobre o pavimento,Queda de ocupante de veículo,Com Vítimas Feridas,Amanhecer,Crescente,Céu Claro,Dupla,Retorno Regulamentado,Não,1,0,1,0,0,0,1,1,"-7,72939697","-34,94185854",SPRF-PE,DEL01-PE,UOP02-DEL01-PE
399840.0,2021-12-05,domingo,06:20:00,PE,407,"126,1",PETROLINA,Acessar a via sem observar a presença dos outros veículos,Colisão com objeto,Com Vítimas Feridas,Pleno dia,Decrescente,Nublado,Dupla,Interseção de Vias,Não,3,0,1,0,1,1,1,2,"-9,38491309","-40,52809509",SPRF-PE,DEL06-PE,UOP01-DEL06-PE
399857.0,2021-12-05,domingo,09:30:00,PE,232,"42,7",VITORIA DE SANTO ANTAO,Reação tardia ou ineficiente do condutor,Colisão lateral mesmo sentido,Com Vítimas Feridas,Pleno dia,Crescente,Céu Claro,Dupla,Reta,Sim,3,0,1,0,2,0,1,2,"-8,116815","-35,258991",SPRF-PE,DEL01-PE,UOP01-DEL01-PE
399861.0,2021-12-05,domingo,09:50:00,PE,232,"90,1",SAIRE,Pedestre cruzava a pista fora da faixa,Atropelamento de Pedestre,Com Vítimas Fatais,Pleno dia,Crescente,Céu Claro,Dupla,Reta,Não,2,1,0,0,0,1,0,2,"-8,2172915","-35,65572305",SPRF-PE,DEL02-PE,UOP02-DEL02PE
399892.0,2021-12-05,domingo,14:30:00,PE,316,"79,6",OURICURI,Condutor deixou de manter distância do veículo da frente,Colisão traseira,Sem Vítimas,Pleno dia,Crescente,Sol,Simples,Reta,Não,2,0,0,0,0,2,0,2,"-7,85585332","-40,11547828",SPRF-PE,DEL05-PE,UOP02-DEL05-PE
399922.0,2021-12-05,domingo,18:20:00,PE,101,80,JABOATAO DOS GUARARAPES,Área urbana sem a presença de local apropriado para a travessia de pedestres,Atropelamento de Pedestre,Com Vítimas Feridas,Plena Noite,Decrescente,Céu Claro,Dupla,Reta,Sim,2,0,1,0,1,0,1,2,"-8,15112589","-34,9428866",SPRF-PE,DEL01-PE,UOP01-DEL01-PE
399945.0,2021-12-05,domingo,19:50:00,PE,101,"14,2",CABO DE SANTO AGOSTINHO,Acumulo de água sobre o pavimento,Colisão com objeto,Sem Vítimas,Plena Noite,Decrescente,Chuva,Múltipla,Reta,Sim,2,0,0,0,2,0,0,1,"-8,271756","-35,023957",SPRF-PE,DEL01-PE,UOP02-DEL01-PE
399990.0,2021-12-05,domingo,21:30:00,PE,232,"78,5",GRAVATA,Reação tardia ou ineficiente do condutor,Colisão traseira,Sem Vítimas,Plena Noite,Crescente,Céu Claro,Dupla,Reta,Sim,2,0,0,0,1,1,0,2,"-8,19343658","-35,55186505",SPRF-PE,DEL02-PE,UOP02-DEL02PE
399997.0,2021-12-05,domingo,22:29:00,PE,101,76,RECIFE,Acessar a via sem observar a presença dos outros veículos,Colisão lateral mesmo sentido,Sem Vítimas,Plena Noite,Crescente,Céu Claro,Dupla,Interseção de Vias,Sim,4,0,0,0,4,0,0,2,"-8,13131001","-34,945364",SPRF-PE,DEL01-PE,UOP01-DEL01-PE
400032.0,2021-12-06,segunda-feira,02:30:00,PE,101,94,CABO DE SANTO AGOSTINHO,Transitar na contramão,Colisão frontal,Com Vítimas Feridas,Plena Noite,Decrescente,Céu Claro,Múltipla,Rotatória,Sim,2,0,1,0,1,0,1,2,"-8,2513","-35,0056",SPRF-PE,DEL01-PE,UOP01-DEL01-PE
400038.0,2021-12-06,segunda-feira,06:00:00,PE,104,"64,8",CARUARU,Demais falhas mecânicas ou elétricas,Saída de leito carroçável,Com Vítimas Fatais,Pleno dia,Crescente,Céu Claro,Múltipla,Reta,Sim,2,1,0,0,1,0,0,2,"-8,2783","-35,9815",SPRF-PE,DEL02-PE,UOP01-DEL02-PE
400070.0,2021-12-06,segunda-feira,07:40:00,PE,232,"405,4",SERRA TALHADA,Ingestão de álcool pelo condutor,Saída de leito carroçável,Com Vítimas Feridas,Pleno dia,Crescente,Céu Claro,Simples,Reta,Não,1,0,1,0,0,0,1,1,"-7,98849006","-38,25549256",SPRF-PE,DEL04-PE,UOP01-DEL04-PE
400227.0,2021-12-06,segunda-feira,22:25:00,PE,232,"13,2",JABOATAO DOS GUARARAPES,Demais falhas mecânicas ou elétricas,Queda de ocupante de veículo,Com Vítimas Feridas,Plena Noite,Decrescente,Céu Claro,Dupla,Declive,Não,2,0,1,0,1,0,1,1,"-8,08831567","-35,01203806",SPRF-PE,DEL01-PE,UOP01-DEL01-PE
400270.0,2021-12-07,terça-feira,08:30:00,PE,101,128,ESCADA,Reação tardia ou ineficiente do condutor,Colisão traseira,Com Vítimas Feridas,Pleno dia,Decrescente,Céu Claro,Dupla,Reta,Sim,3,0,0,1,1,1,1,3,"-8,3811","-35,24585",SPRF-PE,DEL01-PE,UOP01-DEL01-PE
400288.0,2021-12-07,terça-feira,10:30:00,PE,407,124,PETROLINA,Desrespeitar a preferência no cruzamento,Colisão transversal,Com Vítimas Feridas,Pleno dia,Decrescente,Céu Claro,Dupla,Rotatória,Sim,2,0,0,1,1,0,1,2,"-9,37528229","-40,53777348",SPRF-PE,DEL06-PE,UOP01-DEL06-PE
400345.0,2021-12-07,terça-feira,14:35:00,PE,232,"408,4",SERRA TALHADA,Desrespeitar a preferência no cruzamento,Colisão transversal,Com Vítimas Feridas,Pleno dia,Crescente,Céu Claro,Simples,Interseção de Vias,Sim,2,0,0,1,1,0,1,2,"-7,98371447","-38,28047709",SPRF-PE,DEL04-PE,UOP01-DEL04-PE
400381.0,2021-12-07,terça-feira,10:46:00,PE,423,"59,2",LAJEDO,Acessar a via sem observar a presença dos outros veículos,Colisão lateral mesmo sentido,Com Vítimas Feridas,Pleno dia,Decrescente,Céu Claro,Simples,Reta,Sim,2,0,0,1,0,1,1,2,"-8,64676387","-36,31558317",SPRF-PE,DEL03-PE,UOP01-DEL03-PE
400474.0,2021-12-08,quarta-feira,11:35:00,PE,101,50,ABREU E LIMA,Ultrapassagem Indevida,Colisão lateral mesmo sentido,Com Vítimas Feridas,Pleno dia,Crescente,Nublado,Múltipla,Reta,Sim,2,0,1,0,1,0,1,2,"-7,909064","-34,90212",SPRF-PE,DEL01-PE,UOP02-DEL01-PE
400546.0,2021-12-08,quarta-feira,19:05:00,PE,423,"95,8",GARANHUNS,Acessar a via sem observar a presença dos outros veículos,Colisão lateral sentido oposto,Com Vítimas Feridas,Plena Noite,Crescente,Céu Claro,Simples,Interseção de Vias,Sim,3,0,0,1,2,0,1,2,"-8,87939","-36,485507",SPRF-PE,DEL03-PE,UOP01-DEL03-PE
400563.0,2021-12-08,quarta-feira,20:50:00,PE,408,100,SAO LOURENCO DA MATA,Velocidade Incompatível,Saída de leito carroçável,Sem Vítimas,Plena Noite,Decrescente,Chuva,Simples,Reta,Não,1,0,0,0,0,1,0,1,"-8,04364056","-35,01674995",SPRF-PE,DEL01-PE,UOP01-DEL01-PE
400578.0,2021-12-08,quarta-feira,22:30:00,PE,101,49,ABREU E LIMA,Pedestre cruzava a pista fora da faixa,Atropelamento de Pedestre,Com Vítimas Feridas,Plena Noite,Decrescente,Céu Claro,Dupla,Reta,Sim,3,0,1,0,1,1,1,2,"-7,9005152","-34,90180641",SPRF-PE,DEL01-PE,UOP02-DEL01-PE
400682.0,2021-12-09,quinta-feira,15:10:00,PE,101,"69,5",RECIFE,Reação tardia ou ineficiente do condutor,Colisão com objeto,Com Vítimas Feridas,Pleno dia,Decrescente,Sol,Múltipla,Declive;Curva;Viaduto         ,Sim,2,0,1,0,1,0,1,1,"-8,063755","-34,94392",SPRF-PE,DEL01-PE,UOP01-DEL01-PE
400839.0,2021-12-10,sexta-feira,07:40:00,PE,101,"42,5",IGARASSU,Acessar a via sem observar a presença dos outros veículos,Colisão transversal,Com Vítimas Feridas,Pleno dia,Decrescente,Nublado,Múltipla,Reta,Sim,2,0,1,0,0,1,1,2,"-7,83887431","-34,91196739",SPRF-PE,DEL01-PE,UOP02-DEL01-PE
401000.0,2021-12-11,sábado,03:20:00,PE,428,"184,5",PETROLINA,Desrespeitar a preferência no cruzamento,Colisão transversal,Com Vítimas Feridas,Plena Noite,Decrescente,Céu Claro,Simples,Interseção de Vias,Não,3,0,0,2,0,1,2,2,"-9,33211208","-40,46621385",SPRF-PE,DEL06-PE,UOP01-DEL06-PE
401034.0,2021-12-11,sábado,10:15:00,PE,101,90,CABO DE SANTO AGOSTINHO,Reação tardia ou ineficiente do condutor,Colisão lateral mesmo sentido,Com Vítimas Feridas,Pleno dia,Crescente,Céu Claro,Dupla,Reta,Não,4,0,3,0,1,0,3,2,"-8,21612792","-34,98772817",SPRF-PE,DEL01-PE,UOP01-DEL01-PE
401088.0,2021-12-11,sábado,13:10:00,PE,428,189,PETROLINA,Acessar a via sem observar a presença dos outros veículos,Colisão transversal,Com Vítimas Feridas,Pleno dia,Crescente,Céu Claro,Múltipla,Reta,Sim,2,0,0,1,1,0,1,2,"-9,37197508","-40,48679585",SPRF-PE,DEL06-PE,UOP01-DEL06-PE
401095.0,2021-12-11,sábado,12:10:00,PE,428,188,PETROLINA,Manobra de mudança de faixa,Colisão com objeto,Com Vítimas Feridas,Pleno dia,Crescente,Céu Claro,Dupla,Rotatória,Sim,1,0,0,1,0,0,1,1,"-9,36400596","-40,48266808",SPRF-PE,DEL06-PE,UOP01-DEL06-PE
401164.0,2021-12-11,sábado,22:45:00,PE,428,188,PETROLINA,Ausência de reação do condutor,Colisão traseira,Com Vítimas Feridas,Plena Noite,Decrescente,Ignorado,Simples,Rotatória,Sim,3,0,1,0,2,0,1,2,"-9,36400596","-40,48266808",SPRF-PE,DEL06-PE,UOP01-DEL06-PE
401193.0,2021-12-12,domingo,00:01:00,PE,407,"113,4",PETROLINA,Ausência de reação do condutor,Tombamento,Com Vítimas Feridas,Plena Noite,Decrescente,Ignorado,Simples,Reta,Não,1,0,1,0,0,0,1,1,"-9,28341599","-40,59164299",SPRF-PE,DEL06-PE,UOP02-DEL06-PE
401219.0,2021-12-12,domingo,05:20:00,PE,423,"56,2",LAJEDO,Condutor Dormindo,Atropelamento de Pedestre,Com Vítimas Fatais,Amanhecer,Crescente,Nublado,Simples,Reta,Não,4,1,0,0,0,3,0,2,"-8,62399689","-36,3013734",SPRF-PE,DEL03-PE,UOP01-DEL03-PE
401244.0,2021-12-12,domingo,07:15:00,PE,407,"106,8",PETROLINA,Acessar a via sem observar a presença dos outros veículos,Colisão transversal,Com Vítimas Feridas,Pleno dia,Decrescente,Nublado,Simples,Reta,Não,3,0,0,2,1,0,2,2,"-9,22873286","-40,62357378",SPRF-PE,DEL06-PE,UOP02-DEL06-PE
401248.0,2021-12-12,domingo,00:02:00,PE,407,"113,4",PETROLINA,Ingestão de álcool pelo condutor,Atropelamento de Pedestre,Com Vítimas Feridas,Plena Noite,Decrescente,Céu Claro,Simples,Reta,Não,2,0,0,2,0,0,2,2,"-9,28341599","-40,59164299",SPRF-PE,DEL06-PE,UOP02-DEL06-PE
401271.0,2021-12-12,domingo,10:57:00,PE,423,"91,9",GARANHUNS,Reação tardia ou ineficiente do condutor,Colisão lateral mesmo sentido,Com Vítimas Feridas,Pleno dia,Crescente,Céu Claro,Simples,Aclive;Reta                   ,Sim,2,0,1,0,1,0,1,2,"-8,85375408","-36,46278381",SPRF-PE,DEL03-PE,UOP01-DEL03-PE
401275.0,2021-12-12,domingo,12:30:00,PE,104,87,AGRESTINA,Ultrapassagem Indevida,Colisão frontal,Com Vítimas Feridas,Pleno dia,Decrescente,Céu Claro,Simples,Reta,Sim,2,0,1,0,1,0,1,2,"-8,454104","-35,945515",SPRF-PE,DEL02-PE,UOP01-DEL02-PE
401311.0,2021-12-12,domingo,14:00:00,PE,232,"82,2",GRAVATA,Condutor Dormindo,Saída de leito carroçável,Com Vítimas Feridas,Pleno dia,Decrescente,Céu Claro,Dupla,Reta,Sim,5,0,3,2,0,0,5,1,"-8,19905415","-35,58715194",SPRF-PE,DEL02-PE,UOP02-DEL02PE
401334.0,2021-12-12,domingo,17:30:00,PE,316,"21,6",ARARIPINA,Conversão proibida,Colisão traseira,Com Vítimas Feridas,Anoitecer,Crescente,Céu Claro,Simples,Reta,Sim,2,0,1,0,1,0,1,2,"-7,56839315","-40,52717307",SPRF-PE,DEL05-PE,UOP02-DEL05-PE
401336.0,2021-12-12,domingo,16:23:00,PE,101,"65,3",RECIFE,Pedestre cruzava a pista fora da faixa,Atropelamento de Pedestre,Com Vítimas Feridas,Pleno dia,Crescente,Céu Claro,Múltipla,Reta,Sim,2,0,1,0,1,0,1,2,"-8,02478597","-34,94276635",SPRF-PE,DEL01-PE,UOP01-DEL01-PE
401338.0,2021-12-12,domingo,17:15:00,PE,101,135,ESCADA,Condutor Dormindo,Capotamento,Com Vítimas Feridas,Anoitecer,Decrescente,Nublado,Múltipla,Reta,Não,5,0,3,0,2,0,3,1,"-8,41147616","-35,29599797",SPRF-PE,DEL01-PE,UOP01-DEL01-PE
401352.0,2021-12-12,domingo,20:00:00,PE,232,11,JABOATAO DOS GUARARAPES,Ingestão de álcool e/ou substâncias psicoativas pelo pedestre,Colisão traseira,Com Vítimas Feridas,Plena Noite,Decrescente,Céu Claro,Dupla,Reta,Não,2,0,1,0,0,1,1,2,"-8,08195464","-34,99545022",SPRF-PE,DEL01-PE,UOP01-DEL01-PE
401371.0,2021-12-12,domingo,20:50:00,PE,232,5,RECIFE,Acessar a via sem observar a presença dos outros veículos,Atropelamento de Pedestre,Com Vítimas Feridas,Plena Noite,Crescente,Nublado,Simples,Curva,Sim,3,0,1,1,0,1,2,2,"-8,069198","-34,946212",SPRF-PE,DEL01-PE,UOP01-DEL01-PE
401375.0,2021-12-12,domingo,19:57:00,PE,101,3,JABOATAO DOS GUARARAPES,Acessar a via sem observar a presença dos outros veículos,Colisão transversal,Com Vítimas Feridas,Plena Noite,Crescente,Nublado,Dupla,Reta,Sim,2,0,2,0,0,0,2,2,"-8,2077073874","-34,9625353316",SPRF-PE,DEL01-PE,UOP02-DEL01-PE
401378.0,2021-12-12,domingo,17:00:00,PE,232,446,SAO JOSE DO BELMONTE,Ingestão de álcool pelo condutor,Queda de ocupante de veículo,Com Vítimas Fatais,Anoitecer,Decrescente,Céu Claro,Simples,Reta,Não,1,1,0,0,0,0,0,1,"-8,00458006","-38,60988404",SPRF-PE,DEL04-PE,UOP01-DEL04-PE
401421.0,2021-12-13,segunda-feira,05:50:00,PE,101,"68,1",RECIFE,Reação tardia ou ineficiente do condutor,Queda de ocupante de veículo,Com Vítimas Feridas,Pleno dia,Decrescente,Chuva,Simples,Aclive,Sim,1,0,1,0,0,0,1,1,"-8,05074296","-34,94580619",SPRF-PE,DEL01-PE,UOP01-DEL01-PE
401579.0,2021-12-13,segunda-feira,17:10:00,PE,232,145,SAO CAITANO,Pedestre andava na pista,Atropelamento de Pedestre,Com Vítimas Feridas,Pleno dia,Decrescente,Nublado,Dupla,Reta,Sim,2,0,1,0,1,0,1,2,"-8,32868","-36,120811",SPRF-PE,DEL02-PE,UOP03-DEL02-PE
401628.0,2021-12-14,terça-feira,06:45:00,PE,428,186,PETROLINA,Mal súbito do condutor,Queda de ocupante de veículo,Com Vítimas Feridas,Pleno dia,Decrescente,Céu Claro,Simples,Reta,Sim,1,0,1,0,0,0,1,1,"-9,34807826","-40,47441248",SPRF-PE,DEL06-PE,UOP01-DEL06-PE
401684.0,2021-12-14,terça-feira,12:50:00,PE,407,"126,7",PETROLINA,Reação tardia ou ineficiente do condutor,Colisão traseira,Sem Vítimas,Pleno dia,Crescente,Céu Claro,Simples,Reta,Sim,2,0,0,0,2,0,0,2,"-9,3905314","-40,52164435",SPRF-PE,DEL06-PE,UOP01-DEL06-PE
401706.0,2021-12-14,terça-feira,15:10:00,PE,101,83,JABOATAO DOS GUARARAPES,Velocidade Incompatível,Colisão lateral mesmo sentido,Com Vítimas Feridas,Pleno dia,Crescente,Céu Claro,Dupla,Reta,Sim,6,0,2,0,2,2,2,3,"-8,175172","-34,942642",SPRF-PE,DEL01-PE,UOP01-DEL01-PE
401728.0,2021-12-14,terça-feira,17:15:00,PE,101,97,CABO DE SANTO AGOSTINHO,Condutor deixou de manter distância do veículo da frente,Colisão traseira,Com Vítimas Feridas,Pleno dia,Crescente,Nublado,Dupla,Reta,Sim,3,0,1,1,1,0,2,2,"-8,25331064","-35,0296397",SPRF-PE,DEL01-PE,UOP01-DEL01-PE
401754.0,2021-12-14,terça-feira,18:40:00,PE,232,29,MORENO,Animais na Pista,Atropelamento de Animal,Com Vítimas Feridas,Plena Noite,Crescente,Céu Claro,Dupla,Reta,Não,1,0,1,0,0,0,1,1,"-8,111269","-35,143135",SPRF-PE,DEL01-PE,UOP01-DEL01-PE
401836.0,2021-12-15,quarta-feira,07:30:00,PE,428,"184,2",PETROLINA,Acesso irregular,Colisão transversal,Com Vítimas Feridas,Pleno dia,Crescente,Céu Claro,Simples,Reta,Sim,2,0,1,0,1,0,1,2,"-9,344897","-40,472838",SPRF-PE,DEL06-PE,UOP01-DEL06-PE
401872.0,2021-12-15,quarta-feira,10:10:00,PE,428,189,PETROLINA,Reação tardia ou ineficiente do condutor,Colisão transversal,Com Vítimas Feridas,Pleno dia,Crescente,Céu Claro,Múltipla,Reta,Sim,4,0,1,0,1,2,1,4,"-9,37197508","-40,48679585",SPRF-PE,DEL06-PE,UOP01-DEL06-PE
401897.0,2021-12-15,quarta-feira,15:30:00,PE,232,508,SALGUEIRO,Acessar a via sem observar a presença dos outros veículos,Colisão lateral mesmo sentido,Com Vítimas Feridas,Pleno dia,Crescente,Céu Claro,Simples,Reta,Sim,3,0,1,0,2,0,1,2,"-8,06223271","-39,12095006",SPRF-PE,DEL05-PE,UOP01-DEL05-PE
401900.0,2021-12-15,quarta-feira,16:05:00,PE,101,"23,4",GOIANA,Mal súbito do condutor,Saída de leito carroçável,Com Vítimas Feridas,Pleno dia,Decrescente,Céu Claro,Dupla,Aclive,Não,1,0,1,0,0,0,1,1,"-7,68357776","-34,92410458",SPRF-PE,DEL01-PE,UOP02-DEL01-PE
401958.0,2021-12-15,quarta-feira,21:10:00,PE,408,"64,2",CARPINA,Manobra de mudança de faixa,Colisão traseira,Com Vítimas Feridas,Plena Noite,Crescente,Céu Claro,Dupla,Reta,Sim,9,0,0,2,7,0,2,3,"-7,846511","-35,24029",SPRF-PE,DEL01-PE,UOP01-DEL01-PE
401968.0,2021-12-15,quarta-feira,21:30:00,PE,116,"35,8",SALGUEIRO,Falta de elemento de contenção que evite a saída do leito carroçável,Saída de leito carroçável,Com Vítimas Feridas,Plena Noite,Decrescente,Céu Claro,Simples,Ponte,Não,4,0,4,0,0,0,4,1,"-8,144699","-39,111214",SPRF-PE,DEL05-PE,UOP01-DEL05-PE
402006.0,2021-12-16,quinta-feira,05:50:00,PE,101,"114,5",ESCADA,Velocidade Incompatível,Saída de leito carroçável,Sem Vítimas,Pleno dia,Crescente,Nublado,Dupla,Curva,Não,1,0,0,0,0,1,0,1,"-8,33585626","-35,1333699",SPRF-PE,DEL01-PE,UOP01-DEL01-PE
402031.0,2021-12-16,quinta-feira,07:30:00,PE,101,69,RECIFE,Velocidade Incompatível,Colisão traseira,Com Vítimas Feridas,Pleno dia,Decrescente,Céu Claro,Dupla,Reta,Sim,3,0,2,0,1,0,2,2,"-8,05951606","-34,94581024",SPRF-PE,DEL01-PE,UOP01-DEL01-PE
402049.0,2021-12-16,quinta-feira,10:05:00,PE,101,"74,1",RECIFE,Pista Escorregadia,Tombamento,Com Vítimas Feridas,Pleno dia,Decrescente,Nublado,Dupla,Curva,Não,2,0,2,0,0,0,2,1,"-8,10146485","-34,94901577",SPRF-PE,DEL01-PE,UOP01-DEL01-PE
402089.0,2021-12-16,quinta-feira,15:00:00,PE,101,93,CABO DE SANTO AGOSTINHO,Transitar na contramão,Colisão transversal,Sem Vítimas,Pleno dia,Decrescente,Nublado,Dupla,Reta,Não,2,0,0,0,1,1,0,2,"-8,245761","-34,994853",SPRF-PE,DEL01-PE,UOP01-DEL01-PE
402117.0,2021-12-16,quinta-feira,17:50:00,PE,232,"223,8",PESQUEIRA,Ingestão de álcool pelo condutor,Saída de leito carroçável,Com Vítimas Fatais,Plena Noite,Crescente,Céu Claro,Simples,Reta,Sim,1,1,0,0,0,0,0,1,"-8,38424613","-36,73921795",SPRF-PE,DEL03-PE,UOP02-DEL03-PE
402140.0,2021-12-16,quinta-feira,20:15:00,PE,428,"182,3",PETROLINA,Animais na Pista,Atropelamento de Animal,Com Vítimas Feridas,Plena Noite,Decrescente,Céu Claro,Simples,Reta,Não,1,0,1,0,0,0,1,1,"-9,31614989","-40,45800722",SPRF-PE,DEL06-PE,UOP01-DEL06-PE
402143.0,2021-12-16,quinta-feira,17:00:00,PE,232,"77,6",GRAVATA,Ausência de sinalização,Colisão traseira,Com Vítimas Feridas,Pleno dia,Crescente,Céu Claro,Simples,Aclive;Reta                   ,Não,3,0,1,0,2,0,1,3,"-8,19343863","-35,54300692",SPRF-PE,DEL02-PE,UOP02-DEL02PE
402231.0,2021-12-17,sexta-feira,09:00:00,PE,407,"128,5",PETROLINA,Ausência de reação do condutor,Colisão traseira,Com Vítimas Feridas,Pleno dia,Crescente,Céu Claro,Dupla,Curva,Sim,2,0,1,0,1,0,1,2,"-9,39387565","-40,51133888",SPRF-PE,DEL06-PE,UOP01-DEL06-PE
402262.0,2021-12-17,sexta-feira,12:00:00,PE,232,"5,6",RECIFE,Condutor deixou de manter distância do veículo da frente,Colisão traseira,Com Vítimas Feridas,Pleno dia,Decrescente,Céu Claro,Dupla,Reta,Sim,2,0,1,0,1,0,1,2,"-8,06795766","-34,94535414",SPRF-PE,DEL01-PE,UOP01-DEL01-PE
402340.0,2021-12-17,sexta-feira,11:40:00,PE,232,71,GRAVATA,Transitar no acostamento,Saída de leito carroçável,Com Vítimas Feridas,Pleno dia,Crescente,Sol,Dupla,Reta,Não,2,0,0,1,1,0,1,2,"-8,18434764","-35,49476624",SPRF-PE,DEL02-PE,UOP02-DEL02PE
402342.0,2021-12-17,sexta-feira,17:50:00,PE,424,"87,1",GARANHUNS,Acessar a via sem observar a presença dos outros veículos,Colisão transversal,Com Vítimas Feridas,Plena Noite,Decrescente,Céu Claro,Simples,Curva,Sim,3,0,2,0,0,1,2,2,"-8,874289","-36,507607",SPRF-PE,DEL03-PE,UOP01-DEL03-PE