id,data_inversa,dia_semana,horario,uf,br,km,municipio,causa_acidente,tipo_acidente,classificacao_acidente,fase_dia,sentido_via,condicao_metereologica,tipo_pista,tracado_via,uso_solo,pessoas,mortos,feridos_leves,feridos_graves,ilesos,ignorados,feridos,veiculos,latitude,longitude,regional,delegacia,uop
402367.0,2021-12-17,sexta-feira,19:40:00,PE,101,74,RECIFE,Entrada inopinada do pedestre,Atropelamento de Pedestre,Com Vítimas Feridas,Plena Noite,Crescente,Céu Claro,Dupla,Reta,Sim,2,0,0,1,0,1,1,2,"-8,10146485","-34,94901577",SPRF-PE,DEL01-PE,UOP01-DEL01-PE
402379.0,2021-12-17,sexta-feira,20:55:00,PE,101,"159,9",AGUA PRETA,Reação tardia ou ineficiente do condutor,Saída de leito carroçável,Com Vítimas Feridas,Plena Noite,Crescente,Chuva,Dupla,Curva,Não,3,0,3,0,0,0,3,1,"-8,55252537","-35,41389482",SPRF-PE,DEL01-PE,UOP01-DEL01-PE
402417.0,2021-12-17,sexta-feira,18:30:00,PE,232,"30,8",MORENO,Entrada inopinada do pedestre,Atropelamento de Pedestre,Com Vítimas Feridas,Plena Noite,Decrescente,Nublado,Dupla,Curva;Declive                 ,Não,2,0,0,1,1,0,1,2,"-8,106288","-35,158959",SPRF-PE,DEL01-PE,UOP01-DEL01-PE
402421.0,2021-12-17,sexta-feira,19:20:00,PE,101,73,RECIFE,Transitar na contramão,Colisão frontal,Com Vítimas Feridas,Plena Noite,Crescente,Céu Claro,Dupla,Reta,Sim,2,0,0,1,1,0,1,2,"-8,093369","-34,947464",SPRF-PE,DEL01-PE,UOP01-DEL01-PE
402437.0,2021-12-18,sábado,02:40:00,PE,104,"59,7",CARUARU,Acessar a via sem observar a presença dos outros veículos,Colisão transversal,Sem Vítimas,Plena Noite,Decrescente,Céu Claro,Dupla,Reta,Sim,2,0,0,0,2,0,0,2,"-8,2349","-35,9764",SPRF-PE,DEL02-PE,UOP01-DEL02-PE
402485.0,2021-12-18,sábado,08:20:00,PE,232,"133,8",CARUARU,Reação tardia ou ineficiente do condutor,Saída de leito carroçável,Com Vítimas Feridas,Pleno dia,Crescente,Céu Claro,Dupla,Reta,Sim,1,0,1,0,0,0,1,1,"-8,30607988","-36,01576003",SPRF-PE,DEL02-PE,UOP03-DEL02-PE
402540.0,2021-12-18,sábado,12:30:00,PE,232,"427,9",SERRA TALHADA,Ultrapassagem Indevida,Saída de leito carroçável,Com Vítimas Feridas,Pleno dia,Decrescente,Céu Claro,Simples,Declive,Não,1,0,1,0,0,0,1,1,"-8,00237807","-38,447033",SPRF-PE,DEL04-PE,UOP01-DEL04-PE
402546.0,2021-12-18,sábado,14:00:00,PE,104,"20,6",TAQUARITINGA DO NORTE,Ausência de reação do condutor,Saída de leito carroçável,Com Vítimas Feridas,Pleno dia,Crescente,Céu Claro,Simples,Curva,Não,5,0,2,0,3,0,2,1,"-7,962674","-36,124897",SPRF-PE,DEL02-PE,UOP01-DEL02-PE
402584.0,2021-12-18,sábado,16:30:00,PE,104,66,CARUARU,Condutor deixou de manter distância do veículo da frente,Colisão traseira,Com Vítimas Feridas,Pleno dia,Crescente,Céu Claro,Dupla,Reta,Sim,2,0,1,0,1,0,1,2,"-8,29410689","-35,98674774",SPRF-PE,DEL02-PE,UOP01-DEL02-PE
402619.0,2021-12-18,sábado,19:00:00,PE,101,"76,1",RECIFE,Animais na Pista,Atropelamento de Animal,Com Vítimas Feridas,Plena Noite,Decrescente,Nublado,Dupla,Reta,Sim,1,0,1,0,0,0,1,1,"-8,11813811","-34,94329214",SPRF-PE,DEL01-PE,UOP01-DEL01-PE
402639.0,2021-12-18,sábado,19:30:00,PE,101,46,IGARASSU,Manobra de mudança de faixa,Colisão lateral mesmo sentido,Sem Vítimas,Plena Noite,Crescente,Céu Claro,Dupla,Reta,Sim,2,0,0,0,2,0,0,2,"-7,87406004","-34,90588126",SPRF-PE,DEL01-PE,UOP02-DEL01-PE
402681.0,2021-12-18,sábado,23:00:00,PE,232,181,BELO JARDIM,Reação tardia ou ineficiente do condutor,Saída de leito carroçável,Com Vítimas Feridas,Plena Noite,Crescente,Céu Claro,Simples,Reta,Sim,2,0,2,0,0,0,2,1,"-8,34627974","-36,43776285",SPRF-PE,DEL02-PE,UOP03-DEL02-PE
402682.0,2021-12-19,domingo,00:01:00,PE,428,"183,8",PETROLINA,Condutor deixou de manter distância do veículo da frente,Colisão traseira,Com Vítimas Feridas,Plena Noite,Crescente,Céu Claro,Simples,Em Obras;Reta                 ,Sim,2,0,1,0,0,1,1,2,"-9,30816981","-40,45390137",SPRF-PE,DEL06-PE,UOP01-DEL06-PE
402690.0,2021-12-19,domingo,00:15:00,PE,101,"154,9",RIBEIRAO,Demais falhas mecânicas ou elétricas,Saída de leito carroçável,Sem Vítimas,Plena Noite,Crescente,Céu Claro,Dupla,Curva,Não,1,0,0,0,1,0,0,1,"-8,52860711","-35,38883966",SPRF-PE,DEL01-PE,UOP01-DEL01-PE
402737.0,2021-12-19,domingo,05:00:00,PE,316,109,BODOCO,Condutor Dormindo,Saída de leito carroçável,Com Vítimas Feridas,Amanhecer,Crescente,Nublado,Simples,Reta,Não,1,0,1,0,0,0,1,1,"-7,96936046","-39,87239278",SPRF-PE,DEL05-PE,UOP02-DEL05-PE
402739.0,2021-12-19,domingo,06:25:00,PE,232,"40,2",VITORIA DE SANTO ANTAO,Acessar a via sem observar a presença dos outros veículos,Colisão lateral mesmo sentido,Com Vítimas Fatais,Pleno dia,Crescente,Céu Claro,Dupla,Reta,Não,4,1,1,1,0,1,2,3,"-8,114071","-35,241085",SPRF-PE,DEL01-PE,UOP01-DEL01-PE
402858.0,2021-12-19,domingo,19:00:00,PE,232,254,ARCOVERDE,Ingestão de álcool pelo condutor,Colisão transversal,Sem Vítimas,Plena Noite,Crescente,Céu Claro,Simples,Reta;Em Obras                 ,Não,2,0,0,0,2,0,0,2,"-8,41013994","-37,09276199",SPRF-PE,DEL03-PE,UOP02-DEL03-PE
402894.0,2021-12-19,domingo,19:30:00,PE,232,"47,2",VITORIA DE SANTO ANTAO,Velocidade Incompatível,Capotamento,Sem Vítimas,Plena Noite,Crescente,Chuva,Dupla,Reta,Não,1,0,0,0,0,1,0,1,"-8,13769724","-35,29733789",SPRF-PE,DEL01-PE,UOP01-DEL01-PE
402939.0,2021-12-20,segunda-feira,00:50:00,PE,232,"262,1",ARCOVERDE,Ausência de reação do condutor,Saída de leito carroçável,Com Vítimas Feridas,Plena Noite,Decrescente,Céu Claro,Simples,Reta,Não,5,0,0,5,0,0,5,1,"-8,40982756","-37,146866",SPRF-PE,DEL03-PE,UOP02-DEL03-PE
402941.0,2021-12-19,domingo,23:30:00,PE,423,94,GARANHUNS,Ingestão de álcool pelo condutor,Saída de leito carroçável,Com Vítimas Feridas,Plena Noite,Crescente,Céu Claro,Simples,Reta,Sim,1,0,0,1,0,0,1,1,"-8,874732","-36,46946",SPRF-PE,DEL03-PE,UOP01-DEL03-PE
402943.0,2021-12-20,segunda-feira,02:00:00,PE,424,"1,5",ARCOVERDE,Ingestão de álcool pelo condutor,Saída de leito carroçável,Com Vítimas Fatais,Plena Noite,Crescente,Céu Claro,Simples,Reta,Não,1,1,0,0,0,0,0,1,"-8,43892793","-37,05827086",SPRF-PE,DEL03-PE,UOP02-DEL03-PE
402955.0,2021-12-20,segunda-feira,02:45:00,PE,101,"72,2",RECIFE,Reação tardia ou ineficiente do condutor,Colisão traseira,Com Vítimas Feridas,Plena Noite,Crescente,Nublado,Dupla,Curva;Aclive                  ,Sim,2,0,1,0,1,0,1,2,"-8,087695","-34,946767",SPRF-PE,DEL01-PE,UOP01-DEL01-PE
403011.0,2021-12-20,segunda-feira,09:35:00,PE,101,"13,8",GOIANA,Ausência de reação do condutor,Saída de leito carroçável,Com Vítimas Feridas,Pleno dia,Crescente,Céu Claro,Múltipla,Reta,Não,4,0,2,2,0,0,4,1,"-7,61043695","-34,97530291",SPRF-PE,DEL01-PE,UOP02-DEL01-PE
403013.0,2021-12-20,segunda-feira,10:00:00,PE,101,"49,4",ABREU E LIMA,Entrada inopinada do pedestre,Atropelamento de Pedestre,Sem Vítimas,Pleno dia,Decrescente,Céu Claro,Dupla,Reta,Sim,2,0,0,0,1,1,0,2,"-7,906968","-34,901365",SPRF-PE,DEL01-PE,UOP02-DEL01-PE
403095.0,2021-12-20,segunda-feira,15:00:00,PE,423,"95,5",GARANHUNS,Condutor deixou de manter distância do veículo da frente,Queda de ocupante de veículo,Sem Vítimas,Pleno dia,Crescente,Céu Claro,Simples,Curva,Sim,1,0,0,0,0,1,0,1,"-8,87891989","-36,47796305",SPRF-PE,DEL03-PE,UOP01-DEL03-PE
403165.0,2021-12-21,terça-feira,08:10:00,PE,232,11,JABOATAO DOS GUARARAPES,Condutor deixou de manter distância do veículo da frente,Colisão traseira,Com Vítimas Feridas,Pleno dia,Crescente,Nublado,Dupla,Aclive,Sim,2,0,1,0,1,0,1,2,"-8,082506","-34,996259",SPRF-PE,DEL01-PE,UOP01-DEL01-PE
403270.0,2021-12-22,quarta-feira,01:00:00,PE,232,82,GRAVATA,Animais na Pista,Atropelamento de Animal,Com Vítimas Feridas,Plena Noite,Decrescente,Nublado,Dupla,Reta,Sim,3,0,2,0,1,0,2,1,"-8,199764","-35,588437",SPRF-PE,DEL02-PE,UOP02-DEL02PE
403323.0,2021-12-22,quarta-feira,10:05:00,PE,232,"208,5",PESQUEIRA,Acessar a via sem observar a presença dos outros veículos,Colisão lateral sentido oposto,Sem Vítimas,Pleno dia,Crescente,Céu Claro,Simples,Reta,Sim,2,0,0,0,2,0,0,2,"-8,36794109","-36,67972403",SPRF-PE,DEL03-PE,UOP02-DEL03-PE
403348.0,2021-12-22,quarta-feira,13:15:00,PE,232,6,RECIFE,Reação tardia ou ineficiente do condutor,Colisão traseira,Com Vítimas Feridas,Pleno dia,Decrescente,Céu Claro,Dupla,Reta,Sim,3,0,1,0,2,0,1,3,"-8,07079525","-34,9535389",SPRF-PE,DEL01-PE,UOP01-DEL01-PE
403354.0,2021-12-22,quarta-feira,12:45:00,PE,101,"20,4",GOIANA,Mal súbito do condutor,Capotamento,Com Vítimas Feridas,Pleno dia,Crescente,Sol,Dupla,Reta,Não,1,0,1,0,0,0,1,1,"-7,66042701","-34,93780401",SPRF-PE,DEL01-PE,UOP02-DEL01-PE
403365.0,2021-12-22,quarta-feira,15:05:00,PE,428,139,LAGOA GRANDE,Reação tardia ou ineficiente do condutor,Colisão frontal,Sem Vítimas,Pleno dia,Decrescente,Nublado,Simples,Reta,Sim,2,0,0,0,1,1,0,2,"-8,98787563","-40,26256422",SPRF-PE,DEL06-PE,UOP03-DEL06-PE
403381.0,2021-12-22,quarta-feira,16:25:00,PE,104,65,CARUARU,Manobra de mudança de faixa,Colisão transversal,Com Vítimas Feridas,Pleno dia,Decrescente,Sol,Múltipla,Interseção de Vias,Sim,2,0,0,1,0,1,1,2,"-8,279535","-35,981266",SPRF-PE,DEL02-PE,UOP01-DEL02-PE
403424.0,2021-12-22,quarta-feira,18:00:00,PE,232,"21,2",MORENO,Acesso irregular,Colisão transversal,Com Vítimas Feridas,Plena Noite,Crescente,Céu Claro,Dupla,Curva;Retorno Regulamentado   ,Não,2,0,1,0,1,0,1,2,"-8,096383","-35,081184",SPRF-PE,DEL01-PE,UOP01-DEL01-PE
403446.0,2021-12-22,quarta-feira,21:00:00,PE,101,70,RECIFE,Condutor Dormindo,Saída de leito carroçável,Com Vítimas Feridas,Plena Noite,Decrescente,Céu Claro,Dupla,Reta,Sim,1,0,0,1,0,0,1,1,"-8,07478122","-34,93648052",SPRF-PE,DEL01-PE,UOP01-DEL01-PE
403541.0,2021-12-23,quinta-feira,09:30:00,PE,232,"184,8",BELO JARDIM,Velocidade Incompatível,Saída de leito carroçável,Com Vítimas Feridas,Pleno dia,Decrescente,Sol,Simples,Reta,Não,1,0,1,0,0,0,1,1,"-8,35118645","-36,46450196",SPRF-PE,DEL02-PE,UOP03-DEL02-PE
403570.0,2021-12-23,quinta-feira,11:00:00,PE,104,63,CARUARU,Ausência de reação do condutor,Capotamento,Com Vítimas Feridas,Pleno dia,Crescente,Sol,Dupla,Reta,Sim,1,0,0,1,0,0,1,1,"-8,2698","-35,9803",SPRF-PE,DEL02-PE,UOP01-DEL02-PE
403663.0,2021-12-23,quinta-feira,20:00:00,PE,104,53,CARUARU,Reação tardia ou ineficiente do condutor,Colisão traseira,Sem Vítimas,Plena Noite,Crescente,Céu Claro,Dupla,Reta,Não,2,0,0,0,1,1,0,2,"-8,1837","-35,967",SPRF-PE,DEL02-PE,UOP01-DEL02-PE
403705.0,2021-12-24,sexta-feira,01:20:00,PE,232,354,FLORES,Animais na Pista,Atropelamento de Animal,Com Vítimas Feridas,Plena Noite,Crescente,Céu Claro,Simples,Reta,Não,3,0,3,0,0,0,3,1,"-8,05787609","-37,82299502",SPRF-PE,DEL03-PE,UOP02-DEL03-PE
403815.0,2021-12-24,sexta-feira,15:00:00,PE,101,"11,3",GOIANA,Condutor usando celular,Colisão com objeto,Com Vítimas Feridas,Plena Noite,Crescente,Céu Claro,Dupla,Reta,Não,1,0,0,1,0,0,1,1,"-7,59514001","-34,98460002",SPRF-PE,DEL01-PE,UOP02-DEL01-PE
403828.0,2021-12-24,sexta-feira,16:45:00,PE,101,"68,3",RECIFE,Condutor deixou de manter distância do veículo da frente,Colisão traseira,Com Vítimas Feridas,Pleno dia,Decrescente,Céu Claro,Dupla,Reta,Sim,5,0,2,0,3,0,2,2,"-8,053826","-34,946259",SPRF-PE,DEL01-PE,UOP01-DEL01-PE
403881.0,2021-12-24,sexta-feira,20:30:00,PE,232,"86,6",GRAVATA,Ausência de reação do condutor,Saída de leito carroçável,Com Vítimas Fatais,Plena Noite,Crescente,Céu Claro,Dupla,Curva,Não,2,1,0,1,0,0,1,1,"-8,21286855","-35,62011813",SPRF-PE,DEL02-PE,UOP02-DEL02PE
403894.0,2021-12-24,sexta-feira,22:20:00,PE,232,5,RECIFE,Acessar a via sem observar a presença dos outros veículos,Atropelamento de Pedestre,Com Vítimas Feridas,Plena Noite,Crescente,Nublado,Dupla,Reta,Sim,2,0,1,1,0,0,2,2,"-8,070996","-34,95416",SPRF-PE,DEL01-PE,UOP01-DEL01-PE
403895.0,2021-12-24,sexta-feira,23:15:00,PE,232,"6,1",RECIFE,Condutor deixou de manter distância do veículo da frente,Colisão traseira,Com Vítimas Feridas,Plena Noite,Decrescente,Céu Claro,Dupla,Reta,Não,2,0,1,0,1,0,1,2,"-8,07114","-34,954225",SPRF-PE,DEL01-PE,UOP01-DEL01-PE
403953.0,2021-12-25,sábado,07:50:00,PE,101,48,ABREU E LIMA,Ingestão de álcool pelo condutor,Colisão traseira,Com Vítimas Feridas,Pleno dia,Crescente,Céu Claro,Múltipla,Reta,Sim,2,0,1,0,1,0,1,2,"-7,89174705","-34,9033493",SPRF-PE,DEL01-PE,UOP02-DEL01-PE
403995.0,2021-12-25,sábado,15:10:00,PE,428,"121,3",LAGOA GRANDE,Chuva,Colisão com objeto,Com Vítimas Feridas,Pleno dia,Crescente,Chuva,Simples,Reta,Não,1,0,1,0,0,0,1,1,"-8,93005884","-40,11502506",SPRF-PE,DEL06-PE,UOP03-DEL06-PE
404044.0,2021-12-25,sábado,21:00:00,PE,101,"57,5",PAULISTA,Animais na Pista,Atropelamento de Animal,Com Vítimas Feridas,Plena Noite,Decrescente,Chuva,Dupla,Aclive;Reta                   ,Sim,2,0,0,2,0,0,2,1,"-7,974036","-34,921813",SPRF-PE,DEL01-PE,UOP02-DEL01-PE
404118.0,2021-12-26,domingo,12:50:00,PE,232,"51,5",VITORIA DE SANTO ANTAO,Acumulo de água sobre o pavimento,Colisão traseira,Com Vítimas Feridas,Pleno dia,Decrescente,Chuva,Dupla,Reta,Não,2,0,0,1,1,0,1,2,"-8,13823439","-35,33196918",SPRF-PE,DEL01-PE,UOP01-DEL01-PE
404146.0,2021-12-26,domingo,15:05:00,PE,232,"260,5",ARCOVERDE,Ausência de reação do condutor,Saída de leito carroçável,Com Vítimas Feridas,Pleno dia,Decrescente,Nublado,Simples,Reta,Não,2,0,0,2,0,0,2,1,"-8,40717481","-37,12911505",SPRF-PE,DEL03-PE,UOP02-DEL03-PE
404151.0,2021-12-26,domingo,15:00:00,PE,101,130,ESCADA,Acessar a via sem observar a presença dos outros veículos,Atropelamento de Pedestre,Com Vítimas Feridas,Pleno dia,Decrescente,Chuva,Dupla,Reta,Sim,2,0,0,1,1,0,1,2,"-8,392345","-35,257055",SPRF-PE,DEL01-PE,UOP01-DEL01-PE
404219.0,2021-12-26,domingo,19:30:00,PE,424,"31,8",VENTUROSA,Ingestão de álcool pelo condutor,Colisão frontal,Com Vítimas Feridas,Plena Noite,Decrescente,Garoa/Chuvisco,Simples,Curva,Não,3,0,1,0,1,1,1,2,"-8,58584693","-36,86803193",SPRF-PE,DEL03-PE,UOP02-DEL03-PE
404241.0,2021-12-26,domingo,20:45:00,PE,232,147,SAO CAITANO,Acessar a via sem observar a presença dos outros veículos,Atropelamento de Pedestre,Com Vítimas Fatais,Plena Noite,Decrescente,Nublado,Dupla,Declive,Sim,3,1,0,0,0,2,0,3,"-8,3332181","-36,140645",SPRF-PE,DEL02-PE,UOP03-DEL02-PE
404276.0,2021-12-27,segunda-feira,04:10:00,PE,232,"218,8",PESQUEIRA,Ausência de reação do condutor,Saída de leito carroçável,Com Vítimas Feridas,Amanhecer,Decrescente,Nublado,Simples,Reta,Não,2,0,0,2,0,0,2,1,"-8,39474985","-36,76491205",SPRF-PE,DEL03-PE,UOP02-DEL03-PE
404353.0,2021-12-27,segunda-feira,10:02:00,PE,408,74,PAUDALHO,Ultrapassagem Indevida,Colisão frontal,Com Vítimas Feridas,Pleno dia,Crescente,Nublado,Múltipla,Aclive,Sim,3,0,3,0,0,0,3,2,"-7,89701706","-35,17300548",SPRF-PE,DEL01-PE,UOP01-DEL01-PE
404391.0,2021-12-27,segunda-feira,18:48:00,PE,101,144,RIBEIRAO,Mal súbito do condutor,Colisão traseira,Com Vítimas Feridas,Plena Noite,Decrescente,Céu Claro,Dupla,Reta,Não,3,0,0,1,1,1,1,3,"-8,45351687","-35,35716511",SPRF-PE,DEL01-PE,UOP01-DEL01-PE
404393.0,2021-12-27,segunda-feira,16:00:00,PE,232,"291,6",SERTANIA,Chuva,Saída de leito carroçável,Com Vítimas Feridas,Pleno dia,Decrescente,Chuva,Simples,Curva,Não,2,0,2,0,0,0,2,1,"-8,29907379","-37,3757158",SPRF-PE,DEL03-PE,UOP02-DEL03-PE
404427.0,2021-12-27,segunda-feira,21:50:00,PE,423,77,JUCATI,Transitar na contramão,Colisão frontal,Com Vítimas Feridas,Plena Noite,Decrescente,Céu Claro,Simples,Reta,Não,2,0,0,1,1,0,1,2,"-8,740482","-36,43069893",SPRF-PE,DEL03-PE,UOP01-DEL03-PE
404453.0,2021-12-28,terça-feira,07:00:00,PE,232,"9,3",JABOATAO DOS GUARARAPES,Condutor deixou de manter distância do veículo da frente,Colisão traseira,Com Vítimas Feridas,Pleno dia,Crescente,Céu Claro,Dupla,Reta,Sim,2,0,1,0,1,0,1,2,"-8,078219","-34,981659",SPRF-PE,DEL01-PE,UOP01-DEL01-PE
404461.0,2021-12-28,terça-feira,06:30:00,PE,424,"86,7",GARANHUNS,Ultrapassagem Indevida,Colisão lateral mesmo sentido,Com Vítimas Feridas,Pleno dia,Crescente,Céu Claro,Simples,Aclive;Reta                   ,Sim,4,0,1,1,2,0,2,2,"-8,86552886","-36,50934159",SPRF-PE,DEL03-PE,UOP01-DEL03-PE
404546.0,2021-12-28,terça-feira,18:40:00,PE,232,"5,4",RECIFE,Ingestão de álcool pelo condutor,Eventos atípicos,Com Vítimas Feridas,Plena Noite,Decrescente,Céu Claro,Dupla,Curva,Sim,1,0,1,0,0,0,1,1,"-8,06795766","-34,94535414",SPRF-PE,DEL01-PE,UOP01-DEL01-PE
404548.0,2021-12-28,terça-feira,19:10:00,PE,232,5,RECIFE,Pista esburacada,Queda de ocupante de veículo,Com Vítimas Feridas,Plena Noite,Decrescente,Céu Claro,Simples,Retorno Regulamentado,Sim,1,0,1,0,0,0,1,1,"-8,069156","-34,947557",SPRF-PE,DEL01-PE,UOP01-DEL01-PE
404603.0,2021-12-26,domingo,14:00:00,PE,101,74,RECIFE,Ingestão de substâncias psicoativas pelo condutor,Saída de leito carroçável,Com Vítimas Feridas,Pleno dia,Crescente,Garoa/Chuvisco,Dupla,Reta,Não,1,0,1,0,0,0,1,1,"-8,10146485","-34,94901577",SPRF-PE,DEL01-PE,UOP01-DEL01-PE
404609.0,2021-12-29,quarta-feira,07:15:00,PE,232,7,RECIFE,Manobra de mudança de faixa,Colisão lateral mesmo sentido,Com Vítimas Feridas,Pleno dia,Crescente,Sol,Dupla,Reta,Sim,2,0,1,0,1,0,1,2,"-8,075083","-34,967824",SPRF-PE,DEL01-PE,UOP01-DEL01-PE
404661.0,2021-12-29,quarta-feira,14:50:00,PE,423,"73,8",JUPI,Ingestão de álcool pelo condutor,Atropelamento de Pedestre,Com Vítimas Feridas,Pleno dia,Decrescente,Céu Claro,Simples,Declive,Sim,4,0,0,3,0,1,3,2,"-8,709851","-36,41926432",SPRF-PE,DEL03-PE,UOP01-DEL03-PE
404684.0,2021-12-29,quarta-feira,16:10:00,PE,232,"409,5",SERRA TALHADA,Retorno proibido,Colisão transversal,Com Vítimas Feridas,Pleno dia,Crescente,Céu Claro,Simples,Reta,Não,2,0,1,0,1,0,1,2,"-7,981944","-38,289467",SPRF-PE,DEL04-PE,UOP01-DEL04-PE
404687.0,2021-12-29,quarta-feira,17:30:00,PE,104,63,CARUARU,Manobra de mudança de faixa,Colisão traseira,Com Vítimas Feridas,Pleno dia,Decrescente,Céu Claro,Dupla,Interseção de Vias,Sim,2,0,1,0,1,0,1,2,"-8,264955","-35,977069",SPRF-PE,DEL02-PE,UOP01-DEL02-PE
404797.0,2021-12-30,quinta-feira,05:30:00,PE,101,"116,4",IPOJUCA,Acumulo de areia ou detritos sobre o pavimento,Colisão com objeto,Com Vítimas Feridas,Pleno dia,Crescente,Nublado,Dupla,Curva,Não,1,0,1,0,0,0,1,1,"-8,34532196","-35,14676704",SPRF-PE,DEL01-PE,UOP01-DEL01-PE
404801.0,2021-12-30,quinta-feira,10:20:00,PE,101,"46,1",IGARASSU,Desrespeitar a preferência no cruzamento,Colisão transversal,Com Vítimas Feridas,Pleno dia,Decrescente,Sol,Múltipla,Retorno Regulamentado,Sim,2,0,0,1,1,0,1,2,"-7,87406004","-34,90588126",SPRF-PE,DEL01-PE,UOP02-DEL01-PE
404846.0,2021-12-30,quinta-feira,15:30:00,PE,232,90,SAIRE,Reação tardia ou ineficiente do condutor,Colisão com objeto,Com Vítimas Feridas,Pleno dia,Crescente,Sol,Dupla,Curva,Não,3,0,3,0,0,0,3,1,"-8,2172915","-35,65572305",SPRF-PE,DEL02-PE,UOP02-DEL02PE
404879.0,2021-12-30,quinta-feira,17:00:00,PE,408,86,PAUDALHO,Manobra de mudança de faixa,Colisão lateral mesmo sentido,Com Vítimas Feridas,Anoitecer,Decrescente,Céu Claro,Dupla,Reta,Não,3,0,0,2,0,1,2,2,"-7,89701706","-35,17300548",SPRF-PE,DEL01-PE,UOP01-DEL01-PE
404890.0,2021-12-30,quinta-feira,18:40:00,PE,316,55,TRINDADE,Acessar a via sem observar a presença dos outros veículos,Colisão transversal,Com Vítimas Feridas,Plena Noite,Decrescente,Céu Claro,Simples,Reta,Não,2,0,1,0,1,0,1,2,"-7,76160912","-40,26138334",SPRF-PE,DEL05-PE,UOP02-DEL05-PE
404930.0,2021-12-30,quinta-feira,20:40:00,PE,101,84,JABOATAO DOS GUARARAPES,Reação tardia ou ineficiente do condutor,Colisão lateral mesmo sentido,Sem Vítimas,Plena Noite,Decrescente,Chuva,Dupla,Reta,Não,2,0,0,0,1,1,0,2,"-8,17778559","-34,95087297",SPRF-PE,DEL01-PE,UOP01-DEL01-PE
404958.0,2021-12-31,sexta-feira,00:20:00,PE,104,55,CARUARU,Pedestre andava na pista,Atropelamento de Pedestre,Com Vítimas Fatais,Plena Noite,Decrescente,Céu Claro,Dupla,Declive,Não,3,1,0,0,0,2,0,3,"-8,2018","-35,9671",SPRF-PE,DEL02-PE,UOP01-DEL02-PE
405017.0,2021-12-31,sexta-feira,11:40:00,PE,101,"68,8",RECIFE,Manobra de mudança de faixa,Colisão traseira,Com Vítimas Feridas,Pleno dia,Decrescente,Sol,Múltipla,Reta,Sim,2,0,1,0,0,1,1,2,"-8,05074296","-34,94580619",SPRF-PE,DEL01-PE,UOP01-DEL01-PE
405052.0,2021-12-31,sexta-feira,14:20:00,PE,101,"41,2",IGARASSU,Ingestão de álcool pelo condutor,Saída de leito carroçável,Com Vítimas Fatais,Pleno dia,Decrescente,Céu Claro,Dupla,Reta,Sim,2,1,0,1,0,0,1,1,"-7,83038346","-34,91426785",SPRF-PE,DEL01-PE,UOP02-DEL01-PE
405057.0,2021-12-31,sexta-feira,15:50:00,PE,101,47,ABREU E LIMA,Condutor deixou de manter distância do veículo da frente,Colisão traseira,Com Vítimas Feridas,Pleno dia,Decrescente,Céu Claro,Múltipla,Reta,Sim,4,0,2,0,2,0,2,3,"-7,890606","-34,903447",SPRF-PE,DEL01-PE,UOP02-DEL01-PE
405098.0,2021-12-31,sexta-feira,17:00:00,PE,232,"57,9",POMBOS,Conversão proibida,Colisão transversal,Com Vítimas Feridas,Anoitecer,Decrescente,Céu Claro,Simples,Reta,Sim,3,0,2,0,1,0,2,2,"-8,13762681","-35,37336212",SPRF-PE,DEL02-PE,UOP02-DEL02PE
405137.0,2021-12-31,sexta-feira,22:00:00,PE,232,109,BEZERROS,Ausência de sinalização,Saída de leito carroçável,Com Vítimas Feridas,Plena Noite,Crescente,Céu Claro,Dupla,Declive;Curva                 ,Não,5,0,5,0,0,0,5,1,"-8,28036785","-35,81085313",SPRF-PE,DEL02-PE,UOP02-DEL02PE
405140.0,2021-12-31,sexta-feira,22:45:00,PE,428,142,PETROLINA,Ingestão de álcool pelo condutor,Colisão transversal,Com Vítimas Feridas,Plena Noite,Crescente,Céu Claro,Simples,Reta,Sim,2,0,0,2,0,0,2,2,"-8,99987394","-40,2721263",SPRF-PE,DEL06-PE,UOP01-DEL06-PE
405255.0,2021-12-31,sexta-feira,23:00:00,PE,110,"114,8",SERTANIA,Ingestão de álcool pelo condutor,Colisão com objeto,Com Vítimas Fatais,Plena Noite,Decrescente,Céu Claro,Simples,Reta,Não,1,1,0,0,0,0,0,1,"-8,43630831","-37,4224359",SPRF-PE,DEL03-PE,UOP02-DEL03-PE
405548.0,2021-12-06,segunda-feira,03:29:00,PE,428,10,CABROBO,Condutor deixou de manter distância do veículo da frente,Colisão traseira,Com Vítimas Feridas,Amanhecer,Decrescente,Céu Claro,Simples,Reta,Não,2,0,1,0,1,0,1,2,"-8,5091915","-39,30745984",SPRF-PE,DEL05-PE,UOP01-DEL05-PE
405790.0,2021-11-13,sábado,19:00:00,PE,428,"175,8",PETROLINA,Ausência de reação do condutor,Colisão transversal,Com Vítimas Feridas,Plena Noite,Crescente,Ignorado,Simples,Reta,Não,3,0,0,1,1,1,1,2,"-9,26025696","-40,42934308",SPRF-PE,DEL06-PE,UOP01-DEL06-PE
407057.0,2021-12-01,quarta-feira,05:30:00,PE,232,31,MORENO,Objeto estático sobre o leito carroçável,Tombamento,Com Vítimas Feridas,Amanhecer,Crescente,Céu Claro,Dupla,Curva,Não,1,0,0,1,0,0,1,1,"-8,11016575","-35,15719414",SPRF-PE,DEL01-PE,UOP01-DEL01-PE