id,data_inversa,dia_semana,horario,uf,br,km,municipio,causa_acidente,tipo_acidente,classificacao_acidente,fase_dia,sentido_via,condicao_metereologica,tipo_pista,tracado_via,uso_solo,pessoas,mortos,feridos_leves,feridos_graves,ilesos,ignorados,feridos,veiculos,latitude,longitude,regional,delegacia,uop
407769.0,2021-11-14,domingo,09:30:00,PE,101,86,CABO DE SANTO AGOSTINHO,Acessar a via sem observar a presença dos outros veículos,Colisão transversal,Com Vítimas Feridas,Pleno dia,Crescente,Céu Claro,Múltipla,Reta,Não,4,0,1,1,1,1,2,3,"-8,18470013","-34,96816895",SPRF-PE,DEL01-PE,UOP01-DEL01-PE
408125.0,2021-12-02,quinta-feira,17:00:00,PE,232,552,PARNAMIRIM,Reação tardia ou ineficiente do condutor,Colisão traseira,Com Vítimas Feridas,Anoitecer,Crescente,Sol,Simples,Em Obras,Não,2,0,1,0,1,0,1,2,"-8,090471","-39,508159",SPRF-PE,DEL05-PE,UOP01-DEL05-PE
408562.0,2021-12-10,sexta-feira,20:50:00,PE,101,"52,3",PAULISTA,Condutor deixou de manter distância do veículo da frente,Colisão traseira,Com Vítimas Feridas,Plena Noite,Crescente,Nublado,Dupla,Reta,Sim,2,0,1,0,0,1,1,2,"-7,92358799","-34,89607201",SPRF-PE,DEL01-PE,UOP02-DEL01-PE
409804.0,2021-12-05,domingo,19:30:00,PE,423,"117,3",PETROLINA,Ingestão de álcool pelo condutor,Colisão frontal,Com Vítimas Feridas,Plena Noite,Crescente,Céu Claro,Simples,Reta,Sim,5,0,5,0,0,0,5,2,"-9,32509","-40,56728",SPRF-PE,DEL03-PE,UOP01-DEL03-PE
410891.0,2021-09-28,terça-feira,16:25:00,PE,104,65,CARUARU,Ausência de reação do condutor,Colisão com objeto,Com Vítimas Feridas,Pleno dia,Decrescente,Céu Claro,Dupla,Reta,Sim,1,0,0,1,0,0,1,1,"-8,29102491","-35,98503297",SPRF-PE,DEL02-PE,UOP01-DEL02-PE
411622.0,2021-12-08,quarta-feira,19:50:00,PE,423,65,LAJEDO,Manobra de mudança de faixa,Colisão traseira,Com Vítimas Feridas,Plena Noite,Crescente,Céu Claro,Simples,Reta,Não,2,0,0,1,1,0,1,2,"-8,66635578","-36,36564305",SPRF-PE,DEL03-PE,UOP01-DEL03-PE
411652.0,2021-12-25,sábado,18:00:00,PE,110,258,JATOBA,Animais na Pista,Capotamento,Com Vítimas Feridas,Anoitecer,Decrescente,Nublado,Simples,Reta,Não,7,0,5,2,0,0,7,1,"-9,27575212","-38,21758713",SPRF-BA,DEL07-BA,UOP01-DEL07-BA
412303.0,2021-12-18,sábado,08:00:00,PE,232,127,CARUARU,Conversão proibida,Colisão transversal,Com Vítimas Feridas,Pleno dia,Crescente,Céu Claro,Simples,Rotatória;Viaduto             ,Sim,3,0,2,0,0,1,2,2,"-8,30610303","-35,96342301",SPRF-PE,DEL02-PE,UOP03-DEL02-PE
412310.0,2021-12-22,quarta-feira,16:00:00,PE,232,"39,3",VITORIA DE SANTO ANTAO,Reação tardia ou ineficiente do condutor,Saída de leito carroçável,Com Vítimas Feridas,Pleno dia,Crescente,Céu Claro,Dupla,Curva,Não,2,0,2,0,0,0,2,1,"-8,11725249","-35,2270359",SPRF-PE,DEL01-PE,UOP01-DEL01-PE
412592.0,2021-12-06,segunda-feira,00:30:00,PE,101,149,RIBEIRAO,Ingestão de álcool pelo condutor,Colisão frontal,Com Vítimas Fatais,Plena Noite,Crescente,Céu Claro,Simples,Reta,Sim,3,2,1,0,0,0,1,2,"-8,495949","-35,374191",SPRF-PE,DEL01-PE,UOP01-DEL01-PE
412822.0,2021-12-11,sábado,03:00:00,PE,408,86,PAUDALHO,Transitar na contramão,Colisão frontal,Com Vítimas Feridas,Plena Noite,Decrescente,Ignorado,Simples,Interseção de Vias,Não,2,0,0,1,1,0,1,2,"-7,960577","-35,093816",SPRF-PE,DEL01-PE,UOP01-DEL01-PE
412995.0,2021-12-21,terça-feira,13:05:00,PE,232,"409,4",SERRA TALHADA,Condutor desrespeitou a iluminação vermelha do semáforo,Colisão transversal,Com Vítimas Feridas,Pleno dia,Decrescente,Céu Claro,Simples,Interseção de Vias,Sim,3,0,1,1,1,0,2,2,"-7,981944","-38,289467",SPRF-PE,DEL04-PE,UOP01-DEL04-PE
414228.0,2021-02-13,sábado,20:45:00,PE,424,67,CAETES,Acessar a via sem observar a presença dos outros veículos,Colisão lateral sentido oposto,Com Vítimas Feridas,Plena Noite,Crescente,Nublado,Simples,Reta,Não,4,0,1,0,2,1,1,3,"-8,76373281","-36,64275387",SPRF-PE,DEL03-PE,UOP01-DEL03-PE
414955.0,2021-11-22,segunda-feira,18:30:00,PE,101,"130,8",ESCADA,Reação tardia ou ineficiente do condutor,Saída de leito carroçável,Com Vítimas Fatais,Plena Noite,Crescente,Céu Claro,Dupla,Reta,Não,3,1,0,2,0,0,2,1,"-8,392345","-35,257055",SPRF-PE,DEL01-PE,UOP01-DEL01-PE
415053.0,2021-12-28,terça-feira,11:05:00,PE,101,69,RECIFE,Acessar a via sem observar a presença dos outros veículos,Atropelamento de Pedestre,Com Vítimas Feridas,Pleno dia,Decrescente,Céu Claro,Dupla,Reta,Sim,2,0,0,1,0,1,1,2,"-8,05951606","-34,94581024",SPRF-PE,DEL01-PE,UOP01-DEL01-PE
417223.0,2021-09-10,sexta-feira,16:30:00,PE,408,"104,9",JABOATAO DOS GUARARAPES,Manobra de mudança de faixa,Colisão transversal,Com Vítimas Feridas,Anoitecer,Decrescente,Céu Claro,Dupla,Reta,Sim,2,0,0,2,0,0,2,2,"-8,07665077","-34,99224901",SPRF-PE,DEL01-PE,UOP01-DEL01-PE
418830.0,2021-07-13,terça-feira,22:00:00,PE,232,451,SAO JOSE DO BELMONTE,Condutor deixou de manter distância do veículo da frente,Saída de leito carroçável,Com Vítimas Feridas,Plena Noite,Crescente,Ignorado,Simples,Reta,Não,1,0,1,0,0,0,1,1,"-7,98551745","-38,64141986",SPRF-PE,DEL04-PE,UOP01-DEL04-PE
419896.0,2021-12-20,segunda-feira,08:23:00,PE,428,"182,5",PETROLINA,Ausência de reação do condutor,Tombamento,Com Vítimas Feridas,Pleno dia,Crescente,Ignorado,Simples,Reta,Não,3,0,1,1,0,1,2,2,"-9,33029404","-40,46532333",SPRF-PE,DEL06-PE,UOP01-DEL06-PE
425130.0,2021-11-14,domingo,03:40:00,PE,428,190,PETROLINA,Reação tardia ou ineficiente do condutor,Colisão transversal,Com Vítimas Feridas,Amanhecer,Decrescente,Ignorado,Múltipla,Interseção de Vias,Sim,2,0,1,0,1,0,1,2,"-9,37605965","-40,49382106",SPRF-PE,DEL06-PE,UOP01-DEL06-PE
443391.0,2021-12-12,domingo,04:00:00,PE,232,"168,2",TACAIMBO,Reação tardia ou ineficiente do condutor,Colisão frontal,Com Vítimas Fatais,Amanhecer,Decrescente,Céu Claro,Simples,Reta,Não,5,3,0,2,0,0,2,2,"-8,33986354","-36,32534101",SPRF-PE,DEL02-PE,UOP03-DEL02-PE
451103.0,2021-12-29,quarta-feira,23:20:00,PE,232,"197,4",SANHARO,Pedestre andava na pista,Atropelamento de Pedestre,Com Vítimas Fatais,Plena Noite,Crescente,Nublado,Simples,Reta,Sim,2,1,0,0,0,1,0,2,"-8,36891793","-36,580362",SPRF-PE,DEL03-PE,UOP02-DEL03-PE
455621.0,2021-11-11,quinta-feira,22:00:00,PE,101,"57,2",RECIFE,Entrada inopinada do pedestre,Atropelamento de Pedestre,Com Vítimas Fatais,Plena Noite,Crescente,Céu Claro,Dupla,Declive,Não,2,1,0,0,1,0,0,2,"-7,96346213","-34,91513486",SPRF-PE,DEL01-PE,UOP02-DEL01-PE
465368.0,2021-02-09,terça-feira,09:00:00,PE,101,42,IGARASSU,Pedestre cruzava a pista fora da faixa,Atropelamento de Pedestre,Com Vítimas Feridas,Pleno dia,Crescente,Céu Claro,Dupla,Reta,Sim,2,0,0,1,1,0,1,2,"-7,83887431","-34,91196739",SPRF-PE,DEL01-PE,UOP02-DEL01-PE
480959.0,2021-06-06,domingo,17:40:00,PE,232,100,BEZERROS,Deixar de acionar o farol da motocicleta (ou similar),Colisão transversal,Com Vítimas Feridas,Plena Noite,Decrescente,Céu Claro,Múltipla,Reta,Sim,4,0,0,4,0,0,4,2,"-8,23791176","-35,74297705",SPRF-PE,DEL02-PE,UOP02-DEL02PE
481417.0,2021-01-11,segunda-feira,10:20:00,PE,428,"185,3",PETROLINA,Chuva,Colisão lateral sentido oposto,Com Vítimas Feridas,Pleno dia,Crescente,Chuva,Simples,Reta,Sim,2,0,1,0,1,0,1,2,"-9,34009199","-40,47032001",SPRF-PE,DEL06-PE,UOP01-DEL06-PE
482907.0,2021-09-26,domingo,06:00:00,PE,428,"141,4",PETROLINA,Ausência de reação do condutor,Colisão com objeto,Com Vítimas Feridas,Amanhecer,Crescente,Céu Claro,Dupla,Reta,Não,2,0,0,1,1,0,1,1,-9,"-40,27656",SPRF-PE,DEL06-PE,UOP01-DEL06-PE
573568.0,2021-11-14,domingo,18:30:00,PE,101,1,JABOATAO DOS GUARARAPES,Transitar na contramão,Colisão frontal,Com Vítimas Feridas,Plena Noite,Decrescente,Céu Claro,Simples,Reta,Sim,4,0,2,0,1,1,2,3,"-8,187796","-34,953784",SPRF-PE,DEL01-PE,UOP02-DEL01-PE
575534.0,2021-03-11,quinta-feira,18:30:00,PE,408,57,CARPINA,Ingestão de álcool pelo condutor,Colisão frontal,Com Vítimas Fatais,Plena Noite,Decrescente,Céu Claro,Simples,Reta,Não,2,1,0,0,1,0,0,2,"-7,82301302","-35,24568219",SPRF-PE,DEL01-PE,UOP01-DEL01-PE
405271.0,2022-01-01,sábado,14:00:00,PE,423,177,AGUAS BELAS,Condutor deixou de manter distância do veículo da frente,Colisão traseira,Com Vítimas Feridas,Pleno dia,Crescente,Céu Claro,Simples,Reta,Não,5,0,1,0,3,1,1,3,"-9,13016345","-37,11460498",SPRF-AL,DEL03-AL,UOP02-DEL03-AL
405691.0,2022-01-03,segunda-feira,08:02:00,PE,116,"82,5",BELEM DE SAO FRANCISCO,Velocidade Incompatível,Tombamento,Com Vítimas Feridas,Pleno dia,Decrescente,Céu Claro,Simples,Aclive;Curva                  ,Não,3,0,2,0,1,0,2,1,"-8,59605493","-39,13180196",SPRF-PE,DEL05-PE,UOP01-DEL05-PE
405970.0,2022-01-04,terça-feira,20:00:00,PE,232,"210,5",PESQUEIRA,Ingestão de álcool pelo condutor,Colisão transversal,Com Vítimas Feridas,Plena Noite,Decrescente,Nublado,Simples,Declive;Curva                 ,Sim,5,0,0,3,0,2,3,2,"-8,36613403","-36,70019388",SPRF-PE,DEL03-PE,UOP02-DEL03-PE
406195.0,2022-01-06,quinta-feira,05:50:00,PE,101,"66,4",RECIFE,Manobra de mudança de faixa,Tombamento,Com Vítimas Feridas,Pleno dia,Crescente,Céu Claro,Dupla,Viaduto,Sim,4,0,3,0,0,1,3,3,"-8,03368534","-34,94184125",SPRF-PE,DEL01-PE,UOP01-DEL01-PE
407028.0,2022-01-06,quinta-feira,11:30:00,PE,428,"33,4",OROCO,Animais na Pista,Saída de leito carroçável,Com Vítimas Feridas,Pleno dia,Decrescente,Sol,Simples,Declive,Não,2,0,1,0,1,0,1,1,"-8,52756025","-39,50347286",SPRF-PE,DEL05-PE,UOP03-DEL05-PE
407161.0,2022-01-06,quinta-feira,21:30:00,PE,232,328,CUSTODIA,Ausência de reação do condutor,Tombamento,Com Vítimas Feridas,Plena Noite,Decrescente,Céu Claro,Simples,Reta,Não,2,0,0,1,0,1,1,2,"-8,09113514","-37,59520501",SPRF-PE,DEL03-PE,UOP02-DEL03-PE
407336.0,2022-01-07,sexta-feira,17:30:00,PE,101,44,IGARASSU,Ausência de reação do condutor,Colisão traseira,Com Vítimas Feridas,Anoitecer,Decrescente,Céu Claro,Múltipla,Reta,Sim,2,0,1,0,1,0,1,2,"-7,85637001","-34,90842109",SPRF-PE,DEL01-PE,UOP02-DEL01-PE
407458.0,2022-01-08,sábado,09:15:00,PE,232,5,RECIFE,Velocidade Incompatível,Saída de leito carroçável,Com Vítimas Feridas,Pleno dia,Crescente,Céu Claro,Simples,Curva,Sim,1,0,1,0,0,0,1,1,"-8,0656033","-34,94434476",SPRF-PE,DEL01-PE,UOP01-DEL01-PE
407464.0,2022-01-08,sábado,11:30:00,PE,232,512,SALGUEIRO,Transitar na contramão,Colisão frontal,Com Vítimas Fatais,Pleno dia,Decrescente,Sol,Simples,Reta,Sim,4,1,2,0,1,0,2,4,"-8,068192","-39,180042",SPRF-PE,DEL05-PE,UOP01-DEL05-PE
407477.0,2022-01-08,sábado,10:05:00,PE,101,"138,4",ESCADA,Avarias e/ou desgaste excessivo no pneu,Eventos atípicos,Sem Vítimas,Pleno dia,Crescente,Céu Claro,Dupla,Reta,Não,1,0,0,0,1,0,0,1,"-8,42065517","-35,31808569",SPRF-PE,DEL01-PE,UOP01-DEL01-PE
407637.0,2022-01-09,domingo,06:00:00,PE,232,"22,2",MORENO,Condutor deixou de manter distância do veículo da frente,Colisão traseira,Sem Vítimas,Pleno dia,Crescente,Céu Claro,Dupla,Reta,Não,3,0,0,0,3,0,0,3,"-8,09712273","-35,088592",SPRF-PE,DEL01-PE,UOP01-DEL01-PE
407726.0,2022-01-09,domingo,17:00:00,PE,101,125,ESCADA,Transitar no acostamento,Colisão traseira,Com Vítimas Feridas,Pleno dia,Crescente,Céu Claro,Múltipla,Reta,Não,2,0,0,1,1,0,1,2,"-8,36501587","-35,22142966",SPRF-PE,DEL01-PE,UOP01-DEL01-PE
407896.0,2022-01-07,sexta-feira,17:30:00,PE,101,"50,9",ABREU E LIMA,Condutor deixou de manter distância do veículo da frente,Colisão traseira,Sem Vítimas,Anoitecer,Crescente,Céu Claro,Múltipla,Aclive,Sim,2,0,0,0,2,0,0,2,"-7,911179","-34,901561",SPRF-PE,DEL01-PE,UOP02-DEL01-PE
407899.0,2022-01-10,segunda-feira,08:15:00,PE,232,45,VITORIA DE SANTO ANTAO,Manobra de mudança de faixa,Saída de leito carroçável,Com Vítimas Feridas,Pleno dia,Crescente,Sol,Dupla,Reta,Sim,3,0,1,0,1,1,1,2,"-8,130741","-35,285276",SPRF-PE,DEL01-PE,UOP01-DEL01-PE
407969.0,2022-01-10,segunda-feira,15:30:00,PE,101,"0,9",GOIANA,Ingestão de álcool pelo condutor,Colisão traseira,Com Vítimas Fatais,Pleno dia,Crescente,Céu Claro,Dupla,Reta,Não,8,1,0,6,1,0,6,3,"-7,5001955","-34,985073",SPRF-PE,DEL01-PE,UOP02-DEL01-PE
408037.0,2022-01-10,segunda-feira,21:30:00,PE,423,46,CACHOEIRINHA,Desvio temporário,Tombamento,Com Vítimas Feridas,Plena Noite,Decrescente,Céu Claro,Simples,Declive,Não,1,0,1,0,0,0,1,1,"-8,54061902","-36,26852294",SPRF-PE,DEL03-PE,UOP01-DEL03-PE
408062.0,2022-01-11,terça-feira,06:10:00,PE,101,"183,1",PALMARES,Reação tardia ou ineficiente do condutor,Tombamento,Com Vítimas Feridas,Amanhecer,Crescente,Céu Claro,Dupla,Curva,Não,1,0,1,0,0,0,1,1,"-8,662093","-35,566758",SPRF-PE,DEL01-PE,UOP01-DEL01-PE
408221.0,2022-01-12,quarta-feira,10:10:00,PE,424,75,CAETES,Reação tardia ou ineficiente do condutor,Saída de leito carroçável,Com Vítimas Feridas,Pleno dia,Crescente,Céu Claro,Simples,Reta,Não,1,0,1,0,0,0,1,1,"-8,80482636","-36,58367325",SPRF-PE,DEL03-PE,UOP01-DEL03-PE
408496.0,2022-01-14,sexta-feira,05:00:00,PE,101,82,JABOATAO DOS GUARARAPES,Objeto estático sobre o leito carroçável,Colisão com objeto,Sem Vítimas,Amanhecer,Crescente,Nublado,Múltipla,Reta,Sim,1,0,0,0,1,0,0,1,"-8,168383","-34,9376",SPRF-PE,DEL01-PE,UOP01-DEL01-PE
408508.0,2022-01-14,sexta-feira,06:40:00,PE,101,33,IGARASSU,Condutor deixou de manter distância do veículo da frente,Colisão lateral mesmo sentido,Sem Vítimas,Pleno dia,Crescente,Céu Claro,Simples,Reta,Não,3,0,0,0,2,1,0,3,"-7,761909","-34,935654",SPRF-PE,DEL01-PE,UOP02-DEL01-PE
408689.0,2022-01-14,sexta-feira,20:20:00,PE,408,"26,5",TIMBAUBA,Ausência de reação do condutor,Colisão traseira,Com Vítimas Fatais,Plena Noite,Crescente,Céu Claro,Simples,Reta,Não,2,1,0,0,0,1,0,2,"-7,548208","-35,262604",SPRF-PE,DEL01-PE,UOP02-DEL01-PE
409332.0,2022-01-16,domingo,19:00:00,PE,316,249,BELEM DE SAO FRANCISCO,Reação tardia ou ineficiente do condutor,Saída de leito carroçável,Com Vítimas Feridas,Plena Noite,Crescente,Céu Claro,Simples,Curva,Não,2,0,2,0,0,0,2,1,"-8,6737083","-38,97854215",SPRF-PE,DEL05-PE,UOP01-DEL05-PE
409348.0,2022-01-16,domingo,21:20:00,PE,101,"85,9",JABOATAO DOS GUARARAPES,Pedestre cruzava a pista fora da faixa,Atropelamento de Pedestre,Com Vítimas Fatais,Plena Noite,Decrescente,Nublado,Dupla,Reta,Sim,2,1,0,0,0,1,0,2,"-8,18065563","-34,95965322",SPRF-PE,DEL01-PE,UOP01-DEL01-PE
409427.0,2022-01-17,segunda-feira,11:20:00,PE,110,"139,6",IBIMIRIM,Transitar na contramão,Colisão lateral sentido oposto,Com Vítimas Feridas,Pleno dia,Decrescente,Sol,Simples,Reta,Não,2,0,0,1,1,0,1,2,"-8,5108371","-37,62351999",SPRF-PE,DEL03-PE,UOP02-DEL03-PE
409568.0,2022-01-17,segunda-feira,22:00:00,PE,101,94,JABOATAO DOS GUARARAPES,Manobra de mudança de faixa,Colisão com objeto,Com Vítimas Feridas,Plena Noite,Decrescente,Nublado,Múltipla,Reta,Sim,1,0,1,0,0,0,1,1,"-8,24829064","-35,00697936",SPRF-PE,DEL01-PE,UOP01-DEL01-PE
409916.0,2022-01-19,quarta-feira,20:25:00,PE,101,"122,7",ESCADA,Animais na Pista,Atropelamento de Animal,Com Vítimas Fatais,Plena Noite,Crescente,Céu Claro,Dupla,Reta,Não,2,1,1,0,0,0,1,2,"-8,35963442","-35,20419694",SPRF-PE,DEL01-PE,UOP01-DEL01-PE
409995.0,2022-01-20,quinta-feira,07:00:00,PE,101,60,RECIFE,Condutor deixou de manter distância do veículo da frente,Colisão traseira,Com Vítimas Feridas,Pleno dia,Crescente,Sol,Múltipla,Reta,Sim,4,0,1,0,3,0,1,3,"-7,98344307","-34,93176727",SPRF-PE,DEL01-PE,UOP02-DEL01-PE
410032.0,2022-01-20,quinta-feira,12:13:00,PE,101,"49,3",ABREU E LIMA,Condutor deixou de manter distância do veículo da frente,Colisão lateral mesmo sentido,Com Vítimas Feridas,Pleno dia,Decrescente,Céu Claro,Múltipla,Reta,Sim,2,0,1,0,0,1,1,2,"-7,90318905","-34,90152782",SPRF-PE,DEL01-PE,UOP02-DEL01-PE
410101.0,2022-01-20,quinta-feira,19:25:00,PE,407,129,PETROLINA,Acessar a via sem observar a presença dos outros veículos,Colisão lateral mesmo sentido,Sem Vítimas,Plena Noite,Crescente,Nublado,Dupla,Reta,Sim,3,0,0,0,3,0,0,2,"-9,39958299","-40,50459298",SPRF-PE,DEL06-PE,UOP01-DEL06-PE
410249.0,2022-01-21,sexta-feira,17:50:00,PE,232,"106,6",BEZERROS,Acessar a via sem observar a presença dos outros veículos,Engavetamento,Com Vítimas Feridas,Anoitecer,Crescente,Céu Claro,Dupla,Aclive,Não,6,0,1,0,5,0,1,3,"-8,26300269","-35,79029821",SPRF-PE,DEL02-PE,UOP02-DEL02PE
410452.0,2022-01-22,sábado,17:10:00,PE,232,248,ARCOVERDE,Demais falhas na via,Colisão traseira,Com Vítimas Feridas,Pleno dia,Crescente,Céu Claro,Simples,Reta,Não,2,0,1,0,0,1,1,2,"-8,42451258","-37,03463008",SPRF-PE,DEL03-PE,UOP02-DEL03-PE
410953.0,2022-01-24,segunda-feira,21:40:00,PE,101,"70,5",RECIFE,Trafegar com motocicleta (ou similar) entre as faixas,Colisão traseira,Com Vítimas Fatais,Plena Noite,Crescente,Céu Claro,Dupla,Reta,Sim,2,1,0,0,1,0,0,2,"-8,06776119","-34,94265074",SPRF-PE,DEL01-PE,UOP01-DEL01-PE
411212.0,2022-01-26,quarta-feira,15:00:00,PE,101,47,ABREU E LIMA,Condutor deixou de manter distância do veículo da frente,Colisão traseira,Com Vítimas Feridas,Anoitecer,Decrescente,Sol,Múltipla,Reta,Sim,2,0,1,0,1,0,1,2,"-7,88290701","-34,90461208",SPRF-PE,DEL01-PE,UOP02-DEL01-PE
411226.0,2022-01-26,quarta-feira,16:10:00,PE,232,"506,7",VERDEJANTE,Condutor deixou de manter distância do veículo da frente,Colisão traseira,Com Vítimas Feridas,Pleno dia,Crescente,Nublado,Simples,Reta,Não,3,0,0,1,2,0,1,3,"-8,05986546","-39,10271397",SPRF-PE,DEL05-PE,UOP01-DEL05-PE
411234.0,2022-01-17,segunda-feira,15:00:00,PE,110,240,JATOBA,Velocidade Incompatível,Tombamento,Com Vítimas Feridas,Pleno dia,Decrescente,Céu Claro,Simples,Curva;Declive                 ,Não,1,0,1,0,0,0,1,1,"-9,14173089","-38,2900095",SPRF-BA,DEL07-BA,UOP01-DEL07-BA
411559.0,2022-01-28,sexta-feira,06:00:00,PE,424,68,CAETES,Demais falhas mecânicas ou elétricas,Saída de leito carroçável,Com Vítimas Feridas,Pleno dia,Crescente,Nublado,Simples,Aclive,Sim,1,0,1,0,0,0,1,1,"-8,76884574","-36,63537082",SPRF-PE,DEL03-PE,UOP01-DEL03-PE
411581.0,2022-01-28,sexta-feira,12:00:00,PE,428,"71,8",SANTA MARIA DA BOA VISTA,Manobra de mudança de faixa,Colisão lateral mesmo sentido,Com Vítimas Feridas,Pleno dia,Crescente,Céu Claro,Simples,Reta,Não,6,0,1,0,5,0,1,3,"-8,70240405","-39,76912477",SPRF-PE,DEL06-PE,UOP03-DEL06-PE
411798.0,2022-01-29,sábado,14:00:00,PE,232,"14,4",JABOATAO DOS GUARARAPES,Condutor deixou de manter distância do veículo da frente,Colisão traseira,Com Vítimas Feridas,Pleno dia,Crescente,Nublado,Dupla,Reta,Não,3,0,1,1,0,1,2,2,"-8,09025488","-35,02052302",SPRF-PE,DEL01-PE,UOP01-DEL01-PE
411822.0,2022-01-29,sábado,15:30:00,PE,407,"88,9",PETROLINA,Manobra de mudança de faixa,Colisão lateral sentido oposto,Com Vítimas Feridas,Pleno dia,Decrescente,Chuva,Simples,Reta,Não,2,0,0,1,1,0,1,2,"-9,08243422","-40,66108704",SPRF-PE,DEL06-PE,UOP02-DEL06-PE
412008.0,2022-01-30,domingo,18:28:00,PE,428,187,PETROLINA,Entrada inopinada do pedestre,Atropelamento de Pedestre,Com Vítimas Feridas,Plena Noite,Crescente,Céu Claro,Dupla,Reta,Sim,2,0,0,1,1,0,1,2,"-9,35604301","-40,47854198",SPRF-PE,DEL06-PE,UOP01-DEL06-PE
412512.0,2022-01-07,sexta-feira,23:00:00,PE,101,90,CABO DE SANTO AGOSTINHO,Ingestão de álcool pelo condutor,Atropelamento de Pedestre,Com Vítimas Feridas,Plena Noite,Crescente,Céu Claro,Dupla,Reta,Sim,5,0,0,3,1,1,3,3,"-8,23386226","-34,97858502",SPRF-PE,DEL01-PE,UOP01-DEL01-PE
412641.0,2022-01-07,sexta-feira,06:45:00,PE,101,"60,9",RECIFE,Ausência de reação do condutor,Colisão traseira,Com Vítimas Feridas,Pleno dia,Crescente,Céu Claro,Dupla,Reta,Sim,4,0,1,1,2,0,2,3,"-7,98344307","-34,93176727",SPRF-PE,DEL01-PE,UOP02-DEL01-PE
412938.0,2022-02-05,sábado,00:50:00,PE,101,"195,4",PALMARES,Condutor Dormindo,Colisão traseira,Com Vítimas Fatais,Plena Noite,Decrescente,Céu Claro,Dupla,Reta,Não,3,1,0,1,0,1,1,2,"-8,73847","-35,608995",SPRF-PE,DEL01-PE,UOP01-DEL01-PE
412978.0,2022-02-05,sábado,06:30:00,PE,232,116,CARUARU,Demais falhas mecânicas ou elétricas,Capotamento,Com Vítimas Feridas,Pleno dia,Decrescente,Céu Claro,Dupla,Reta,Não,2,0,1,0,1,0,1,2,"-8,2970005","-35,86666391",SPRF-PE,DEL02-PE,UOP03-DEL02-PE
413087.0,2022-02-05,sábado,17:20:00,PE,116,31,SALGUEIRO,Velocidade Incompatível,Tombamento,Com Vítimas Feridas,Pleno dia,Crescente,Céu Claro,Simples,Curva;Aclive                  ,Não,1,0,1,0,0,0,1,1,"-8,11305","-39,123844",SPRF-PE,DEL05-PE,UOP01-DEL05-PE
413382.0,2022-02-06,domingo,23:40:00,PE,101,36,IGARASSU,Ausência de reação do condutor,Colisão traseira,Com Vítimas Feridas,Plena Noite,Crescente,Céu Claro,Dupla,Reta,Sim,2,0,0,1,1,0,1,2,"-7,788367","-34,92981702",SPRF-PE,DEL01-PE,UOP02-DEL01-PE
413396.0,2022-02-07,segunda-feira,00:20:00,PE,110,241,JATOBA,Reação tardia ou ineficiente do condutor,Colisão frontal,Com Vítimas Feridas,Plena Noite,Decrescente,Céu Claro,Simples,Reta,Não,2,0,1,0,1,0,1,2,"-9,148655","-38,28464499",SPRF-BA,DEL07-BA,UOP01-DEL07-BA
413493.0,2022-02-07,segunda-feira,13:30:00,PE,232,27,MORENO,Condutor deixou de manter distância do veículo da frente,Colisão traseira,Com Vítimas Feridas,Pleno dia,Crescente,Sol,Dupla,Curva,Não,5,0,2,0,3,0,2,3,"-8,11418416","-35,12568999",SPRF-PE,DEL01-PE,UOP01-DEL01-PE
413645.0,2022-02-08,terça-feira,07:30:00,PE,232,107,BEZERROS,Reação tardia ou ineficiente do condutor,Tombamento,Com Vítimas Feridas,Pleno dia,Decrescente,Céu Claro,Dupla,Reta,Não,3,0,0,1,2,0,1,2,"-8,26839017","-35,79746685",SPRF-PE,DEL02-PE,UOP02-DEL02PE
413707.0,2022-01-31,segunda-feira,20:00:00,PE,,,RECIFE,Reação tardia ou ineficiente do condutor,Colisão transversal,Sem Vítimas,Plena Noite,Não Informado,Garoa/Chuvisco,Simples,Curva,Sim,2,0,0,0,1,1,0,2,"-8,08485816","-34,8864538",SPRF-PE,DEL06-PE,UOP01-DEL06-PE
413727.0,2022-02-08,terça-feira,13:30:00,PE,423,"54,3",LAJEDO,Transitar na contramão,Colisão frontal,Com Vítimas Feridas,Pleno dia,Decrescente,Sol,Simples,Reta,Não,3,0,1,0,2,0,1,3,"-8,607734","-36,29399698",SPRF-PE,DEL03-PE,UOP01-DEL03-PE
413816.0,2022-02-09,quarta-feira,08:07:00,PE,101,70,RECIFE,Reação tardia ou ineficiente do condutor,Colisão traseira,Com Vítimas Feridas,Pleno dia,Crescente,Céu Claro,Dupla,Reta,Sim,6,0,1,0,5,0,1,4,"-8,07195","-34,94251",SPRF-PE,DEL01-PE,UOP01-DEL01-PE
413942.0,2022-02-09,quarta-feira,22:10:00,PE,232,"254,3",ARCOVERDE,Animais na Pista,Colisão traseira,Sem Vítimas,Plena Noite,Crescente,Céu Claro,Simples,Reta,Não,2,0,0,0,2,0,0,2,"-8,42522112","-37,07235809",SPRF-PE,DEL03-PE,UOP02-DEL03-PE