id,data_inversa,dia_semana,horario,uf,br,km,municipio,causa_acidente,tipo_acidente,classificacao_acidente,fase_dia,sentido_via,condicao_metereologica,tipo_pista,tracado_via,uso_solo,pessoas,mortos,feridos_leves,feridos_graves,ilesos,ignorados,feridos,veiculos,latitude,longitude,regional,delegacia,uop
413956.0,2022-02-09,quarta-feira,22:40:00,PE,232,"244,4",ARCOVERDE,Ingestão de álcool pelo condutor,Colisão frontal,Com Vítimas Fatais,Plena Noite,Crescente,Céu Claro,Simples,Em Obras;Curva                ,Não,2,1,0,0,1,0,0,2,"-8,41863444","-36,99827208",SPRF-PE,DEL03-PE,UOP02-DEL03-PE
414352.0,2022-02-11,sexta-feira,23:15:00,PE,423,69,JUPI,Ingestão de álcool pelo condutor,Colisão lateral sentido oposto,Com Vítimas Feridas,Plena Noite,Crescente,Nublado,Simples,Aclive,Não,2,0,1,0,1,0,1,2,"-8,67648714","-36,40182687",SPRF-PE,DEL03-PE,UOP01-DEL03-PE
414446.0,2022-02-12,sábado,09:20:00,PE,423,132,SALOA,Condutor Dormindo,Tombamento,Com Vítimas Fatais,Pleno dia,Crescente,Céu Claro,Simples,Curva,Não,1,1,0,0,0,0,0,1,"-8,95896174","-36,76570784",SPRF-PE,DEL03-PE,UOP01-DEL03-PE
414857.0,2022-02-13,domingo,22:25:00,PE,232,87,GRAVATA,Demais falhas mecânicas ou elétricas,Eventos atípicos,Sem Vítimas,Plena Noite,Crescente,Céu Claro,Dupla,Reta,Não,5,0,0,0,5,0,0,1,"-8,21379064","-35,62898606",SPRF-PE,DEL02-PE,UOP02-DEL02PE
414944.0,2022-02-14,segunda-feira,11:25:00,PE,101,"67,3",RECIFE,Demais falhas mecânicas ou elétricas,Colisão traseira,Com Vítimas Feridas,Pleno dia,Crescente,Nublado,Dupla,Reta,Sim,7,0,2,0,4,1,2,6,"-8,042334","-34,943096",SPRF-PE,DEL01-PE,UOP01-DEL01-PE
414990.0,2022-02-14,segunda-feira,13:00:00,PE,232,5,RECIFE,Condutor Dormindo,Colisão traseira,Sem Vítimas,Pleno dia,Decrescente,Céu Claro,Dupla,Reta,Não,2,0,0,0,2,0,0,2,"-8,06795766","-34,94535414",SPRF-PE,DEL01-PE,UOP01-DEL01-PE
415467.0,2022-02-17,quinta-feira,11:15:00,PE,101,"3,9",GOIANA,Velocidade Incompatível,Saída de leito carroçável,Sem Vítimas,Pleno dia,Crescente,Céu Claro,Dupla,Declive;Curva                 ,Não,1,0,0,0,1,0,0,1,"-7,53264499","-34,99145786",SPRF-PE,DEL01-PE,UOP02-DEL01-PE
415501.0,2022-02-07,segunda-feira,09:50:00,PE,232,410,SERRA TALHADA,Acessar a via sem observar a presença dos outros veículos,Colisão transversal,Com Vítimas Feridas,Pleno dia,Decrescente,Sol,Simples,Reta,Sim,3,0,2,0,1,0,2,2,"-7,9826184059","-38,3003960594",SPRF-PE,DEL04-PE,UOP01-DEL04-PE
415519.0,2022-02-17,quinta-feira,16:40:00,PE,101,"58,7",PAULISTA,Condutor deixou de manter distância do veículo da frente,Engavetamento,Com Vítimas Feridas,Pleno dia,Decrescente,Nublado,Dupla,Reta,Não,3,0,1,0,2,0,1,3,"-7,96346213","-34,91513486",SPRF-PE,DEL01-PE,UOP02-DEL01-PE
415555.0,2022-02-17,quinta-feira,21:10:00,PE,232,"552,3",PARNAMIRIM,Transitar na contramão,Colisão frontal,Com Vítimas Fatais,Plena Noite,Decrescente,Céu Claro,Simples,Reta,Não,2,1,0,0,1,0,0,2,"-8,08677211","-39,52424697",SPRF-PE,DEL05-PE,UOP01-DEL05-PE
415748.0,2022-02-18,sexta-feira,20:00:00,PE,101,90,CABO DE SANTO AGOSTINHO,Condutor usando celular,Colisão traseira,Com Vítimas Feridas,Plena Noite,Decrescente,Chuva,Simples,Ponte,Sim,2,0,0,1,1,0,1,2,"-8,21612792","-34,98772817",SPRF-PE,DEL01-PE,UOP01-DEL01-PE
415981.0,2022-02-20,domingo,01:51:00,PE,423,"116,4",PARANATAMA,Pedestre andava na pista,Atropelamento de Pedestre,Com Vítimas Fatais,Plena Noite,Decrescente,Nevoeiro/Neblina,Simples,Reta,Não,2,1,0,0,0,1,0,2,"-8,905391","-36,664301",SPRF-PE,DEL03-PE,UOP01-DEL03-PE
416245.0,2022-02-21,segunda-feira,06:55:00,PE,101,"78,1",JABOATAO DOS GUARARAPES,Ultrapassagem Indevida,Tombamento,Com Vítimas Fatais,Pleno dia,Decrescente,Céu Claro,Dupla,Reta,Sim,2,1,0,0,1,0,0,2,"-8,13496499","-34,94738614",SPRF-PE,DEL01-PE,UOP01-DEL01-PE
416281.0,2022-02-21,segunda-feira,11:00:00,PE,232,"4,6",RECIFE,Velocidade Incompatível,Colisão lateral mesmo sentido,Com Vítimas Feridas,Pleno dia,Crescente,Céu Claro,Dupla,Viaduto,Não,2,0,0,1,1,0,1,2,"-8,064473","-34,936928",SPRF-PE,DEL01-PE,UOP01-DEL01-PE
416329.0,2022-02-21,segunda-feira,16:15:00,PE,101,"114,9",IPOJUCA,Condutor Dormindo,Saída de leito carroçável,Com Vítimas Feridas,Pleno dia,Crescente,Nublado,Dupla,Curva,Não,1,0,1,0,0,0,1,1,"-8,33627384","-35,140028",SPRF-PE,DEL01-PE,UOP01-DEL01-PE
416487.0,2022-02-22,terça-feira,13:20:00,PE,101,"65,8",RECIFE,Condutor deixou de manter distância do veículo da frente,Colisão traseira,Com Vítimas Feridas,Pleno dia,Decrescente,Sol,Dupla,Reta,Sim,3,0,1,0,2,0,1,3,"-8,02478597","-34,94276635",SPRF-PE,DEL01-PE,UOP01-DEL01-PE
416536.0,2022-02-22,terça-feira,18:40:00,PE,101,"7,3",GOIANA,Acessar a via sem observar a presença dos outros veículos,Colisão transversal,Com Vítimas Feridas,Plena Noite,Crescente,Céu Claro,Dupla,Reta,Sim,2,0,1,0,1,0,1,2,"-7,55997111","-34,99072674",SPRF-PE,DEL01-PE,UOP02-DEL01-PE
416567.0,2022-02-22,terça-feira,19:45:00,PE,101,197,AGUA PRETA,Curva acentuada,Tombamento,Com Vítimas Feridas,Plena Noite,Decrescente,Nublado,Dupla,Reta,Sim,1,0,1,0,0,0,1,1,"-8,75523097","-35,60154384",SPRF-PE,DEL01-PE,UOP01-DEL01-PE
416644.0,2022-02-23,quarta-feira,13:00:00,PE,101,68,RECIFE,Condutor deixou de manter distância do veículo da frente,Colisão traseira,Com Vítimas Feridas,Pleno dia,Decrescente,Sol,Simples,Reta,Sim,2,0,1,0,1,0,1,2,"-8,05074296","-34,94580619",SPRF-PE,DEL01-PE,UOP01-DEL01-PE
417084.0,2022-02-25,sexta-feira,10:30:00,PE,104,"119,2",PANELAS,Demais falhas mecânicas ou elétricas,Saída de leito carroçável,Com Vítimas Fatais,Pleno dia,Decrescente,Sol,Simples,Declive;Curva                 ,Não,1,1,0,0,0,0,0,1,"-8,69214","-36,023621",SPRF-PE,DEL02-PE,UOP01-DEL02-PE
417094.0,2022-02-25,sexta-feira,11:00:00,PE,101,"88,8",JABOATAO DOS GUARARAPES,Velocidade Incompatível,Colisão lateral sentido oposto,Com Vítimas Feridas,Pleno dia,Decrescente,Céu Claro,Dupla,Reta,Sim,6,0,2,3,1,0,5,3,"-8,19971387","-34,9785382",SPRF-PE,DEL01-PE,UOP01-DEL01-PE
417397.0,2022-02-26,sábado,14:50:00,PE,101,"51,5",PAULISTA,Ausência de reação do condutor,Tombamento,Com Vítimas Feridas,Pleno dia,Decrescente,Céu Claro,Dupla,Curva,Sim,1,0,0,1,0,0,1,1,"-7,9169968","-34,89689272",SPRF-PE,DEL01-PE,UOP02-DEL01-PE
417470.0,2022-02-26,sábado,21:00:00,PE,423,69,JUPI,Ingestão de álcool pelo condutor,Colisão frontal,Com Vítimas Feridas,Plena Noite,Decrescente,Nublado,Simples,Reta,Não,2,0,1,0,1,0,1,2,"-8,67648714","-36,40182687",SPRF-PE,DEL03-PE,UOP01-DEL03-PE
417681.0,2022-02-27,domingo,17:50:00,PE,428,70,SANTA MARIA DA BOA VISTA,Ultrapassagem Indevida,Queda de ocupante de veículo,Com Vítimas Fatais,Anoitecer,Crescente,Céu Claro,Simples,Curva,Não,3,1,1,0,0,1,1,2,"-8,688311","-39,766119",SPRF-PE,DEL06-PE,UOP03-DEL06-PE
417792.0,2022-02-28,segunda-feira,09:00:00,PE,232,"172,9",TACAIMBO,Reação tardia ou ineficiente do condutor,Colisão traseira,Sem Vítimas,Pleno dia,Crescente,Céu Claro,Simples,Ponte,Não,2,0,0,0,2,0,0,2,"-8,33854887","-36,360134",SPRF-PE,DEL02-PE,UOP03-DEL02-PE
417938.0,2022-03-01,terça-feira,04:55:00,PE,232,121,CARUARU,Estacionar ou parar em local proibido,Colisão traseira,Com Vítimas Feridas,Amanhecer,Decrescente,Céu Claro,Dupla,Declive;Reta                  ,Não,2,0,1,0,0,1,1,2,"-8,30018257","-35,91071184",SPRF-PE,DEL02-PE,UOP03-DEL02-PE
418103.0,2022-03-01,terça-feira,22:00:00,PE,423,136,SALOA,Pedestre andava na pista,Atropelamento de Pedestre,Com Vítimas Fatais,Plena Noite,Decrescente,Nublado,Simples,Reta,Não,2,1,0,0,0,1,0,2,"-8,96508272","-36,79997411",SPRF-PE,DEL03-PE,UOP01-DEL03-PE
418421.0,2022-03-03,quinta-feira,18:20:00,PE,101,"17,1",GOIANA,Demais falhas mecânicas ou elétricas,Incêndio,Sem Vítimas,Plena Noite,Decrescente,Céu Claro,Dupla,Reta,Não,1,0,0,0,1,0,0,1,"-7,64064477","-34,95599769",SPRF-PE,DEL01-PE,UOP02-DEL01-PE
418435.0,2022-03-03,quinta-feira,20:10:00,PE,101,"124,6",ESCADA,Acessar a via sem observar a presença dos outros veículos,Colisão traseira,Com Vítimas Feridas,Plena Noite,Crescente,Nublado,Dupla,Reta,Sim,2,0,1,0,0,1,1,2,"-8,361745","-35,213108",SPRF-PE,DEL01-PE,UOP01-DEL01-PE
418493.0,2022-03-04,sexta-feira,03:50:00,PE,232,16,JABOATAO DOS GUARARAPES,Reação tardia ou ineficiente do condutor,Saída de leito carroçável,Com Vítimas Feridas,Amanhecer,Decrescente,Chuva,Dupla,Reta,Sim,1,0,1,0,0,0,1,1,"-8,09414193","-35,03716601",SPRF-PE,DEL01-PE,UOP01-DEL01-PE
418664.0,2022-03-04,sexta-feira,20:50:00,PE,232,"24,9",MORENO,Objeto estático sobre o leito carroçável,Colisão com objeto,Com Vítimas Feridas,Plena Noite,Decrescente,Chuva,Dupla,Curva,Não,2,0,1,0,0,1,1,2,"-8,111762","-35,10749",SPRF-PE,DEL01-PE,UOP01-DEL01-PE
418714.0,2022-03-05,sábado,05:20:00,PE,232,250,ARCOVERDE,Condutor Dormindo,Colisão traseira,Com Vítimas Feridas,Amanhecer,Decrescente,Céu Claro,Simples,Reta,Sim,2,0,0,1,1,0,1,2,"-8,42350887","-37,05286107",SPRF-PE,DEL03-PE,UOP02-DEL03-PE
418730.0,2022-03-05,sábado,09:25:00,PE,101,68,RECIFE,Manobra de mudança de faixa,Colisão lateral mesmo sentido,Com Vítimas Feridas,Pleno dia,Crescente,Céu Claro,Dupla,Viaduto,Sim,3,0,1,1,1,0,2,2,"-8,05074296","-34,94580619",SPRF-PE,DEL01-PE,UOP01-DEL01-PE
418779.0,2022-03-05,sábado,15:00:00,PE,407,"91,2",PETROLINA,Transitar na contramão,Colisão frontal,Com Vítimas Feridas,Pleno dia,Decrescente,Nublado,Simples,Reta,Não,2,0,1,0,1,0,1,2,"-9,099128","-40,651713",SPRF-PE,DEL06-PE,UOP02-DEL06-PE
418805.0,2022-03-02,quarta-feira,22:00:00,PE,116,"59,5",CABROBO,Demais falhas mecânicas ou elétricas,Incêndio,Sem Vítimas,Plena Noite,Decrescente,Ignorado,Simples,Declive;Reta                  ,Não,1,0,0,0,1,0,0,1,"-8,352674","-39,141792",SPRF-PE,DEL05-PE,UOP01-DEL05-PE
419011.0,2022-02-26,sábado,19:00:00,PE,101,136,RIBEIRAO,Reação tardia ou ineficiente do condutor,Saída de leito carroçável,Com Vítimas Feridas,Plena Noite,Decrescente,Céu Claro,Múltipla,Reta,Não,1,0,0,1,0,0,1,1,"-8,41439454","-35,3044618",SPRF-PE,DEL01-PE,UOP01-DEL01-PE
419067.0,2022-03-06,domingo,21:30:00,PE,316,53,TRINDADE,Transitar na contramão,Colisão frontal,Com Vítimas Feridas,Plena Noite,Crescente,Céu Claro,Simples,Reta,Não,2,0,1,0,1,0,1,2,"-7,73314203","-40,30237301",SPRF-PE,DEL05-PE,UOP02-DEL05-PE
419147.0,2022-03-07,segunda-feira,09:30:00,PE,101,68,RECIFE,Trafegar com motocicleta (ou similar) entre as faixas,Tombamento,Com Vítimas Feridas,Pleno dia,Decrescente,Céu Claro,Dupla,Reta,Sim,2,0,1,0,1,0,1,2,"-8,05894281","-34,94593263",SPRF-PE,DEL01-PE,UOP01-DEL01-PE
419173.0,2022-03-07,segunda-feira,09:40:00,PE,101,"68,1",RECIFE,Trafegar com motocicleta (ou similar) entre as faixas,Colisão lateral mesmo sentido,Com Vítimas Fatais,Pleno dia,Crescente,Nublado,Dupla,Aclive;Viaduto                ,Sim,3,1,0,0,2,0,0,3,"-8,05187","-34,946221",SPRF-PE,DEL01-PE,UOP01-DEL01-PE
419374.0,2022-03-08,terça-feira,15:10:00,PE,423,"117,9",PARANATAMA,Ausência de sinalização,Saída de leito carroçável,Sem Vítimas,Pleno dia,Decrescente,Nublado,Simples,Aclive,Não,1,0,0,0,1,0,0,1,"-8,908816","-36,67734",SPRF-PE,DEL03-PE,UOP01-DEL03-PE
419468.0,2022-03-09,quarta-feira,07:15:00,PE,101,55,PAULISTA,Manobra de mudança de faixa,Colisão traseira,Com Vítimas Feridas,Pleno dia,Crescente,Nublado,Múltipla,Reta,Não,3,0,1,0,2,0,1,3,"-7,94806621","-34,9062148",SPRF-PE,DEL01-PE,UOP02-DEL01-PE
419499.0,2022-03-09,quarta-feira,10:50:00,PE,101,"21,9",GOIANA,Pedestre cruzava a pista fora da faixa,Atropelamento de Pedestre,Com Vítimas Fatais,Pleno dia,Decrescente,Céu Claro,Dupla,Reta,Não,2,1,0,0,1,0,0,2,"-7,675127","-34,92856",SPRF-PE,DEL01-PE,UOP02-DEL01-PE
419641.0,2022-03-10,quinta-feira,04:30:00,PE,408,"76,4",PAUDALHO,Ausência de reação do condutor,Tombamento,Com Vítimas Feridas,Plena Noite,Crescente,Nublado,Múltipla,Retorno Regulamentado,Sim,1,0,1,0,0,0,1,1,"-7,913693","-35,170002",SPRF-PE,DEL01-PE,UOP01-DEL01-PE
419647.0,2022-03-09,quarta-feira,23:00:00,PE,232,"106,9",BEZERROS,Demais falhas mecânicas ou elétricas,Incêndio,Sem Vítimas,Plena Noite,Crescente,Céu Claro,Dupla,Reta,Não,1,0,0,0,1,0,0,1,"-8,26300269","-35,79029821",SPRF-PE,DEL02-PE,UOP02-DEL02PE
419730.0,2022-03-01,terça-feira,21:45:00,PE,232,135,CARUARU,Reação tardia ou ineficiente do condutor,Colisão traseira,Sem Vítimas,Plena Noite,Crescente,Céu Claro,Dupla,Reta,Não,2,0,0,0,2,0,0,2,"-8,31096592","-36,03308802",SPRF-PE,DEL02-PE,UOP03-DEL02-PE
419815.0,2022-03-11,sexta-feira,05:20:00,PE,408,32,ALIANCA,Transitar na contramão,Colisão frontal,Com Vítimas Fatais,Pleno dia,Crescente,Céu Claro,Dupla,Reta,Não,3,1,0,2,0,0,2,2,"-7,584444","-35,249002",SPRF-PE,DEL01-PE,UOP02-DEL01-PE
420259.0,2022-03-13,domingo,00:20:00,PE,316,"7,4",ARARIPINA,Avarias e/ou desgaste excessivo no pneu,Colisão lateral sentido oposto,Com Vítimas Feridas,Plena Noite,Crescente,Ignorado,Simples,Reta,Não,2,0,1,0,1,0,1,2,"-7,48071193","-40,61057493",SPRF-PE,DEL05-PE,UOP02-DEL05-PE
420490.0,2022-03-14,segunda-feira,05:30:00,PE,424,"64,3",CAETES,Ingestão de álcool pelo condutor,Colisão frontal,Com Vítimas Fatais,Amanhecer,Decrescente,Céu Claro,Simples,Reta,Não,3,1,0,0,2,0,0,2,"-8,753403","-36,667581",SPRF-PE,DEL03-PE,UOP01-DEL03-PE
420595.0,2022-03-14,segunda-feira,03:00:00,PE,110,"97,3",SERTANIA,Animais na Pista,Tombamento,Com Vítimas Feridas,Plena Noite,Decrescente,Céu Claro,Simples,Declive,Não,1,0,0,1,0,0,1,1,"-8,37247412","-37,29327894",SPRF-PE,DEL03-PE,UOP02-DEL03-PE
420628.0,2022-03-14,segunda-feira,17:00:00,PE,101,"48,4",ABREU E LIMA,Acessar a via sem observar a presença dos outros veículos,Atropelamento de Pedestre,Com Vítimas Feridas,Plena Noite,Decrescente,Céu Claro,Dupla,Reta,Sim,2,0,0,1,1,0,1,2,"-7,89174705","-34,9033493",SPRF-PE,DEL01-PE,UOP02-DEL01-PE
420741.0,2022-03-15,terça-feira,10:40:00,PE,232,"184,4",BELO JARDIM,Demais falhas mecânicas ou elétricas,Tombamento,Com Vítimas Feridas,Pleno dia,Crescente,Céu Claro,Simples,Reta,Não,1,0,1,0,0,0,1,1,"-8,35118645","-36,46450196",SPRF-PE,DEL02-PE,UOP03-DEL02-PE
420746.0,2022-03-15,terça-feira,08:00:00,PE,101,"113,3",ESCADA,Demais falhas mecânicas ou elétricas,Incêndio,Sem Vítimas,Pleno dia,Crescente,Sol,Dupla,Reta,Não,1,0,0,0,1,0,0,1,"-8,33107097","-35,12666499",SPRF-PE,DEL01-PE,UOP01-DEL01-PE
421046.0,2022-03-17,quinta-feira,05:00:00,PE,101,54,PAULISTA,Reação tardia ou ineficiente do condutor,Colisão com objeto,Com Vítimas Feridas,Amanhecer,Decrescente,Céu Claro,Múltipla,Reta,Sim,3,0,0,1,1,1,1,3,"-7,93961103","-34,90356584",SPRF-PE,DEL01-PE,UOP02-DEL01-PE
421047.0,2022-03-17,quinta-feira,06:00:00,PE,232,97,BEZERROS,Ausência de reação do condutor,Colisão transversal,Sem Vítimas,Pleno dia,Crescente,Sol,Dupla,Curva,Não,2,0,0,0,2,0,0,2,"-8,23516963","-35,72468519",SPRF-PE,DEL02-PE,UOP02-DEL02PE
421106.0,2022-03-15,terça-feira,20:05:00,PE,424,"93,5",GARANHUNS,Ingestão de álcool pelo condutor,Colisão lateral mesmo sentido,Com Vítimas Feridas,Plena Noite,Crescente,Céu Claro,Simples,Declive;Reta                  ,Sim,2,0,0,1,1,0,1,2,"-8,91231289","-36,48813844",SPRF-PE,DEL03-PE,UOP01-DEL03-PE
421113.0,2022-03-14,segunda-feira,15:30:00,PE,101,"45,4",IGARASSU,Reação tardia ou ineficiente do condutor,Colisão traseira,Com Vítimas Feridas,Pleno dia,Crescente,Céu Claro,Múltipla,Reta,Sim,3,0,2,0,1,0,2,2,"-7,86521297","-34,90715176",SPRF-PE,DEL01-PE,UOP02-DEL01-PE
421164.0,2022-03-17,quinta-feira,17:40:00,PE,316,43,ARARIPINA,Velocidade Incompatível,Colisão traseira,Com Vítimas Fatais,Plena Noite,Decrescente,Céu Claro,Simples,Reta;Aclive                   ,Não,2,1,0,0,0,1,0,2,"-7,67905502","-40,36951602",SPRF-PE,DEL05-PE,UOP02-DEL05-PE
421194.0,2022-03-18,sexta-feira,00:00:00,PE,232,62,POMBOS,Ingestão de álcool pelo condutor,Colisão traseira,Sem Vítimas,Plena Noite,Decrescente,Chuva,Simples,Reta,Não,2,0,0,0,1,1,0,2,"-8,15598579","-35,42308007",SPRF-PE,DEL02-PE,UOP02-DEL02PE
421206.0,2022-03-18,sexta-feira,04:00:00,PE,101,"69,5",RECIFE,Velocidade Incompatível,Tombamento,Com Vítimas Feridas,Plena Noite,Crescente,Céu Claro,Simples,Viaduto,Sim,1,0,1,0,0,0,1,1,"-8,0632736","-34,94414668",SPRF-PE,DEL01-PE,UOP01-DEL01-PE
421210.0,2022-03-18,sexta-feira,05:00:00,PE,232,146,SAO CAITANO,Acessar a via sem observar a presença dos outros veículos,Atropelamento de Pedestre,Com Vítimas Feridas,Amanhecer,Decrescente,Céu Claro,Dupla,Aclive,Não,2,0,1,0,1,0,1,2,"-8,33218974","-36,12904312",SPRF-PE,DEL02-PE,UOP03-DEL02-PE
421382.0,2022-03-18,sexta-feira,21:50:00,PE,101,"67,5",RECIFE,Manobra de mudança de faixa,Colisão transversal,Com Vítimas Feridas,Plena Noite,Crescente,Chuva,Múltipla,Reta,Sim,4,0,2,0,2,0,2,2,"-8,048485","-34,945383",SPRF-PE,DEL01-PE,UOP01-DEL01-PE
421467.0,2022-03-19,sábado,08:30:00,PE,232,131,CARUARU,Velocidade Incompatível,Colisão traseira,Com Vítimas Feridas,Pleno dia,Crescente,Céu Claro,Dupla,Reta,Não,3,0,1,0,2,0,1,2,"-8,30117613","-35,99843996",SPRF-PE,DEL02-PE,UOP03-DEL02-PE
421469.0,2022-03-19,sábado,07:40:00,PE,101,44,IGARASSU,Reação tardia ou ineficiente do condutor,Colisão traseira,Com Vítimas Feridas,Pleno dia,Crescente,Céu Claro,Múltipla,Reta,Sim,3,0,0,1,2,0,1,3,"-7,85637001","-34,90842109",SPRF-PE,DEL01-PE,UOP02-DEL01-PE
421483.0,2022-01-29,sábado,19:40:00,PE,232,250,ARCOVERDE,Transitar na contramão,Colisão frontal,Com Vítimas Fatais,Plena Noite,Crescente,Nublado,Simples,Reta,Sim,4,3,0,0,1,0,0,2,"-8,42269348","-37,04650663",SPRF-PE,DEL03-PE,UOP02-DEL03-PE
421522.0,2022-03-19,sábado,12:40:00,PE,232,"4,6",RECIFE,Manobra de mudança de faixa,Atropelamento de Pedestre,Com Vítimas Feridas,Pleno dia,Decrescente,Céu Claro,Simples,Curva,Não,4,0,1,0,3,0,1,3,"-8,064473","-34,936928",SPRF-PE,DEL01-PE,UOP01-DEL01-PE
421650.0,2022-03-20,domingo,01:00:00,PE,423,84,SAO JOAO,Ingestão de álcool e/ou substâncias psicoativas pelo pedestre,Colisão lateral sentido oposto,Com Vítimas Feridas,Plena Noite,Crescente,Céu Claro,Simples,Reta,Não,4,0,0,1,3,0,1,2,"-8,798195","-36,43809",SPRF-PE,DEL03-PE,UOP01-DEL03-PE
421938.0,2022-03-21,segunda-feira,13:50:00,PE,232,"32,7",MORENO,Condutor deixou de manter distância do veículo da frente,Colisão traseira,Com Vítimas Feridas,Pleno dia,Decrescente,Céu Claro,Dupla,Reta,Não,2,0,1,0,1,0,1,2,"-8,10541732","-35,1665671",SPRF-PE,DEL01-PE,UOP01-DEL01-PE
421946.0,2022-03-21,segunda-feira,14:17:00,PE,101,46,IGARASSU,Velocidade Incompatível,Colisão lateral mesmo sentido,Com Vítimas Feridas,Pleno dia,Decrescente,Chuva,Múltipla,Reta,Sim,3,0,0,1,1,1,1,2,"-7,87406004","-34,90588126",SPRF-PE,DEL01-PE,UOP02-DEL01-PE
421952.0,2022-03-21,segunda-feira,13:00:00,PE,232,32,MORENO,Condutor Dormindo,Saída de leito carroçável,Com Vítimas Feridas,Pleno dia,Decrescente,Chuva,Dupla,Reta,Não,2,0,1,0,1,0,1,2,"-8,10541732","-35,1665671",SPRF-PE,DEL01-PE,UOP01-DEL01-PE
422109.0,2022-03-22,terça-feira,13:40:00,PE,101,"11,8",GOIANA,Demais falhas mecânicas ou elétricas,Colisão transversal,Com Vítimas Feridas,Pleno dia,Crescente,Nublado,Dupla,Reta,Não,3,0,1,1,1,0,2,2,"-7,59514001","-34,98460002",SPRF-PE,DEL01-PE,UOP02-DEL01-PE
422165.0,2022-03-22,terça-feira,19:40:00,PE,408,86,SAO LOURENCO DA MATA,Entrada inopinada do pedestre,Atropelamento de Pedestre,Com Vítimas Feridas,Plena Noite,Crescente,Nublado,Dupla,Reta,Não,2,0,0,1,1,0,1,2,"-7,96471754","-35,09290695",SPRF-PE,DEL01-PE,UOP01-DEL01-PE
422239.0,2022-03-23,quarta-feira,09:40:00,PE,101,"64,4",RECIFE,Manobra de mudança de faixa,Colisão lateral mesmo sentido,Com Vítimas Feridas,Pleno dia,Crescente,Céu Claro,Dupla,Reta,Sim,2,0,1,0,1,0,1,2,"-8,021344","-34,942766",SPRF-PE,DEL01-PE,UOP01-DEL01-PE
422310.0,2022-03-23,quarta-feira,18:20:00,PE,232,"76,6",GRAVATA,Pista esburacada,Colisão com objeto,Com Vítimas Feridas,Anoitecer,Decrescente,Chuva,Dupla,Reta,Sim,2,0,1,0,1,0,1,2,"-8,19368213","-35,54336786",SPRF-PE,DEL02-PE,UOP02-DEL02PE
422323.0,2022-03-23,quarta-feira,19:45:00,PE,104,"119,8",PANELAS,Problema com o freio,Colisão lateral mesmo sentido,Com Vítimas Feridas,Plena Noite,Decrescente,Céu Claro,Simples,Curva,Não,2,0,1,0,1,0,1,2,"-8,69214","-36,023621",SPRF-PE,DEL02-PE,UOP01-DEL02-PE
422329.0,2022-03-16,quarta-feira,15:30:00,PE,232,"25,6",MORENO,Ausência de reação do condutor,Colisão traseira,Com Vítimas Feridas,Pleno dia,Decrescente,Chuva,Dupla,Reta;Declive                  ,Não,3,0,1,0,2,0,1,2,"-8,11191765","-35,10836516",SPRF-PE,DEL01-PE,UOP01-DEL01-PE
422474.0,2022-03-24,quinta-feira,12:10:00,PE,232,"254,7",ARCOVERDE,Acessar a via sem observar a presença dos outros veículos,Tombamento,Com Vítimas Feridas,Pleno dia,Crescente,Céu Claro,Simples,Reta,Sim,5,0,0,1,1,3,1,3,"-8,41875994","-37,07859892",SPRF-PE,DEL03-PE,UOP02-DEL03-PE
422671.0,2022-03-11,sexta-feira,02:40:00,PE,101,"66,1",RECIFE,Reação tardia ou ineficiente do condutor,Tombamento,Com Vítimas Feridas,Plena Noite,Crescente,Nublado,Múltipla,Reta,Sim,1,0,1,0,0,0,1,1,"-8,03368534","-34,94184125",SPRF-PE,DEL01-PE,UOP01-DEL01-PE
422792.0,2022-03-26,sábado,07:50:00,PE,101,"74,5",RECIFE,Acesso irregular,Colisão transversal,Com Vítimas Feridas,Pleno dia,Crescente,Nublado,Dupla,Curva,Sim,4,0,1,1,1,1,2,3,"-8,105822","-34,9483712",SPRF-PE,DEL01-PE,UOP01-DEL01-PE
422811.0,2022-03-26,sábado,06:23:00,PE,232,"207,7",PESQUEIRA,Ingestão de álcool pelo condutor,Colisão traseira,Sem Vítimas,Pleno dia,Crescente,Céu Claro,Simples,Reta,Sim,2,0,0,0,2,0,0,2,"-8,2831328","-36,64434137",SPRF-PE,DEL03-PE,UOP02-DEL03-PE
423377.0,2022-03-29,terça-feira,09:50:00,PE,104,115,PANELAS,Desrespeitar a preferência no cruzamento,Colisão transversal,Com Vítimas Fatais,Pleno dia,Decrescente,Sol,Simples,Interseção de Vias;Reta;Decliv,Sim,7,2,0,1,0,4,1,7,"-8,66244511","-36,01451397",SPRF-PE,DEL02-PE,UOP01-DEL02-PE
423429.0,2022-03-29,terça-feira,17:10:00,PE,232,"32,8",MORENO,Acesso irregular,Colisão traseira,Com Vítimas Feridas,Anoitecer,Crescente,Céu Claro,Dupla,Reta,Não,3,0,1,0,1,1,1,2,"-8,10541732","-35,1665671",SPRF-PE,DEL01-PE,UOP01-DEL01-PE
423440.0,2022-03-29,terça-feira,17:55:00,PE,232,126,CARUARU,Manobra de mudança de faixa,Tombamento,Com Vítimas Feridas,Anoitecer,Crescente,Céu Claro,Dupla,Reta,Não,2,0,1,0,0,1,1,2,"-8,30819677","-35,95467594",SPRF-PE,DEL02-PE,UOP03-DEL02-PE
423441.0,2022-03-29,terça-feira,17:35:00,PE,101,"78,1",RECIFE,Condutor deixou de manter distância do veículo da frente,Colisão traseira,Com Vítimas Feridas,Anoitecer,Crescente,Céu Claro,Dupla,Reta,Não,2,0,1,0,1,0,1,2,"-8,13496499","-34,94738614",SPRF-PE,DEL01-PE,UOP01-DEL01-PE