id,data_inversa,dia_semana,horario,uf,br,km,municipio,causa_acidente,tipo_acidente,classificacao_acidente,fase_dia,sentido_via,condicao_metereologica,tipo_pista,tracado_via,uso_solo,pessoas,mortos,feridos_leves,feridos_graves,ilesos,ignorados,feridos,veiculos,latitude,longitude,regional,delegacia,uop
449873.0,2022-05-14,sábado,16:00:00,PE,316,238,BELEM DE SAO FRANCISCO,Demais falhas mecânicas ou elétricas,Incêndio,Sem Vítimas,Pleno dia,Crescente,Céu Claro,Simples,Reta,Não,1,0,0,0,1,0,0,1,"-8,62871324","-39,06725909",SPRF-PE,DEL05-PE,UOP03-DEL05-PE
450457.0,2022-05-17,terça-feira,17:11:00,PE,101,51,ABREU E LIMA,Manobra de mudança de faixa,Saída de leito carroçável,Com Vítimas Feridas,Anoitecer,Decrescente,Céu Claro,Múltipla,Reta,Sim,3,0,2,0,1,0,2,2,"-7,9169968","-34,89689272",SPRF-PE,DEL01-PE,UOP02-DEL01-PE
450520.0,2022-02-13,domingo,17:15:00,PE,116,"27,5",SALGUEIRO,Transitar na contramão,Colisão frontal,Com Vítimas Feridas,Pleno dia,Crescente,Céu Claro,Simples,Reta,Sim,2,0,1,0,1,0,1,2,"-8,08148825","-39,12864815",SPRF-PE,DEL05-PE,UOP01-DEL05-PE
450646.0,2022-05-18,quarta-feira,20:30:00,PE,316,4,ARARIPINA,Transitar na contramão,Colisão transversal,Com Vítimas Fatais,Plena Noite,Decrescente,Céu Claro,Simples,Reta,Não,4,1,2,1,0,0,3,2,"-7,46125825","-40,62917726",SPRF-PE,DEL05-PE,UOP02-DEL05-PE
450665.0,2022-05-19,quinta-feira,04:45:00,PE,101,"4,7",GOIANA,Manobra de mudança de faixa,Colisão lateral mesmo sentido,Sem Vítimas,Amanhecer,Crescente,Nublado,Dupla,Reta,Não,2,0,0,0,2,0,0,2,"-7,53264499","-34,99145786",SPRF-PE,DEL01-PE,UOP02-DEL01-PE
450736.0,2022-05-19,quinta-feira,15:15:00,PE,116,29,SALGUEIRO,Carga excessiva e/ou mal acondicionada,Tombamento,Com Vítimas Feridas,Pleno dia,Crescente,Céu Claro,Simples,Aclive;Ponte;Reta             ,Não,1,0,1,0,0,0,1,1,"-8,09494","-39,124596",SPRF-PE,DEL05-PE,UOP01-DEL05-PE
451037.0,2022-05-21,sábado,01:00:00,PE,101,"86,2",JABOATAO DOS GUARARAPES,Acostamento em desnível,Tombamento,Com Vítimas Feridas,Plena Noite,Decrescente,Nublado,Dupla,Reta,Não,1,0,1,0,0,0,1,1,"-8,18470013","-34,96816895",SPRF-PE,DEL01-PE,UOP01-DEL01-PE
451105.0,2022-05-21,sábado,10:40:00,PE,101,"48,5",ABREU E LIMA,Acessar a via sem observar a presença dos outros veículos,Colisão transversal,Com Vítimas Feridas,Pleno dia,Decrescente,Céu Claro,Múltipla,Reta,Sim,2,0,0,1,1,0,1,2,"-7,89174705","-34,9033493",SPRF-PE,DEL01-PE,UOP02-DEL01-PE
451142.0,2022-05-21,sábado,14:00:00,PE,101,70,RECIFE,Reação tardia ou ineficiente do condutor,Colisão traseira,Com Vítimas Feridas,Pleno dia,Decrescente,Céu Claro,Simples,Curva,Sim,2,0,1,0,1,0,1,2,"-8,06704799","-34,93862629",SPRF-PE,DEL01-PE,UOP01-DEL01-PE
451153.0,2022-05-21,sábado,14:30:00,PE,423,"60,6",LAJEDO,Velocidade Incompatível,Colisão lateral sentido oposto,Com Vítimas Feridas,Pleno dia,Crescente,Céu Claro,Simples,Reta,Sim,3,0,1,0,2,0,1,2,"-8,657389","-36,325698",SPRF-PE,DEL03-PE,UOP01-DEL03-PE
451298.0,2022-05-22,domingo,06:46:00,PE,116,31,SALGUEIRO,Acessar a via sem observar a presença dos outros veículos,Colisão lateral mesmo sentido,Com Vítimas Fatais,Pleno dia,Crescente,Céu Claro,Simples,Curva,Não,2,1,0,0,0,1,0,2,"-8,11305","-39,123844",SPRF-PE,DEL05-PE,UOP01-DEL05-PE
451314.0,2022-05-22,domingo,09:56:00,PE,232,125,CARUARU,Manobra de mudança de faixa,Capotamento,Com Vítimas Feridas,Pleno dia,Crescente,Céu Claro,Dupla,Reta,Não,2,0,1,0,1,0,1,2,"-8,30807114","-35,94580097",SPRF-PE,DEL02-PE,UOP01-DEL02-PE
451453.0,2022-05-23,segunda-feira,02:47:00,PE,316,299,FLORESTA,Ingestão de álcool pelo condutor,Colisão frontal,Com Vítimas Fatais,Plena Noite,Crescente,Nublado,Simples,Ponte,Não,3,1,0,1,0,1,1,2,"-8,61538377","-38,61337608",SPRF-PE,DEL04-PE,UOP03-DEL04-PE
451509.0,2022-05-23,segunda-feira,04:10:00,PE,116,6,SALGUEIRO,Avarias e/ou desgaste excessivo no pneu,Tombamento,Com Vítimas Feridas,Pleno dia,Crescente,Céu Claro,Simples,Curva,Não,2,0,1,0,1,0,1,1,"-7,905812","-39,117022",SPRF-PE,DEL05-PE,UOP01-DEL05-PE
451685.0,2022-05-24,terça-feira,08:00:00,PE,232,"7,5",RECIFE,Acessar a via sem observar a presença dos outros veículos,Colisão lateral mesmo sentido,Com Vítimas Feridas,Pleno dia,Decrescente,Nublado,Dupla,Reta,Sim,2,0,1,0,1,0,1,2,"-8,06795766","-34,94535414",SPRF-PE,DEL01-PE,UOP01-DEL01-PE
451698.0,2022-05-24,terça-feira,10:30:00,PE,101,"91,4",CABO DE SANTO AGOSTINHO,Condutor deixou de manter distância do veículo da frente,Colisão transversal,Com Vítimas Feridas,Pleno dia,Decrescente,Chuva,Dupla,Reta,Sim,5,0,1,0,4,0,1,2,"-8,22399812","-34,99290474",SPRF-PE,DEL01-PE,UOP01-DEL01-PE
451748.0,2022-05-24,terça-feira,15:45:00,PE,101,40,IGARASSU,Condutor deixou de manter distância do veículo da frente,Colisão traseira,Com Vítimas Feridas,Pleno dia,Decrescente,Chuva,Múltipla,Reta,Sim,3,0,1,0,1,1,1,3,"-7,821475","-34,916545",SPRF-PE,DEL01-PE,UOP02-DEL01-PE
451825.0,2022-05-24,terça-feira,21:00:00,PE,424,"47,6",VENTUROSA,Chuva,Derramamento de carga,Sem Vítimas,Plena Noite,Crescente,Garoa/Chuvisco,Simples,Curva;Aclive                  ,Não,2,0,0,0,2,0,0,1,"-8,69835023","-36,78668889",SPRF-PE,DEL03-PE,UOP01-DEL03-PE
451877.0,2022-05-25,quarta-feira,08:35:00,PE,101,"83,6",JABOATAO DOS GUARARAPES,Acessar a via sem observar a presença dos outros veículos,Colisão transversal,Com Vítimas Feridas,Pleno dia,Crescente,Chuva,Dupla,Reta,Sim,3,0,2,0,1,0,2,2,"-8,175172","-34,942642",SPRF-PE,DEL01-PE,UOP01-DEL01-PE
452356.0,2022-05-27,sexta-feira,18:21:00,PE,232,117,CARUARU,Ausência de reação do condutor,Saída de leito carroçável,Com Vítimas Fatais,Plena Noite,Crescente,Chuva,Dupla,Reta,Não,1,1,0,0,0,0,0,1,"-8,29529153","-35,8754959",SPRF-PE,DEL02-PE,UOP01-DEL02-PE
452644.0,2022-05-28,sábado,20:30:00,PE,407,"99,9",PETROLINA,Pedestre andava na pista,Atropelamento de Pedestre,Com Vítimas Fatais,Plena Noite,Crescente,Céu Claro,Simples,Reta,Não,3,2,0,0,0,1,0,2,"-9,16794101","-40,63520122",SPRF-PE,DEL06-PE,UOP02-DEL06-PE
452713.0,2022-05-29,domingo,08:00:00,PE,407,"123,8",PETROLINA,Velocidade Incompatível,Tombamento,Com Vítimas Fatais,Pleno dia,Crescente,Céu Claro,Simples,Reta,Sim,2,1,0,0,1,0,0,2,"-9,37155186","-40,54021597",SPRF-PE,DEL06-PE,UOP01-DEL06-PE
453108.0,2022-05-31,terça-feira,11:25:00,PE,423,"114,6",PARANATAMA,Condutor deixou de manter distância do veículo da frente,Colisão traseira,Com Vítimas Feridas,Pleno dia,Crescente,Nublado,Simples,Reta,Não,2,0,1,0,1,0,1,2,"-8,8998297","-36,64277108",SPRF-PE,DEL03-PE,UOP01-DEL03-PE
453182.0,2022-05-31,terça-feira,19:00:00,PE,428,"189,7",PETROLINA,Condutor desrespeitou a iluminação vermelha do semáforo,Colisão transversal,Sem Vítimas,Plena Noite,Crescente,Céu Claro,Dupla,Retorno Regulamentado,Sim,2,0,0,0,2,0,0,2,"-9,3779122","-40,50412509",SPRF-PE,DEL06-PE,UOP01-DEL06-PE
453210.0,2022-05-31,terça-feira,20:30:00,PE,232,458,MIRANDIBA,Condutor Dormindo,Tombamento,Sem Vítimas,Plena Noite,Decrescente,Ignorado,Simples,Reta,Não,1,0,0,0,1,0,0,1,"-8,021237","-38,710278",SPRF-PE,DEL05-PE,UOP01-DEL05-PE
453289.0,2022-05-11,quarta-feira,16:40:00,PE,101,26,MORENO,Acessar a via sem observar a presença dos outros veículos,Saída de leito carroçável,Com Vítimas Feridas,Pleno dia,Crescente,Nublado,Dupla,Reta,Não,3,0,1,0,2,0,1,2,"-8,114424","-35,125227",SPRF-PE,DEL01-PE,UOP02-DEL01-PE
453388.0,2022-06-01,quarta-feira,23:40:00,PE,423,177,AGUAS BELAS,Transitar no acostamento,Colisão lateral mesmo sentido,Com Vítimas Fatais,Plena Noite,Crescente,Chuva,Simples,Interseção de Vias,Sim,2,1,0,0,0,1,0,2,"-9,13016345","-37,11460498",SPRF-AL,DEL03-AL,UOP02-DEL03-AL
453437.0,2022-06-02,quinta-feira,07:00:00,PE,232,"58,8",POMBOS,Pista esburacada,Colisão traseira,Com Vítimas Feridas,Pleno dia,Decrescente,Céu Claro,Dupla,Reta,Sim,3,0,1,0,2,0,1,2,"-8,14462866","-35,39034714",SPRF-PE,DEL02-PE,UOP02-DEL02PE
453536.0,2022-06-02,quinta-feira,18:40:00,PE,424,"13,9",PEDRA,Reação tardia ou ineficiente do condutor,Colisão lateral sentido oposto,Sem Vítimas,Plena Noite,Decrescente,Chuva,Simples,Reta,Não,3,0,0,0,3,0,0,3,"-8,49825471","-36,98339299",SPRF-PE,DEL04-PE,UOP02-DEL04-PE
453562.0,2022-06-02,quinta-feira,23:20:00,PE,232,14,JABOATAO DOS GUARARAPES,Ausência de reação do condutor,Colisão traseira,Com Vítimas Feridas,Plena Noite,Decrescente,Chuva,Dupla,Reta,Sim,3,0,2,0,1,0,2,2,"-8,09025488","-35,02052302",SPRF-PE,DEL01-PE,UOP01-DEL01-PE
453574.0,2022-06-03,sexta-feira,03:30:00,PE,101,92,CABO DE SANTO AGOSTINHO,Reação tardia ou ineficiente do condutor,Saída de leito carroçável,Com Vítimas Feridas,Plena Noite,Decrescente,Chuva,Dupla,Reta,Não,1,0,1,0,0,0,1,1,"-8,23201792","-34,99778611",SPRF-PE,DEL01-PE,UOP01-DEL01-PE
453686.0,2022-06-03,sexta-feira,14:30:00,PE,116,42,SALGUEIRO,Demais falhas mecânicas ou elétricas,Tombamento,Sem Vítimas,Pleno dia,Crescente,Garoa/Chuvisco,Simples,Curva;Aclive                  ,Não,3,0,0,0,1,2,0,2,"-8,205779","-39,104805",SPRF-PE,DEL05-PE,UOP01-DEL05-PE
453933.0,2022-06-04,sábado,18:10:00,PE,232,197,SANHARO,Ingestão de álcool pelo condutor,Colisão frontal,Com Vítimas Feridas,Plena Noite,Crescente,Chuva,Simples,Reta,Sim,5,0,0,4,1,0,4,2,"-8,36891793","-36,580362",SPRF-PE,DEL03-PE,UOP02-DEL03-PE
454199.0,2022-06-06,segunda-feira,01:40:00,PE,232,62,POMBOS,Problema com o freio,Colisão lateral mesmo sentido,Com Vítimas Feridas,Plena Noite,Decrescente,Nublado,Dupla,Declive;Curva                 ,Não,2,0,1,1,0,0,2,2,"-8,15598579","-35,42308007",SPRF-PE,DEL02-PE,UOP02-DEL02PE
454511.0,2022-06-07,terça-feira,17:39:00,PE,101,"82,9",JABOATAO DOS GUARARAPES,Reação tardia ou ineficiente do condutor,Engavetamento,Com Vítimas Feridas,Anoitecer,Decrescente,Céu Claro,Dupla,Viaduto,Sim,6,0,1,1,4,0,2,5,"-8,175172","-34,942642",SPRF-PE,DEL01-PE,UOP01-DEL01-PE
454512.0,2022-06-07,terça-feira,14:12:00,PE,104,17,TAQUARITINGA DO NORTE,Demais falhas mecânicas ou elétricas,Colisão transversal,Com Vítimas Feridas,Pleno dia,Decrescente,Céu Claro,Simples,Reta,Não,2,0,0,1,1,0,1,2,"-7,931927","-36,11956",SPRF-PE,DEL02-PE,UOP01-DEL02-PE
454708.0,2022-06-08,quarta-feira,20:10:00,PE,423,"63,8",LAJEDO,Ingestão de álcool e/ou substâncias psicoativas pelo pedestre,Atropelamento de Pedestre,Com Vítimas Fatais,Plena Noite,Crescente,Nublado,Simples,Reta;Aclive                   ,Não,3,1,1,0,0,1,1,3,"-8,66219547","-36,34708912",SPRF-PE,DEL03-PE,UOP01-DEL03-PE
454867.0,2022-06-09,quinta-feira,16:15:00,PE,428,84,SANTA MARIA DA BOA VISTA,Pedestre cruzava a pista fora da faixa,Atropelamento de Pedestre,Com Vítimas Feridas,Pleno dia,Crescente,Céu Claro,Simples,Declive,Sim,2,0,1,0,0,1,1,2,"-8,79836855","-39,83115382",SPRF-PE,DEL06-PE,UOP03-DEL06-PE
455134.0,2022-06-11,sábado,00:30:00,PE,423,"103,6",GARANHUNS,Transitar na contramão,Colisão frontal,Com Vítimas Fatais,Plena Noite,Crescente,Garoa/Chuvisco,Simples,Reta,Não,3,1,0,2,0,0,2,2,"-8,87451577","-36,54667007",SPRF-PE,DEL03-PE,UOP01-DEL03-PE
455242.0,2022-06-11,sábado,18:00:00,PE,232,"408,1",SERRA TALHADA,Transitar na contramão,Colisão lateral sentido oposto,Com Vítimas Feridas,Plena Noite,Decrescente,Nublado,Simples,Reta,Sim,2,0,0,1,1,0,1,2,"-7,98391393","-38,27946967",SPRF-PE,DEL04-PE,UOP01-DEL04-PE
455473.0,2022-06-12,domingo,19:50:00,PE,232,"353,4",FLORES,Reação tardia ou ineficiente do condutor,Colisão frontal,Com Vítimas Fatais,Plena Noite,Decrescente,Céu Claro,Simples,Reta,Não,2,1,0,0,1,0,0,2,"-8,06062868","-37,81332091",SPRF-PE,DEL04-PE,UOP02-DEL04-PE
455562.0,2022-06-13,segunda-feira,08:10:00,PE,232,7,RECIFE,Acessar a via sem observar a presença dos outros veículos,Colisão lateral mesmo sentido,Sem Vítimas,Pleno dia,Decrescente,Céu Claro,Dupla,Interseção de Vias,Sim,2,0,0,0,2,0,0,2,"-8,07333497","-34,96184301",SPRF-PE,DEL01-PE,UOP01-DEL01-PE
455747.0,2022-06-14,terça-feira,07:52:00,PE,101,45,IGARASSU,Reação tardia ou ineficiente do condutor,Engavetamento,Sem Vítimas,Pleno dia,Decrescente,Céu Claro,Múltipla,Reta,Sim,4,0,0,0,4,0,0,4,"-7,86521297","-34,90715176",SPRF-PE,DEL01-PE,UOP02-DEL01-PE
455779.0,2022-06-14,terça-feira,12:59:00,PE,316,287,BELEM DE SAO FRANCISCO,Reação tardia ou ineficiente do condutor,Colisão frontal,Com Vítimas Feridas,Pleno dia,Crescente,Nublado,Simples,Ponte;Declive;Reta            ,Não,3,0,1,2,0,0,3,2,"-8,65078679","-38,71584407",SPRF-PE,DEL04-PE,UOP03-DEL04-PE
455874.0,2022-06-14,terça-feira,20:55:00,PE,101,41,IGARASSU,Condutor deixou de manter distância do veículo da frente,Colisão traseira,Com Vítimas Feridas,Pleno dia,Crescente,Céu Claro,Múltipla,Interseção de Vias,Sim,4,0,1,0,2,1,1,3,"-7,83038346","-34,91426785",SPRF-PE,DEL01-PE,UOP02-DEL01-PE
455950.0,2022-06-15,quarta-feira,10:20:00,PE,232,291,SERTANIA,Chuva,Saída de leito carroçável,Com Vítimas Feridas,Pleno dia,Crescente,Chuva,Simples,Curva,Não,2,0,2,0,0,0,2,1,"-8,29907379","-37,3757158",SPRF-PE,DEL04-PE,UOP02-DEL04-PE
456012.0,2022-06-15,quarta-feira,13:50:00,PE,101,107,CABO DE SANTO AGOSTINHO,Manobra de mudança de faixa,Colisão lateral mesmo sentido,Sem Vítimas,Pleno dia,Crescente,Chuva,Dupla,Reta,Não,2,0,0,0,2,0,0,2,"-8,30976839","-35,08440011",SPRF-PE,DEL01-PE,UOP03-DEL01-PE
456059.0,2022-06-15,quarta-feira,19:08:00,PE,232,"25,5",MORENO,Condutor deixou de manter distância do veículo da frente,Colisão traseira,Com Vítimas Feridas,Plena Noite,Decrescente,Nublado,Dupla,Reta,Não,3,0,2,0,0,1,2,2,"-8,11191765","-35,10836516",SPRF-PE,DEL01-PE,UOP01-DEL01-PE
456108.0,2022-06-16,quinta-feira,00:30:00,PE,232,"8,5",RECIFE,Retorno proibido,Colisão transversal,Com Vítimas Feridas,Plena Noite,Decrescente,Céu Claro,Dupla,Reta;Em Obras                 ,Não,2,0,1,0,1,0,1,2,"-8,07583727","-34,97015791",SPRF-PE,DEL01-PE,UOP01-DEL01-PE
456235.0,2022-06-16,quinta-feira,17:30:00,PE,424,90,GARANHUNS,Manobra de mudança de faixa,Colisão transversal,Com Vítimas Feridas,Anoitecer,Crescente,Chuva,Simples,Reta,Sim,5,0,2,0,2,1,2,3,"-8,89635706","-36,50157593",SPRF-PE,DEL03-PE,UOP01-DEL03-PE
456291.0,2022-06-17,sexta-feira,00:05:00,PE,316,296,ITACURUBA,Pista esburacada,Derramamento de carga,Com Vítimas Feridas,Plena Noite,Decrescente,Nublado,Simples,Reta,Não,3,0,1,0,2,0,1,1,"-8,62420972","-38,6390001",SPRF-PE,DEL04-PE,UOP03-DEL04-PE
456339.0,2022-06-17,sexta-feira,10:00:00,PE,408,67,PAUDALHO,Reação tardia ou ineficiente do condutor,Colisão traseira,Com Vítimas Feridas,Pleno dia,Decrescente,Nublado,Dupla,Reta,Não,3,0,1,0,0,2,1,3,"-7,861007","-35,210028",SPRF-PE,DEL01-PE,UOP01-DEL01-PE
456377.0,2022-06-17,sexta-feira,17:30:00,PE,101,"66,5",RECIFE,Condutor deixou de manter distância do veículo da frente,Colisão traseira,Com Vítimas Feridas,Anoitecer,Crescente,Céu Claro,Múltipla,Reta,Sim,2,0,1,0,1,0,1,2,"-8,03368534","-34,94184125",SPRF-PE,DEL01-PE,UOP01-DEL01-PE
456420.0,2022-06-17,sexta-feira,08:30:00,PE,101,189,PALMARES,Reação tardia ou ineficiente do condutor,Tombamento,Com Vítimas Feridas,Pleno dia,Decrescente,Céu Claro,Dupla,Curva;Retorno Regulamentado   ,Sim,1,0,1,0,0,0,1,1,"-8,69036647","-35,60430503",SPRF-PE,DEL01-PE,UOP03-DEL01-PE
456445.0,2022-06-18,sábado,00:00:00,PE,232,182,BELO JARDIM,Ausência de sinalização,Colisão frontal,Com Vítimas Feridas,Plena Noite,Decrescente,Chuva,Simples,Reta,Sim,5,0,2,1,2,0,3,2,"-8,346327","-36,438035",SPRF-PE,DEL03-PE,UOP02-DEL03-PE
456473.0,2022-06-18,sábado,04:31:00,PE,232,234,PESQUEIRA,Transitar na contramão,Colisão frontal,Com Vítimas Feridas,Amanhecer,Decrescente,Garoa/Chuvisco,Simples,Reta,Não,2,0,0,1,1,0,1,2,"-8,40708897","-36,910579",SPRF-PE,DEL04-PE,UOP02-DEL04-PE
456593.0,2022-06-18,sábado,18:44:00,PE,408,66,CARPINA,Ultrapassagem Indevida,Colisão traseira,Com Vítimas Feridas,Plena Noite,Decrescente,Céu Claro,Dupla,Reta,Sim,6,0,5,0,1,0,5,2,"-7,85456416","-35,22363707",SPRF-PE,DEL01-PE,UOP01-DEL01-PE
456677.0,2022-06-19,domingo,04:53:00,PE,232,"133,1",CARUARU,Condutor deixou de manter distância do veículo da frente,Colisão traseira,Com Vítimas Feridas,Amanhecer,Decrescente,Chuva,Dupla,Reta,Sim,3,0,1,0,2,0,1,2,"-8,30607988","-36,01576003",SPRF-PE,DEL02-PE,UOP01-DEL02-PE
456753.0,2022-06-19,domingo,12:20:00,PE,104,79,AGRESTINA,Reação tardia ou ineficiente do condutor,Colisão lateral sentido oposto,Sem Vítimas,Pleno dia,Crescente,Nublado,Dupla,Reta,Não,2,0,0,0,2,0,0,2,"-8,389074","-35,974712",SPRF-PE,DEL02-PE,UOP01-DEL02-PE
457104.0,2022-06-21,terça-feira,10:05:00,PE,101,54,PAULISTA,Manobra de mudança de faixa,Colisão lateral mesmo sentido,Sem Vítimas,Pleno dia,Crescente,Céu Claro,Dupla,Ponte;Reta                    ,Não,2,0,0,0,2,0,0,2,"-7,93961103","-34,90356584",SPRF-PE,DEL01-PE,UOP02-DEL01-PE
457198.0,2022-06-21,terça-feira,19:35:00,PE,232,"178,4",BELO JARDIM,Pedestre cruzava a pista fora da faixa,Atropelamento de Pedestre,Com Vítimas Fatais,Plena Noite,Decrescente,Nublado,Simples,Reta,Sim,3,1,0,0,1,1,0,2,"-8,347448","-36,411818",SPRF-PE,DEL03-PE,UOP02-DEL03-PE
457369.0,2022-06-22,quarta-feira,18:00:00,PE,101,"73,9",RECIFE,Transitar no acostamento,Colisão lateral mesmo sentido,Sem Vítimas,Plena Noite,Crescente,Chuva,Dupla,Reta;Em Obras                 ,Sim,3,0,0,0,3,0,0,2,"-8,102779","-34,948531",SPRF-PE,DEL01-PE,UOP01-DEL01-PE
457454.0,2022-06-23,quinta-feira,07:00:00,PE,232,"25,6",MORENO,Demais falhas mecânicas ou elétricas,Incêndio,Sem Vítimas,Pleno dia,Crescente,Nublado,Dupla,Reta,Não,2,0,0,0,2,0,0,1,"-8,11191765","-35,10836516",SPRF-PE,DEL01-PE,UOP01-DEL01-PE
457557.0,2022-06-23,quinta-feira,14:20:00,PE,101,"162,3",GAMELEIRA,Demais falhas mecânicas ou elétricas,Incêndio,Sem Vítimas,Pleno dia,Decrescente,Garoa/Chuvisco,Dupla,Reta,Sim,1,0,0,0,1,0,0,1,"-8,55169716","-35,43739509",SPRF-PE,DEL01-PE,UOP03-DEL01-PE
457753.0,2022-06-24,sexta-feira,15:35:00,PE,428,183,PETROLINA,Ingestão de álcool pelo condutor,Colisão frontal,Com Vítimas Feridas,Pleno dia,Decrescente,Céu Claro,Simples,Reta,Sim,2,0,1,0,1,0,1,2,"-9,32412987","-40,46211325",SPRF-PE,DEL06-PE,UOP01-DEL06-PE
457760.0,2022-06-24,sexta-feira,17:00:00,PE,101,80,JABOATAO DOS GUARARAPES,Ausência de reação do condutor,Colisão traseira,Com Vítimas Feridas,Pleno dia,Decrescente,Sol,Dupla,Reta,Sim,3,0,1,1,1,0,2,2,"-8,15112589","-34,9428866",SPRF-PE,DEL01-PE,UOP01-DEL01-PE
457971.0,2022-06-25,sábado,18:40:00,PE,232,27,MORENO,Demais falhas mecânicas ou elétricas,Incêndio,Sem Vítimas,Plena Noite,Crescente,Céu Claro,Dupla,Reta,Não,1,0,0,0,1,0,0,1,"-8,11418416","-35,12568999",SPRF-PE,DEL01-PE,UOP01-DEL01-PE
458193.0,2022-06-05,domingo,19:15:00,PE,423,"82,2",JUCATI,Acessar a via sem observar a presença dos outros veículos,Colisão transversal,Com Vítimas Fatais,Plena Noite,Crescente,Garoa/Chuvisco,Simples,Reta,Não,4,2,0,0,0,2,0,4,"-8,78236498","-36,43093004",SPRF-PE,DEL03-PE,UOP01-DEL03-PE
458226.0,2022-06-26,domingo,22:10:00,PE,232,"392,7",SERRA TALHADA,Ingestão de álcool pelo condutor,Colisão lateral sentido oposto,Sem Vítimas,Plena Noite,Crescente,Nublado,Simples,Reta,Não,3,0,0,0,3,0,0,3,"-8,02959891","-38,15663598",SPRF-PE,DEL04-PE,UOP01-DEL04-PE
458310.0,2022-06-27,segunda-feira,12:37:00,PE,101,74,RECIFE,Demais falhas mecânicas ou elétricas,Eventos atípicos,Com Vítimas Feridas,Pleno dia,Decrescente,Céu Claro,Dupla,Reta,Sim,3,0,1,1,1,0,2,2,"-8,10146485","-34,94901577",SPRF-PE,DEL01-PE,UOP01-DEL01-PE
458472.0,2022-06-28,terça-feira,10:10:00,PE,424,0,ARCOVERDE,Conversão proibida,Colisão traseira,Sem Vítimas,Pleno dia,Decrescente,Céu Claro,Simples,Rotatória,Sim,2,0,0,0,2,0,0,2,"-8,43086","-37,06536",SPRF-PE,DEL04-PE,UOP02-DEL04-PE
458502.0,2022-06-28,terça-feira,12:30:00,PE,101,"209,1",XEXEU,Reação tardia ou ineficiente do condutor,Colisão traseira,Com Vítimas Feridas,Pleno dia,Crescente,Sol,Dupla,Reta,Sim,3,0,2,0,1,0,2,2,"-8,83806024","-35,63692618",SPRF-PE,DEL01-PE,UOP03-DEL01-PE
458719.0,2022-06-29,quarta-feira,13:00:00,PE,104,21,TAQUARITINGA DO NORTE,Acostamento em desnível,Saída de leito carroçável,Com Vítimas Feridas,Pleno dia,Crescente,Céu Claro,Simples,Declive;Curva                 ,Não,1,0,1,0,0,0,1,1,"-7,964189","-36,124378",SPRF-PE,DEL02-PE,UOP01-DEL02-PE
458896.0,2022-06-30,quinta-feira,22:10:00,PE,424,"79,4",GARANHUNS,Sinalização mal posicionada,Colisão traseira,Com Vítimas Feridas,Plena Noite,Crescente,Garoa/Chuvisco,Simples,Aclive,Não,2,0,0,1,1,0,1,2,"-8,827574","-36,551026",SPRF-PE,DEL03-PE,UOP01-DEL03-PE
458951.0,2022-06-23,quinta-feira,01:23:00,PE,101,"127,8",ESCADA,Pedestre andava na pista,Atropelamento de Pedestre,Com Vítimas Fatais,Plena Noite,Crescente,Céu Claro,Múltipla,Reta,Sim,2,1,0,0,0,1,0,2,"-8,37472564","-35,23663257",SPRF-PE,DEL01-PE,UOP03-DEL01-PE
459009.0,2022-07-01,sexta-feira,14:13:00,PE,232,62,POMBOS,Problema com o freio,Colisão traseira,Com Vítimas Feridas,Pleno dia,Decrescente,Nublado,Dupla,Curva,Não,2,0,1,0,1,0,1,2,"-8,15598579","-35,42308007",SPRF-PE,DEL02-PE,UOP02-DEL02PE
459070.0,2022-07-01,sexta-feira,19:17:00,PE,424,64,CAETES,Transitar na contramão,Colisão frontal,Com Vítimas Feridas,Plena Noite,Crescente,Nevoeiro/Neblina,Simples,Reta,Não,4,0,1,0,3,0,1,2,"-8,753403","-36,667581",SPRF-PE,DEL03-PE,UOP01-DEL03-PE
459099.0,2022-07-01,sexta-feira,20:00:00,PE,232,"370,9",FLORES,Acessar a via sem observar a presença dos outros veículos,Colisão transversal,Com Vítimas Feridas,Plena Noite,Decrescente,Céu Claro,Simples,Reta,Não,3,0,2,0,1,0,2,2,"-8,0321374","-37,96567213",SPRF-PE,DEL04-PE,UOP01-DEL04-PE
459108.0,2022-07-01,sexta-feira,21:55:00,PE,101,"60,5",RECIFE,Manobra de mudança de faixa,Colisão lateral mesmo sentido,Com Vítimas Feridas,Plena Noite,Crescente,Nublado,Dupla,Reta,Sim,2,0,1,0,1,0,1,2,"-7,98344307","-34,93176727",SPRF-PE,DEL01-PE,UOP02-DEL01-PE
459170.0,2022-07-01,sexta-feira,21:30:00,PE,116,2,SALGUEIRO,Carga excessiva e/ou mal acondicionada,Tombamento,Com Vítimas Feridas,Plena Noite,Decrescente,Garoa/Chuvisco,Simples,Reta,Não,2,0,2,0,0,0,2,1,"-7,873192","-39,099377",SPRF-PE,DEL05-PE,UOP01-DEL05-PE
459206.0,2022-07-02,sábado,07:45:00,PE,316,"74,8",OURICURI,Ausência de reação do condutor,Colisão traseira,Com Vítimas Feridas,Pleno dia,Crescente,Garoa/Chuvisco,Simples,Reta,Não,2,0,0,1,1,0,1,2,"-7,82841159","-40,15111969",SPRF-PE,DEL05-PE,UOP02-DEL05-PE
459303.0,2022-07-02,sábado,18:40:00,PE,423,"179,4",AGUAS BELAS,Pista esburacada,Saída de leito carroçável,Com Vítimas Feridas,Plena Noite,Decrescente,Chuva,Simples,Reta,Não,1,0,1,0,0,0,1,1,"-9,13075762","-37,13273498",SPRF-AL,DEL03-AL,UOP02-DEL03-AL