id,data_inversa,dia_semana,horario,uf,br,km,municipio,causa_acidente,tipo_acidente,classificacao_acidente,fase_dia,sentido_via,condicao_metereologica,tipo_pista,tracado_via,uso_solo,pessoas,mortos,feridos_leves,feridos_graves,ilesos,ignorados,feridos,veiculos,latitude,longitude,regional,delegacia,uop
459408.0,2022-07-03,domingo,08:40:00,PE,116,"33,5",SALGUEIRO,Condutor deixou de manter distância do veículo da frente,Colisão traseira,Com Vítimas Feridas,Pleno dia,Decrescente,Céu Claro,Simples,Reta,Não,2,0,0,1,0,1,1,2,"-8,127007","-39,115208",SPRF-PE,DEL05-PE,UOP01-DEL05-PE
459519.0,2022-07-03,domingo,18:15:00,PE,316,81,OURICURI,Acessar a via sem observar a presença dos outros veículos,Colisão lateral mesmo sentido,Com Vítimas Feridas,Plena Noite,Crescente,Céu Claro,Simples,Reta,Sim,3,0,2,0,1,0,2,2,"-7,86751496","-40,10182598",SPRF-PE,DEL05-PE,UOP02-DEL05-PE
459925.0,2022-07-05,terça-feira,19:45:00,PE,232,"449,5",SAO JOSE DO BELMONTE,Demais falhas mecânicas ou elétricas,Saída de leito carroçável,Com Vítimas Feridas,Plena Noite,Crescente,Nublado,Simples,Curva,Não,2,0,2,0,0,0,2,1,"-7,98629482","-38,62748158",SPRF-PE,DEL04-PE,UOP01-DEL04-PE
460061.0,2022-07-06,quarta-feira,09:30:00,PE,423,182,AGUAS BELAS,Condutor deixou de manter distância do veículo da frente,Colisão traseira,Com Vítimas Feridas,Pleno dia,Crescente,Chuva,Simples,Reta;Ponte                    ,Não,5,0,2,1,2,0,3,2,"-9,13504335","-37,15938706",SPRF-AL,DEL03-AL,UOP02-DEL03-AL
460182.0,2022-07-06,quarta-feira,17:30:00,PE,101,"80,9",JABOATAO DOS GUARARAPES,Trafegar com motocicleta (ou similar) entre as faixas,Colisão lateral mesmo sentido,Com Vítimas Feridas,Amanhecer,Decrescente,Céu Claro,Dupla,Reta,Não,3,0,0,1,2,0,1,3,"-8,15112589","-34,9428866",SPRF-PE,DEL01-PE,UOP01-DEL01-PE
460355.0,2022-07-08,sexta-feira,07:50:00,PE,101,"79,6",JABOATAO DOS GUARARAPES,Problema com o freio,Colisão frontal,Com Vítimas Feridas,Pleno dia,Decrescente,Céu Claro,Dupla,Reta,Sim,3,0,1,0,2,0,1,2,"-8,14366112","-34,94723453",SPRF-PE,DEL01-PE,UOP01-DEL01-PE
460373.0,2022-07-08,sexta-feira,09:10:00,PE,101,78,RECIFE,Manobra de mudança de faixa,Colisão lateral mesmo sentido,Sem Vítimas,Pleno dia,Crescente,Nublado,Dupla,Reta,Sim,2,0,0,0,2,0,0,2,"-8,133763","-34,947327",SPRF-PE,DEL01-PE,UOP01-DEL01-PE
460462.0,2022-07-08,sexta-feira,16:20:00,PE,101,"66,8",RECIFE,Acessar a via sem observar a presença dos outros veículos,Colisão lateral mesmo sentido,Sem Vítimas,Pleno dia,Decrescente,Nublado,Dupla,Interseção de Vias,Sim,2,0,0,0,2,0,0,2,"-8,04049044","-34,94227409",SPRF-PE,DEL01-PE,UOP01-DEL01-PE
460892.0,2022-07-10,domingo,14:45:00,PE,232,"9,5",RECIFE,Condutor deixou de manter distância do veículo da frente,Colisão traseira,Sem Vítimas,Pleno dia,Decrescente,Céu Claro,Dupla,Declive,Sim,2,0,0,0,2,0,0,2,"-8,07764447","-34,97863609",SPRF-PE,DEL01-PE,UOP01-DEL01-PE
461025.0,2022-07-11,segunda-feira,05:50:00,PE,232,59,POMBOS,Condutor deixou de manter distância do veículo da frente,Colisão traseira,Com Vítimas Feridas,Amanhecer,Decrescente,Nublado,Dupla,Declive,Não,2,0,1,0,0,1,1,2,"-8,1471233","-35,39890998",SPRF-PE,DEL02-PE,UOP02-DEL02PE
461261.0,2022-07-12,terça-feira,08:10:00,PE,101,"123,7",ESCADA,Mal súbito do condutor,Colisão traseira,Com Vítimas Feridas,Pleno dia,Decrescente,Sol,Dupla,Reta,Não,2,0,1,0,1,0,1,2,"-8,35963442","-35,20419694",SPRF-PE,DEL01-PE,UOP03-DEL01-PE
461311.0,2022-07-12,terça-feira,17:00:00,PE,232,"277,7",SERTANIA,Transitar na contramão,Colisão frontal,Com Vítimas Fatais,Anoitecer,Decrescente,Céu Claro,Simples,Declive;Reta                  ,Sim,3,2,0,0,1,0,0,2,"-8,36441811","-37,26769611",SPRF-PE,DEL04-PE,UOP02-DEL04-PE
461421.0,2022-07-13,quarta-feira,07:40:00,PE,423,"42,8",CACHOEIRINHA,Transitar na contramão,Colisão frontal,Com Vítimas Feridas,Pleno dia,Decrescente,Chuva,Simples,Reta,Não,3,0,0,1,1,1,1,3,"-8,50897803","-36,25103394",SPRF-PE,DEL03-PE,UOP01-DEL03-PE
461477.0,2022-07-13,quarta-feira,13:30:00,PE,104,"0,6",TAQUARITINGA DO NORTE,Reação tardia ou ineficiente do condutor,Colisão frontal,Com Vítimas Feridas,Pleno dia,Crescente,Garoa/Chuvisco,Simples,Reta;Declive                  ,Não,2,0,1,0,0,1,1,2,"-7,783875","-36,10333",SPRF-PE,DEL02-PE,UOP01-DEL02-PE
461558.0,2022-06-16,quinta-feira,11:30:00,PE,232,"557,5",PARNAMIRIM,Transitar na contramão,Colisão frontal,Com Vítimas Fatais,Pleno dia,Crescente,Céu Claro,Simples,Reta,Não,4,1,1,0,2,0,1,2,"-8,09398724","-39,54986293",SPRF-PE,DEL05-PE,UOP01-DEL05-PE
461567.0,2022-07-14,quinta-feira,04:30:00,PE,101,"115,7",IPOJUCA,Pista esburacada,Tombamento,Sem Vítimas,Amanhecer,Crescente,Chuva,Dupla,Curva,Não,1,0,0,0,1,0,0,1,"-8,33783596","-35,14164006",SPRF-PE,DEL01-PE,UOP03-DEL01-PE
461663.0,2022-06-29,quarta-feira,05:30:00,PE,101,"76,5",RECIFE,Manobra de mudança de faixa,Colisão lateral mesmo sentido,Com Vítimas Feridas,Amanhecer,Decrescente,Garoa/Chuvisco,Dupla,Reta,Sim,3,0,0,1,2,0,1,3,"-8,12445","-34,943743",SPRF-PE,DEL01-PE,UOP01-DEL01-PE
461744.0,2022-07-15,sexta-feira,05:35:00,PE,110,"96,6",SERTANIA,Condutor Dormindo,Saída de leito carroçável,Com Vítimas Feridas,Amanhecer,Decrescente,Céu Claro,Simples,Reta,Não,4,0,0,4,0,0,4,1,"-8,34796366","-37,26585388",SPRF-PE,DEL04-PE,UOP02-DEL04-PE
461788.0,2022-07-15,sexta-feira,11:25:00,PE,101,68,RECIFE,Trafegar com motocicleta (ou similar) entre as faixas,Colisão lateral mesmo sentido,Com Vítimas Feridas,Pleno dia,Decrescente,Céu Claro,Múltipla,Viaduto,Sim,2,0,1,0,1,0,1,2,"-8,05074296","-34,94580619",SPRF-PE,DEL01-PE,UOP01-DEL01-PE
461901.0,2022-07-15,sexta-feira,18:30:00,PE,232,339,CUSTODIA,Ingestão de álcool pelo condutor,Colisão lateral sentido oposto,Com Vítimas Feridas,Plena Noite,Crescente,Céu Claro,Simples,Reta,Não,2,0,1,0,1,0,1,2,"-8,08234604","-37,68530299",SPRF-PE,DEL04-PE,UOP02-DEL04-PE
461950.0,2022-07-16,sábado,03:15:00,PE,407,127,PETROLINA,Condutor desrespeitou a iluminação vermelha do semáforo,Colisão transversal,Com Vítimas Feridas,Plena Noite,Crescente,Céu Claro,Simples,Interseção de Vias,Sim,3,0,1,0,1,1,1,2,"-9,3908678","-40,52038627",SPRF-PE,DEL06-PE,UOP01-DEL06-PE
462473.0,2022-07-18,segunda-feira,20:00:00,PE,101,"78,7",RECIFE,Reação tardia ou ineficiente do condutor,Colisão traseira,Com Vítimas Fatais,Plena Noite,Crescente,Céu Claro,Dupla,Curva,Sim,4,2,0,0,2,0,0,4,"-8,13496499","-34,94738614",SPRF-PE,DEL01-PE,UOP01-DEL01-PE
462807.0,2022-07-20,quarta-feira,14:20:00,PE,101,"65,6",RECIFE,Ausência de reação do condutor,Colisão traseira,Com Vítimas Feridas,Pleno dia,Decrescente,Nublado,Múltipla,Reta,Sim,3,0,1,0,2,0,1,3,"-8,031838","-34,942488",SPRF-PE,DEL01-PE,UOP01-DEL01-PE
462847.0,2022-07-20,quarta-feira,18:00:00,PE,232,10,JABOATAO DOS GUARARAPES,Reação tardia ou ineficiente do condutor,Saída de leito carroçável,Com Vítimas Feridas,Plena Noite,Decrescente,Chuva,Dupla,Reta;Em Obras                 ,Não,2,0,1,0,1,0,1,1,"-8,07917241","-34,98718609",SPRF-PE,DEL01-PE,UOP01-DEL01-PE
462875.0,2022-07-20,quarta-feira,19:00:00,PE,232,101,BEZERROS,Ausência de reação do condutor,Saída de leito carroçável,Sem Vítimas,Plena Noite,Decrescente,Garoa/Chuvisco,Dupla,Reta;Declive                  ,Sim,1,0,0,0,1,0,0,1,"-8,24194679","-35,75097313",SPRF-PE,DEL02-PE,UOP02-DEL02PE
462880.0,2022-07-20,quarta-feira,15:00:00,PE,101,192,PALMARES,Reação tardia ou ineficiente do condutor,Colisão traseira,Com Vítimas Feridas,Pleno dia,Crescente,Nublado,Múltipla,Reta;Aclive                   ,Não,2,0,0,1,1,0,1,2,"-8,71282291","-35,60955915",SPRF-PE,DEL01-PE,UOP03-DEL01-PE
462923.0,2022-07-21,quinta-feira,05:49:00,PE,101,"128,2",ESCADA,Deficiência do Sistema de Iluminação/Sinalização,Colisão lateral mesmo sentido,Sem Vítimas,Pleno dia,Decrescente,Céu Claro,Dupla,Reta,Sim,2,0,0,0,2,0,0,2,"-8,37986492","-35,24406405",SPRF-PE,DEL01-PE,UOP03-DEL01-PE
463137.0,2022-07-22,sexta-feira,07:00:00,PE,424,"85,8",GARANHUNS,Acessar a via sem observar a presença dos outros veículos,Colisão transversal,Sem Vítimas,Pleno dia,Decrescente,Nevoeiro/Neblina,Simples,Declive,Não,2,0,0,0,2,0,0,2,"-8,85702308","-36,51218326",SPRF-PE,DEL03-PE,UOP01-DEL03-PE
463306.0,2022-07-22,sexta-feira,19:25:00,PE,101,"69,6",RECIFE,Ausência de reação do condutor,Colisão lateral mesmo sentido,Sem Vítimas,Plena Noite,Decrescente,Nublado,Simples,Curva,Sim,2,0,0,0,2,0,0,2,"-8,05951606","-34,94581024",SPRF-PE,DEL01-PE,UOP01-DEL01-PE
463354.0,2022-07-22,sexta-feira,21:00:00,PE,423,"68,7",JUPI,Neblina,Saída de leito carroçável,Com Vítimas Feridas,Plena Noite,Crescente,Garoa/Chuvisco,Simples,Reta,Não,1,0,1,0,0,0,1,1,"-8,67263685","-36,39346504",SPRF-PE,DEL03-PE,UOP01-DEL03-PE
463593.0,2022-07-24,domingo,02:00:00,PE,423,"42,5",CACHOEIRINHA,Ingestão de álcool pelo condutor,Colisão frontal,Com Vítimas Feridas,Plena Noite,Decrescente,Garoa/Chuvisco,Simples,Reta,Não,5,0,1,1,3,0,2,2,"-8,50897803","-36,25103394",SPRF-PE,DEL03-PE,UOP01-DEL03-PE
463607.0,2022-07-24,domingo,04:15:00,PE,101,"115,7",IPOJUCA,Afundamento ou ondulação no pavimento,Tombamento,Sem Vítimas,Amanhecer,Crescente,Céu Claro,Dupla,Curva,Não,1,0,0,0,1,0,0,1,"-8,33783596","-35,14164006",SPRF-PE,DEL01-PE,UOP03-DEL01-PE
463729.0,2022-07-24,domingo,16:30:00,PE,423,"93,6",GARANHUNS,Acessar a via sem observar a presença dos outros veículos,Colisão lateral mesmo sentido,Sem Vítimas,Pleno dia,Decrescente,Céu Claro,Simples,Curva,Não,2,0,0,0,2,0,0,2,"-8,86972012","-36,46323792",SPRF-PE,DEL03-PE,UOP01-DEL03-PE
463754.0,2022-07-24,domingo,18:00:00,PE,101,119,ESCADA,Condutor deixou de manter distância do veículo da frente,Colisão traseira,Sem Vítimas,Plena Noite,Decrescente,Céu Claro,Dupla,Reta,Não,2,0,0,0,2,0,0,2,"-8,35291472","-35,16929901",SPRF-PE,DEL01-PE,UOP03-DEL01-PE
463943.0,2022-07-25,segunda-feira,08:45:00,PE,101,"2,3",JABOATAO DOS GUARARAPES,Transitar na contramão,Colisão frontal,Sem Vítimas,Pleno dia,Crescente,Céu Claro,Simples,Reta,Sim,2,0,0,0,1,1,0,2,"-8,196266","-34,957588",SPRF-PE,DEL01-PE,UOP02-DEL01-PE
463992.0,2022-07-25,segunda-feira,15:28:00,PE,232,447,SAO JOSE DO BELMONTE,Ausência de reação do condutor,Colisão traseira,Com Vítimas Feridas,Pleno dia,Crescente,Céu Claro,Simples,Reta,Não,3,0,0,1,2,0,1,3,"-7,99961227","-38,61712517",SPRF-PE,DEL04-PE,UOP01-DEL04-PE
464280.0,2022-06-17,sexta-feira,18:10:00,PE,101,85,JABOATAO DOS GUARARAPES,Velocidade Incompatível,Colisão transversal,Com Vítimas Feridas,Plena Noite,Crescente,Céu Claro,Simples,Reta,Sim,3,0,0,2,1,0,2,2,"-8,193938","-34,956614",SPRF-PE,DEL01-PE,UOP01-DEL01-PE
464311.0,2022-07-27,quarta-feira,15:15:00,PE,232,74,GRAVATA,Manobra de mudança de faixa,Colisão lateral mesmo sentido,Com Vítimas Feridas,Pleno dia,Decrescente,Nublado,Dupla,Aclive;Reta                   ,Não,2,0,0,1,1,0,1,2,"-8,19466678","-35,51728814",SPRF-PE,DEL02-PE,UOP02-DEL02PE
464480.0,2022-07-28,quinta-feira,13:45:00,PE,101,80,JABOATAO DOS GUARARAPES,Condutor deixou de manter distância do veículo da frente,Colisão lateral mesmo sentido,Com Vítimas Feridas,Pleno dia,Decrescente,Céu Claro,Dupla,Reta,Sim,3,0,1,0,2,0,1,2,"-8,152057","-34,942513",SPRF-PE,DEL01-PE,UOP01-DEL01-PE
464823.0,2022-07-30,sábado,07:30:00,PE,101,86,JABOATAO DOS GUARARAPES,Ingestão de álcool pelo condutor,Colisão com objeto,Sem Vítimas,Pleno dia,Crescente,Chuva,Dupla,Reta,Não,1,0,0,0,0,1,0,1,"-8,18470013","-34,96816895",SPRF-PE,DEL01-PE,UOP01-DEL01-PE
464877.0,2022-07-30,sábado,14:00:00,PE,232,"104,8",BEZERROS,Demais falhas mecânicas ou elétricas,Saída de leito carroçável,Com Vítimas Feridas,Pleno dia,Crescente,Céu Claro,Dupla,Rotatória,Não,3,0,1,0,2,0,1,1,"-8,2553139","-35,77427504",SPRF-PE,DEL02-PE,UOP02-DEL02PE
465594.0,2022-08-03,quarta-feira,02:42:00,PE,101,89,CABO DE SANTO AGOSTINHO,Condutor Dormindo,Tombamento,Com Vítimas Feridas,Plena Noite,Crescente,Chuva,Dupla,Reta,Não,1,0,1,0,0,0,1,1,"-8,20760697","-34,98372005",SPRF-PE,DEL01-PE,UOP01-DEL01-PE
465724.0,2022-08-03,quarta-feira,17:10:00,PE,423,99,GARANHUNS,Manobra de mudança de faixa,Colisão lateral sentido oposto,Sem Vítimas,Pleno dia,Decrescente,Garoa/Chuvisco,Simples,Reta,Não,2,0,0,0,2,0,0,2,"-8,87808191","-36,51252399",SPRF-PE,DEL03-PE,UOP01-DEL03-PE
466008.0,2022-08-05,sexta-feira,06:20:00,PE,232,"19,8",MORENO,Reação tardia ou ineficiente do condutor,Tombamento,Com Vítimas Feridas,Amanhecer,Crescente,Céu Claro,Dupla,Curva,Não,1,0,1,0,0,0,1,1,"-8,09543537","-35,07136107",SPRF-PE,DEL01-PE,UOP01-DEL01-PE
466105.0,2022-08-05,sexta-feira,16:30:00,PE,232,"16,8",JABOATAO DOS GUARARAPES,Ausência de reação do condutor,Colisão traseira,Com Vítimas Feridas,Pleno dia,Decrescente,Céu Claro,Dupla,Reta,Não,8,0,6,1,1,0,7,5,"-8,09414193","-35,03716601",SPRF-PE,DEL01-PE,UOP01-DEL01-PE
466142.0,2022-08-05,sexta-feira,19:10:00,PE,232,"195,7",SANHARO,Manobra de mudança de faixa,Colisão frontal,Sem Vítimas,Plena Noite,Crescente,Nublado,Simples,Reta,Não,2,0,0,0,1,1,0,2,"-8,36547121","-36,5628009",SPRF-PE,DEL03-PE,UOP02-DEL03-PE
466320.0,2022-08-06,sábado,15:30:00,PE,423,"107,8",GARANHUNS,Transitar na contramão,Colisão frontal,Com Vítimas Fatais,Pleno dia,Crescente,Céu Claro,Simples,Reta,Não,3,1,0,1,0,1,1,3,"-8,8839803","-36,58154392",SPRF-PE,DEL03-PE,UOP01-DEL03-PE
466346.0,2022-08-06,sábado,18:50:00,PE,104,"52,9",CARUARU,Condutor Dormindo,Colisão traseira,Sem Vítimas,Plena Noite,Crescente,Céu Claro,Dupla,Reta,Não,2,0,0,0,2,0,0,2,"-8,167598","-35,97684",SPRF-PE,DEL02-PE,UOP01-DEL02-PE
466385.0,2022-08-06,sábado,20:30:00,PE,101,"7,4",GOIANA,Velocidade Incompatível,Colisão traseira,Com Vítimas Feridas,Plena Noite,Crescente,Céu Claro,Múltipla,Reta,Sim,5,0,0,3,0,2,3,2,"-7,55997111","-34,99072674",SPRF-PE,DEL01-PE,UOP02-DEL01-PE
466510.0,2022-08-06,sábado,16:10:00,PE,232,241,ARCOVERDE,Velocidade Incompatível,Colisão lateral sentido oposto,Sem Vítimas,Pleno dia,Decrescente,Céu Claro,Simples,Curva,Não,3,0,0,0,2,1,0,3,"-8,41518942","-36,970926",SPRF-PE,DEL04-PE,UOP02-DEL04-PE
466604.0,2022-08-07,domingo,19:30:00,PE,428,24,CABROBO,Manobra de mudança de faixa,Tombamento,Com Vítimas Fatais,Plena Noite,Crescente,Ignorado,Simples,Reta,Não,3,1,0,1,0,1,1,2,"-8,48458005","-39,43306197",SPRF-PE,DEL05-PE,UOP03-DEL05-PE
466638.0,2022-08-08,segunda-feira,00:30:00,PE,101,71,RECIFE,Retorno proibido,Colisão transversal,Com Vítimas Feridas,Plena Noite,Crescente,Céu Claro,Dupla,Reta,Sim,4,0,2,0,1,1,2,2,"-8,07663102","-34,93466",SPRF-PE,DEL01-PE,UOP01-DEL01-PE
466733.0,2022-08-08,segunda-feira,10:40:00,PE,316,228,BELEM DE SAO FRANCISCO,Transitar na contramão,Colisão lateral sentido oposto,Com Vítimas Feridas,Pleno dia,Decrescente,Céu Claro,Simples,Declive;Reta                  ,Não,2,0,1,0,1,0,1,2,"-8,58789694","-39,14793897",SPRF-PE,DEL05-PE,UOP03-DEL05-PE
466984.0,2022-08-09,terça-feira,16:00:00,PE,116,"43,3",SALGUEIRO,Reação tardia ou ineficiente do condutor,Saída de leito carroçável,Com Vítimas Feridas,Pleno dia,Crescente,Céu Claro,Simples,Curva,Não,1,0,1,0,0,0,1,1,"-8,2145","-39,103329",SPRF-PE,DEL05-PE,UOP01-DEL05-PE
467008.0,2022-08-09,terça-feira,18:50:00,PE,232,410,SERRA TALHADA,Transitar no acostamento,Colisão transversal,Com Vítimas Feridas,Plena Noite,Crescente,Céu Claro,Simples,Curva,Não,2,0,1,0,1,0,1,2,"-7,98261841","-38,30039606",SPRF-PE,DEL04-PE,UOP01-DEL04-PE
467081.0,2022-08-10,quarta-feira,08:00:00,PE,104,"72,9",CARUARU,Condutor deixou de manter distância do veículo da frente,Colisão traseira,Sem Vítimas,Pleno dia,Crescente,Céu Claro,Simples,Reta,Não,3,0,0,0,3,0,0,3,"-8,341347","-35,982346",SPRF-PE,DEL02-PE,UOP01-DEL02-PE
467364.0,2022-08-11,quinta-feira,12:40:00,PE,232,250,ARCOVERDE,Acessar a via sem observar a presença dos outros veículos,Colisão lateral mesmo sentido,Sem Vítimas,Pleno dia,Crescente,Céu Claro,Simples,Interseção de Vias,Sim,2,0,0,0,1,1,0,2,"-8,42331849","-37,0523054",SPRF-PE,DEL04-PE,UOP02-DEL04-PE
467480.0,2022-08-12,sexta-feira,08:10:00,PE,232,"5,8",RECIFE,Condutor deixou de manter distância do veículo da frente,Colisão lateral mesmo sentido,Sem Vítimas,Pleno dia,Crescente,Céu Claro,Dupla,Em Obras,Não,2,0,0,0,2,0,0,2,"-8,06795766","-34,94535414",SPRF-PE,DEL01-PE,UOP01-DEL01-PE
467541.0,2022-08-12,sexta-feira,12:45:00,PE,101,78,RECIFE,Manobra de mudança de faixa,Colisão lateral mesmo sentido,Com Vítimas Feridas,Pleno dia,Crescente,Céu Claro,Dupla,Reta,Sim,3,0,2,0,1,0,2,2,"-8,13496499","-34,94738614",SPRF-PE,DEL01-PE,UOP01-DEL01-PE
468259.0,2022-08-15,segunda-feira,10:48:00,PE,101,78,JABOATAO DOS GUARARAPES,Mal súbito do condutor,Saída de leito carroçável,Com Vítimas Feridas,Pleno dia,Crescente,Céu Claro,Dupla,Curva,Sim,1,0,1,0,0,0,1,1,"-8,141323","-34,946612",SPRF-PE,DEL01-PE,UOP01-DEL01-PE
468282.0,2022-08-15,segunda-feira,13:30:00,PE,424,"87,7",GARANHUNS,Condutor deixou de manter distância do veículo da frente,Colisão lateral mesmo sentido,Com Vítimas Feridas,Pleno dia,Crescente,Chuva,Simples,Reta;Aclive                   ,Não,3,0,2,0,0,1,2,2,"-8,88271844","-36,50834084",SPRF-PE,DEL03-PE,UOP01-DEL03-PE
468661.0,2022-08-17,quarta-feira,11:00:00,PE,424,"83,7",GARANHUNS,Demais falhas mecânicas ou elétricas,Tombamento,Com Vítimas Feridas,Pleno dia,Decrescente,Céu Claro,Simples,Reta,Não,2,0,1,0,1,0,1,1,"-8,84593423","-36,52457016",SPRF-PE,DEL03-PE,UOP01-DEL03-PE
468737.0,2022-08-17,quarta-feira,20:36:00,PE,232,"305,5",SERTANIA,Reação tardia ou ineficiente do condutor,Saída de leito carroçável,Com Vítimas Fatais,Plena Noite,Crescente,Céu Claro,Simples,Reta,Não,2,1,1,0,0,0,1,1,"-8,19109556","-37,44132256",SPRF-PE,DEL04-PE,UOP02-DEL04-PE
469286.0,2022-08-20,sábado,18:15:00,PE,101,"74,1",RECIFE,Condutor deixou de manter distância do veículo da frente,Colisão lateral mesmo sentido,Com Vítimas Feridas,Plena Noite,Decrescente,Céu Claro,Dupla,Curva,Não,3,0,1,0,0,2,1,3,"-8,093369","-34,947464",SPRF-PE,DEL01-PE,UOP01-DEL01-PE
469289.0,2022-08-20,sábado,18:29:00,PE,101,70,RECIFE,Manobra de mudança de faixa,Colisão traseira,Com Vítimas Feridas,Plena Noite,Crescente,Céu Claro,Dupla,Reta,Sim,2,0,0,1,0,1,1,2,"-8,06776119","-34,94265074",SPRF-PE,DEL01-PE,UOP01-DEL01-PE
469711.0,2022-08-22,segunda-feira,17:00:00,PE,428,182,PETROLINA,Transitar na contramão,Colisão frontal,Com Vítimas Fatais,Pleno dia,Crescente,Céu Claro,Simples,Reta,Sim,2,1,0,0,1,0,0,2,"-9,31614989","-40,45800722",SPRF-PE,DEL06-PE,UOP01-DEL06-PE
469822.0,2022-07-30,sábado,05:20:00,PE,424,"12,4",PEDRA,Ingestão de álcool pelo condutor,Colisão frontal,Com Vítimas Feridas,Amanhecer,Crescente,Céu Claro,Simples,Reta,Não,2,0,0,1,1,0,1,2,"-8,49803522","-36,99233497",SPRF-PE,DEL04-PE,UOP02-DEL04-PE
469868.0,2022-08-23,terça-feira,15:27:00,PE,104,66,CARUARU,Manobra de mudança de faixa,Colisão lateral mesmo sentido,Com Vítimas Fatais,Pleno dia,Decrescente,Chuva,Múltipla,Viaduto;Aclive                ,Sim,2,1,0,0,1,0,0,2,"-8,2937","-35,9864",SPRF-PE,DEL02-PE,UOP01-DEL02-PE
469876.0,2022-08-23,terça-feira,16:40:00,PE,407,128,PETROLINA,Estacionar ou parar em local proibido,Colisão traseira,Com Vítimas Feridas,Pleno dia,Decrescente,Sol,Dupla,Reta,Sim,2,0,1,0,1,0,1,2,"-9,39387565","-40,51133888",SPRF-PE,DEL06-PE,UOP01-DEL06-PE
469881.0,2022-08-23,terça-feira,15:50:00,PE,423,"67,2",JUPI,Demais falhas mecânicas ou elétricas,Derramamento de carga,Sem Vítimas,Pleno dia,Decrescente,Nublado,Simples,Reta,Não,2,0,0,0,1,1,0,1,"-8,67054427","-36,38419094",SPRF-PE,DEL03-PE,UOP01-DEL03-PE
469885.0,2022-08-23,terça-feira,17:50:00,PE,423,80,JUCATI,Reação tardia ou ineficiente do condutor,Colisão traseira,Com Vítimas Fatais,Pleno dia,Crescente,Chuva,Simples,Declive,Não,4,1,0,0,2,1,0,3,"-8,76622817","-36,42895847",SPRF-PE,DEL03-PE,UOP01-DEL03-PE
469965.0,2022-08-23,terça-feira,18:10:00,PE,423,94,GARANHUNS,Demais falhas na via,Colisão traseira,Sem Vítimas,Plena Noite,Decrescente,Chuva,Simples,Aclive,Sim,2,0,0,0,2,0,0,2,"-8,874732","-36,46946",SPRF-PE,DEL03-PE,UOP01-DEL03-PE
469978.0,2022-08-24,quarta-feira,08:41:00,PE,232,5,JABOATAO DOS GUARARAPES,Transitar no acostamento,Colisão transversal,Sem Vítimas,Pleno dia,Crescente,Céu Claro,Dupla,Reta,Sim,2,0,0,0,2,0,0,2,"-8,06795766","-34,94535414",SPRF-PE,DEL01-PE,UOP01-DEL01-PE
469983.0,2022-08-24,quarta-feira,08:50:00,PE,101,"68,5",RECIFE,Condutor deixou de manter distância do veículo da frente,Colisão traseira,Com Vítimas Feridas,Pleno dia,Crescente,Céu Claro,Dupla,Reta,Sim,2,0,1,0,1,0,1,2,"-8,05074296","-34,94580619",SPRF-PE,DEL01-PE,UOP01-DEL01-PE
470217.0,2022-08-25,quinta-feira,17:00:00,PE,101,"45,4",IGARASSU,Condutor deixou de manter distância do veículo da frente,Colisão traseira,Sem Vítimas,Pleno dia,Decrescente,Céu Claro,Múltipla,Reta,Sim,2,0,0,0,2,0,0,2,"-7,86521297","-34,90715176",SPRF-PE,DEL01-PE,UOP02-DEL01-PE
470248.0,2022-08-25,quinta-feira,08:48:00,PE,116,26,SALGUEIRO,Acessar a via sem observar a presença dos outros veículos,Atropelamento de Pedestre,Com Vítimas Feridas,Pleno dia,Crescente,Céu Claro,Simples,Reta,Sim,2,0,1,0,1,0,1,2,"-8,069921","-39,13364",SPRF-PE,DEL05-PE,UOP01-DEL05-PE
470251.0,2022-08-25,quinta-feira,18:30:00,PE,101,"80,4",JABOATAO DOS GUARARAPES,Ingestão de álcool pelo condutor,Colisão traseira,Sem Vítimas,Plena Noite,Decrescente,Nublado,Dupla,Reta,Sim,3,0,0,0,3,0,0,3,"-8,154948","-34,941563",SPRF-PE,DEL01-PE,UOP01-DEL01-PE
470372.0,2022-08-26,sexta-feira,10:00:00,PE,101,"51,5",PAULISTA,Ultrapassagem Indevida,Colisão lateral mesmo sentido,Com Vítimas Feridas,Pleno dia,Decrescente,Sol,Múltipla,Reta,Sim,2,0,0,1,1,0,1,2,"-7,9169968","-34,89689272",SPRF-PE,DEL01-PE,UOP02-DEL01-PE
470471.0,2022-08-26,sexta-feira,19:10:00,PE,407,129,PETROLINA,Faixas de trânsito com largura insuficiente,Colisão lateral mesmo sentido,Com Vítimas Feridas,Plena Noite,Crescente,Céu Claro,Simples,Ponte,Sim,4,0,3,0,1,0,3,2,"-9,40095","-40,503649",SPRF-PE,DEL06-PE,UOP01-DEL06-PE
470592.0,2022-08-27,sábado,11:30:00,PE,101,"82,5",JABOATAO DOS GUARARAPES,Demais falhas na via,Colisão traseira,Com Vítimas Feridas,Pleno dia,Crescente,Céu Claro,Múltipla,Reta,Sim,2,0,0,1,1,0,1,2,"-8,168383","-34,9376",SPRF-PE,DEL01-PE,UOP01-DEL01-PE