id,data_inversa,dia_semana,horario,uf,br,km,municipio,causa_acidente,tipo_acidente,classificacao_acidente,fase_dia,sentido_via,condicao_metereologica,tipo_pista,tracado_via,uso_solo,pessoas,mortos,feridos_leves,feridos_graves,ilesos,ignorados,feridos,veiculos,latitude,longitude,regional,delegacia,uop
480054.0,2022-10-11,terça-feira,15:30:00,PE,101,66,RECIFE,Ultrapassagem Indevida,Colisão lateral mesmo sentido,Com Vítimas Feridas,Pleno dia,Crescente,Céu Claro,Dupla,Reta,Sim,3,0,0,2,1,0,2,2,"-8,036423","-34,941546",SPRF-PE,DEL01-PE,UOP01-DEL01-PE
480061.0,2022-10-11,terça-feira,16:40:00,PE,101,69,RECIFE,Condutor deixou de manter distância do veículo da frente,Colisão traseira,Com Vítimas Feridas,Pleno dia,Decrescente,Céu Claro,Dupla,Reta,Sim,4,0,0,1,3,0,1,4,"-8,05951606","-34,94581024",SPRF-PE,DEL01-PE,UOP01-DEL01-PE
480180.0,2022-10-12,quarta-feira,06:30:00,PE,428,"140,9",PETROLINA,Demais falhas mecânicas ou elétricas,Colisão lateral sentido oposto,Sem Vítimas,Pleno dia,Decrescente,Céu Claro,Simples,Declive,Sim,2,0,0,0,2,0,0,2,"-9,01031889","-40,27594512",SPRF-PE,DEL06-PE,UOP03-DEL06-PE
480226.0,2022-10-12,quarta-feira,13:15:00,PE,232,"197,5",SANHARO,Manobra de mudança de faixa,Colisão lateral sentido oposto,Com Vítimas Feridas,Pleno dia,Crescente,Céu Claro,Simples,Reta,Sim,7,0,3,1,3,0,4,2,"-8,36941743","-36,58942097",SPRF-PE,DEL03-PE,UOP02-DEL03-PE
480291.0,2022-10-12,quarta-feira,19:50:00,PE,232,251,ARCOVERDE,Condutor deixou de manter distância do veículo da frente,Colisão traseira,Com Vítimas Feridas,Plena Noite,Decrescente,Céu Claro,Simples,Ponte;Reta                    ,Não,6,0,2,0,4,0,2,2,"-8,429241","-37,060127",SPRF-PE,DEL04-PE,UOP02-DEL04-PE
480372.0,2022-10-13,quinta-feira,08:00:00,PE,423,93,GARANHUNS,Reação tardia ou ineficiente do condutor,Colisão traseira,Sem Vítimas,Pleno dia,Crescente,Céu Claro,Simples,Rotatória,Sim,2,0,0,0,2,0,0,2,"-8,86972012","-36,46323792",SPRF-PE,DEL03-PE,UOP01-DEL03-PE
480510.0,2022-10-14,sexta-feira,04:30:00,PE,232,20,MORENO,Ausência de sinalização,Colisão lateral mesmo sentido,Sem Vítimas,Amanhecer,Decrescente,Ignorado,Dupla,Reta,Não,2,0,0,0,1,1,0,2,"-8,096068","-35,070252",SPRF-PE,DEL01-PE,UOP01-DEL01-PE
480536.0,2022-10-14,sexta-feira,08:30:00,PE,101,"80,8",JABOATAO DOS GUARARAPES,Acessar a via sem observar a presença dos outros veículos,Colisão transversal,Com Vítimas Fatais,Pleno dia,Decrescente,Céu Claro,Múltipla,Reta,Sim,3,1,1,0,1,0,1,2,"-8,155003","-34,941621",SPRF-PE,DEL01-PE,UOP01-DEL01-PE
480721.0,2022-10-15,sábado,04:10:00,PE,232,"211,7",PESQUEIRA,Ingestão de álcool pelo condutor,Colisão lateral sentido oposto,Com Vítimas Feridas,Amanhecer,Decrescente,Céu Claro,Simples,Aclive,Sim,4,0,3,0,1,0,3,2,"-8,36899532","-36,70578682",SPRF-PE,DEL03-PE,UOP02-DEL03-PE
480752.0,2022-10-15,sábado,08:10:00,PE,101,67,RECIFE,Trafegar com motocicleta (ou similar) entre as faixas,Colisão lateral mesmo sentido,Com Vítimas Feridas,Pleno dia,Crescente,Garoa/Chuvisco,Dupla,Reta,Sim,2,0,0,1,1,0,1,2,"-8,045083","-34,944422",SPRF-PE,DEL01-PE,UOP01-DEL01-PE
480796.0,2022-10-15,sábado,10:32:00,PE,232,481,VERDEJANTE,Frear bruscamente,Colisão lateral mesmo sentido,Sem Vítimas,Pleno dia,Decrescente,Céu Claro,Simples,Reta,Não,2,0,0,0,2,0,0,2,"-8,01369607","-38,89781003",SPRF-PE,DEL05-PE,UOP01-DEL05-PE
481138.0,2022-10-16,domingo,19:00:00,PE,104,18,TAQUARITINGA DO NORTE,Ingestão de álcool pelo condutor,Colisão frontal,Com Vítimas Feridas,Plena Noite,Crescente,Nublado,Simples,Reta,Não,4,0,0,2,0,2,2,3,"-7,939486","-36,124489",SPRF-PE,DEL02-PE,UOP01-DEL02-PE
481226.0,2022-10-17,segunda-feira,10:00:00,PE,101,"92,3",CABO DE SANTO AGOSTINHO,Reação tardia ou ineficiente do condutor,Tombamento,Com Vítimas Feridas,Pleno dia,Crescente,Céu Claro,Dupla,Reta,Sim,2,0,1,0,1,0,1,1,"-8,23201792","-34,99778611",SPRF-PE,DEL01-PE,UOP01-DEL01-PE
481237.0,2022-10-17,segunda-feira,10:40:00,PE,424,3,ARCOVERDE,Ultrapassagem Indevida,Colisão lateral sentido oposto,Com Vítimas Feridas,Pleno dia,Crescente,Céu Claro,Simples,Reta,Não,3,0,1,0,2,0,1,3,"-8,45381694","-37,0485949",SPRF-PE,DEL04-PE,UOP02-DEL04-PE
481436.0,2022-09-18,domingo,16:35:00,PE,101,"82,3",JABOATAO DOS GUARARAPES,Acessar a via sem observar a presença dos outros veículos,Colisão lateral mesmo sentido,Com Vítimas Feridas,Pleno dia,Decrescente,Céu Claro,Dupla,Interseção de Vias,Sim,7,0,2,0,5,0,2,3,"-8,1733881","-34,94017124",SPRF-PE,DEL01-PE,UOP01-DEL01-PE
481438.0,2022-09-24,sábado,10:04:00,PE,232,70,GRAVATA,Condutor deixou de manter distância do veículo da frente,Colisão traseira,Com Vítimas Feridas,Pleno dia,Decrescente,Céu Claro,Dupla,Ponte,Não,3,0,2,0,1,0,2,2,"-8,17698676","-35,48742522",SPRF-PE,DEL02-PE,UOP02-DEL02PE
481567.0,2022-10-19,quarta-feira,11:10:00,PE,101,"58,8",RECIFE,Trafegar com motocicleta (ou similar) entre as faixas,Colisão lateral mesmo sentido,Com Vítimas Fatais,Pleno dia,Decrescente,Céu Claro,Dupla,Aclive;Reta                   ,Não,3,1,0,0,1,1,0,3,"-7,97063209","-34,92064675",SPRF-PE,DEL01-PE,UOP02-DEL01-PE
481715.0,2022-09-21,quarta-feira,03:05:00,PE,232,"70,9",GRAVATA,Condutor Dormindo,Colisão traseira,Com Vítimas Feridas,Plena Noite,Decrescente,Céu Claro,Dupla,Reta,Não,2,0,0,1,1,0,1,2,"-8,18013165","-35,48714876",SPRF-PE,DEL02-PE,UOP02-DEL02PE
481730.0,2022-10-20,quinta-feira,07:00:00,PE,428,188,PETROLINA,Acessar a via sem observar a presença dos outros veículos,Colisão lateral mesmo sentido,Sem Vítimas,Pleno dia,Decrescente,Céu Claro,Dupla,Interseção de Vias,Sim,2,0,0,0,2,0,0,2,"-9,36400596","-40,48266808",SPRF-PE,DEL06-PE,UOP01-DEL06-PE
481802.0,2022-10-20,quinta-feira,16:44:00,PE,116,55,CABROBO,Reação tardia ou ineficiente do condutor,Colisão lateral mesmo sentido,Sem Vítimas,Pleno dia,Decrescente,Céu Claro,Simples,Reta,Não,1,0,0,0,1,0,0,1,"-8,319089","-39,128674",SPRF-PE,DEL05-PE,UOP01-DEL05-PE
481952.0,2022-10-21,sexta-feira,10:20:00,PE,101,80,JABOATAO DOS GUARARAPES,Ultrapassagem Indevida,Colisão lateral mesmo sentido,Com Vítimas Feridas,Pleno dia,Decrescente,Céu Claro,Múltipla,Reta,Sim,2,0,1,0,1,0,1,2,"-8,151682","-34,942586",SPRF-PE,DEL01-PE,UOP01-DEL01-PE
482159.0,2022-10-22,sábado,05:20:00,PE,423,106,PARANATAMA,Avarias e/ou desgaste excessivo no pneu,Colisão traseira,Com Vítimas Feridas,Pleno dia,Decrescente,Céu Claro,Simples,Aclive;Reta                   ,Não,2,0,1,0,0,1,1,2,"-8,88171776","-36,57279606",SPRF-PE,DEL03-PE,UOP01-DEL03-PE
482576.0,2022-10-23,domingo,21:05:00,PE,101,"182,5",PALMARES,Problema na suspensão,Tombamento,Com Vítimas Feridas,Plena Noite,Decrescente,Céu Claro,Dupla,Curva;Retorno Regulamentado   ,Sim,1,0,1,0,0,0,1,1,"-8,66134204","-35,56484699",SPRF-PE,DEL01-PE,UOP03-DEL01-PE
482580.0,2022-10-23,domingo,17:50:00,PE,232,"245,5",ARCOVERDE,Acostamento em desnível,Tombamento,Com Vítimas Fatais,Plena Noite,Decrescente,Céu Claro,Simples,Reta,Não,3,1,0,1,0,1,1,2,"-8,41869672","-37,00744604",SPRF-PE,DEL04-PE,UOP02-DEL04-PE
482630.0,2022-10-24,segunda-feira,06:20:00,PE,101,"31,8",IGARASSU,Ingestão de álcool pelo condutor,Tombamento,Sem Vítimas,Pleno dia,Crescente,Céu Claro,Dupla,Reta,Sim,1,0,0,0,1,0,0,1,"-7,74443874","-34,93872764",SPRF-PE,DEL01-PE,UOP02-DEL01-PE
482671.0,2022-10-24,segunda-feira,07:30:00,PE,101,"109,3",IPOJUCA,Curva acentuada,Tombamento,Com Vítimas Feridas,Pleno dia,Crescente,Céu Claro,Simples,Curva,Não,1,0,1,0,0,0,1,1,"-8,31012798","-35,09967817",SPRF-PE,DEL01-PE,UOP03-DEL01-PE
482680.0,2022-10-24,segunda-feira,07:04:00,PE,423,"130,9",SALOA,Condutor Dormindo,Colisão frontal,Com Vítimas Fatais,Pleno dia,Crescente,Céu Claro,Simples,Reta,Não,4,1,2,1,0,0,3,2,"-8,96086814","-36,74928798",SPRF-PE,DEL03-PE,UOP01-DEL03-PE
482748.0,2022-10-24,segunda-feira,18:00:00,PE,101,"87,5",JABOATAO DOS GUARARAPES,Reação tardia ou ineficiente do condutor,Colisão traseira,Com Vítimas Feridas,Plena Noite,Decrescente,Céu Claro,Dupla,Reta,Não,3,0,0,1,1,1,1,3,"-8,19120206","-34,97449985",SPRF-PE,DEL01-PE,UOP01-DEL01-PE
482918.0,2022-10-25,terça-feira,09:20:00,PE,101,56,RECIFE,Manobra de mudança de faixa,Colisão lateral mesmo sentido,Sem Vítimas,Pleno dia,Decrescente,Céu Claro,Dupla,Reta,Sim,3,0,0,0,3,0,0,2,"-7,9554509","-34,91140727",SPRF-PE,DEL01-PE,UOP02-DEL01-PE
482927.0,2022-10-25,terça-feira,15:00:00,PE,101,"44,9",IGARASSU,Acessar a via sem observar a presença dos outros veículos,Colisão transversal,Com Vítimas Feridas,Pleno dia,Decrescente,Céu Claro,Múltipla,Reta,Sim,3,0,0,1,1,1,1,3,"-7,864753","-34,907233",SPRF-PE,DEL01-PE,UOP02-DEL01-PE
482929.0,2022-10-25,terça-feira,13:40:00,PE,232,"41,9",VITORIA DE SANTO ANTAO,Reação tardia ou ineficiente do condutor,Colisão traseira,Com Vítimas Feridas,Pleno dia,Crescente,Céu Claro,Dupla,Aclive;Reta                   ,Não,3,0,1,0,2,0,1,2,"-8,11394893","-35,243303",SPRF-PE,DEL01-PE,UOP01-DEL01-PE
482930.0,2022-10-25,terça-feira,16:20:00,PE,101,"69,1",RECIFE,Reação tardia ou ineficiente do condutor,Queda de ocupante de veículo,Com Vítimas Feridas,Pleno dia,Crescente,Céu Claro,Múltipla,Reta,Sim,2,0,1,0,1,0,1,2,"-8,05951606","-34,94581024",SPRF-PE,DEL01-PE,UOP01-DEL01-PE
482990.0,2022-10-26,quarta-feira,01:30:00,PE,232,"10,8",JABOATAO DOS GUARARAPES,Carga excessiva e/ou mal acondicionada,Tombamento,Com Vítimas Feridas,Plena Noite,Decrescente,Céu Claro,Dupla,Curva,Sim,2,0,1,0,1,0,1,1,"-8,081985","-34,993933",SPRF-PE,DEL01-PE,UOP01-DEL01-PE
483254.0,2022-10-27,quinta-feira,16:10:00,PE,101,"43,9",IGARASSU,Ausência de reação do condutor,Colisão traseira,Com Vítimas Feridas,Pleno dia,Crescente,Céu Claro,Múltipla,Reta,Sim,3,0,1,0,2,0,1,2,"-7,84753808","-34,90977038",SPRF-PE,DEL01-PE,UOP02-DEL01-PE
483338.0,2022-10-28,sexta-feira,04:00:00,PE,101,"2,7",GOIANA,Pedestre andava na pista,Atropelamento de Pedestre,Com Vítimas Fatais,Amanhecer,Decrescente,Céu Claro,Dupla,Reta,Não,2,1,0,0,0,1,0,2,"-7,52387351","-34,99333161",SPRF-PE,DEL01-PE,UOP02-DEL01-PE
483392.0,2022-10-28,sexta-feira,12:40:00,PE,101,"65,8",RECIFE,Carga excessiva e/ou mal acondicionada,Colisão com objeto,Com Vítimas Feridas,Pleno dia,Crescente,Céu Claro,Dupla,Reta,Sim,2,0,1,0,1,0,1,2,"-8,02478597","-34,94276635",SPRF-PE,DEL01-PE,UOP01-DEL01-PE
483425.0,2022-10-28,sexta-feira,14:30:00,PE,407,61,PETROLINA,Reação tardia ou ineficiente do condutor,Saída de leito carroçável,Com Vítimas Feridas,Pleno dia,Decrescente,Céu Claro,Simples,Reta,Não,1,0,0,1,0,0,1,1,"-8,86114469","-40,7759038",SPRF-PE,DEL06-PE,UOP02-DEL06-PE
483609.0,2022-10-29,sábado,12:00:00,PE,232,267,SERTANIA,Entrada inopinada do pedestre,Atropelamento de Pedestre,Com Vítimas Feridas,Pleno dia,Crescente,Céu Claro,Simples,Reta,Não,2,0,1,0,1,0,1,2,"-8,40747261","-37,19190605",SPRF-PE,DEL04-PE,UOP02-DEL04-PE
483777.0,2022-10-30,domingo,01:20:00,PE,423,109,CAETES,Transitar no acostamento,Tombamento,Com Vítimas Feridas,Plena Noite,Decrescente,Céu Claro,Simples,Reta,Não,1,0,1,0,0,0,1,1,"-8,888511","-36,599037",SPRF-PE,DEL03-PE,UOP01-DEL03-PE
483787.0,2022-10-30,domingo,04:20:00,PE,232,267,SERTANIA,Ingestão de álcool pelo condutor,Colisão frontal,Com Vítimas Fatais,Amanhecer,Decrescente,Céu Claro,Simples,Reta,Não,6,1,0,1,4,0,1,2,"-8,40747261","-37,19190605",SPRF-PE,DEL04-PE,UOP02-DEL04-PE
484114.0,2022-10-31,segunda-feira,13:00:00,PE,101,"39,6",IGARASSU,Entrada inopinada do pedestre,Atropelamento de Pedestre,Com Vítimas Feridas,Pleno dia,Decrescente,Sol,Múltipla,Declive,Não,2,0,1,0,1,0,1,2,"-7,81259899","-34,91890497",SPRF-PE,DEL01-PE,UOP02-DEL01-PE
484129.0,2022-10-31,segunda-feira,15:40:00,PE,424,"88,9",GARANHUNS,Acessar a via sem observar a presença dos outros veículos,Colisão transversal,Com Vítimas Feridas,Pleno dia,Crescente,Céu Claro,Simples,Reta,Sim,2,0,0,1,0,1,1,2,"-8,88289772","-36,50848532",SPRF-PE,DEL03-PE,UOP01-DEL03-PE
484173.0,2022-10-31,segunda-feira,17:00:00,PE,408,92,SAO LOURENCO DA MATA,Carga excessiva e/ou mal acondicionada,Colisão traseira,Com Vítimas Feridas,Anoitecer,Crescente,Céu Claro,Dupla,Reta,Não,3,0,1,0,2,0,1,3,"-7,99979861","-35,06313386",SPRF-PE,DEL01-PE,UOP01-DEL01-PE
484174.0,2022-10-31,segunda-feira,18:00:00,PE,408,"103,9",RECIFE,Condutor deixou de manter distância do veículo da frente,Colisão traseira,Com Vítimas Feridas,Plena Noite,Crescente,Céu Claro,Dupla,Reta,Não,5,0,0,3,2,0,3,4,"-8,05746154","-34,99468175",SPRF-PE,DEL01-PE,UOP01-DEL01-PE
484433.0,2022-11-02,quarta-feira,16:34:00,PE,116,59,CABROBO,Problema com o freio,Incêndio,Com Vítimas Feridas,Pleno dia,Decrescente,Céu Claro,Simples,Reta,Não,1,0,1,0,0,0,1,1,"-8,352674","-39,141792",SPRF-PE,DEL05-PE,UOP03-DEL05-PE
484487.0,2022-11-03,quinta-feira,03:00:00,PE,232,"136,8",CARUARU,Reação tardia ou ineficiente do condutor,Colisão traseira,Sem Vítimas,Plena Noite,Crescente,Céu Claro,Dupla,Reta,Não,2,0,0,0,1,1,0,2,"-8,31339932","-36,04175591",SPRF-PE,DEL02-PE,UOP01-DEL02-PE
484530.0,2022-11-03,quinta-feira,10:09:00,PE,101,"67,9",RECIFE,Trafegar com motocicleta (ou similar) entre as faixas,Colisão lateral mesmo sentido,Com Vítimas Feridas,Pleno dia,Decrescente,Céu Claro,Dupla,Reta,Sim,3,0,2,0,1,0,2,2,"-8,049992","-34,945652",SPRF-PE,DEL01-PE,UOP01-DEL01-PE
484724.0,2022-11-04,sexta-feira,11:35:00,PE,428,178,PETROLINA,Acessar a via sem observar a presença dos outros veículos,Colisão transversal,Com Vítimas Feridas,Pleno dia,Crescente,Garoa/Chuvisco,Simples,Reta,Não,4,0,2,0,2,0,2,2,"-9,2842098","-40,4416324",SPRF-PE,DEL06-PE,UOP01-DEL06-PE
484752.0,2022-11-04,sexta-feira,13:00:00,PE,101,7,GOIANA,Acessar a via sem observar a presença dos outros veículos,Colisão transversal,Com Vítimas Feridas,Pleno dia,Crescente,Sol,Dupla,Interseção de Vias,Sim,2,0,0,1,1,0,1,2,"-7,55997111","-34,99072674",SPRF-PE,DEL01-PE,UOP02-DEL01-PE
484785.0,2022-10-27,quinta-feira,18:30:00,PE,101,72,RECIFE,Manobra de mudança de faixa,Colisão com objeto,Sem Vítimas,Plena Noite,Decrescente,Céu Claro,Dupla,Curva,Sim,1,0,0,0,1,0,0,1,"-8,08493106","-34,9450639",SPRF-PE,DEL01-PE,UOP01-DEL01-PE
484824.0,2022-11-04,sexta-feira,18:30:00,PE,232,65,RECIFE,Carga excessiva e/ou mal acondicionada,Colisão lateral mesmo sentido,Sem Vítimas,Plena Noite,Decrescente,Céu Claro,Dupla,Reta,Sim,3,0,0,0,3,0,0,2,"-8,031535","-34,942487",SPRF-PE,DEL02-PE,UOP02-DEL02PE
484885.0,2022-11-05,sábado,00:50:00,PE,232,5,RECIFE,Transitar no acostamento,Tombamento,Com Vítimas Feridas,Plena Noite,Crescente,Céu Claro,Simples,Reta,Não,2,0,0,1,0,1,1,2,"-8,06795766","-34,94535414",SPRF-PE,DEL01-PE,UOP01-DEL01-PE
484943.0,2022-11-05,sábado,08:25:00,PE,423,"75,6",JUPI,Velocidade Incompatível,Tombamento,Com Vítimas Fatais,Pleno dia,Crescente,Nublado,Simples,Declive,Não,2,1,0,1,0,0,1,1,"-8,72817813","-36,43180132",SPRF-PE,DEL03-PE,UOP01-DEL03-PE
484956.0,2022-11-05,sábado,09:00:00,PE,104,"74,4",CARUARU,Reação tardia ou ineficiente do condutor,Colisão traseira,Com Vítimas Feridas,Pleno dia,Decrescente,Nublado,Simples,Reta,Não,6,0,1,3,2,0,4,2,"-8,349874","-35,985184",SPRF-PE,DEL02-PE,UOP01-DEL02-PE
485141.0,2022-11-06,domingo,07:54:00,PE,101,60,RECIFE,Acumulo de óleo sobre o pavimento,Colisão lateral mesmo sentido,Com Vítimas Feridas,Pleno dia,Decrescente,Chuva,Dupla,Curva,Sim,3,0,1,1,1,0,2,2,"-7,98344307","-34,93176727",SPRF-PE,DEL01-PE,UOP02-DEL01-PE
485390.0,2022-11-07,segunda-feira,15:15:00,PE,101,46,IGARASSU,Reação tardia ou ineficiente do condutor,Colisão traseira,Com Vítimas Feridas,Pleno dia,Crescente,Céu Claro,Múltipla,Reta,Sim,4,0,0,2,2,0,2,3,"-7,87406004","-34,90588126",SPRF-PE,DEL01-PE,UOP02-DEL01-PE
485495.0,2022-11-08,terça-feira,05:10:00,PE,101,"207,2",XEXEU,Condutor Dormindo,Colisão com objeto,Com Vítimas Feridas,Amanhecer,Crescente,Céu Claro,Dupla,Reta,Não,1,0,0,1,0,0,1,1,"-8,82545377","-35,64542552",SPRF-PE,DEL01-PE,UOP03-DEL01-PE
485751.0,2022-11-09,quarta-feira,16:30:00,PE,428,163,PETROLINA,Demais falhas mecânicas ou elétricas,Colisão lateral sentido oposto,Com Vítimas Fatais,Pleno dia,Crescente,Chuva,Simples,Reta,Sim,4,2,0,0,2,0,0,3,"-9,17042399","-40,37068201",SPRF-PE,DEL06-PE,UOP01-DEL06-PE
485786.0,2022-11-09,quarta-feira,16:32:00,PE,428,"162,9",PETROLINA,Ausência de reação do condutor,Colisão traseira,Com Vítimas Feridas,Anoitecer,Crescente,Chuva,Simples,Reta,Não,3,0,1,0,2,0,1,2,"-9,180078","-40,376472",SPRF-PE,DEL06-PE,UOP01-DEL06-PE
485968.0,2022-11-10,quinta-feira,20:28:00,PE,104,"13,6",TAQUARITINGA DO NORTE,Velocidade Incompatível,Colisão frontal,Com Vítimas Feridas,Plena Noite,Decrescente,Céu Claro,Simples,Curva,Não,2,0,1,0,1,0,1,2,"-7,897198","-36,113335",SPRF-PE,DEL02-PE,UOP01-DEL02-PE
485997.0,2022-11-11,sexta-feira,02:20:00,PE,101,84,JABOATAO DOS GUARARAPES,Ingestão de álcool pelo condutor,Saída de leito carroçável,Sem Vítimas,Plena Noite,Crescente,Chuva,Dupla,Reta,Não,2,0,0,0,1,1,0,2,"-8,17778559","-34,95087297",SPRF-PE,DEL01-PE,UOP01-DEL01-PE
486103.0,2022-11-11,sexta-feira,15:15:00,PE,232,6,RECIFE,Condutor deixou de manter distância do veículo da frente,Colisão traseira,Sem Vítimas,Pleno dia,Crescente,Sol,Dupla,Reta,Sim,3,0,0,0,3,0,0,3,"-8,07079525","-34,9535389",SPRF-PE,DEL01-PE,UOP01-DEL01-PE
486249.0,2022-11-12,sábado,05:30:00,PE,101,"76,7",RECIFE,Condutor deixou de manter distância do veículo da frente,Colisão traseira,Sem Vítimas,Amanhecer,Crescente,Chuva,Dupla,Reta,Sim,2,0,0,0,1,1,0,2,"-8,126328","-34,943958",SPRF-PE,DEL01-PE,UOP01-DEL01-PE
486442.0,2022-11-12,sábado,18:00:00,PE,423,62,LAJEDO,Transitar na contramão,Colisão frontal,Com Vítimas Fatais,Plena Noite,Crescente,Nublado,Simples,Reta,Sim,4,1,0,0,2,1,0,3,"-8,66011023","-36,33781395",SPRF-PE,DEL03-PE,UOP01-DEL03-PE
486449.0,2022-11-12,sábado,20:30:00,PE,232,"465,1",MIRANDIBA,Transitar na contramão,Colisão frontal,Com Vítimas Fatais,Plena Noite,Decrescente,Céu Claro,Simples,Reta,Não,2,1,0,0,1,0,0,2,"-8,02484479","-38,75777201",SPRF-PE,DEL05-PE,UOP01-DEL05-PE
486607.0,2022-11-13,domingo,13:15:00,PE,101,137,ESCADA,Curva acentuada,Saída de leito carroçável,Sem Vítimas,Pleno dia,Crescente,Nublado,Dupla,Curva,Não,1,0,0,0,1,0,0,1,"-8,41675194","-35,31126636",SPRF-PE,DEL01-PE,UOP03-DEL01-PE
486816.0,2022-11-14,segunda-feira,14:40:00,PE,423,104,GARANHUNS,Transitar na contramão,Colisão lateral sentido oposto,Com Vítimas Feridas,Pleno dia,Crescente,Céu Claro,Simples,Aclive;Reta                   ,Não,2,0,1,0,1,0,1,2,"-8,87705776","-36,55534007",SPRF-PE,DEL03-PE,UOP01-DEL03-PE
486886.0,2022-11-14,segunda-feira,21:30:00,PE,232,"12,5",JABOATAO DOS GUARARAPES,Entrada inopinada do pedestre,Atropelamento de Pedestre,Com Vítimas Fatais,Plena Noite,Decrescente,Chuva,Dupla,Reta;Aclive                   ,Não,2,1,0,0,1,0,0,2,"-8,087742","-35,008757",SPRF-PE,DEL01-PE,UOP01-DEL01-PE
486976.0,2022-11-15,terça-feira,11:20:00,PE,232,"4,5",RECIFE,Ausência de reação do condutor,Colisão traseira,Com Vítimas Feridas,Pleno dia,Crescente,Céu Claro,Simples,Reta,Sim,2,0,0,1,1,0,1,2,"-8,064473","-34,936928",SPRF-PE,DEL01-PE,UOP01-DEL01-PE
487146.0,2022-11-16,quarta-feira,05:40:00,PE,101,"37,8",ITAPISSUMA,Acumulo de areia ou detritos sobre o pavimento,Colisão transversal,Com Vítimas Feridas,Pleno dia,Decrescente,Céu Claro,Dupla,Aclive,Não,2,0,0,1,0,1,1,2,"-7,79726705","-34,9274932",SPRF-PE,DEL01-PE,UOP02-DEL01-PE
487237.0,2022-11-16,quarta-feira,14:00:00,PE,101,"49,4",ABREU E LIMA,Manobra de mudança de faixa,Colisão lateral mesmo sentido,Sem Vítimas,Pleno dia,Decrescente,Céu Claro,Múltipla,Reta,Sim,3,0,0,0,1,2,0,3,"-7,9005152","-34,90180641",SPRF-PE,DEL01-PE,UOP02-DEL01-PE
487315.0,2022-11-16,quarta-feira,20:30:00,PE,232,330,CUSTODIA,Ingestão de álcool pelo condutor,Colisão transversal,Sem Vítimas,Plena Noite,Crescente,Céu Claro,Simples,Reta,Não,2,0,0,0,2,0,0,2,"-8,09012961","-37,60830897",SPRF-PE,DEL04-PE,UOP02-DEL04-PE
487340.0,2022-11-16,quarta-feira,20:15:00,PE,101,"78,8",RECIFE,Reação tardia ou ineficiente do condutor,Saída de leito carroçável,Com Vítimas Feridas,Plena Noite,Crescente,Céu Claro,Dupla,Curva,Sim,2,0,1,0,1,0,1,2,"-8,13496499","-34,94738614",SPRF-PE,DEL01-PE,UOP01-DEL01-PE
487598.0,2022-11-18,sexta-feira,11:57:00,PE,104,51,CARUARU,Velocidade Incompatível,Saída de leito carroçável,Com Vítimas Feridas,Pleno dia,Decrescente,Céu Claro,Dupla,Reta,Não,1,0,1,0,0,0,1,1,"-8,159284","-35,982044",SPRF-PE,DEL02-PE,UOP01-DEL02-PE
488070.0,2022-11-20,domingo,18:58:00,PE,423,22,SAO CAITANO,Ultrapassagem Indevida,Colisão frontal,Com Vítimas Fatais,Plena Noite,Crescente,Céu Claro,Dupla,Reta,Sim,2,1,0,0,1,0,0,2,"-8,4192339","-36,19365318",SPRF-PE,DEL03-PE,UOP02-DEL03-PE
488174.0,2022-11-24,quinta-feira,04:25:00,PE,232,"281,5",SERTANIA,Reação tardia ou ineficiente do condutor,Saída de leito carroçável,Com Vítimas Feridas,Amanhecer,Crescente,Céu Claro,Simples,Reta,Não,1,0,1,0,0,0,1,1,"-8,34770731","-37,29960517",SPRF-PE,DEL04-PE,UOP02-DEL04-PE
488182.0,2022-11-24,quinta-feira,04:10:00,PE,232,"258,6",ARCOVERDE,Iluminação deficiente,Colisão traseira,Com Vítimas Fatais,Plena Noite,Decrescente,Céu Claro,Simples,Reta,Não,2,1,0,0,0,1,0,2,"-8,40763741","-37,11127205",SPRF-PE,DEL04-PE,UOP02-DEL04-PE
488228.0,2022-11-21,segunda-feira,20:00:00,PE,232,"128,8",CARUARU,Pedestre cruzava a pista fora da faixa,Atropelamento de Pedestre,Com Vítimas Fatais,Plena Noite,Crescente,Céu Claro,Dupla,Reta,Sim,2,1,0,0,0,1,0,2,"-8,301073","-35,984417",SPRF-PE,DEL02-PE,UOP01-DEL02-PE
488236.0,2022-11-21,segunda-feira,18:00:00,PE,101,"68,8",RECIFE,Transitar na calçada,Queda de ocupante de veículo,Com Vítimas Feridas,Plena Noite,Decrescente,Céu Claro,Múltipla,Reta,Sim,2,0,0,1,1,0,1,2,"-8,057993","-34,946113",SPRF-PE,DEL01-PE,UOP01-DEL01-PE
488392.0,2022-11-23,quarta-feira,16:00:00,PE,101,56,PAULISTA,Ingestão de álcool pelo condutor,Colisão traseira,Sem Vítimas,Pleno dia,Decrescente,Céu Claro,Dupla,Reta,Sim,3,0,0,0,3,0,0,3,"-7,9554509","-34,91140727",SPRF-PE,DEL01-PE,UOP02-DEL01-PE
488614.0,2022-11-26,sábado,01:58:00,PE,101,25,ITAPISSUMA,Ausência de reação do condutor,Colisão traseira,Com Vítimas Feridas,Plena Noite,Crescente,Céu Claro,Dupla,Aclive,Não,3,0,1,1,1,0,2,2,"-7,7009082","-34,9229207",SPRF-PE,DEL01-PE,UOP02-DEL01-PE
488715.0,2022-11-23,quarta-feira,00:45:00,PE,423,18,SAO CAITANO,Condutor deixou de manter distância do veículo da frente,Colisão traseira,Com Vítimas Feridas,Plena Noite,Decrescente,Céu Claro,Simples,Reta,Não,2,0,1,0,1,0,1,2,"-8,33033097","-36,14470299",SPRF-PE,DEL03-PE,UOP02-DEL03-PE