id,data_inversa,dia_semana,horario,uf,br,km,municipio,causa_acidente,tipo_acidente,classificacao_acidente,fase_dia,sentido_via,condicao_metereologica,tipo_pista,tracado_via,uso_solo,pessoas,mortos,feridos_leves,feridos_graves,ilesos,ignorados,feridos,veiculos,latitude,longitude,regional,delegacia,uop
491026.0,2022-12-06,terça-feira,00:26:00,PE,423,33,SAO CAITANO,Condutor Dormindo,Colisão traseira,Com Vítimas Feridas,Plena Noite,Decrescente,Garoa/Chuvisco,Simples,Reta,Não,2,0,1,0,0,1,1,2,"-8,44278709","-36,20687784",SPRF-PE,DEL03-PE,UOP02-DEL03-PE
496774.0,2022-12-14,quarta-feira,14:15:00,PE,423,"95,4",GARANHUNS,Condutor deixou de manter distância do veículo da frente,Colisão traseira,Com Vítimas Feridas,Pleno dia,Decrescente,Céu Claro,Simples,Reta,Sim,2,0,1,0,0,1,1,2,"-8,878376","-36,48164",SPRF-PE,DEL03-PE,UOP01-DEL03-PE
405149.0,2022-01-01,sábado,01:30:00,PE,104,63,CARUARU,Condutor desrespeitou a iluminação vermelha do semáforo,Colisão transversal,Com Vítimas Feridas,Plena Noite,Crescente,Céu Claro,Dupla,Interseção de Vias,Sim,4,0,1,1,1,1,2,2,"-8,2698","-35,9803",SPRF-PE,DEL02-PE,UOP01-DEL02-PE
405197.0,2022-01-01,sábado,07:30:00,PE,428,"189,7",PETROLINA,Ingestão de álcool pelo condutor,Colisão com objeto,Com Vítimas Feridas,Pleno dia,Decrescente,Nublado,Múltipla,Reta,Sim,1,0,1,0,0,0,1,1,"-9,37197508","-40,48679585",SPRF-PE,DEL06-PE,UOP01-DEL06-PE
405219.0,2022-01-01,sábado,08:00:00,PE,116,32,SALGUEIRO,Demais falhas mecânicas ou elétricas,Saída de leito carroçável,Com Vítimas Feridas,Pleno dia,Decrescente,Céu Claro,Simples,Curva,Não,1,0,1,0,0,0,1,1,"-8,119822","-39,119732",SPRF-PE,DEL05-PE,UOP01-DEL05-PE
405262.0,2022-01-01,sábado,15:20:00,PE,101,"69,4",RECIFE,Ingestão de álcool pelo condutor,Capotamento,Com Vítimas Feridas,Pleno dia,Decrescente,Céu Claro,Dupla,Viaduto,Sim,1,0,1,0,0,0,1,1,"-8,05951606","-34,94581024",SPRF-PE,DEL01-PE,UOP01-DEL01-PE
405291.0,2022-01-01,sábado,19:50:00,PE,101,"74,5",RECIFE,Ingestão de álcool e/ou substâncias psicoativas pelo pedestre,Atropelamento de Pedestre,Com Vítimas Feridas,Plena Noite,Crescente,Céu Claro,Dupla,Reta,Sim,2,0,1,0,1,0,1,2,"-8,106151","-34,948716",SPRF-PE,DEL01-PE,UOP01-DEL01-PE
405430.0,2022-01-02,domingo,13:00:00,PE,232,528,SALGUEIRO,Acessar a via sem observar a presença dos outros veículos,Colisão transversal,Com Vítimas Fatais,Pleno dia,Crescente,Chuva,Simples,Interseção de Vias,Não,7,2,2,1,2,0,3,2,"-8,07304995","-39,29547601",SPRF-PE,DEL05-PE,UOP01-DEL05-PE
405468.0,2022-01-02,domingo,15:40:00,PE,101,135,RIBEIRAO,Acessar a via sem observar a presença dos outros veículos,Colisão transversal,Com Vítimas Feridas,Pleno dia,Decrescente,Sol,Dupla,Retorno Regulamentado,Não,4,0,2,0,1,1,2,2,"-8,41147616","-35,29599797",SPRF-PE,DEL01-PE,UOP01-DEL01-PE
405525.0,2022-01-02,domingo,18:24:00,PE,232,524,SALGUEIRO,Animais na Pista,Atropelamento de Animal,Com Vítimas Feridas,Plena Noite,Crescente,Nublado,Simples,Reta,Não,1,0,1,0,0,0,1,1,"-8,07189196","-39,28637601",SPRF-PE,DEL05-PE,UOP01-DEL05-PE
405528.0,2022-01-02,domingo,18:30:00,PE,104,"94,8",AGRESTINA,Ingestão de álcool pelo condutor,Colisão transversal,Com Vítimas Feridas,Plena Noite,Decrescente,Céu Claro,Simples,Reta,Não,2,0,0,1,1,0,1,2,"-8,513535","-35,942421",SPRF-PE,DEL02-PE,UOP01-DEL02-PE
405601.0,2022-01-03,segunda-feira,07:10:00,PE,423,"94,7",GARANHUNS,Área urbana sem a presença de local apropriado para a travessia de pedestres,Colisão transversal,Com Vítimas Feridas,Pleno dia,Decrescente,Nublado,Simples,Reta,Sim,3,0,1,0,2,0,1,3,"-8,878553","-36,477247",SPRF-PE,DEL03-PE,UOP01-DEL03-PE
405724.0,2022-01-03,segunda-feira,14:50:00,PE,101,42,IGARASSU,Condutor usando celular,Saída de leito carroçável,Com Vítimas Feridas,Pleno dia,Decrescente,Céu Claro,Múltipla,Declive,Sim,2,0,1,0,1,0,1,1,"-7,84003045","-34,91159155",SPRF-PE,DEL01-PE,UOP02-DEL01-PE
405729.0,2022-01-03,segunda-feira,15:30:00,PE,232,"79,9",GRAVATA,Objeto estático sobre o leito carroçável,Eventos atípicos,Com Vítimas Feridas,Pleno dia,Decrescente,Sol,Simples,Reta,Sim,1,0,0,1,0,0,1,1,"-8,19460572","-35,56074803",SPRF-PE,DEL02-PE,UOP02-DEL02PE
405735.0,2022-01-03,segunda-feira,15:50:00,PE,101,"195,5",PALMARES,Condutor Dormindo,Colisão traseira,Com Vítimas Feridas,Pleno dia,Decrescente,Céu Claro,Dupla,Reta,Não,2,0,2,0,0,0,2,2,"-8,73912213","-35,60879033",SPRF-PE,DEL01-PE,UOP01-DEL01-PE
405783.0,2022-01-03,segunda-feira,18:33:00,PE,232,124,CARUARU,Acessar a via sem observar a presença dos outros veículos,Colisão transversal,Com Vítimas Fatais,Plena Noite,Decrescente,Nublado,Dupla,Reta,Não,2,1,0,0,1,0,0,2,"-8,3061041","-35,93702498",SPRF-PE,DEL02-PE,UOP03-DEL02-PE
405791.0,2022-01-03,segunda-feira,19:15:00,PE,428,"184,5",PETROLINA,Conversão proibida,Colisão frontal,Com Vítimas Feridas,Plena Noite,Crescente,Céu Claro,Simples,Reta,Sim,4,0,0,1,2,1,1,3,"-9,33211208","-40,46621385",SPRF-PE,DEL06-PE,UOP01-DEL06-PE
405831.0,2022-01-04,terça-feira,07:05:00,PE,101,"68,8",RECIFE,Manobra de mudança de faixa,Tombamento,Com Vítimas Feridas,Pleno dia,Decrescente,Chuva,Dupla,Reta,Sim,1,0,1,0,0,0,1,1,"-8,05074296","-34,94580619",SPRF-PE,DEL01-PE,UOP01-DEL01-PE
405840.0,2022-01-04,terça-feira,07:00:00,PE,407,90,PETROLINA,Velocidade Incompatível,Atropelamento de Pedestre,Com Vítimas Fatais,Pleno dia,Decrescente,Céu Claro,Simples,Reta,Não,2,1,0,0,1,0,0,2,"-9,09108986","-40,65584672",SPRF-PE,DEL06-PE,UOP02-DEL06-PE
405931.0,2022-01-04,terça-feira,17:10:00,PE,232,"10,1",JABOATAO DOS GUARARAPES,Pedestre cruzava a pista fora da faixa,Colisão traseira,Com Vítimas Feridas,Anoitecer,Crescente,Céu Claro,Dupla,Reta,Sim,5,0,0,1,4,0,1,2,"-8,07917241","-34,98718609",SPRF-PE,DEL01-PE,UOP01-DEL01-PE
405935.0,2022-01-04,terça-feira,17:00:00,PE,232,"71,4",GRAVATA,Demais falhas mecânicas ou elétricas,Tombamento,Com Vítimas Feridas,Pleno dia,Decrescente,Céu Claro,Dupla,Retorno Regulamentado,Sim,1,0,1,0,0,0,1,1,"-8,186171","-35,499124",SPRF-PE,DEL02-PE,UOP02-DEL02PE
405954.0,2022-01-04,terça-feira,18:45:00,PE,408,"102,9",SAO LOURENCO DA MATA,Acessar a via sem observar a presença dos outros veículos,Colisão transversal,Com Vítimas Feridas,Plena Noite,Decrescente,Céu Claro,Dupla,Reta,Não,3,0,1,1,1,0,2,2,"-8,05323195","-35,00247996",SPRF-PE,DEL01-PE,UOP01-DEL01-PE
405968.0,2022-01-04,terça-feira,17:05:00,PE,232,"504,7",VERDEJANTE,Condutor deixou de manter distância do veículo da frente,Colisão traseira,Sem Vítimas,Pleno dia,Crescente,Céu Claro,Simples,Reta,Não,2,0,0,0,2,0,0,2,"-8,05261085","-39,08587407",SPRF-PE,DEL05-PE,UOP01-DEL05-PE
405989.0,2022-01-04,terça-feira,20:30:00,PE,232,"413,6",SERRA TALHADA,Ausência de reação do condutor,Colisão traseira,Com Vítimas Feridas,Plena Noite,Decrescente,Céu Claro,Simples,Reta,Sim,2,0,0,1,1,0,1,2,"-7,98857087","-38,32972307",SPRF-PE,DEL04-PE,UOP01-DEL04-PE
405996.0,2022-01-04,terça-feira,22:40:00,PE,428,"143,3",PETROLINA,Ingestão de álcool pelo condutor,Tombamento,Com Vítimas Feridas,Plena Noite,Decrescente,Ignorado,Simples,Reta,Não,1,0,1,0,0,0,1,1,"-9,01587908","-40,27936587",SPRF-PE,DEL06-PE,UOP01-DEL06-PE
406003.0,2022-01-05,quarta-feira,05:15:00,PE,101,"83,8",JABOATAO DOS GUARARAPES,Animais na Pista,Colisão traseira,Sem Vítimas,Pleno dia,Crescente,Sol,Dupla,Reta,Sim,4,0,0,0,4,0,0,2,"-8,175172","-34,942642",SPRF-PE,DEL01-PE,UOP01-DEL01-PE
406033.0,2022-01-05,quarta-feira,09:45:00,PE,101,51,ABREU E LIMA,Ultrapassagem Indevida,Colisão lateral mesmo sentido,Com Vítimas Feridas,Pleno dia,Crescente,Céu Claro,Dupla,Reta,Sim,1,0,0,1,0,0,1,1,"-7,92615321","-34,89724701",SPRF-PE,DEL01-PE,UOP02-DEL01-PE
406039.0,2022-01-05,quarta-feira,10:10:00,PE,101,50,ABREU E LIMA,Ausência de reação do condutor,Colisão traseira,Com Vítimas Feridas,Pleno dia,Crescente,Nublado,Dupla,Reta,Sim,2,0,1,0,1,0,1,2,"-7,90938602","-34,90123228",SPRF-PE,DEL01-PE,UOP02-DEL01-PE
406047.0,2022-01-05,quarta-feira,08:30:00,PE,101,79,JABOATAO DOS GUARARAPES,Trafegar com motocicleta (ou similar) entre as faixas,Colisão transversal,Com Vítimas Feridas,Pleno dia,Crescente,Sol,Dupla,Reta,Não,3,0,1,0,2,0,1,2,"-8,14366112","-34,94723453",SPRF-PE,DEL01-PE,UOP01-DEL01-PE
406054.0,2022-01-05,quarta-feira,11:00:00,PE,423,"96,7",GARANHUNS,Acessar a via sem observar a presença dos outros veículos,Colisão transversal,Com Vítimas Feridas,Pleno dia,Crescente,Céu Claro,Simples,Reta,Sim,2,0,0,1,1,0,1,2,"-8,88021822","-36,48651678",SPRF-PE,DEL03-PE,UOP01-DEL03-PE
406069.0,2022-01-05,quarta-feira,12:10:00,PE,232,"140,8",SAO CAITANO,Velocidade Incompatível,Colisão traseira,Sem Vítimas,Pleno dia,Crescente,Chuva,Dupla,Aclive,Não,2,0,0,0,1,1,0,2,"-8,32167728","-36,08468056",SPRF-PE,DEL02-PE,UOP03-DEL02-PE
406114.0,2022-01-05,quarta-feira,16:45:00,PE,101,"14,5",GOIANA,Demais falhas mecânicas ou elétricas,Colisão com objeto,Com Vítimas Feridas,Pleno dia,Crescente,Céu Claro,Dupla,Reta,Não,2,0,1,0,1,0,1,1,"-7,61832786","-34,97100773",SPRF-PE,DEL01-PE,UOP02-DEL01-PE
407176.0,2022-01-06,quinta-feira,23:30:00,PE,428,185,PETROLINA,Reação tardia ou ineficiente do condutor,Atropelamento de Pedestre,Com Vítimas Feridas,Plena Noite,Crescente,Nublado,Simples,Interseção de Vias,Sim,2,0,0,1,1,0,1,2,"-9,34009199","-40,47032001",SPRF-PE,DEL06-PE,UOP01-DEL06-PE
407255.0,2022-01-07,sexta-feira,11:20:00,PE,423,"77,4",JUCATI,Ingestão de álcool pelo condutor,Colisão lateral sentido oposto,Sem Vítimas,Pleno dia,Crescente,Céu Claro,Simples,Reta;Declive                  ,Não,2,0,0,0,1,1,0,2,"-8,74261","-36,431024",SPRF-PE,DEL03-PE,UOP01-DEL03-PE
407291.0,2022-01-07,sexta-feira,15:00:00,PE,104,82,AGRESTINA,Animais na Pista,Atropelamento de Animal,Com Vítimas Feridas,Pleno dia,Crescente,Céu Claro,Simples,Reta,Não,2,0,0,1,0,1,1,2,"-8,414513","-35,967102",SPRF-PE,DEL02-PE,UOP01-DEL02-PE
407341.0,2022-01-07,sexta-feira,19:40:00,PE,232,"302,1",SERTANIA,Condutor Dormindo,Tombamento,Com Vítimas Fatais,Plena Noite,Crescente,Vento,Simples,Reta,Não,2,1,0,0,0,1,0,2,"-8,21293308","-37,42524012",SPRF-PE,DEL03-PE,UOP02-DEL03-PE
407440.0,2022-01-08,sábado,09:30:00,PE,101,"46,6",IGARASSU,Demais falhas mecânicas ou elétricas,Colisão lateral mesmo sentido,Com Vítimas Feridas,Pleno dia,Crescente,Céu Claro,Dupla,Reta,Sim,2,0,1,0,1,0,1,2,"-7,87406004","-34,90588126",SPRF-PE,DEL01-PE,UOP02-DEL01-PE
407450.0,2022-01-08,sábado,09:15:00,PE,232,509,SALGUEIRO,Acessar a via sem observar a presença dos outros veículos,Colisão transversal,Com Vítimas Feridas,Pleno dia,Crescente,Céu Claro,Simples,Reta,Sim,2,0,1,0,1,0,1,2,"-8,06449154","-39,1298447",SPRF-PE,DEL05-PE,UOP01-DEL05-PE
407460.0,2022-01-08,sábado,08:30:00,PE,101,"137,2",RIBEIRAO,Velocidade Incompatível,Saída de leito carroçável,Com Vítimas Feridas,Pleno dia,Decrescente,Nublado,Dupla,Curva,Não,5,0,1,0,4,0,1,1,"-8,41675194","-35,31126636",SPRF-PE,DEL01-PE,UOP01-DEL01-PE
407481.0,2022-01-08,sábado,11:20:00,PE,101,92,CABO DE SANTO AGOSTINHO,Condutor deixou de manter distância do veículo da frente,Colisão transversal,Com Vítimas Feridas,Pleno dia,Decrescente,Céu Claro,Dupla,Reta,Não,6,0,1,0,5,0,1,2,"-8,23201792","-34,99778611",SPRF-PE,DEL01-PE,UOP01-DEL01-PE
407482.0,2022-01-08,sábado,13:40:00,PE,101,51,ABREU E LIMA,Condutor deixou de manter distância do veículo da frente,Colisão traseira,Com Vítimas Feridas,Pleno dia,Decrescente,Céu Claro,Múltipla,Reta,Sim,2,0,1,0,1,0,1,2,"-7,9169968","-34,89689272",SPRF-PE,DEL01-PE,UOP02-DEL01-PE
407485.0,2022-01-08,sábado,12:40:00,PE,232,"7,3",RECIFE,Condutor deixou de manter distância do veículo da frente,Colisão traseira,Com Vítimas Feridas,Pleno dia,Decrescente,Céu Claro,Dupla,Reta,Não,2,0,1,0,1,0,1,2,"-8,07420445","-34,96418774",SPRF-PE,DEL01-PE,UOP01-DEL01-PE
407536.0,2022-01-08,sábado,14:00:00,PE,101,"205,2",XEXEU,Velocidade Incompatível,Saída de leito carroçável,Com Vítimas Fatais,Pleno dia,Decrescente,Nublado,Dupla,Curva,Não,3,1,2,0,0,0,2,1,"-8,81775492","-35,63831806",SPRF-PE,DEL01-PE,UOP01-DEL01-PE
407537.0,2022-01-08,sábado,17:35:00,PE,428,9,CABROBO,Pedestre cruzava a pista fora da faixa,Atropelamento de Pedestre,Com Vítimas Feridas,Anoitecer,Crescente,Céu Claro,Simples,Reta,Sim,2,0,1,1,0,0,2,2,"-8,51196425","-39,29895907",SPRF-PE,DEL05-PE,UOP01-DEL05-PE
407569.0,2022-01-08,sábado,20:00:00,PE,232,94,SAIRE,Transitar na contramão,Colisão frontal,Com Vítimas Feridas,Plena Noite,Decrescente,Nublado,Dupla,Reta,Não,2,0,0,1,1,0,1,2,"-8,22473335","-35,69081624",SPRF-PE,DEL02-PE,UOP02-DEL02PE
407570.0,2022-01-08,sábado,20:40:00,PE,232,94,SAIRE,Ingestão de álcool pelo condutor,Colisão frontal,Sem Vítimas,Plena Noite,Decrescente,Céu Claro,Dupla,Reta,Não,2,0,0,0,2,0,0,2,"-8,22473335","-35,69081624",SPRF-PE,DEL02-PE,UOP02-DEL02PE
407713.0,2022-01-09,domingo,15:35:00,PE,101,"51,5",PAULISTA,Condutor desrespeitou a iluminação vermelha do semáforo,Colisão transversal,Com Vítimas Feridas,Pleno dia,Decrescente,Céu Claro,Múltipla,Retorno Regulamentado,Sim,3,0,1,0,2,0,1,2,"-7,922579","-34,892538",SPRF-PE,DEL01-PE,UOP02-DEL01-PE
407752.0,2022-01-09,domingo,19:50:00,PE,232,"222,5",PESQUEIRA,Manobra de mudança de faixa,Colisão frontal,Com Vítimas Feridas,Plena Noite,Decrescente,Céu Claro,Simples,Reta,Não,2,0,0,1,1,0,1,2,"-8,40265548","-36,80111291",SPRF-PE,DEL03-PE,UOP02-DEL03-PE
407785.0,2022-01-09,domingo,20:40:00,PE,101,"7,6",GOIANA,Animais na Pista,Atropelamento de Animal,Com Vítimas Feridas,Plena Noite,Crescente,Vento,Múltipla,Reta,Sim,1,0,0,1,0,0,1,1,"-7,55997111","-34,99072674",SPRF-PE,DEL01-PE,UOP02-DEL01-PE
407943.0,2022-01-10,segunda-feira,14:00:00,PE,101,69,RECIFE,Acessar a via sem observar a presença dos outros veículos,Colisão lateral mesmo sentido,Com Vítimas Feridas,Pleno dia,Decrescente,Céu Claro,Múltipla,Reta,Sim,3,0,2,0,1,0,2,2,"-8,059777","-34,945628",SPRF-PE,DEL01-PE,UOP01-DEL01-PE
407982.0,2022-01-10,segunda-feira,17:20:00,PE,101,115,IPOJUCA,Ausência de reação do condutor,Capotamento,Com Vítimas Feridas,Anoitecer,Crescente,Chuva,Dupla,Reta,Não,1,0,1,0,0,0,1,1,"-8,33783596","-35,14164006",SPRF-PE,DEL01-PE,UOP01-DEL01-PE
408011.0,2022-01-10,segunda-feira,17:00:00,PE,232,544,TERRA NOVA,Acessar a via sem observar a presença dos outros veículos,Colisão frontal,Com Vítimas Feridas,Pleno dia,Crescente,Céu Claro,Simples,Reta,Não,2,0,1,1,0,0,2,2,"-8,08642327","-39,44040298",SPRF-PE,DEL05-PE,UOP01-DEL05-PE
408029.0,2022-01-10,segunda-feira,21:00:00,PE,232,470,MIRANDIBA,Pedestre andava na pista,Atropelamento de Pedestre,Com Vítimas Fatais,Plena Noite,Crescente,Céu Claro,Simples,Reta,Não,2,1,0,0,1,0,0,2,"-8,01983329","-38,80194613",SPRF-PE,DEL05-PE,UOP01-DEL05-PE
408077.0,2022-01-11,terça-feira,12:25:00,PE,232,"7,7",RECIFE,Condutor deixou de manter distância do veículo da frente,Colisão traseira,Com Vítimas Feridas,Pleno dia,Crescente,Nublado,Múltipla,Interseção de Vias,Não,2,0,1,0,1,0,1,2,"-8,07333497","-34,96184301",SPRF-PE,DEL01-PE,UOP01-DEL01-PE
408149.0,2022-01-11,terça-feira,21:40:00,PE,101,"66,8",RECIFE,Pista em desnível,Queda de ocupante de veículo,Com Vítimas Feridas,Plena Noite,Decrescente,Céu Claro,Múltipla,Reta,Sim,3,0,1,1,1,0,2,2,"-8,03368534","-34,94184125",SPRF-PE,DEL01-PE,UOP01-DEL01-PE
408176.0,2022-01-12,quarta-feira,05:30:00,PE,101,86,JABOATAO DOS GUARARAPES,Pedestre andava na pista,Atropelamento de Pedestre,Com Vítimas Feridas,Amanhecer,Decrescente,Chuva,Dupla,Reta,Não,2,0,0,1,0,1,1,2,"-8,18470013","-34,96816895",SPRF-PE,DEL01-PE,UOP01-DEL01-PE
408252.0,2022-01-12,quarta-feira,14:00:00,PE,104,"72,3",CARUARU,Condutor Dormindo,Saída de leito carroçável,Com Vítimas Feridas,Pleno dia,Decrescente,Céu Claro,Simples,Reta,Não,2,0,2,0,0,0,2,1,"-8,33881093","-35,98116875",SPRF-PE,DEL02-PE,UOP01-DEL02-PE
408258.0,2022-01-12,quarta-feira,17:20:00,PE,101,"70,4",RECIFE,Condutor deixou de manter distância do veículo da frente,Colisão traseira,Com Vítimas Feridas,Anoitecer,Decrescente,Céu Claro,Dupla,Reta,Sim,2,0,0,1,1,0,1,2,"-8,06776119","-34,94265074",SPRF-PE,DEL01-PE,UOP01-DEL01-PE
408267.0,2022-01-12,quarta-feira,15:30:00,PE,232,"240,3",ARCOVERDE,Ingestão de álcool pelo condutor,Colisão traseira,Sem Vítimas,Pleno dia,Decrescente,Nublado,Simples,Declive;Reta                  ,Não,2,0,0,0,2,0,0,2,"-8,41522177","-36,96870111",SPRF-PE,DEL03-PE,UOP02-DEL03-PE
408289.0,2022-01-12,quarta-feira,19:15:00,PE,101,103,CABO DE SANTO AGOSTINHO,Ausência de reação do condutor,Atropelamento de Pedestre,Com Vítimas Feridas,Plena Noite,Decrescente,Garoa/Chuvisco,Simples,Reta,Não,2,0,0,1,1,0,1,2,"-8,294446","-35,053751",SPRF-PE,DEL01-PE,UOP01-DEL01-PE
408305.0,2022-01-12,quarta-feira,23:20:00,PE,408,60,CARPINA,Transitar na contramão,Colisão lateral sentido oposto,Com Vítimas Fatais,Plena Noite,Decrescente,Céu Claro,Simples,Reta,Não,2,1,0,0,1,0,0,2,"-7,814434","-35,244614",SPRF-PE,DEL01-PE,UOP01-DEL01-PE
408344.0,2022-01-01,sábado,11:15:00,PE,101,37,ITAPISSUMA,Acessar a via sem observar a presença dos outros veículos,Colisão lateral mesmo sentido,Com Vítimas Feridas,Pleno dia,Decrescente,Céu Claro,Dupla,Retorno Regulamentado,Não,2,0,0,1,0,1,1,2,"-7,79726705","-34,9274932",SPRF-PE,DEL01-PE,UOP02-DEL01-PE
408387.0,2022-01-13,quinta-feira,11:40:00,PE,408,"72,4",PAUDALHO,Ingestão de álcool pelo condutor,Colisão traseira,Com Vítimas Feridas,Pleno dia,Decrescente,Sol,Dupla,Reta;Aclive                   ,Sim,6,0,4,1,1,0,5,2,"-7,88298505","-35,18197309",SPRF-PE,DEL01-PE,UOP01-DEL01-PE
408507.0,2022-01-14,sexta-feira,06:45:00,PE,101,"71,9",RECIFE,Trafegar com motocicleta (ou similar) entre as faixas,Colisão lateral mesmo sentido,Com Vítimas Feridas,Pleno dia,Decrescente,Nublado,Dupla,Reta,Sim,2,0,1,0,1,0,1,2,"-8,078611","-34,94294",SPRF-PE,DEL01-PE,UOP01-DEL01-PE
408510.0,2022-01-14,sexta-feira,05:40:00,PE,101,"96,5",CABO DE SANTO AGOSTINHO,Acumulo de água sobre o pavimento,Saída de leito carroçável,Com Vítimas Feridas,Pleno dia,Decrescente,Chuva,Dupla,Reta,Sim,1,0,1,0,0,0,1,1,"-8,26309","-35,016674",SPRF-PE,DEL01-PE,UOP01-DEL01-PE
408556.0,2022-01-14,sexta-feira,11:15:00,PE,232,509,SALGUEIRO,Conversão proibida,Colisão transversal,Com Vítimas Feridas,Pleno dia,Decrescente,Céu Claro,Simples,Curva,Sim,2,0,1,0,0,1,1,2,"-8,06449154","-39,1298447",SPRF-PE,DEL05-PE,UOP01-DEL05-PE
408688.0,2022-01-14,sexta-feira,23:00:00,PE,101,188,PALMARES,Velocidade Incompatível,Capotamento,Sem Vítimas,Plena Noite,Decrescente,Céu Claro,Dupla,Curva,Sim,1,0,0,0,0,1,0,1,"-8,6909807","-35,5954771",SPRF-PE,DEL01-PE,UOP01-DEL01-PE
408755.0,2022-01-15,sábado,01:10:00,PE,408,"100,5",SAO LOURENCO DA MATA,Ingestão de álcool pelo condutor,Colisão com objeto,Com Vítimas Feridas,Plena Noite,Crescente,Ignorado,Dupla,Viaduto,Sim,1,0,1,0,0,0,1,1,"-8,045984","-35,010049",SPRF-PE,DEL01-PE,UOP01-DEL01-PE
408771.0,2022-01-15,sábado,10:10:00,PE,232,"256,9",ARCOVERDE,Transitar na contramão,Colisão lateral sentido oposto,Com Vítimas Feridas,Pleno dia,Crescente,Sol,Simples,Reta,Sim,2,0,0,1,1,0,1,2,"-8,40988226","-37,09335003",SPRF-PE,DEL03-PE,UOP02-DEL03-PE
408774.0,2022-01-15,sábado,06:07:00,PE,424,"8,3",ARCOVERDE,Ausência de reação do condutor,Saída de leito carroçável,Sem Vítimas,Amanhecer,Crescente,Céu Claro,Simples,Reta,Não,1,0,0,0,1,0,0,1,"-8,49209998","-37,02686998",SPRF-PE,DEL03-PE,UOP02-DEL03-PE
408792.0,2022-01-15,sábado,12:35:00,PE,101,"70,5",RECIFE,Condutor deixou de manter distância do veículo da frente,Colisão traseira,Com Vítimas Feridas,Pleno dia,Decrescente,Nublado,Dupla,Reta,Sim,2,0,1,0,1,0,1,2,"-8,072087","-34,942462",SPRF-PE,DEL01-PE,UOP01-DEL01-PE
408815.0,2022-01-15,sábado,15:30:00,PE,104,"77,9",CARUARU,Velocidade Incompatível,Saída de leito carroçável,Com Vítimas Feridas,Pleno dia,Crescente,Céu Claro,Simples,Aclive;Curva                  ,Não,1,0,0,1,0,0,1,1,"-8,3856","-35,9819",SPRF-PE,DEL02-PE,UOP01-DEL02-PE
408920.0,2022-01-16,domingo,01:30:00,PE,232,"297,7",SERTANIA,Animais na Pista,Atropelamento de Animal,Com Vítimas Fatais,Plena Noite,Crescente,Céu Claro,Simples,Reta,Não,2,1,1,0,0,0,1,1,"-8,25029924","-37,39955734",SPRF-PE,DEL03-PE,UOP02-DEL03-PE
408921.0,2022-01-16,domingo,03:47:00,PE,232,197,SANHARO,Condutor Dormindo,Colisão frontal,Com Vítimas Fatais,Plena Noite,Decrescente,Céu Claro,Simples,Reta,Sim,3,2,0,0,1,0,0,2,"-8,36891793","-36,580362",SPRF-PE,DEL02-PE,UOP03-DEL02-PE
408962.0,2022-01-16,domingo,07:30:00,PE,424,"89,1",GARANHUNS,Ingestão de álcool pelo condutor,Saída de leito carroçável,Sem Vítimas,Pleno dia,Decrescente,Céu Claro,Simples,Curva,Sim,1,0,0,0,0,1,0,1,"-8,89138375","-36,50571483",SPRF-PE,DEL03-PE,UOP01-DEL03-PE
408964.0,2022-01-16,domingo,08:10:00,PE,101,"55,6",RECIFE,Entrada inopinada do pedestre,Atropelamento de Pedestre,Com Vítimas Feridas,Pleno dia,Decrescente,Céu Claro,Dupla,Reta,Sim,2,0,1,0,0,1,1,2,"-7,94806621","-34,9062148",SPRF-PE,DEL01-PE,UOP02-DEL01-PE
408995.0,2022-01-16,domingo,13:30:00,PE,101,"53,8",PAULISTA,Ingestão de álcool e/ou substâncias psicoativas pelo pedestre,Colisão com objeto,Com Vítimas Fatais,Pleno dia,Decrescente,Sol,Múltipla,Reta,Sim,6,1,3,0,0,2,3,1,"-7,93124094","-34,90068606",SPRF-PE,DEL01-PE,UOP02-DEL01-PE
409052.0,2022-01-16,domingo,16:05:00,PE,423,101,GARANHUNS,Acessar a via sem observar a presença dos outros veículos,Colisão lateral mesmo sentido,Com Vítimas Feridas,Pleno dia,Decrescente,Céu Claro,Simples,Reta,Não,4,0,0,1,3,0,1,2,"-8,874693","-36,529876",SPRF-PE,DEL03-PE,UOP01-DEL03-PE
409202.0,2022-01-16,domingo,18:20:00,PE,101,80,JABOATAO DOS GUARARAPES,Ingestão de álcool pelo condutor,Colisão lateral mesmo sentido,Sem Vítimas,Plena Noite,Decrescente,Céu Claro,Múltipla,Aclive;Reta                   ,Sim,2,0,0,0,2,0,0,2,"-8,15404572","-34,94180739",SPRF-PE,DEL01-PE,UOP01-DEL01-PE
409301.0,2022-01-16,domingo,21:00:00,PE,407,"125,7",PETROLINA,Reação tardia ou ineficiente do condutor,Atropelamento de Pedestre,Com Vítimas Feridas,Plena Noite,Crescente,Céu Claro,Dupla,Reta,Sim,2,0,0,1,0,1,1,2,"-9,37739336","-40,53595733",SPRF-PE,DEL06-PE,UOP01-DEL06-PE
409344.0,2022-01-16,domingo,21:30:00,PE,232,83,GRAVATA,Velocidade Incompatível,Queda de ocupante de veículo,Com Vítimas Fatais,Plena Noite,Crescente,Nublado,Simples,Declive,Sim,2,1,0,1,0,0,1,1,"-8,2024868","-35,59542005",SPRF-PE,DEL02-PE,UOP02-DEL02PE