id,data_inversa,dia_semana,horario,uf,br,km,municipio,causa_acidente,tipo_acidente,classificacao_acidente,fase_dia,sentido_via,condicao_metereologica,tipo_pista,tracado_via,uso_solo,pessoas,mortos,feridos_leves,feridos_graves,ilesos,ignorados,feridos,veiculos,latitude,longitude,regional,delegacia,uop
415991.0,2022-02-20,domingo,03:20:00,PE,428,"146,4",PETROLINA,Manobra de mudança de faixa,Colisão frontal,Com Vítimas Fatais,Plena Noite,Crescente,Chuva,Simples,Reta,Não,2,1,0,1,0,0,1,2,"-9,04255811","-40,29488199",SPRF-PE,DEL06-PE,UOP01-DEL06-PE
416052.0,2022-02-20,domingo,11:30:00,PE,104,64,CARUARU,Acessar a via sem observar a presença dos outros veículos,Colisão lateral mesmo sentido,Sem Vítimas,Pleno dia,Decrescente,Céu Claro,Simples,Reta,Sim,2,0,0,0,2,0,0,2,"-8,2783","-35,9815",SPRF-PE,DEL02-PE,UOP01-DEL02-PE
416088.0,2022-02-20,domingo,16:10:00,PE,428,"184,5",PETROLINA,Acessar a via sem observar a presença dos outros veículos,Colisão transversal,Com Vítimas Feridas,Pleno dia,Crescente,Céu Claro,Simples,Reta;Interseção de Vias       ,Sim,2,0,1,0,1,0,1,2,"-9,33211208","-40,46621385",SPRF-PE,DEL06-PE,UOP01-DEL06-PE
416100.0,2022-02-20,domingo,09:35:00,PE,232,"412,8",SERRA TALHADA,Reação tardia ou ineficiente do condutor,Colisão lateral mesmo sentido,Com Vítimas Feridas,Pleno dia,Crescente,Nublado,Simples,Reta,Sim,2,0,1,0,1,0,1,2,"-7,98377927","-38,3208774",SPRF-PE,DEL04-PE,UOP01-DEL04-PE
416124.0,2022-02-20,domingo,19:10:00,PE,232,"10,8",JABOATAO DOS GUARARAPES,Ausência de reação do condutor,Engavetamento,Com Vítimas Feridas,Plena Noite,Decrescente,Nublado,Dupla,Reta;Declive                  ,Sim,5,0,2,0,3,0,2,3,"-8,081645","-34,994715",SPRF-PE,DEL01-PE,UOP01-DEL01-PE
416128.0,2022-02-20,domingo,18:30:00,PE,316,71,OURICURI,Ingestão de álcool pelo condutor,Colisão traseira,Com Vítimas Feridas,Plena Noite,Decrescente,Céu Claro,Simples,Viaduto,Não,2,0,0,1,0,1,1,2,"-7,812196","-40,172565",SPRF-PE,DEL05-PE,UOP02-DEL05-PE
416179.0,2022-02-20,domingo,22:10:00,PE,101,"103,2",CABO DE SANTO AGOSTINHO,Acessar a via sem observar a presença dos outros veículos,Colisão transversal,Sem Vítimas,Plena Noite,Decrescente,Nublado,Múltipla,Interseção de Vias,Sim,3,0,0,0,1,2,0,2,"-8,29241321","-35,05598304",SPRF-PE,DEL01-PE,UOP01-DEL01-PE
416190.0,2022-02-20,domingo,23:20:00,PE,316,44,ARARIPINA,Animais na Pista,Atropelamento de Animal,Com Vítimas Feridas,Plena Noite,Crescente,Céu Claro,Simples,Reta,Não,4,0,2,2,0,0,4,1,"-7,68455688","-40,3628659",SPRF-PE,DEL05-PE,UOP02-DEL05-PE
416216.0,2022-02-21,segunda-feira,04:10:00,PE,101,48,ABREU E LIMA,Condutor Dormindo,Saída de leito carroçável,Com Vítimas Feridas,Amanhecer,Decrescente,Chuva,Múltipla,Reta,Sim,2,0,2,0,0,0,2,1,"-7,89174705","-34,9033493",SPRF-PE,DEL01-PE,UOP02-DEL01-PE
416217.0,2022-02-21,segunda-feira,04:05:00,PE,104,"65,4",CARUARU,Ingestão de álcool pelo condutor,Colisão com objeto,Com Vítimas Feridas,Plena Noite,Crescente,Céu Claro,Dupla,Curva,Sim,1,0,0,1,0,0,1,1,"-8,28226918","-35,98149061",SPRF-PE,DEL02-PE,UOP01-DEL02-PE
416285.0,2022-02-21,segunda-feira,07:00:00,PE,101,69,RECIFE,Reação tardia ou ineficiente do condutor,Colisão traseira,Com Vítimas Feridas,Pleno dia,Crescente,Céu Claro,Dupla,Reta,Sim,4,0,2,0,1,1,2,4,"-8,06728591","-34,9418769",SPRF-PE,DEL01-PE,UOP01-DEL01-PE
416360.0,2022-02-21,segunda-feira,18:22:00,PE,101,18,CABO DE SANTO AGOSTINHO,Acessar a via sem observar a presença dos outros veículos,Colisão transversal,Com Vítimas Feridas,Plena Noite,Decrescente,Céu Claro,Simples,Interseção de Vias,Sim,2,0,1,0,1,0,1,2,"-8,294212","-35,056331",SPRF-PE,DEL01-PE,UOP01-DEL01-PE
416373.0,2022-02-21,segunda-feira,15:00:00,PE,232,"63,9",POMBOS,Manobra de mudança de faixa,Colisão lateral mesmo sentido,Sem Vítimas,Pleno dia,Decrescente,Céu Claro,Dupla,Declive,Não,2,0,0,0,1,1,0,2,"-8,16454496","-35,44785302",SPRF-PE,DEL02-PE,UOP02-DEL02PE
416380.0,2022-02-21,segunda-feira,18:49:00,PE,232,"12,5",JABOATAO DOS GUARARAPES,Condutor deixou de manter distância do veículo da frente,Colisão traseira,Com Vítimas Feridas,Plena Noite,Decrescente,Céu Claro,Dupla,Reta,Não,2,0,2,0,0,0,2,2,"-8,086209","-35,003795",SPRF-PE,DEL01-PE,UOP01-DEL01-PE
416426.0,2022-02-22,terça-feira,06:00:00,PE,428,2,CABROBO,Mal súbito do condutor,Saída de leito carroçável,Com Vítimas Fatais,Pleno dia,Decrescente,Céu Claro,Simples,Reta,Não,1,1,0,0,0,0,0,1,"-8,539874","-39,242958",SPRF-PE,DEL05-PE,UOP01-DEL05-PE
416488.0,2022-02-22,terça-feira,14:20:00,PE,101,76,RECIFE,Velocidade Incompatível,Colisão traseira,Com Vítimas Feridas,Pleno dia,Decrescente,Céu Claro,Dupla,Reta,Sim,2,0,1,0,1,0,1,2,"-8,11813811","-34,94329214",SPRF-PE,DEL01-PE,UOP01-DEL01-PE
416532.0,2022-02-22,terça-feira,18:15:00,PE,101,"65,4",RECIFE,Manobra de mudança de faixa,Colisão lateral mesmo sentido,Com Vítimas Feridas,Plena Noite,Crescente,Céu Claro,Dupla,Reta,Sim,2,0,1,0,0,1,1,2,"-8,02478597","-34,94276635",SPRF-PE,DEL01-PE,UOP01-DEL01-PE
416565.0,2022-02-22,terça-feira,23:25:00,PE,101,"75,9",RECIFE,Ingestão de álcool pelo condutor,Colisão com objeto,Sem Vítimas,Plena Noite,Crescente,Céu Claro,Dupla,Reta,Sim,1,0,0,0,1,0,0,1,"-8,119279","-34,943134",SPRF-PE,DEL01-PE,UOP01-DEL01-PE
416568.0,2022-02-22,terça-feira,22:55:00,PE,428,181,PETROLINA,Reação tardia ou ineficiente do condutor,Colisão traseira,Sem Vítimas,Plena Noite,Decrescente,Céu Claro,Simples,Reta,Não,4,0,0,0,4,0,0,2,"-9,32233574","-40,46118736",SPRF-PE,DEL06-PE,UOP01-DEL06-PE
416614.0,2022-02-23,quarta-feira,09:00:00,PE,101,"100,7",CABO DE SANTO AGOSTINHO,Acessar a via sem observar a presença dos outros veículos,Colisão transversal,Com Vítimas Feridas,Pleno dia,Decrescente,Nublado,Simples,Reta,Sim,2,0,1,0,1,0,1,2,"-8,26699309","-35,05234386",SPRF-PE,DEL01-PE,UOP01-DEL01-PE
416754.0,2022-02-24,quinta-feira,03:50:00,PE,428,188,PETROLINA,Condutor Dormindo,Capotamento,Com Vítimas Feridas,Plena Noite,Decrescente,Céu Claro,Múltipla,Curva,Sim,1,0,1,0,0,0,1,1,"-9,36400596","-40,48266808",SPRF-PE,DEL06-PE,UOP01-DEL06-PE
417047.0,2022-02-20,domingo,15:44:00,PE,232,"131,8",CARUARU,Ingestão de álcool pelo condutor,Colisão com objeto,Com Vítimas Feridas,Pleno dia,Crescente,Céu Claro,Simples,Reta,Sim,1,0,0,1,0,0,1,1,"-8,303434","-36,007097",SPRF-PE,DEL02-PE,UOP03-DEL02-PE
417048.0,2022-02-25,sexta-feira,08:00:00,PE,232,139,CARUARU,Avarias e/ou desgaste excessivo no pneu,Tombamento,Com Vítimas Feridas,Pleno dia,Decrescente,Céu Claro,Dupla,Reta,Não,2,0,2,0,0,0,2,1,"-8,31947086","-36,06799801",SPRF-PE,DEL02-PE,UOP03-DEL02-PE
417123.0,2022-02-25,sexta-feira,14:40:00,PE,101,51,ABREU E LIMA,Afundamento ou ondulação no pavimento,Tombamento,Com Vítimas Feridas,Pleno dia,Decrescente,Sol,Múltipla,Reta,Sim,3,0,2,0,1,0,2,2,"-7,9169968","-34,89689272",SPRF-PE,DEL01-PE,UOP02-DEL01-PE
417189.0,2022-02-25,sexta-feira,19:15:00,PE,101,"60,4",RECIFE,Reação tardia ou ineficiente do condutor,Tombamento,Com Vítimas Feridas,Plena Noite,Decrescente,Céu Claro,Dupla,Reta,Sim,1,0,1,0,0,0,1,1,"-7,98344307","-34,93176727",SPRF-PE,DEL01-PE,UOP02-DEL01-PE
417214.0,2022-02-25,sexta-feira,19:00:00,PE,101,70,RECIFE,Pedestre cruzava a pista fora da faixa,Atropelamento de Pedestre,Com Vítimas Fatais,Plena Noite,Crescente,Nublado,Dupla,Reta,Sim,2,1,0,1,0,0,1,2,"-8,069935","-34,939902",SPRF-PE,DEL01-PE,UOP01-DEL01-PE
417219.0,2022-02-25,sexta-feira,20:15:00,PE,101,"45,6",IGARASSU,Participar de racha,Colisão traseira,Com Vítimas Feridas,Plena Noite,Crescente,Vento,Múltipla,Reta;Aclive                   ,Sim,2,0,1,0,0,1,1,2,"-7,86521297","-34,90715176",SPRF-PE,DEL01-PE,UOP02-DEL01-PE
417242.0,2022-02-25,sexta-feira,23:30:00,PE,407,128,PETROLINA,Desrespeitar a preferência no cruzamento,Colisão transversal,Com Vítimas Feridas,Plena Noite,Crescente,Céu Claro,Dupla,Interseção de Vias,Sim,1,0,1,0,0,0,1,1,"-9,39387565","-40,51133888",SPRF-PE,DEL06-PE,UOP01-DEL06-PE
417248.0,2022-02-25,sexta-feira,22:30:00,PE,101,86,JABOATAO DOS GUARARAPES,Acessar a via sem observar a presença dos outros veículos,Colisão transversal,Com Vítimas Feridas,Plena Noite,Crescente,Nublado,Simples,Reta,Sim,2,0,1,0,1,0,1,2,"-8,205027","-34,961556",SPRF-PE,DEL01-PE,UOP01-DEL01-PE
417250.0,2022-02-25,sexta-feira,23:00:00,PE,101,84,JABOATAO DOS GUARARAPES,Estacionar ou parar em local proibido,Colisão traseira,Sem Vítimas,Plena Noite,Crescente,Céu Claro,Dupla,Reta,Não,3,0,0,0,3,0,0,3,"-8,17778559","-34,95087297",SPRF-PE,DEL01-PE,UOP01-DEL01-PE
417309.0,2022-02-25,sexta-feira,23:10:00,PE,407,128,PETROLINA,Desrespeitar a preferência no cruzamento,Tombamento,Sem Vítimas,Plena Noite,Crescente,Céu Claro,Dupla,Declive,Sim,1,0,0,0,1,0,0,1,"-9,39387565","-40,51133888",SPRF-PE,DEL06-PE,UOP01-DEL06-PE
417349.0,2022-02-26,sábado,10:55:00,PE,408,"95,3",SAO LOURENCO DA MATA,Acessar a via sem observar a presença dos outros veículos,Atropelamento de Pedestre,Com Vítimas Feridas,Pleno dia,Decrescente,Céu Claro,Dupla,Declive,Não,2,0,1,0,1,0,1,2,"-8,01186091","-35,04237616",SPRF-PE,DEL01-PE,UOP01-DEL01-PE
417373.0,2022-02-26,sábado,12:50:00,PE,101,5,CABO DE SANTO AGOSTINHO,Pedestre cruzava a pista fora da faixa,Atropelamento de Pedestre,Com Vítimas Fatais,Pleno dia,Decrescente,Chuva,Simples,Reta,Sim,2,1,0,0,1,0,0,2,"-8,214314","-34,964124",SPRF-PE,DEL01-PE,UOP02-DEL01-PE
417400.0,2022-02-26,sábado,15:10:00,PE,232,42,VITORIA DE SANTO ANTAO,Ausência de reação do condutor,Capotamento,Com Vítimas Feridas,Pleno dia,Decrescente,Céu Claro,Dupla,Interseção de Vias,Sim,1,0,1,0,0,0,1,1,"-8,11528219","-35,25204496",SPRF-PE,DEL01-PE,UOP01-DEL01-PE
417450.0,2022-02-26,sábado,20:30:00,PE,101,64,RECIFE,Ingestão de álcool pelo condutor,Colisão com objeto,Com Vítimas Feridas,Plena Noite,Crescente,Nublado,Dupla,Reta,Sim,1,0,0,1,0,0,1,1,"-8,0162921","-34,94045886",SPRF-PE,DEL01-PE,UOP01-DEL01-PE
417452.0,2022-02-26,sábado,20:20:00,PE,101,"63,9",RECIFE,Reação tardia ou ineficiente do condutor,Colisão lateral mesmo sentido,Com Vítimas Feridas,Plena Noite,Crescente,Céu Claro,Dupla,Viaduto,Sim,3,0,3,0,0,0,3,2,"-8,016629","-34,940898",SPRF-PE,DEL01-PE,UOP01-DEL01-PE
417497.0,2022-02-26,sábado,22:00:00,PE,101,7,GOIANA,Condutor Dormindo,Saída de leito carroçável,Com Vítimas Feridas,Plena Noite,Decrescente,Céu Claro,Dupla,Curva,Não,2,0,1,1,0,0,2,1,"-7,55997111","-34,99072674",SPRF-PE,DEL01-PE,UOP02-DEL01-PE
417573.0,2022-02-27,domingo,05:00:00,PE,423,"117,7",PARANATAMA,Ausência de sinalização,Saída de leito carroçável,Com Vítimas Feridas,Pleno dia,Decrescente,Céu Claro,Simples,Reta,Não,1,0,1,0,0,0,1,1,"-8,90662085","-36,66901104",SPRF-PE,DEL03-PE,UOP01-DEL03-PE
417583.0,2022-02-27,domingo,06:45:00,PE,232,26,MORENO,Ausência de reação do condutor,Saída de leito carroçável,Sem Vítimas,Pleno dia,Decrescente,Nublado,Dupla,Reta,Não,1,0,0,0,0,1,0,1,"-8,11361508","-35,11226177",SPRF-PE,DEL01-PE,UOP01-DEL01-PE
417604.0,2022-02-27,domingo,11:40:00,PE,424,"87,6",GARANHUNS,Acessar a via sem observar a presença dos outros veículos,Colisão transversal,Com Vítimas Feridas,Pleno dia,Crescente,Céu Claro,Simples,Curva,Sim,5,0,3,0,2,0,3,2,"-8,879656","-36,507005",SPRF-PE,DEL03-PE,UOP01-DEL03-PE
417629.0,2022-02-27,domingo,15:20:00,PE,232,"413,3",SERRA TALHADA,Acessar a via sem observar a presença dos outros veículos,Colisão transversal,Com Vítimas Feridas,Pleno dia,Crescente,Céu Claro,Simples,Reta,Sim,5,0,1,0,4,0,1,2,"-7,98857087","-38,32972307",SPRF-PE,DEL04-PE,UOP01-DEL04-PE
417649.0,2022-02-27,domingo,17:50:00,PE,232,414,SERRA TALHADA,Condutor deixou de manter distância do veículo da frente,Colisão traseira,Com Vítimas Feridas,Plena Noite,Crescente,Céu Claro,Simples,Reta,Sim,2,0,2,0,0,0,2,1,"-7,98834762","-38,32700729",SPRF-PE,DEL04-PE,UOP01-DEL04-PE
417665.0,2022-02-27,domingo,18:00:00,PE,104,65,CARUARU,Ingestão de álcool pelo condutor,Queda de ocupante de veículo,Com Vítimas Feridas,Plena Noite,Crescente,Céu Claro,Simples,Interseção de Vias,Sim,1,0,1,0,0,0,1,1,"-8,2867","-35,9838",SPRF-PE,DEL02-PE,UOP01-DEL02-PE
417694.0,2022-02-27,domingo,20:40:00,PE,232,134,CARUARU,Ausência de reação do condutor,Queda de ocupante de veículo,Com Vítimas Feridas,Plena Noite,Decrescente,Nublado,Dupla,Reta,Sim,2,0,2,0,0,0,2,1,"-8,30853497","-36,02442101",SPRF-PE,DEL02-PE,UOP03-DEL02-PE
417744.0,2022-02-28,segunda-feira,00:05:00,PE,232,47,VITORIA DE SANTO ANTAO,Animais na Pista,Atropelamento de Animal,Com Vítimas Feridas,Plena Noite,Crescente,Nublado,Múltipla,Reta,Não,3,0,2,0,1,0,2,3,"-8,13769724","-35,29733789",SPRF-PE,DEL01-PE,UOP01-DEL01-PE
417862.0,2022-02-28,segunda-feira,17:35:00,PE,101,"57,8",PAULISTA,Trafegar com motocicleta (ou similar) entre as faixas,Colisão traseira,Com Vítimas Feridas,Plena Noite,Decrescente,Céu Claro,Dupla,Reta,Não,2,0,1,0,1,0,1,2,"-7,96346213","-34,91513486",SPRF-PE,DEL01-PE,UOP02-DEL01-PE
417939.0,2022-03-01,terça-feira,04:15:00,PE,232,68,GRAVATA,Reação tardia ou ineficiente do condutor,Saída de leito carroçável,Com Vítimas Feridas,Plena Noite,Decrescente,Céu Claro,Simples,Curva,Não,5,0,1,0,4,0,1,1,"-8,17708379","-35,48060417",SPRF-PE,DEL02-PE,UOP02-DEL02PE
417977.0,2022-03-01,terça-feira,09:40:00,PE,423,60,LAJEDO,Acessar a via sem observar a presença dos outros veículos,Colisão transversal,Com Vítimas Feridas,Pleno dia,Decrescente,Céu Claro,Simples,Reta,Não,2,0,1,0,1,0,1,2,"-8,65394006","-36,32109791",SPRF-PE,DEL03-PE,UOP01-DEL03-PE
418000.0,2022-03-01,terça-feira,13:50:00,PE,101,"128,1",ESCADA,Condutor deixou de manter distância do veículo da frente,Colisão traseira,Com Vítimas Feridas,Pleno dia,Decrescente,Nublado,Dupla,Reta,Sim,2,0,1,0,0,1,1,2,"-8,37986492","-35,24406405",SPRF-PE,DEL01-PE,UOP01-DEL01-PE
418007.0,2022-03-01,terça-feira,16:00:00,PE,408,62,CARPINA,Ausência de reação do condutor,Colisão traseira,Com Vítimas Feridas,Pleno dia,Crescente,Céu Claro,Simples,Reta,Não,2,0,1,0,1,0,1,2,"-7,83198297","-35,24473969",SPRF-PE,DEL01-PE,UOP01-DEL01-PE
418050.0,2022-03-01,terça-feira,18:53:00,PE,101,"47,8",ABREU E LIMA,Condutor deixou de manter distância do veículo da frente,Colisão traseira,Sem Vítimas,Plena Noite,Crescente,Céu Claro,Múltipla,Reta,Sim,3,0,0,0,2,1,0,3,"-7,88290701","-34,90461208",SPRF-PE,DEL01-PE,UOP02-DEL01-PE
418068.0,2022-03-01,terça-feira,20:00:00,PE,116,"27,3",SALGUEIRO,Ausência de reação do condutor,Queda de ocupante de veículo,Com Vítimas Feridas,Plena Noite,Crescente,Céu Claro,Simples,Reta,Sim,1,0,1,0,0,0,1,1,"-8,078546","-39,130867",SPRF-PE,DEL05-PE,UOP01-DEL05-PE
418082.0,2022-03-01,terça-feira,22:00:00,PE,232,136,CARUARU,Demais falhas na via,Tombamento,Com Vítimas Feridas,Plena Noite,Crescente,Céu Claro,Dupla,Em Obras,Não,1,0,1,0,0,0,1,1,"-8,31339932","-36,04175591",SPRF-PE,DEL02-PE,UOP03-DEL02-PE
418145.0,2022-03-02,quarta-feira,11:10:00,PE,101,"43,5",IGARASSU,Condutor deixou de manter distância do veículo da frente,Colisão lateral mesmo sentido,Com Vítimas Feridas,Pleno dia,Decrescente,Céu Claro,Múltipla,Reta,Sim,2,0,1,0,1,0,1,2,"-7,84753808","-34,90977038",SPRF-PE,DEL01-PE,UOP02-DEL01-PE
418170.0,2022-03-02,quarta-feira,15:00:00,PE,101,54,PAULISTA,Demais falhas mecânicas ou elétricas,Colisão traseira,Com Vítimas Feridas,Pleno dia,Crescente,Céu Claro,Simples,Reta,Não,2,0,1,0,1,0,1,2,"-7,93961103","-34,90356584",SPRF-PE,DEL01-PE,UOP02-DEL01-PE
418195.0,2022-03-02,quarta-feira,17:20:00,PE,423,73,JUPI,Ingestão de álcool pelo condutor,Queda de ocupante de veículo,Com Vítimas Feridas,Pleno dia,Decrescente,Céu Claro,Simples,Declive,Não,2,0,1,0,0,1,1,1,"-8,709851","-36,41926432",SPRF-PE,DEL03-PE,UOP01-DEL03-PE
418212.0,2022-03-02,quarta-feira,18:30:00,PE,101,41,IGARASSU,Condutor deixou de manter distância do veículo da frente,Colisão traseira,Com Vítimas Feridas,Plena Noite,Crescente,Nublado,Dupla,Reta,Sim,2,0,1,0,1,0,1,2,"-7,83038346","-34,91426785",SPRF-PE,DEL01-PE,UOP02-DEL01-PE
418221.0,2022-03-02,quarta-feira,19:20:00,PE,104,"41,9",CARUARU,Demais falhas mecânicas ou elétricas,Incêndio,Sem Vítimas,Plena Noite,Decrescente,Céu Claro,Dupla,Curva,Não,1,0,0,0,1,0,0,1,"-8,1007","-36,0284",SPRF-PE,DEL02-PE,UOP01-DEL02-PE
418236.0,2022-03-02,quarta-feira,20:55:00,PE,423,"73,9",JUPI,Ausência de reação do condutor,Queda de ocupante de veículo,Com Vítimas Feridas,Plena Noite,Crescente,Céu Claro,Simples,Reta,Sim,1,0,0,1,0,0,1,1,"-8,709851","-36,41926432",SPRF-PE,DEL03-PE,UOP01-DEL03-PE
418291.0,2022-03-03,quinta-feira,07:00:00,PE,101,"45,3",IGARASSU,Reação tardia ou ineficiente do condutor,Colisão frontal,Com Vítimas Fatais,Amanhecer,Crescente,Céu Claro,Múltipla,Reta,Sim,2,1,0,0,1,0,0,2,"-7,866912","-34,907078",SPRF-PE,DEL01-PE,UOP02-DEL01-PE
418315.0,2022-03-03,quinta-feira,07:20:00,PE,101,"47,5",ABREU E LIMA,Condutor deixou de manter distância do veículo da frente,Colisão traseira,Sem Vítimas,Pleno dia,Crescente,Céu Claro,Múltipla,Reta,Sim,2,0,0,0,2,0,0,2,"-7,88290701","-34,90461208",SPRF-PE,DEL01-PE,UOP02-DEL01-PE
418323.0,2022-03-03,quinta-feira,10:30:00,PE,101,51,ABREU E LIMA,Reação tardia ou ineficiente do condutor,Colisão traseira,Com Vítimas Feridas,Pleno dia,Crescente,Sol,Múltipla,Reta,Sim,2,0,0,1,1,0,1,2,"-7,9169968","-34,89689272",SPRF-PE,DEL01-PE,UOP02-DEL01-PE
418368.0,2022-03-03,quinta-feira,14:15:00,PE,408,100,RECIFE,Demais falhas mecânicas ou elétricas,Saída de leito carroçável,Com Vítimas Feridas,Pleno dia,Crescente,Sol,Dupla,Reta,Sim,2,0,2,0,0,0,2,1,"-8,04364056","-35,01674995",SPRF-PE,DEL01-PE,UOP01-DEL01-PE
418485.0,2022-03-04,sexta-feira,00:15:00,PE,424,113,GARANHUNS,Neblina,Atropelamento de Animal,Sem Vítimas,Plena Noite,Crescente,Céu Claro,Simples,Reta,Não,1,0,0,0,1,0,0,1,"-9,024019","-36,452339",SPRF-PE,DEL03-PE,UOP01-DEL03-PE
418510.0,2022-03-04,sexta-feira,07:00:00,PE,101,44,IGARASSU,Pedestre andava na pista,Atropelamento de Pedestre,Sem Vítimas,Amanhecer,Decrescente,Sol,Múltipla,Reta,Sim,2,0,0,0,1,1,0,2,"-7,85637001","-34,90842109",SPRF-PE,DEL01-PE,UOP02-DEL01-PE
418542.0,2022-03-04,sexta-feira,10:38:00,PE,101,"58,2",RECIFE,Ausência de reação do condutor,Tombamento,Com Vítimas Feridas,Pleno dia,Decrescente,Céu Claro,Simples,Aclive;Curva                  ,Sim,1,0,1,0,0,0,1,1,"-7,97063209","-34,92064675",SPRF-PE,DEL01-PE,UOP02-DEL01-PE
418581.0,2022-03-04,sexta-feira,14:30:00,PE,101,71,RECIFE,Transitar no acostamento,Tombamento,Com Vítimas Feridas,Pleno dia,Decrescente,Nublado,Dupla,Reta,Sim,1,0,1,0,0,0,1,1,"-8,07663102","-34,94277871",SPRF-PE,DEL01-PE,UOP01-DEL01-PE
418622.0,2022-03-04,sexta-feira,19:00:00,PE,101,"69,7",RECIFE,Condutor deixou de manter distância do veículo da frente,Colisão traseira,Com Vítimas Feridas,Plena Noite,Crescente,Chuva,Múltipla,Reta,Não,3,0,0,1,1,1,1,3,"-8,05951606","-34,94581024",SPRF-PE,DEL01-PE,UOP01-DEL01-PE
418667.0,2022-03-04,sexta-feira,22:40:00,PE,101,"72,3",RECIFE,Ausência de reação do condutor,Colisão traseira,Com Vítimas Feridas,Plena Noite,Crescente,Chuva,Dupla,Reta,Sim,3,0,1,0,2,0,1,2,"-8,08493106","-34,9450639",SPRF-PE,DEL01-PE,UOP01-DEL01-PE
418684.0,2022-03-05,sábado,04:40:00,PE,101,71,RECIFE,Animais na Pista,Atropelamento de Animal,Com Vítimas Feridas,Amanhecer,Crescente,Chuva,Dupla,Reta,Não,1,0,1,0,0,0,1,1,"-8,07663102","-34,94277871",SPRF-PE,DEL01-PE,UOP01-DEL01-PE
418741.0,2022-03-05,sábado,10:20:00,PE,101,37,ITAPISSUMA,Ingestão de álcool pelo condutor,Queda de ocupante de veículo,Com Vítimas Feridas,Pleno dia,Crescente,Nublado,Dupla,Reta,Não,1,0,1,0,0,0,1,1,"-7,79726705","-34,9274932",SPRF-PE,DEL01-PE,UOP02-DEL01-PE
418838.0,2022-03-05,sábado,20:00:00,PE,101,"126,5",ESCADA,Pista esburacada,Queda de ocupante de veículo,Com Vítimas Feridas,Plena Noite,Decrescente,Chuva,Simples,Aclive,Sim,1,0,0,1,0,0,1,1,"-8,36958202","-35,22919699",SPRF-PE,DEL01-PE,UOP01-DEL01-PE
418855.0,2022-03-05,sábado,21:15:00,PE,101,86,JABOATAO DOS GUARARAPES,Animais na Pista,Atropelamento de Animal,Com Vítimas Feridas,Plena Noite,Crescente,Chuva,Dupla,Reta,Sim,3,0,1,0,1,1,1,3,"-8,18458127","-34,96820569",SPRF-PE,DEL01-PE,UOP01-DEL01-PE
418863.0,2022-03-05,sábado,20:45:00,PE,232,268,SERTANIA,Animais na Pista,Atropelamento de Animal,Com Vítimas Feridas,Plena Noite,Crescente,Nublado,Simples,Reta,Não,2,0,1,0,1,0,1,1,"-8,40626526","-37,20062302",SPRF-PE,DEL03-PE,UOP02-DEL03-PE
418864.0,2022-03-05,sábado,22:48:00,PE,232,"211,1",PESQUEIRA,Pedestre andava na pista,Atropelamento de Pedestre,Com Vítimas Fatais,Plena Noite,Crescente,Nublado,Simples,Reta,Sim,2,1,0,0,1,0,0,2,"-8,36899532","-36,70578682",SPRF-PE,DEL03-PE,UOP02-DEL03-PE
418928.0,2022-03-06,domingo,06:00:00,PE,101,"39,3",IGARASSU,Condutor Dormindo,Saída de leito carroçável,Sem Vítimas,Pleno dia,Decrescente,Céu Claro,Dupla,Reta,Não,1,0,0,0,1,0,0,1,"-7,81259899","-34,91890497",SPRF-PE,DEL01-PE,UOP02-DEL01-PE
418952.0,2022-03-06,domingo,10:05:00,PE,101,"20,9",GOIANA,Avarias e/ou desgaste excessivo no pneu,Tombamento,Com Vítimas Feridas,Pleno dia,Decrescente,Nublado,Dupla,Curva,Não,2,0,1,1,0,0,2,1,"-7,66042701","-34,93780401",SPRF-PE,DEL01-PE,UOP02-DEL01-PE
419014.0,2022-03-06,domingo,17:30:00,PE,104,"96,4",AGRESTINA,Manobra de mudança de faixa,Capotamento,Com Vítimas Feridas,Anoitecer,Crescente,Céu Claro,Simples,Declive,Não,3,0,1,0,1,1,1,2,"-8,531186","-35,938961",SPRF-PE,DEL02-PE,UOP01-DEL02-PE
419022.0,2022-03-06,domingo,15:40:00,PE,232,"449,9",SAO JOSE DO BELMONTE,Acessar a via sem observar a presença dos outros veículos,Colisão transversal,Com Vítimas Feridas,Pleno dia,Crescente,Nublado,Simples,Reta,Não,3,0,2,0,1,0,2,2,"-7,98409771","-38,63685608",SPRF-PE,DEL04-PE,UOP01-DEL04-PE
419040.0,2022-03-06,domingo,20:45:00,PE,101,"64,2",RECIFE,Chuva,Colisão traseira,Com Vítimas Feridas,Plena Noite,Decrescente,Chuva,Dupla,Reta,Não,4,0,2,0,2,0,2,2,"-8,0162921","-34,94045886",SPRF-PE,DEL01-PE,UOP01-DEL01-PE
419062.0,2022-03-06,domingo,22:20:00,PE,428,185,PETROLINA,Acessar a via sem observar a presença dos outros veículos,Colisão transversal,Com Vítimas Feridas,Plena Noite,Crescente,Céu Claro,Simples,Reta,Não,2,0,1,0,0,1,1,2,"-9,3521707","-40,47651009",SPRF-PE,DEL06-PE,UOP01-DEL06-PE
419065.0,2022-03-06,domingo,21:50:00,PE,408,"67,4",CARPINA,Condutor deixou de manter distância do veículo da frente,Colisão traseira,Com Vítimas Feridas,Plena Noite,Decrescente,Nublado,Dupla,Reta,Não,2,0,1,0,0,1,1,2,"-7,8584244","-35,21553619",SPRF-PE,DEL01-PE,UOP01-DEL01-PE