id,data_inversa,dia_semana,horario,uf,br,km,municipio,causa_acidente,tipo_acidente,classificacao_acidente,fase_dia,sentido_via,condicao_metereologica,tipo_pista,tracado_via,uso_solo,pessoas,mortos,feridos_leves,feridos_graves,ilesos,ignorados,feridos,veiculos,latitude,longitude,regional,delegacia,uop
419072.0,2022-03-06,domingo,20:10:00,PE,423,"94,8",GARANHUNS,Ingestão de álcool pelo condutor,Saída de leito carroçável,Sem Vítimas,Plena Noite,Decrescente,Céu Claro,Simples,Curva,Sim,1,0,0,0,1,0,0,1,"-8,874732","-36,46946",SPRF-PE,DEL03-PE,UOP01-DEL03-PE
419129.0,2022-03-07,segunda-feira,07:40:00,PE,232,"7,1",RECIFE,Condutor deixou de manter distância do veículo da frente,Engavetamento,Sem Vítimas,Pleno dia,Decrescente,Nublado,Dupla,Reta,Sim,3,0,0,0,3,0,0,3,"-8,073788","-34,962825",SPRF-PE,DEL01-PE,UOP01-DEL01-PE
419146.0,2022-03-07,segunda-feira,08:00:00,PE,408,79,PAUDALHO,Reação tardia ou ineficiente do condutor,Atropelamento de Animal,Sem Vítimas,Pleno dia,Decrescente,Sol,Dupla,Reta,Sim,1,0,0,0,1,0,0,1,"-7,92735072","-35,14679086",SPRF-PE,DEL01-PE,UOP01-DEL01-PE
419150.0,2022-03-07,segunda-feira,08:15:00,PE,101,"115,4",IPOJUCA,Manobra de mudança de faixa,Colisão traseira,Com Vítimas Feridas,Pleno dia,Crescente,Sol,Dupla,Reta,Não,2,0,1,0,1,0,1,2,"-8,33783596","-35,14164006",SPRF-PE,DEL01-PE,UOP01-DEL01-PE
419192.0,2022-03-07,segunda-feira,10:10:00,PE,424,"76,2",GARANHUNS,Acessar a via sem observar a presença dos outros veículos,Colisão transversal,Com Vítimas Feridas,Pleno dia,Crescente,Céu Claro,Simples,Reta,Não,6,0,4,2,0,0,6,2,"-8,80996529","-36,5762862",SPRF-PE,DEL03-PE,UOP01-DEL03-PE
419269.0,2022-03-08,terça-feira,00:05:00,PE,101,"82,5",JABOATAO DOS GUARARAPES,Reação tardia ou ineficiente do condutor,Colisão lateral mesmo sentido,Com Vítimas Feridas,Plena Noite,Crescente,Céu Claro,Dupla,Reta,Sim,2,0,1,0,1,0,1,2,"-8,171979","-34,939846",SPRF-PE,DEL01-PE,UOP01-DEL01-PE
419345.0,2022-03-08,terça-feira,12:30:00,PE,101,"62,1",RECIFE,Transitar na contramão,Colisão traseira,Com Vítimas Feridas,Pleno dia,Decrescente,Céu Claro,Simples,Reta,Sim,4,0,1,0,3,0,1,4,"-7,99905898","-34,93899295",SPRF-PE,DEL01-PE,UOP02-DEL01-PE
419373.0,2022-03-08,terça-feira,14:00:00,PE,428,"177,6",PETROLINA,Reação tardia ou ineficiente do condutor,Colisão traseira,Com Vítimas Feridas,Pleno dia,Decrescente,Céu Claro,Simples,Declive,Não,2,0,0,1,1,0,1,2,"-9,27622623","-40,43753454",SPRF-PE,DEL06-PE,UOP01-DEL06-PE
419377.0,2022-03-08,terça-feira,17:10:00,PE,232,401,SERRA TALHADA,Obstrução na via,Colisão transversal,Com Vítimas Feridas,Anoitecer,Decrescente,Céu Claro,Simples,Reta,Não,3,0,2,0,1,0,2,2,"-8,01192014","-38,23408003",SPRF-PE,DEL04-PE,UOP01-DEL04-PE
419401.0,2022-03-08,terça-feira,19:00:00,PE,101,"17,3",GOIANA,Velocidade Incompatível,Saída de leito carroçável,Sem Vítimas,Plena Noite,Crescente,Céu Claro,Dupla,Reta,Não,1,0,0,0,1,0,0,1,"-7,64064477","-34,95599769",SPRF-PE,DEL01-PE,UOP02-DEL01-PE
419430.0,2022-03-08,terça-feira,18:15:00,PE,104,"68,6",CARUARU,Pedestre cruzava a pista fora da faixa,Atropelamento de Pedestre,Com Vítimas Feridas,Plena Noite,Crescente,Nublado,Dupla,Reta,Não,2,0,0,2,0,0,2,2,"-8,3107","-35,9904",SPRF-PE,DEL02-PE,UOP01-DEL02-PE
419478.0,2022-03-09,quarta-feira,08:20:00,PE,232,"32,8",MORENO,Acessar a via sem observar a presença dos outros veículos,Colisão lateral mesmo sentido,Com Vítimas Feridas,Pleno dia,Crescente,Sol,Dupla,Reta,Não,2,0,1,0,0,1,1,2,"-8,10541732","-35,1665671",SPRF-PE,DEL01-PE,UOP01-DEL01-PE
419554.0,2022-03-09,quarta-feira,17:05:00,PE,232,"80,7",GRAVATA,Ultrapassagem Indevida,Colisão lateral mesmo sentido,Com Vítimas Feridas,Anoitecer,Crescente,Céu Claro,Múltipla,Curva,Não,2,0,1,0,1,0,1,2,"-8,19579864","-35,56962305",SPRF-PE,DEL02-PE,UOP02-DEL02PE
419557.0,2022-02-25,sexta-feira,07:16:00,PE,232,403,SERRA TALHADA,Transitar na contramão,Colisão transversal,Com Vítimas Feridas,Pleno dia,Crescente,Céu Claro,Simples,Reta,Sim,4,0,0,1,3,0,1,2,"-8,00147098","-38,24433438",SPRF-PE,DEL04-PE,UOP01-DEL04-PE
419567.0,2022-03-09,quarta-feira,17:30:00,PE,428,11,CABROBO,Entrada inopinada do pedestre,Atropelamento de Pedestre,Com Vítimas Feridas,Anoitecer,Crescente,Céu Claro,Simples,Reta,Sim,3,0,0,1,1,1,1,2,"-8,5063914","-39,3161128",SPRF-PE,DEL05-PE,UOP03-DEL05-PE
419574.0,2022-03-09,quarta-feira,19:10:00,PE,101,"45,8",IGARASSU,Entrada inopinada do pedestre,Atropelamento de Pedestre,Com Vítimas Feridas,Plena Noite,Decrescente,Céu Claro,Múltipla,Reta,Sim,2,0,0,1,0,1,1,2,"-7,86521297","-34,90715176",SPRF-PE,DEL01-PE,UOP02-DEL01-PE
419586.0,2022-03-09,quarta-feira,12:05:00,PE,407,128,PETROLINA,Desrespeitar a preferência no cruzamento,Colisão transversal,Com Vítimas Feridas,Pleno dia,Crescente,Céu Claro,Dupla,Rotatória,Sim,3,0,1,0,2,0,1,2,"-9,39387565","-40,51133888",SPRF-PE,DEL06-PE,UOP01-DEL06-PE
419604.0,2022-03-09,quarta-feira,19:15:00,PE,428,"34,2",OROCO,Ultrapassagem Indevida,Colisão frontal,Com Vítimas Fatais,Plena Noite,Crescente,Céu Claro,Simples,Reta,Não,2,1,1,0,0,0,1,2,"-8,5320588","-39,51148312",SPRF-PE,DEL05-PE,UOP03-DEL05-PE
419637.0,2022-03-10,quinta-feira,03:30:00,PE,104,22,TAQUARITINGA DO NORTE,Acesso irregular,Colisão com objeto,Com Vítimas Fatais,Plena Noite,Decrescente,Céu Claro,Simples,Reta,Não,2,1,0,0,0,1,0,1,"-7,967257","-36,116974",SPRF-PE,DEL02-PE,UOP01-DEL02-PE
419656.0,2022-03-10,quinta-feira,07:45:00,PE,101,44,IGARASSU,Entrada inopinada do pedestre,Atropelamento de Pedestre,Com Vítimas Feridas,Pleno dia,Decrescente,Céu Claro,Dupla,Reta,Sim,2,0,2,0,0,0,2,2,"-7,85637001","-34,90842109",SPRF-PE,DEL01-PE,UOP02-DEL01-PE
419664.0,2022-02-22,terça-feira,19:30:00,PE,232,"100,9",BEZERROS,Acessar a via sem observar a presença dos outros veículos,Colisão transversal,Com Vítimas Feridas,Plena Noite,Crescente,Céu Claro,Simples,Reta,Sim,3,0,1,2,0,0,3,2,"-8,23791176","-35,74297705",SPRF-PE,DEL02-PE,UOP02-DEL02PE
419695.0,2022-03-10,quinta-feira,13:00:00,PE,428,186,PETROLINA,Acessar a via sem observar a presença dos outros veículos,Colisão transversal,Com Vítimas Feridas,Pleno dia,Crescente,Sol,Simples,Reta,Sim,4,0,1,0,1,2,1,3,"-9,36312321","-40,48229049",SPRF-PE,DEL06-PE,UOP01-DEL06-PE
419716.0,2022-03-10,quinta-feira,14:20:00,PE,232,"17,6",JABOATAO DOS GUARARAPES,Ausência de reação do condutor,Colisão com objeto,Com Vítimas Feridas,Pleno dia,Decrescente,Céu Claro,Dupla,Reta,Não,3,0,2,1,0,0,3,1,"-8,09565202","-35,04581599",SPRF-PE,DEL01-PE,UOP01-DEL01-PE
419725.0,2022-03-10,quinta-feira,12:30:00,PE,101,92,CABO DE SANTO AGOSTINHO,Reação tardia ou ineficiente do condutor,Engavetamento,Sem Vítimas,Pleno dia,Crescente,Céu Claro,Dupla,Reta,Não,3,0,0,0,3,0,0,3,"-8,23201792","-34,99778611",SPRF-PE,DEL01-PE,UOP01-DEL01-PE
419740.0,2022-03-10,quinta-feira,17:05:00,PE,232,"10,7",JABOATAO DOS GUARARAPES,Velocidade Incompatível,Colisão traseira,Com Vítimas Feridas,Anoitecer,Decrescente,Céu Claro,Dupla,Reta,Sim,2,0,1,0,1,0,1,2,"-8,080916","-34,993477",SPRF-PE,DEL01-PE,UOP01-DEL01-PE
419752.0,2022-03-10,quinta-feira,18:35:00,PE,101,"43,1",IGARASSU,Reação tardia ou ineficiente do condutor,Atropelamento de Pedestre,Com Vítimas Fatais,Plena Noite,Crescente,Nublado,Múltipla,Reta,Sim,2,1,0,0,0,1,0,2,"-7,84753808","-34,90977038",SPRF-PE,DEL01-PE,UOP02-DEL01-PE
419764.0,2022-01-21,sexta-feira,23:40:00,PE,232,"9,3",RECIFE,Ingestão de álcool pelo condutor,Colisão traseira,Sem Vítimas,Plena Noite,Decrescente,Céu Claro,Dupla,Reta,Sim,3,0,0,0,3,0,0,2,"-8,078468","-34,981888",SPRF-PE,DEL01-PE,UOP01-DEL01-PE
419786.0,2022-01-23,domingo,06:00:00,PE,110,"137,2",IBIMIRIM,Demais falhas mecânicas ou elétricas,Incêndio,Sem Vítimas,Pleno dia,Crescente,Céu Claro,Simples,Reta,Não,1,0,0,0,1,0,0,1,"-8,50885757","-37,60567305",SPRF-PE,DEL03-PE,UOP02-DEL03-PE
419871.0,2022-03-11,sexta-feira,10:15:00,PE,232,251,ARCOVERDE,Transitar na contramão,Colisão transversal,Com Vítimas Feridas,Pleno dia,Decrescente,Céu Claro,Simples,Rotatória,Sim,3,0,1,0,2,0,1,2,"-8,429241","-37,060127",SPRF-PE,DEL03-PE,UOP02-DEL03-PE
419885.0,2022-01-23,domingo,08:50:00,PE,424,"54,1",CAETES,Transitar na contramão,Colisão frontal,Sem Vítimas,Pleno dia,Crescente,Sol,Simples,Declive,Não,2,0,0,0,1,1,0,2,"-8,72983547","-36,75431311",SPRF-PE,DEL03-PE,UOP01-DEL03-PE
419972.0,2022-03-11,sexta-feira,19:20:00,PE,232,"408,1",SERRA TALHADA,Acessar a via sem observar a presença dos outros veículos,Colisão lateral mesmo sentido,Com Vítimas Feridas,Plena Noite,Decrescente,Nublado,Simples,Reta,Não,3,0,2,0,1,0,2,2,"-7,98371447","-38,28047709",SPRF-PE,DEL04-PE,UOP01-DEL04-PE
420045.0,2022-03-12,sábado,05:30:00,PE,428,34,OROCO,Manobra de mudança de faixa,Colisão frontal,Com Vítimas Feridas,Amanhecer,Crescente,Céu Claro,Simples,Reta,Não,2,0,1,1,0,0,2,2,"-8,5320588","-39,51148312",SPRF-PE,DEL05-PE,UOP03-DEL05-PE
420174.0,2022-03-12,sábado,15:20:00,PE,408,"52,5",NAZARE DA MATA,Condutor deixou de manter distância do veículo da frente,Colisão traseira,Sem Vítimas,Pleno dia,Crescente,Nublado,Simples,Reta,Sim,2,0,0,0,2,0,0,2,"-7,750885","-35,232666",SPRF-PE,DEL01-PE,UOP02-DEL01-PE
420213.0,2022-03-12,sábado,21:30:00,PE,424,70,CAETES,Ingestão de álcool pelo condutor,Colisão traseira,Com Vítimas Fatais,Plena Noite,Decrescente,Céu Claro,Simples,Reta,Sim,4,1,1,0,0,2,1,2,"-8,77912908","-36,62060205",SPRF-PE,DEL03-PE,UOP01-DEL03-PE
420264.0,2022-03-13,domingo,05:35:00,PE,428,"187,1",PETROLINA,Ingestão de álcool pelo condutor,Colisão lateral sentido oposto,Sem Vítimas,Amanhecer,Decrescente,Céu Claro,Simples,Reta,Sim,2,0,0,0,2,0,0,2,"-9,35604301","-40,47854198",SPRF-PE,DEL06-PE,UOP01-DEL06-PE
420357.0,2022-03-13,domingo,13:38:00,PE,423,"61,7",LAJEDO,Ingestão de álcool pelo condutor,Colisão frontal,Sem Vítimas,Pleno dia,Crescente,Céu Claro,Simples,Reta,Sim,5,0,0,0,5,0,0,2,"-8,65805731","-36,32866993",SPRF-PE,DEL03-PE,UOP01-DEL03-PE
420392.0,2022-03-13,domingo,15:40:00,PE,232,147,SAO CAITANO,Pedestre andava na pista,Saída de leito carroçável,Com Vítimas Feridas,Pleno dia,Decrescente,Nublado,Dupla,Reta,Sim,4,0,3,1,0,0,4,1,"-8,33373137","-36,13751116",SPRF-PE,DEL02-PE,UOP03-DEL02-PE
420409.0,2022-03-13,domingo,19:00:00,PE,101,"88,5",JABOATAO DOS GUARARAPES,Acessar a via sem observar a presença dos outros veículos,Colisão transversal,Com Vítimas Feridas,Plena Noite,Decrescente,Céu Claro,Simples,Reta,Sim,2,0,1,0,1,0,1,2,"-8,219595","-34,965525",SPRF-PE,DEL01-PE,UOP01-DEL01-PE
420435.0,2022-03-13,domingo,20:00:00,PE,232,178,BELO JARDIM,Ingestão de álcool pelo condutor,Colisão traseira,Com Vítimas Feridas,Plena Noite,Decrescente,Nublado,Simples,Reta,Sim,2,0,1,0,0,1,1,2,"-8,347448","-36,411818",SPRF-PE,DEL02-PE,UOP03-DEL02-PE
420482.0,2022-03-13,domingo,23:47:00,PE,428,188,PETROLINA,Ingestão de álcool e/ou substâncias psicoativas pelo pedestre,Colisão traseira,Sem Vítimas,Plena Noite,Decrescente,Céu Claro,Simples,Reta,Sim,2,0,0,0,2,0,0,2,"-9,36400596","-40,48266808",SPRF-PE,DEL06-PE,UOP01-DEL06-PE
420495.0,2022-03-14,segunda-feira,05:20:00,PE,104,40,CARUARU,Ingestão de álcool pelo condutor,Saída de leito carroçável,Sem Vítimas,Pleno dia,Crescente,Céu Claro,Dupla,Reta,Não,1,0,0,0,1,0,0,1,"-8,0938","-36,0334",SPRF-PE,DEL02-PE,UOP01-DEL02-PE
420501.0,2022-03-14,segunda-feira,06:30:00,PE,101,"81,7",JABOATAO DOS GUARARAPES,Condutor deixou de manter distância do veículo da frente,Colisão traseira,Com Vítimas Feridas,Pleno dia,Crescente,Nublado,Dupla,Reta,Sim,2,0,1,0,1,0,1,2,"-8,1597489","-34,94024569",SPRF-PE,DEL01-PE,UOP01-DEL01-PE
420507.0,2022-03-14,segunda-feira,06:40:00,PE,408,"96,5",SAO LOURENCO DA MATA,Acessar a via sem observar a presença dos outros veículos,Colisão lateral mesmo sentido,Com Vítimas Feridas,Pleno dia,Crescente,Nublado,Múltipla,Reta,Sim,2,0,1,0,1,0,1,2,"-8,02062","-35,041045",SPRF-PE,DEL01-PE,UOP01-DEL01-PE
420517.0,2022-03-14,segunda-feira,07:10:00,PE,423,"107,2",GARANHUNS,Acessar a via sem observar a presença dos outros veículos,Colisão transversal,Com Vítimas Fatais,Pleno dia,Crescente,Céu Claro,Simples,Reta,Não,2,1,0,0,1,0,0,2,"-8,8839803","-36,58154392",SPRF-PE,DEL03-PE,UOP01-DEL03-PE
420526.0,2022-03-14,segunda-feira,08:55:00,PE,408,"66,7",PAUDALHO,Manobra de mudança de faixa,Capotamento,Com Vítimas Feridas,Pleno dia,Crescente,Céu Claro,Múltipla,Reta,Sim,2,0,1,0,1,0,1,1,"-7,85456416","-35,22363707",SPRF-PE,DEL01-PE,UOP01-DEL01-PE
420573.0,2022-03-14,segunda-feira,12:18:00,PE,101,"51,1",ABREU E LIMA,Ausência de reação do condutor,Colisão transversal,Com Vítimas Feridas,Pleno dia,Decrescente,Nublado,Múltipla,Reta,Sim,3,0,2,0,1,0,2,2,"-7,9169968","-34,89689272",SPRF-PE,DEL01-PE,UOP02-DEL01-PE
420583.0,2022-03-14,segunda-feira,13:30:00,PE,232,"135,8",CARUARU,Demais falhas na via,Queda de ocupante de veículo,Com Vítimas Feridas,Pleno dia,Crescente,Chuva,Dupla,Aclive,Não,1,0,1,0,0,0,1,1,"-8,31562619","-36,04803085",SPRF-PE,DEL02-PE,UOP03-DEL02-PE
420594.0,2022-03-14,segunda-feira,12:10:00,PE,101,18,CABO DE SANTO AGOSTINHO,Acumulo de água sobre o pavimento,Colisão lateral sentido oposto,Sem Vítimas,Pleno dia,Decrescente,Chuva,Simples,Curva,Sim,2,0,0,0,2,0,0,2,"-8,294066","-35,052687",SPRF-PE,DEL01-PE,UOP01-DEL01-PE
420603.0,2022-03-04,sexta-feira,19:00:00,PE,232,508,SALGUEIRO,Transitar na contramão,Colisão frontal,Com Vítimas Feridas,Plena Noite,Decrescente,Céu Claro,Simples,Reta,Sim,3,0,0,3,0,0,3,2,"-8,06223271","-39,12095006",SPRF-PE,DEL05-PE,UOP01-DEL05-PE
420618.0,2022-03-14,segunda-feira,16:10:00,PE,104,"29,1",TORITAMA,Manobra de mudança de faixa,Colisão frontal,Com Vítimas Feridas,Pleno dia,Decrescente,Céu Claro,Simples,Reta,Sim,3,0,0,1,2,0,1,2,"-8,0078","-36,0621",SPRF-PE,DEL02-PE,UOP01-DEL02-PE
420675.0,2022-03-14,segunda-feira,20:30:00,PE,232,34,MORENO,Ingestão de álcool pelo condutor,Colisão lateral mesmo sentido,Com Vítimas Feridas,Plena Noite,Crescente,Céu Claro,Dupla,Viaduto,Sim,2,0,1,0,1,0,1,2,"-8,10702537","-35,18394691",SPRF-PE,DEL01-PE,UOP01-DEL01-PE
420693.0,2022-03-15,terça-feira,04:45:00,PE,232,27,MORENO,Condutor deixou de manter distância do veículo da frente,Colisão traseira,Sem Vítimas,Amanhecer,Decrescente,Céu Claro,Dupla,Reta,Não,2,0,0,0,2,0,0,2,"-8,11418416","-35,12568999",SPRF-PE,DEL01-PE,UOP01-DEL01-PE
420786.0,2022-03-15,terça-feira,15:30:00,PE,101,"80,5",JABOATAO DOS GUARARAPES,Reação tardia ou ineficiente do condutor,Colisão traseira,Com Vítimas Feridas,Pleno dia,Decrescente,Céu Claro,Dupla,Reta,Sim,2,0,1,0,1,0,1,2,"-8,1597489","-34,94024569",SPRF-PE,DEL01-PE,UOP01-DEL01-PE
420879.0,2022-03-16,quarta-feira,07:10:00,PE,101,58,RECIFE,Transitar no acostamento,Atropelamento de Pedestre,Com Vítimas Feridas,Pleno dia,Crescente,Sol,Dupla,Reta,Sim,2,0,0,1,1,0,1,2,"-7,97063209","-34,92064675",SPRF-PE,DEL01-PE,UOP02-DEL01-PE
420880.0,2022-03-16,quarta-feira,06:40:00,PE,232,"10,6",JABOATAO DOS GUARARAPES,Manobra de mudança de faixa,Colisão transversal,Com Vítimas Feridas,Pleno dia,Decrescente,Nublado,Dupla,Declive;Reta                  ,Sim,3,0,3,0,0,0,3,2,"-8,080711","-34,993208",SPRF-PE,DEL01-PE,UOP01-DEL01-PE
420889.0,2022-03-15,terça-feira,16:50:00,PE,428,"189,8",PETROLINA,Desrespeitar a preferência no cruzamento,Tombamento,Com Vítimas Feridas,Pleno dia,Decrescente,Céu Claro,Dupla,Reta,Sim,2,0,1,1,0,0,2,1,"-9,37197508","-40,48679585",SPRF-PE,DEL06-PE,UOP01-DEL06-PE
420906.0,2022-03-16,quarta-feira,07:45:00,PE,232,"111,2",BEZERROS,Ausência de reação do condutor,Colisão traseira,Sem Vítimas,Pleno dia,Crescente,Sol,Dupla,Reta,Não,2,0,0,0,2,0,0,2,"-8,2922971","-35,82419791",SPRF-PE,DEL02-PE,UOP02-DEL02PE
420965.0,2022-03-16,quarta-feira,15:00:00,PE,101,163,GAMELEIRA,Desrespeitar a preferência no cruzamento,Colisão transversal,Com Vítimas Feridas,Pleno dia,Crescente,Chuva,Dupla,Reta,Não,2,0,0,1,1,0,1,2,"-8,55039544","-35,44619699",SPRF-PE,DEL01-PE,UOP01-DEL01-PE
421020.0,2022-03-16,quarta-feira,20:10:00,PE,101,82,JABOATAO DOS GUARARAPES,Condutor deixou de manter distância do veículo da frente,Colisão traseira,Com Vítimas Feridas,Plena Noite,Crescente,Nublado,Múltipla,Reta,Sim,2,0,1,0,1,0,1,2,"-8,168383","-34,9376",SPRF-PE,DEL01-PE,UOP01-DEL01-PE
421089.0,2022-01-24,segunda-feira,20:15:00,PE,232,133,CARUARU,Demais falhas na via,Tombamento,Com Vítimas Feridas,Plena Noite,Crescente,Céu Claro,Dupla,Reta,Sim,1,0,1,0,0,0,1,1,"-8,30607988","-36,01576003",SPRF-PE,DEL02-PE,UOP03-DEL02-PE
421102.0,2022-03-12,sábado,21:20:00,PE,101,98,CABO DE SANTO AGOSTINHO,Animais na Pista,Atropelamento de Animal,Com Vítimas Feridas,Plena Noite,Crescente,Nublado,Dupla,Reta,Não,1,0,1,0,0,0,1,1,"-8,25653422","-35,03811793",SPRF-PE,DEL01-PE,UOP01-DEL01-PE
421151.0,2022-03-17,quinta-feira,18:20:00,PE,101,"83,5",JABOATAO DOS GUARARAPES,Acessar a via sem observar a presença dos outros veículos,Colisão transversal,Com Vítimas Feridas,Plena Noite,Decrescente,Nublado,Simples,Reta,Sim,3,0,2,0,0,1,2,2,"-8,1793458","-34,94666219",SPRF-PE,DEL01-PE,UOP01-DEL01-PE
421238.0,2022-01-30,domingo,17:30:00,PE,407,125,PETROLINA,Velocidade Incompatível,Colisão traseira,Com Vítimas Feridas,Pleno dia,Decrescente,Céu Claro,Dupla,Reta,Sim,4,0,0,2,1,1,2,3,"-9,37739336","-40,53595733",SPRF-PE,DEL06-PE,UOP01-DEL06-PE
421252.0,2022-03-18,sexta-feira,08:30:00,PE,424,"54,5",CAETES,Demais falhas mecânicas ou elétricas,Capotamento,Com Vítimas Feridas,Pleno dia,Decrescente,Céu Claro,Simples,Declive;Reta                  ,Não,2,0,1,1,0,0,2,1,"-8,73125345","-36,74803913",SPRF-PE,DEL03-PE,UOP01-DEL03-PE
421315.0,2022-03-18,sexta-feira,16:05:00,PE,101,"77,3",RECIFE,Acessar a via sem observar a presença dos outros veículos,Colisão transversal,Com Vítimas Feridas,Pleno dia,Crescente,Céu Claro,Múltipla,Interseção de Vias,Sim,2,0,0,1,1,0,1,2,"-8,126982","-34,94386",SPRF-PE,DEL01-PE,UOP01-DEL01-PE
421337.0,2022-03-18,sexta-feira,16:50:00,PE,423,"106,5",CAETES,Velocidade Incompatível,Colisão transversal,Com Vítimas Fatais,Pleno dia,Decrescente,Céu Claro,Simples,Reta,Não,5,1,0,3,0,1,3,3,"-8,88171776","-36,57279606",SPRF-PE,DEL03-PE,UOP01-DEL03-PE
421390.0,2022-03-18,sexta-feira,23:15:00,PE,101,"48,9",ABREU E LIMA,Condutor deixou de manter distância do veículo da frente,Colisão traseira,Com Vítimas Feridas,Plena Noite,Decrescente,Céu Claro,Múltipla,Reta,Sim,4,0,3,0,0,1,3,3,"-7,89174705","-34,9033493",SPRF-PE,DEL01-PE,UOP02-DEL01-PE
421392.0,2022-03-18,sexta-feira,22:00:00,PE,101,90,CABO DE SANTO AGOSTINHO,Manobra de mudança de faixa,Queda de ocupante de veículo,Com Vítimas Feridas,Plena Noite,Crescente,Garoa/Chuvisco,Múltipla,Reta,Não,2,0,0,2,0,0,2,1,"-8,21612792","-34,98772817",SPRF-PE,DEL01-PE,UOP01-DEL01-PE
421394.0,2022-03-10,quinta-feira,12:00:00,PE,428,"187,8",PETROLINA,Acumulo de areia ou detritos sobre o pavimento,Queda de ocupante de veículo,Com Vítimas Feridas,Pleno dia,Crescente,Céu Claro,Simples,Reta,Sim,1,0,1,0,0,0,1,1,"-9,37076522","-40,48613767",SPRF-PE,DEL06-PE,UOP01-DEL06-PE
421487.0,2022-03-19,sábado,09:00:00,PE,232,"54,2",POMBOS,Ausência de reação do condutor,Saída de leito carroçável,Com Vítimas Feridas,Pleno dia,Crescente,Céu Claro,Dupla,Reta;Declive                  ,Não,4,0,2,0,2,0,2,1,"-8,129247","-35,357442",SPRF-PE,DEL02-PE,UOP02-DEL02PE
421503.0,2022-03-19,sábado,09:35:00,PE,232,244,ARCOVERDE,Condutor Dormindo,Colisão frontal,Com Vítimas Feridas,Pleno dia,Decrescente,Céu Claro,Simples,Reta,Não,5,0,3,1,1,0,4,2,"-8,41863444","-36,99827208",SPRF-PE,DEL03-PE,UOP02-DEL03-PE
421550.0,2022-03-19,sábado,17:15:00,PE,101,44,IGARASSU,Conversão proibida,Colisão transversal,Com Vítimas Feridas,Anoitecer,Crescente,Vento,Múltipla,Reta,Não,3,0,2,0,1,0,2,3,"-7,85637001","-34,90842109",SPRF-PE,DEL01-PE,UOP02-DEL01-PE
421573.0,2022-03-19,sábado,18:35:00,PE,316,"22,8",ARARIPINA,Acessar a via sem observar a presença dos outros veículos,Colisão transversal,Com Vítimas Feridas,Plena Noite,Crescente,Céu Claro,Simples,Interseção de Vias,Sim,2,0,0,1,1,0,1,2,"-7,57538187","-40,51709091",SPRF-PE,DEL05-PE,UOP02-DEL05-PE
421585.0,2022-03-19,sábado,17:10:00,PE,232,"114,5",CARUARU,Reação tardia ou ineficiente do condutor,Tombamento,Sem Vítimas,Pleno dia,Crescente,Céu Claro,Dupla,Reta,Não,1,0,0,0,0,1,0,1,"-8,30028529","-35,84905306",SPRF-PE,DEL02-PE,UOP02-DEL02PE
421679.0,2022-03-20,domingo,06:45:00,PE,424,"94,6",GARANHUNS,Ausência de reação do condutor,Colisão frontal,Com Vítimas Feridas,Pleno dia,Crescente,Céu Claro,Simples,Reta,Não,2,0,0,2,0,0,2,2,"-8,91590392","-36,48883344",SPRF-PE,DEL03-PE,UOP01-DEL03-PE
421683.0,2022-03-20,domingo,06:35:00,PE,101,"42,8",IGARASSU,Reação tardia ou ineficiente do condutor,Colisão transversal,Com Vítimas Feridas,Pleno dia,Crescente,Céu Claro,Múltipla,Reta,Sim,2,0,1,0,1,0,1,2,"-7,83887431","-34,91196739",SPRF-PE,DEL01-PE,UOP02-DEL01-PE
421687.0,2022-03-20,domingo,06:50:00,PE,101,"61,3",RECIFE,Animais na Pista,Atropelamento de Animal,Com Vítimas Feridas,Pleno dia,Decrescente,Céu Claro,Dupla,Reta,Sim,2,0,1,1,0,0,2,1,"-7,99097103","-34,93598295",SPRF-PE,DEL01-PE,UOP02-DEL01-PE
421697.0,2022-03-20,domingo,07:30:00,PE,101,198,PALMARES,Manobra de mudança de faixa,Colisão transversal,Sem Vítimas,Pleno dia,Crescente,Nublado,Dupla,Reta,Não,2,0,0,0,1,1,0,2,"-8,76435921","-35,61464773",SPRF-PE,DEL01-PE,UOP01-DEL01-PE
421707.0,2022-03-20,domingo,10:15:00,PE,101,69,RECIFE,Acessar a via sem observar a presença dos outros veículos,Colisão lateral mesmo sentido,Com Vítimas Feridas,Pleno dia,Decrescente,Sol,Dupla,Reta,Sim,3,0,1,1,1,0,2,2,"-8,06001572","-34,94569659",SPRF-PE,DEL01-PE,UOP01-DEL01-PE
421724.0,2022-03-20,domingo,11:40:00,PE,101,80,JABOATAO DOS GUARARAPES,Manobra de mudança de faixa,Colisão lateral mesmo sentido,Com Vítimas Feridas,Pleno dia,Decrescente,Sol,Múltipla,Interseção de Vias,Sim,3,0,1,0,2,0,1,2,"-8,15112589","-34,9428866",SPRF-PE,DEL01-PE,UOP01-DEL01-PE
421734.0,2022-03-20,domingo,11:00:00,PE,101,135,ESCADA,Acumulo de água sobre o pavimento,Colisão com objeto,Com Vítimas Feridas,Pleno dia,Crescente,Nublado,Dupla,Aclive,Não,1,0,1,0,0,0,1,1,"-8,41147616","-35,29599797",SPRF-PE,DEL01-PE,UOP01-DEL01-PE