id,data_inversa,dia_semana,horario,uf,br,km,municipio,causa_acidente,tipo_acidente,classificacao_acidente,fase_dia,sentido_via,condicao_metereologica,tipo_pista,tracado_via,uso_solo,pessoas,mortos,feridos_leves,feridos_graves,ilesos,ignorados,feridos,veiculos,latitude,longitude,regional,delegacia,uop
421761.0,2022-03-20,domingo,16:00:00,PE,423,97,GARANHUNS,Transitar no acostamento,Colisão lateral mesmo sentido,Com Vítimas Feridas,Pleno dia,Decrescente,Céu Claro,Simples,Reta,Sim,3,0,2,0,1,0,2,2,"-8,8796227","-36,49484286",SPRF-PE,DEL03-PE,UOP01-DEL03-PE
421776.0,2022-03-20,domingo,18:20:00,PE,232,136,CARUARU,Afundamento ou ondulação no pavimento,Tombamento,Com Vítimas Feridas,Plena Noite,Crescente,Nublado,Dupla,Em Obras;Reta                 ,Não,1,0,1,0,0,0,1,1,"-8,31339932","-36,04175591",SPRF-PE,DEL02-PE,UOP03-DEL02-PE
421791.0,2022-03-20,domingo,20:00:00,PE,101,29,IGARASSU,Ingestão de álcool pelo condutor,Colisão com objeto,Com Vítimas Feridas,Plena Noite,Decrescente,Nublado,Dupla,Reta,Não,1,0,1,0,0,0,1,1,"-7,73103405","-34,94132731",SPRF-PE,DEL01-PE,UOP02-DEL01-PE
421801.0,2022-03-20,domingo,19:10:00,PE,232,"136,6",CARUARU,Afundamento ou ondulação no pavimento,Queda de ocupante de veículo,Com Vítimas Feridas,Plena Noite,Crescente,Céu Claro,Dupla,Aclive,Não,2,0,1,1,0,0,2,1,"-8,31339932","-36,04175591",SPRF-PE,DEL02-PE,UOP03-DEL02-PE
421825.0,2022-03-20,domingo,22:00:00,PE,101,87,JABOATAO DOS GUARARAPES,Deficiência do Sistema de Iluminação/Sinalização,Colisão traseira,Com Vítimas Feridas,Plena Noite,Decrescente,Chuva,Dupla,Reta,Não,2,0,2,0,0,0,2,2,"-8,19120206","-34,97449985",SPRF-PE,DEL01-PE,UOP01-DEL01-PE
421878.0,2022-03-21,segunda-feira,06:40:00,PE,232,17,JABOATAO DOS GUARARAPES,Acumulo de água sobre o pavimento,Saída de leito carroçável,Com Vítimas Feridas,Pleno dia,Decrescente,Chuva,Dupla,Reta,Não,3,0,1,1,1,0,2,3,"-8,09565202","-35,04581599",SPRF-PE,DEL01-PE,UOP01-DEL01-PE
421926.0,2022-03-21,segunda-feira,12:00:00,PE,101,"41,8",IGARASSU,Acesso irregular,Colisão traseira,Com Vítimas Feridas,Pleno dia,Crescente,Sol,Múltipla,Reta,Sim,2,0,1,0,1,0,1,2,"-7,83038346","-34,91426785",SPRF-PE,DEL01-PE,UOP02-DEL01-PE
421942.0,2022-01-31,segunda-feira,15:10:00,PE,101,44,IGARASSU,Conversão proibida,Colisão com objeto,Com Vítimas Feridas,Pleno dia,Decrescente,Céu Claro,Dupla,Declive,Sim,3,0,1,1,1,0,2,2,"-7,85637001","-34,90842109",SPRF-PE,DEL01-PE,UOP02-DEL01-PE
422038.0,2022-03-22,terça-feira,06:30:00,PE,101,63,RECIFE,Condutor deixou de manter distância do veículo da frente,Colisão traseira,Com Vítimas Feridas,Pleno dia,Decrescente,Chuva,Dupla,Reta,Sim,2,0,1,0,1,0,1,2,"-8,008886","-34,937499",SPRF-PE,DEL01-PE,UOP01-DEL01-PE
422092.0,2022-03-21,segunda-feira,11:00:00,PE,232,25,MORENO,Chuva,Saída de leito carroçável,Sem Vítimas,Pleno dia,Decrescente,Chuva,Dupla,Curva,Não,4,0,0,0,4,0,0,1,"-8,11191765","-35,10836516",SPRF-PE,DEL01-PE,UOP01-DEL01-PE
422101.0,2022-03-21,segunda-feira,19:30:00,PE,,,ESCADA,Chuva,Colisão com objeto,Sem Vítimas,Plena Noite,Não Informado,Chuva,Simples,Curva,Não,2,0,0,0,2,0,0,1,"-8,419043","-35,273821",SPRF-PE,DEL01-PE,UOP03-DEL01-PE
422116.0,2022-03-22,terça-feira,14:47:00,PE,407,"124,6",PETROLINA,Acumulo de óleo sobre o pavimento,Tombamento,Com Vítimas Feridas,Pleno dia,Crescente,Céu Claro,Dupla,Reta,Sim,1,0,0,1,0,0,1,1,"-9,36929881","-40,54137139",SPRF-PE,DEL06-PE,UOP01-DEL06-PE
422187.0,2022-03-22,terça-feira,20:30:00,PE,116,36,SALGUEIRO,Chuva,Saída de leito carroçável,Com Vítimas Feridas,Plena Noite,Decrescente,Chuva,Simples,Declive,Não,1,0,1,0,0,0,1,1,"-8,153542","-39,109219",SPRF-PE,DEL05-PE,UOP01-DEL05-PE
422209.0,2022-03-14,segunda-feira,12:40:00,PE,232,128,CARUARU,Chuva,Colisão traseira,Sem Vítimas,Pleno dia,Decrescente,Chuva,Simples,Reta,Sim,3,0,0,0,3,0,0,2,"-8,30399306","-35,97216301",SPRF-PE,DEL02-PE,UOP03-DEL02-PE
422230.0,2022-01-31,segunda-feira,00:20:00,PE,104,"106,4",CUPIRA,Transitar na contramão,Colisão frontal,Com Vítimas Fatais,Plena Noite,Decrescente,Céu Claro,Simples,Reta,Não,2,1,0,0,0,1,0,2,"-8,612906","-35,967182",SPRF-PE,DEL02-PE,UOP01-DEL02-PE
422264.0,2022-03-23,quarta-feira,13:00:00,PE,232,"12,4",JABOATAO DOS GUARARAPES,Condutor deixou de manter distância do veículo da frente,Colisão traseira,Com Vítimas Feridas,Pleno dia,Decrescente,Chuva,Dupla,Reta,Não,2,0,1,0,1,0,1,2,"-8,08577691","-35,00345603",SPRF-PE,DEL01-PE,UOP01-DEL01-PE
422293.0,2022-03-23,quarta-feira,16:30:00,PE,101,"41,7",IGARASSU,Demais falhas mecânicas ou elétricas,Colisão com objeto,Sem Vítimas,Anoitecer,Crescente,Nublado,Múltipla,Reta,Sim,1,0,0,0,1,0,0,1,"-7,83038346","-34,91426785",SPRF-PE,DEL01-PE,UOP02-DEL01-PE
422331.0,2022-03-23,quarta-feira,19:15:00,PE,407,127,PETROLINA,Acessar a via sem observar a presença dos outros veículos,Colisão com objeto,Com Vítimas Feridas,Plena Noite,Crescente,Nublado,Simples,Reta,Sim,1,0,1,0,0,0,1,1,"-9,3908678","-40,52038627",SPRF-PE,DEL06-PE,UOP01-DEL06-PE
422372.0,2022-01-26,quarta-feira,17:25:00,PE,232,"176,9",BELO JARDIM,Acessar a via sem observar a presença dos outros veículos,Colisão frontal,Com Vítimas Feridas,Anoitecer,Crescente,Céu Claro,Simples,Reta,Não,2,0,0,1,1,0,1,2,"-8,34573608","-36,39481995",SPRF-PE,DEL02-PE,UOP03-DEL02-PE
422448.0,2022-03-24,quinta-feira,11:00:00,PE,101,"91,1",CABO DE SANTO AGOSTINHO,Condutor deixou de manter distância do veículo da frente,Engavetamento,Sem Vítimas,Pleno dia,Crescente,Céu Claro,Dupla,Reta,Não,4,0,0,0,3,1,0,4,"-8,22399812","-34,99290474",SPRF-PE,DEL01-PE,UOP01-DEL01-PE
422455.0,2022-03-10,quinta-feira,12:15:00,PE,232,509,SALGUEIRO,Acessar a via sem observar a presença dos outros veículos,Colisão transversal,Com Vítimas Feridas,Pleno dia,Decrescente,Céu Claro,Simples,Reta,Sim,2,0,1,0,1,0,1,2,"-8,06449154","-39,1298447",SPRF-PE,DEL05-PE,UOP01-DEL05-PE
422491.0,2022-03-24,quinta-feira,17:45:00,PE,232,80,GRAVATA,Ultrapassagem Indevida,Colisão frontal,Com Vítimas Feridas,Plena Noite,Crescente,Nublado,Dupla,Reta,Sim,2,0,1,0,1,0,1,2,"-8,19579864","-35,56962305",SPRF-PE,DEL02-PE,UOP02-DEL02PE
422513.0,2022-03-24,quinta-feira,19:50:00,PE,428,"139,1",LAGOA GRANDE,Acessar a via sem observar a presença dos outros veículos,Colisão transversal,Com Vítimas Feridas,Plena Noite,Crescente,Nublado,Simples,Reta,Sim,2,0,1,0,0,1,1,2,"-8,98787563","-40,26256422",SPRF-PE,DEL06-PE,UOP03-DEL06-PE
422570.0,2022-02-26,sábado,11:35:00,PE,423,76,JUPI,Ausência de reação do condutor,Queda de ocupante de veículo,Com Vítimas Feridas,Pleno dia,Crescente,Céu Claro,Simples,Aclive,Não,1,0,0,1,0,0,1,1,"-8,73183901","-36,43146015",SPRF-PE,DEL03-PE,UOP01-DEL03-PE
422578.0,2022-03-25,sexta-feira,07:00:00,PE,232,10,JABOATAO DOS GUARARAPES,Ultrapassagem Indevida,Colisão lateral mesmo sentido,Sem Vítimas,Pleno dia,Decrescente,Sol,Dupla,Reta,Sim,2,0,0,0,2,0,0,2,"-8,07917241","-34,98718609",SPRF-PE,DEL01-PE,UOP01-DEL01-PE
422584.0,2022-03-25,sexta-feira,07:00:00,PE,232,135,CARUARU,Manobra de mudança de faixa,Colisão lateral mesmo sentido,Com Vítimas Feridas,Pleno dia,Decrescente,Sol,Dupla,Aclive,Não,5,0,3,2,0,0,5,2,"-8,31096592","-36,03308802",SPRF-PE,DEL02-PE,UOP03-DEL02-PE
422599.0,2022-03-24,quinta-feira,22:00:00,PE,232,"4,3",RECIFE,Condutor deixou de manter distância do veículo da frente,Colisão traseira,Sem Vítimas,Plena Noite,Crescente,Chuva,Múltipla,Reta,Sim,2,0,0,0,2,0,0,2,"-8,064473","-34,936928",SPRF-PE,DEL01-PE,UOP01-DEL01-PE
422649.0,2022-03-17,quinta-feira,19:00:00,PE,232,"57,5",POMBOS,Acessar a via sem observar a presença dos outros veículos,Colisão traseira,Com Vítimas Feridas,Plena Noite,Decrescente,Céu Claro,Dupla,Retorno Regulamentado,Não,2,0,1,0,1,0,1,2,"-8,1412132","-35,38181492",SPRF-PE,DEL02-PE,UOP02-DEL02PE
422741.0,2022-03-26,sábado,00:30:00,PE,232,"512,3",SALGUEIRO,Animais na Pista,Tombamento,Com Vítimas Fatais,Plena Noite,Decrescente,Céu Claro,Simples,Reta,Não,3,1,1,0,0,1,1,2,"-8,07319601","-39,15511499",SPRF-PE,DEL05-PE,UOP01-DEL05-PE
422742.0,2022-03-26,sábado,00:00:00,PE,232,"113,3",BEZERROS,Ingestão de álcool pelo condutor,Saída de leito carroçável,Sem Vítimas,Plena Noite,Decrescente,Céu Claro,Dupla,Reta,Sim,1,0,0,0,0,1,0,1,"-8,29906533","-35,8402169",SPRF-PE,DEL02-PE,UOP02-DEL02PE
422752.0,2022-03-26,sábado,03:00:00,PE,101,"184,7",PALMARES,Demais falhas mecânicas ou elétricas,Incêndio,Sem Vítimas,Plena Noite,Crescente,Céu Claro,Dupla,Reta,Sim,1,0,0,0,1,0,0,1,"-8,66602702","-35,57292197",SPRF-PE,DEL01-PE,UOP01-DEL01-PE
422794.0,2022-02-26,sábado,21:30:00,PE,101,46,IGARASSU,Condutor deixou de manter distância do veículo da frente,Colisão traseira,Com Vítimas Feridas,Plena Noite,Decrescente,Céu Claro,Dupla,Reta,Sim,3,0,2,0,0,1,2,2,"-7,87406004","-34,90588126",SPRF-PE,DEL01-PE,UOP02-DEL01-PE
422801.0,2022-03-26,sábado,08:50:00,PE,232,105,BEZERROS,Ausência de reação do condutor,Saída de leito carroçável,Com Vítimas Feridas,Pleno dia,Crescente,Céu Claro,Dupla,Curva,Não,1,0,0,1,0,0,1,1,"-8,25830415","-35,78275595",SPRF-PE,DEL02-PE,UOP02-DEL02PE
422952.0,2022-03-27,domingo,00:15:00,PE,232,"170,5",BELO JARDIM,Ausência de reação do condutor,Queda de ocupante de veículo,Com Vítimas Feridas,Plena Noite,Decrescente,Céu Claro,Simples,Reta,Não,1,0,1,0,0,0,1,1,"-8,34074526","-36,34337092",SPRF-PE,DEL02-PE,UOP03-DEL02-PE
423023.0,2022-03-27,domingo,11:00:00,PE,101,46,IGARASSU,Ausência de reação do condutor,Colisão traseira,Com Vítimas Feridas,Pleno dia,Decrescente,Céu Claro,Múltipla,Reta,Sim,2,0,1,0,1,0,1,2,"-7,87406004","-34,90588126",SPRF-PE,DEL01-PE,UOP02-DEL01-PE
423062.0,2022-02-27,domingo,20:00:00,PE,232,131,CARUARU,Animais na Pista,Atropelamento de Animal,Com Vítimas Feridas,Plena Noite,Crescente,Céu Claro,Dupla,Reta,Sim,2,0,1,0,1,0,1,1,"-8,30366074","-36,00717729",SPRF-PE,DEL02-PE,UOP03-DEL02-PE
423151.0,2022-03-28,segunda-feira,00:30:00,PE,101,54,PAULISTA,Ausência de reação do condutor,Colisão com objeto,Com Vítimas Feridas,Plena Noite,Decrescente,Nublado,Dupla,Declive;Reta                  ,Sim,2,0,1,0,1,0,1,1,"-7,93961103","-34,90356584",SPRF-PE,DEL01-PE,UOP02-DEL01-PE
423168.0,2022-03-28,segunda-feira,05:15:00,PE,101,"38,4",IGARASSU,Acumulo de água sobre o pavimento,Colisão com objeto,Com Vítimas Feridas,Pleno dia,Crescente,Chuva,Dupla,Declive;Curva                 ,Sim,2,0,2,0,0,0,2,1,"-7,80600806","-34,92522908",SPRF-PE,DEL01-PE,UOP02-DEL01-PE
423264.0,2022-03-28,segunda-feira,14:21:00,PE,407,124,PETROLINA,Desrespeitar a preferência no cruzamento,Colisão transversal,Com Vítimas Feridas,Pleno dia,Decrescente,Céu Claro,Dupla,Rotatória,Sim,2,0,0,1,1,0,1,2,"-9,36929881","-40,54137139",SPRF-PE,DEL06-PE,UOP01-DEL06-PE
423306.0,2022-03-28,segunda-feira,18:25:00,PE,408,"99,6",SAO LOURENCO DA MATA,Ausência de reação do condutor,Saída de leito carroçável,Com Vítimas Feridas,Plena Noite,Crescente,Céu Claro,Dupla,Curva,Não,3,0,0,1,0,2,1,2,"-8,04133634","-35,02531212",SPRF-PE,DEL01-PE,UOP01-DEL01-PE
423382.0,2022-03-26,sábado,07:15:00,PE,316,303,FLORESTA,Acessar a via sem observar a presença dos outros veículos,Colisão transversal,Com Vítimas Feridas,Pleno dia,Decrescente,Céu Claro,Simples,Declive,Sim,5,0,1,0,4,0,1,2,"-8,6084332","-38,56904984",SPRF-PE,DEL04-PE,UOP01-DEL04-PE
423413.0,2022-03-29,terça-feira,14:40:00,PE,101,"46,9",IGARASSU,Reação tardia ou ineficiente do condutor,Tombamento,Com Vítimas Feridas,Pleno dia,Crescente,Céu Claro,Múltipla,Reta,Não,1,0,0,1,0,0,1,1,"-7,87406004","-34,90588126",SPRF-PE,DEL01-PE,UOP02-DEL01-PE
423472.0,2022-03-29,terça-feira,20:45:00,PE,101,67,RECIFE,Entrada inopinada do pedestre,Atropelamento de Pedestre,Sem Vítimas,Plena Noite,Decrescente,Nublado,Múltipla,Reta,Sim,2,0,0,0,1,1,0,2,"-8,042334","-34,943096",SPRF-PE,DEL01-PE,UOP01-DEL01-PE
423509.0,2022-03-30,quarta-feira,06:20:00,PE,101,54,PAULISTA,Condutor Dormindo,Colisão com objeto,Sem Vítimas,Pleno dia,Crescente,Céu Claro,Dupla,Ponte;Reta                    ,Não,1,0,0,0,0,1,0,1,"-7,93961103","-34,90356584",SPRF-PE,DEL01-PE,UOP02-DEL01-PE
423510.0,2022-03-18,sexta-feira,08:05:00,PE,428,"185,1",PETROLINA,Acesso irregular,Colisão transversal,Com Vítimas Feridas,Pleno dia,Crescente,Nublado,Simples,Reta,Sim,2,0,1,0,1,0,1,2,"-9,35344681","-40,47713578",SPRF-PE,DEL06-PE,UOP01-DEL06-PE
423519.0,2022-03-30,quarta-feira,07:00:00,PE,101,"71,3",RECIFE,Chuva,Queda de ocupante de veículo,Com Vítimas Feridas,Pleno dia,Decrescente,Chuva,Dupla,Reta,Sim,1,0,1,0,0,0,1,1,"-8,079487","-34,942966",SPRF-PE,DEL01-PE,UOP01-DEL01-PE
423530.0,2022-02-27,domingo,00:20:00,PE,104,"17,5",TAQUARITINGA DO NORTE,Reação tardia ou ineficiente do condutor,Colisão traseira,Com Vítimas Fatais,Plena Noite,Crescente,Garoa/Chuvisco,Simples,Reta,Sim,3,2,0,0,0,1,0,2,"-7,931927","-36,11956",SPRF-PE,DEL02-PE,UOP01-DEL02-PE
423550.0,2022-03-30,quarta-feira,08:50:00,PE,101,"70,9",RECIFE,Transitar no acostamento,Atropelamento de Pedestre,Com Vítimas Feridas,Pleno dia,Decrescente,Nublado,Dupla,Reta,Sim,2,0,2,0,0,0,2,2,"-8,07680479","-34,93051529",SPRF-PE,DEL01-PE,UOP01-DEL01-PE
423598.0,2022-03-22,terça-feira,20:30:00,PE,,,RECIFE,Acumulo de água sobre o pavimento,Eventos atípicos,Sem Vítimas,Plena Noite,Não Informado,Chuva,Dupla,Reta,Sim,5,0,0,0,5,0,0,1,"-8,108455","-34,927098",SPRF-PE,DEL01-PE,UOP01-DEL01-PE
423732.0,2022-03-28,segunda-feira,18:50:00,PE,407,124,PETROLINA,Transitar no acostamento,Colisão frontal,Com Vítimas Feridas,Plena Noite,Crescente,Nublado,Dupla,Reta,Sim,2,0,1,0,1,0,1,2,"-9,36929881","-40,54137139",SPRF-PE,DEL06-PE,UOP01-DEL06-PE
423745.0,2022-03-12,sábado,05:46:00,PE,232,6,RECIFE,Ingestão de álcool pelo condutor,Atropelamento de Pedestre,Com Vítimas Feridas,Pleno dia,Crescente,Sol,Dupla,Reta,Não,2,0,0,1,1,0,1,2,"-8,07079525","-34,9535389",SPRF-PE,DEL01-PE,UOP01-DEL01-PE
423829.0,2022-04-01,sexta-feira,00:05:00,PE,408,99,SAO LOURENCO DA MATA,Condutor deixou de manter distância do veículo da frente,Colisão traseira,Com Vítimas Feridas,Plena Noite,Decrescente,Garoa/Chuvisco,Dupla,Curva,Não,2,0,0,1,1,0,1,2,"-8,04133634","-35,02531212",SPRF-PE,DEL01-PE,UOP01-DEL01-PE
423860.0,2022-04-01,sexta-feira,06:45:00,PE,232,"409,5",SERRA TALHADA,Acessar a via sem observar a presença dos outros veículos,Colisão lateral mesmo sentido,Com Vítimas Feridas,Pleno dia,Crescente,Céu Claro,Simples,Interseção de Vias;Reta       ,Sim,3,0,2,1,0,0,3,2,"-7,981944","-38,289467",SPRF-PE,DEL04-PE,UOP01-DEL04-PE
424113.0,2022-04-02,sábado,11:15:00,PE,110,"246,5",JATOBA,Acessar a via sem observar a presença dos outros veículos,Colisão transversal,Com Vítimas Feridas,Pleno dia,Decrescente,Céu Claro,Simples,Reta,Não,5,0,3,0,2,0,3,2,"-9,18237078","-38,25635876",SPRF-BA,DEL07-BA,UOP01-DEL07-BA
424433.0,2022-04-03,domingo,21:00:00,PE,104,"107,2",CUPIRA,Transitar na contramão,Colisão frontal,Com Vítimas Feridas,Plena Noite,Crescente,Nublado,Simples,Reta,Não,4,0,2,1,1,0,3,2,"-8,589451","-35,95377",SPRF-PE,DEL02-PE,UOP01-DEL02-PE
424472.0,2022-04-03,domingo,23:00:00,PE,110,104,SERTANIA,Ingestão de álcool pelo condutor,Capotamento,Com Vítimas Feridas,Plena Noite,Crescente,Céu Claro,Simples,Curva,Não,1,0,1,0,0,0,1,1,"-8,3988809","-37,34819098",SPRF-PE,DEL03-PE,UOP02-DEL03-PE
424593.0,2022-04-01,sexta-feira,11:00:00,PE,232,256,ARCOVERDE,Ingestão de álcool pelo condutor,Colisão traseira,Com Vítimas Feridas,Pleno dia,Decrescente,Céu Claro,Simples,Reta,Não,2,0,2,0,0,0,2,2,"-8,40988226","-37,09335003",SPRF-PE,DEL03-PE,UOP02-DEL03-PE
424596.0,2022-04-01,sexta-feira,13:50:00,PE,408,"96,5",SAO LOURENCO DA MATA,Ingestão de álcool pelo condutor,Saída de leito carroçável,Com Vítimas Feridas,Pleno dia,Decrescente,Céu Claro,Dupla,Reta,Não,1,0,1,0,0,0,1,1,"-8,02062","-35,041045",SPRF-PE,DEL01-PE,UOP01-DEL01-PE
424623.0,2022-04-04,segunda-feira,18:40:00,PE,232,6,RECIFE,Pista esburacada,Tombamento,Com Vítimas Feridas,Plena Noite,Decrescente,Céu Claro,Dupla,Reta,Sim,1,0,0,1,0,0,1,1,"-8,07079525","-34,9535389",SPRF-PE,DEL01-PE,UOP01-DEL01-PE
424676.0,2022-04-05,terça-feira,07:00:00,PE,428,"187,2",PETROLINA,Ultrapassagem Indevida,Colisão lateral mesmo sentido,Sem Vítimas,Pleno dia,Crescente,Céu Claro,Simples,Em Obras,Sim,2,0,0,0,2,0,0,2,"-9,35604301","-40,47854198",SPRF-PE,DEL06-PE,UOP01-DEL06-PE
424707.0,2022-04-05,terça-feira,10:10:00,PE,232,"180,1",BELO JARDIM,Reação tardia ou ineficiente do condutor,Queda de ocupante de veículo,Com Vítimas Feridas,Pleno dia,Decrescente,Céu Claro,Simples,Reta,Sim,1,0,0,1,0,0,1,1,"-8,34449745","-36,4288801",SPRF-PE,DEL02-PE,UOP03-DEL02-PE
424715.0,2022-04-05,terça-feira,10:45:00,PE,101,71,RECIFE,Transitar na calçada,Atropelamento de Pedestre,Sem Vítimas,Pleno dia,Crescente,Céu Claro,Dupla,Reta,Sim,1,0,0,0,0,1,0,1,"-8,07663102","-34,94277871",SPRF-PE,DEL01-PE,UOP01-DEL01-PE
424732.0,2022-02-13,domingo,21:15:00,PE,232,"202,4",PESQUEIRA,Retorno proibido,Colisão transversal,Com Vítimas Feridas,Plena Noite,Crescente,Céu Claro,Simples,Reta,Não,2,0,1,0,1,0,1,2,"-8,37139106","-36,62566",SPRF-PE,DEL03-PE,UOP02-DEL03-PE
424790.0,2022-04-05,terça-feira,19:00:00,PE,424,94,GARANHUNS,Retorno proibido,Colisão transversal,Com Vítimas Feridas,Plena Noite,Crescente,Céu Claro,Simples,Reta,Não,2,0,1,0,0,1,1,2,"-8,91590392","-36,48883344",SPRF-PE,DEL03-PE,UOP01-DEL03-PE
424794.0,2022-04-05,terça-feira,19:30:00,PE,232,144,SAO CAITANO,Avarias e/ou desgaste excessivo no pneu,Tombamento,Com Vítimas Feridas,Plena Noite,Crescente,Céu Claro,Dupla,Curva,Não,2,0,1,1,0,0,2,1,"-8,32522249","-36,11250878",SPRF-PE,DEL02-PE,UOP03-DEL02-PE
424830.0,2022-04-05,terça-feira,23:17:00,PE,232,"6,4",RECIFE,Reação tardia ou ineficiente do condutor,Colisão traseira,Sem Vítimas,Plena Noite,Decrescente,Céu Claro,Múltipla,Reta,Não,2,0,0,0,2,0,0,2,"-8,07079525","-34,9535389",SPRF-PE,DEL01-PE,UOP01-DEL01-PE
424880.0,2022-04-05,terça-feira,17:00:00,PE,101,"18,9",GOIANA,Pista esburacada,Capotamento,Com Vítimas Feridas,Anoitecer,Crescente,Céu Claro,Dupla,Reta,Não,2,0,0,1,1,0,1,1,"-7,64778973","-34,95054569",SPRF-PE,DEL01-PE,UOP02-DEL01-PE
424908.0,2022-04-06,quarta-feira,13:10:00,PE,408,104,JABOATAO DOS GUARARAPES,Ausência de reação do condutor,Colisão com objeto,Sem Vítimas,Pleno dia,Decrescente,Nublado,Dupla,Reta,Sim,1,0,0,0,1,0,0,1,"-8,064443","-34,99006",SPRF-PE,DEL01-PE,UOP01-DEL01-PE
424916.0,2022-04-02,sábado,00:00:00,PE,101,"47,7",ABREU E LIMA,Ultrapassagem Indevida,Colisão lateral mesmo sentido,Com Vítimas Feridas,Plena Noite,Crescente,Céu Claro,Dupla,Aclive,Sim,4,0,2,0,2,0,2,3,"-7,88290701","-34,90461208",SPRF-PE,DEL01-PE,UOP02-DEL01-PE
424923.0,2022-04-06,quarta-feira,13:50:00,PE,101,"84,2",JABOATAO DOS GUARARAPES,Reação tardia ou ineficiente do condutor,Colisão lateral mesmo sentido,Com Vítimas Feridas,Pleno dia,Crescente,Céu Claro,Simples,Reta,Sim,3,0,0,1,2,0,1,3,"-8,17778559","-34,95087297",SPRF-PE,DEL01-PE,UOP01-DEL01-PE
425008.0,2022-04-06,quarta-feira,21:10:00,PE,428,73,SANTA MARIA DA BOA VISTA,Animais na Pista,Atropelamento de Animal,Com Vítimas Feridas,Plena Noite,Crescente,Céu Claro,Simples,Reta,Não,1,0,0,1,0,0,1,1,"-8,72018298","-39,774573",SPRF-PE,DEL06-PE,UOP03-DEL06-PE
425061.0,2022-04-07,quinta-feira,07:35:00,PE,101,76,RECIFE,Avarias e/ou desgaste excessivo no pneu,Colisão com objeto,Com Vítimas Feridas,Pleno dia,Decrescente,Céu Claro,Dupla,Reta,Sim,2,0,1,0,1,0,1,2,"-8,11813811","-34,94329214",SPRF-PE,DEL01-PE,UOP01-DEL01-PE
425070.0,2022-04-03,domingo,11:50:00,PE,104,"76,7",CARUARU,Acessar a via sem observar a presença dos outros veículos,Colisão transversal,Com Vítimas Feridas,Pleno dia,Crescente,Céu Claro,Simples,Reta,Não,2,0,1,0,1,0,1,2,"-8,367286","-35,985153",SPRF-PE,DEL02-PE,UOP01-DEL02-PE
425081.0,2022-04-02,sábado,23:40:00,PE,101,47,IGARASSU,Condutor deixou de manter distância do veículo da frente,Colisão traseira,Sem Vítimas,Plena Noite,Crescente,Chuva,Múltipla,Reta,Não,4,0,0,0,3,1,0,2,"-7,88290701","-34,90461208",SPRF-PE,DEL01-PE,UOP02-DEL01-PE
426066.0,2022-04-07,quinta-feira,16:45:00,PE,101,"49,5",ABREU E LIMA,Condutor desrespeitou a iluminação vermelha do semáforo,Colisão transversal,Com Vítimas Feridas,Pleno dia,Crescente,Céu Claro,Múltipla,Interseção de Vias,Sim,2,0,1,0,1,0,1,2,"-7,9005152","-34,90180641",SPRF-PE,DEL01-PE,UOP02-DEL01-PE
426094.0,2022-04-07,quinta-feira,16:30:00,PE,101,"66,8",RECIFE,Acessar a via sem observar a presença dos outros veículos,Colisão lateral mesmo sentido,Com Vítimas Feridas,Pleno dia,Crescente,Céu Claro,Múltipla,Curva,Sim,2,0,1,0,1,0,1,2,"-8,03368534","-34,94184125",SPRF-PE,DEL01-PE,UOP01-DEL01-PE
426140.0,2022-04-07,quinta-feira,21:00:00,PE,408,48,NAZARE DA MATA,Ausência de reação do condutor,Colisão com objeto,Sem Vítimas,Plena Noite,Decrescente,Céu Claro,Simples,Reta,Não,3,0,0,0,2,1,0,1,"-7,71258178","-35,23873456",SPRF-PE,DEL01-PE,UOP02-DEL01-PE
426977.0,2022-04-08,sexta-feira,11:20:00,PE,232,"121,3",CARUARU,Manobra de mudança de faixa,Colisão traseira,Sem Vítimas,Pleno dia,Crescente,Sol,Dupla,Aclive,Não,5,0,0,0,5,0,0,3,"-8,30018257","-35,91071184",SPRF-PE,DEL02-PE,UOP03-DEL02-PE
428110.0,2022-04-08,sexta-feira,14:33:00,PE,101,"193,4",PALMARES,Acumulo de água sobre o pavimento,Capotamento,Com Vítimas Feridas,Pleno dia,Crescente,Chuva,Dupla,Curva,Não,2,0,1,0,1,0,1,1,"-8,72157295","-35,60951373",SPRF-PE,DEL01-PE,UOP01-DEL01-PE
429187.0,2022-04-02,sábado,15:10:00,PE,101,81,JABOATAO DOS GUARARAPES,Acessar a via sem observar a presença dos outros veículos,Colisão lateral mesmo sentido,Com Vítimas Feridas,Pleno dia,Decrescente,Céu Claro,Dupla,Reta,Não,2,0,1,0,1,0,1,2,"-8,1597489","-34,94024569",SPRF-PE,DEL01-PE,UOP01-DEL01-PE
429445.0,2022-04-08,sexta-feira,12:05:00,PE,101,"46,9",IGARASSU,Retorno proibido,Colisão transversal,Sem Vítimas,Pleno dia,Crescente,Nublado,Múltipla,Reta,Sim,3,0,0,0,2,1,0,3,"-7,87406004","-34,90588126",SPRF-PE,DEL01-PE,UOP02-DEL01-PE
442589.0,2022-04-10,domingo,16:30:00,PE,232,"177,8",BELO JARDIM,Condutor deixou de manter distância do veículo da frente,Colisão traseira,Com Vítimas Feridas,Pleno dia,Decrescente,Céu Claro,Simples,Reta,Sim,2,0,0,1,1,0,1,2,"-8,34884045","-36,4032249",SPRF-PE,DEL02-PE,UOP03-DEL02-PE