id,data_inversa,dia_semana,horario,uf,br,km,municipio,causa_acidente,tipo_acidente,classificacao_acidente,fase_dia,sentido_via,condicao_metereologica,tipo_pista,tracado_via,uso_solo,pessoas,mortos,feridos_leves,feridos_graves,ilesos,ignorados,feridos,veiculos,latitude,longitude,regional,delegacia,uop
442617.0,2022-04-10,domingo,04:40:00,PE,232,428,SERRA TALHADA,Animais na Pista,Atropelamento de Animal,Com Vítimas Feridas,Amanhecer,Crescente,Céu Claro,Simples,Reta,Não,1,0,0,1,0,0,1,1,"-8,00264034","-38,45581999",SPRF-PE,DEL04-PE,UOP01-DEL04-PE
442620.0,2022-04-10,domingo,09:20:00,PE,316,83,OURICURI,Mal súbito do condutor,Queda de ocupante de veículo,Com Vítimas Feridas,Pleno dia,Crescente,Sol,Dupla,Reta,Sim,1,0,0,1,0,0,1,1,"-7,87803818","-40,0778383",SPRF-PE,DEL05-PE,UOP02-DEL05-PE
442640.0,2022-04-10,domingo,11:05:00,PE,232,"407,5",SERRA TALHADA,Condutor deixou de manter distância do veículo da frente,Colisão traseira,Com Vítimas Feridas,Pleno dia,Crescente,Céu Claro,Simples,Reta,Sim,2,0,1,0,1,0,1,2,"-7,9854402","-38,27148304",SPRF-PE,DEL04-PE,UOP01-DEL04-PE
442643.0,2022-04-10,domingo,14:00:00,PE,232,90,SAIRE,Ausência de reação do condutor,Colisão com objeto,Com Vítimas Feridas,Pleno dia,Crescente,Chuva,Dupla,Curva,Sim,1,0,1,0,0,0,1,1,"-8,2172915","-35,65572305",SPRF-PE,DEL02-PE,UOP02-DEL02PE
442657.0,2022-04-09,sábado,04:05:00,PE,316,26,ARARIPINA,Animais na Pista,Atropelamento de Animal,Com Vítimas Feridas,Plena Noite,Crescente,Ignorado,Simples,Reta,Não,1,0,0,1,0,0,1,1,"-7,60390506","-40,48995414",SPRF-PE,DEL05-PE,UOP02-DEL05-PE
442684.0,2022-04-09,sábado,13:20:00,PE,423,"135,9",CARUARU,Reação tardia ou ineficiente do condutor,Colisão traseira,Com Vítimas Feridas,Pleno dia,Decrescente,Céu Claro,Dupla,Declive;Reta                  ,Não,5,0,1,2,2,0,3,2,"-8,31346051","-36,04110003",SPRF-PE,DEL03-PE,UOP01-DEL03-PE
442726.0,2022-04-10,domingo,22:30:00,PE,104,81,AGRESTINA,Animais na Pista,Atropelamento de Animal,Sem Vítimas,Plena Noite,Crescente,Céu Claro,Simples,Reta,Não,2,0,0,0,2,0,0,1,"-8,406442","-35,971077",SPRF-PE,DEL02-PE,UOP01-DEL02-PE
442730.0,2022-04-10,domingo,22:30:00,PE,423,107,PARANATAMA,Reação tardia ou ineficiente do condutor,Colisão traseira,Com Vítimas Feridas,Plena Noite,Crescente,Céu Claro,Simples,Reta,Não,5,0,1,1,3,0,2,2,"-8,8839803","-36,58154392",SPRF-PE,DEL03-PE,UOP01-DEL03-PE
442752.0,2022-04-10,domingo,16:05:00,PE,428,183,PETROLINA,Velocidade Incompatível,Capotamento,Sem Vítimas,Pleno dia,Crescente,Céu Claro,Simples,Em Obras,Sim,1,0,0,0,0,1,0,1,"-9,34286612","-40,47180166",SPRF-PE,DEL06-PE,UOP01-DEL06-PE
442756.0,2022-04-01,sexta-feira,22:00:00,PE,428,189,PETROLINA,Ingestão de álcool pelo condutor,Colisão transversal,Sem Vítimas,Plena Noite,Decrescente,Céu Claro,Dupla,Interseção de Vias,Sim,2,0,0,0,2,0,0,2,"-9,37197508","-40,48679585",SPRF-PE,DEL06-PE,UOP01-DEL06-PE
442763.0,2022-04-11,segunda-feira,03:20:00,PE,232,"114,9",CARUARU,Transitar na contramão,Colisão frontal,Com Vítimas Fatais,Amanhecer,Crescente,Céu Claro,Dupla,Aclive;Reta                   ,Não,3,1,0,0,2,0,0,2,"-8,30028529","-35,84905306",SPRF-PE,DEL02-PE,UOP02-DEL02PE
442806.0,2022-04-11,segunda-feira,06:55:00,PE,104,"61,8",CARUARU,Acessar a via sem observar a presença dos outros veículos,Colisão transversal,Com Vítimas Feridas,Pleno dia,Decrescente,Céu Claro,Dupla,Retorno Regulamentado;Declive;,Sim,3,0,1,0,1,1,1,3,"-8,2529","-35,9751",SPRF-PE,DEL02-PE,UOP01-DEL02-PE
442808.0,2022-04-09,sábado,23:28:00,PE,101,56,PAULISTA,Iluminação deficiente,Atropelamento de Pedestre,Com Vítimas Fatais,Plena Noite,Crescente,Céu Claro,Múltipla,Reta,Sim,3,1,0,0,1,1,0,2,"-7,9554509","-34,91140727",SPRF-PE,DEL01-PE,UOP02-DEL01-PE
442887.0,2022-04-10,domingo,01:56:00,PE,423,64,CALCADO,Transitar na contramão,Colisão transversal,Com Vítimas Feridas,Plena Noite,Decrescente,Céu Claro,Simples,Reta,Não,3,0,0,1,2,0,1,2,"-8,66427961","-36,35636509",SPRF-PE,DEL03-PE,UOP01-DEL03-PE
442998.0,2022-04-09,sábado,05:35:00,PE,101,55,PAULISTA,Chuva,Queda de ocupante de veículo,Com Vítimas Feridas,Pleno dia,Decrescente,Chuva,Dupla,Reta,Sim,2,0,1,0,1,0,1,2,"-7,94806621","-34,9062148",SPRF-PE,DEL01-PE,UOP02-DEL01-PE
443009.0,2022-04-11,segunda-feira,19:30:00,PE,232,"16,6",JABOATAO DOS GUARARAPES,Manobra de mudança de faixa,Colisão lateral mesmo sentido,Com Vítimas Feridas,Plena Noite,Decrescente,Céu Claro,Dupla,Reta,Não,4,0,0,1,3,0,1,2,"-8,09414193","-35,03716601",SPRF-PE,DEL01-PE,UOP01-DEL01-PE
443028.0,2022-04-11,segunda-feira,19:55:00,PE,423,"85,9",SAO JOAO,Animais na Pista,Atropelamento de Animal,Com Vítimas Feridas,Plena Noite,Decrescente,Céu Claro,Simples,Reta,Não,2,0,2,0,0,0,2,1,"-8,80610593","-36,44168015",SPRF-PE,DEL03-PE,UOP01-DEL03-PE
443038.0,2022-04-11,segunda-feira,21:00:00,PE,232,179,BELO JARDIM,Ingestão de álcool pelo condutor,Colisão frontal,Com Vítimas Feridas,Plena Noite,Crescente,Céu Claro,Simples,Interseção de Vias,Sim,2,0,1,0,1,0,1,2,"-8,34353242","-36,4199731",SPRF-PE,DEL02-PE,UOP03-DEL02-PE
443047.0,2022-04-11,segunda-feira,21:40:00,PE,424,"84,8",GARANHUNS,Ingestão de álcool pelo condutor,Saída de leito carroçável,Com Vítimas Feridas,Plena Noite,Decrescente,Céu Claro,Simples,Curva,Não,1,0,0,1,0,0,1,1,"-8,84941934","-36,51641817",SPRF-PE,DEL03-PE,UOP01-DEL03-PE
443067.0,2022-04-11,segunda-feira,06:50:00,PE,316,59,TRINDADE,Acumulo de areia ou detritos sobre o pavimento,Tombamento,Com Vítimas Feridas,Amanhecer,Crescente,Nublado,Simples,Reta,Sim,2,0,1,0,0,1,1,1,"-7,76160912","-40,26138334",SPRF-PE,DEL05-PE,UOP02-DEL05-PE
443082.0,2022-04-09,sábado,19:20:00,PE,101,"68,8",RECIFE,Ingestão de álcool e/ou substâncias psicoativas pelo pedestre,Colisão traseira,Com Vítimas Feridas,Plena Noite,Decrescente,Céu Claro,Múltipla,Reta,Sim,3,0,1,0,2,0,1,3,"-8,057816","-34,946131",SPRF-PE,DEL01-PE,UOP01-DEL01-PE
443148.0,2022-04-12,terça-feira,10:50:00,PE,101,"80,5",JABOATAO DOS GUARARAPES,Manobra de mudança de faixa,Colisão lateral mesmo sentido,Sem Vítimas,Pleno dia,Crescente,Sol,Dupla,Reta,Não,1,0,0,0,1,0,0,1,"-8,15112589","-34,9428866",SPRF-PE,DEL01-PE,UOP01-DEL01-PE
443174.0,2022-04-12,terça-feira,09:45:00,PE,101,85,JABOATAO DOS GUARARAPES,Ausência de reação do condutor,Tombamento,Com Vítimas Feridas,Pleno dia,Crescente,Nublado,Dupla,Reta,Não,1,0,1,0,0,0,1,1,"-8,18065563","-34,95965322",SPRF-PE,DEL01-PE,UOP01-DEL01-PE
443179.0,2022-04-12,terça-feira,13:40:00,PE,101,"72,3",RECIFE,Mal súbito do condutor,Colisão traseira,Com Vítimas Feridas,Pleno dia,Crescente,Céu Claro,Dupla,Reta,Sim,2,0,1,0,1,0,1,2,"-8,08493106","-34,9450639",SPRF-PE,DEL01-PE,UOP01-DEL01-PE
443184.0,2022-04-09,sábado,23:20:00,PE,101,"70,4",RECIFE,Acessar a via sem observar a presença dos outros veículos,Colisão transversal,Sem Vítimas,Plena Noite,Crescente,Céu Claro,Dupla,Reta,Não,2,0,0,0,1,1,0,2,"-8,06776119","-34,94265074",SPRF-PE,DEL01-PE,UOP01-DEL01-PE
443232.0,2022-04-12,terça-feira,17:00:00,PE,408,"65,5",CARPINA,Acessar a via sem observar a presença dos outros veículos,Atropelamento de Pedestre,Com Vítimas Feridas,Anoitecer,Decrescente,Céu Claro,Múltipla,Reta,Sim,3,0,0,1,1,1,1,2,"-7,85059029","-35,23198016",SPRF-PE,DEL01-PE,UOP01-DEL01-PE
443255.0,2022-04-09,sábado,04:15:00,PE,101,"66,9",RECIFE,Manobra de mudança de faixa,Colisão com objeto,Com Vítimas Feridas,Amanhecer,Decrescente,Garoa/Chuvisco,Dupla,Reta,Sim,3,0,1,0,1,1,1,2,"-8,03368534","-34,94184125",SPRF-PE,DEL01-PE,UOP01-DEL01-PE
443273.0,2022-04-12,terça-feira,20:15:00,PE,423,"93,7",GARANHUNS,Desrespeitar a preferência no cruzamento,Colisão transversal,Com Vítimas Feridas,Plena Noite,Decrescente,Céu Claro,Simples,Curva;Interseção de Vias      ,Sim,4,0,1,0,3,0,1,2,"-8,8740368","-36,46941662",SPRF-PE,DEL03-PE,UOP01-DEL03-PE
443301.0,2022-04-13,quarta-feira,03:00:00,PE,232,19,JABOATAO DOS GUARARAPES,Reação tardia ou ineficiente do condutor,Saída de leito carroçável,Com Vítimas Feridas,Plena Noite,Decrescente,Chuva,Dupla,Curva,Não,3,0,3,0,0,0,3,1,"-8,098483","-35,063718",SPRF-PE,DEL01-PE,UOP01-DEL01-PE
443363.0,2022-04-13,quarta-feira,07:13:00,PE,101,83,JABOATAO DOS GUARARAPES,Transitar no acostamento,Colisão transversal,Sem Vítimas,Pleno dia,Crescente,Céu Claro,Simples,Reta,Sim,2,0,0,0,2,0,0,2,"-8,175172","-34,942642",SPRF-PE,DEL01-PE,UOP01-DEL01-PE
443421.0,2022-04-09,sábado,11:45:00,PE,408,"96,4",SAO LOURENCO DA MATA,Ausência de reação do condutor,Saída de leito carroçável,Com Vítimas Feridas,Pleno dia,Decrescente,Sol,Dupla,Declive,Não,1,0,1,0,0,0,1,1,"-8,0258","-35,038433",SPRF-PE,DEL01-PE,UOP01-DEL01-PE
443425.0,2022-04-05,terça-feira,12:40:00,PE,101,70,RECIFE,Retorno proibido,Colisão transversal,Com Vítimas Feridas,Pleno dia,Crescente,Céu Claro,Dupla,Reta,Sim,2,0,1,0,1,0,1,2,"-8,06776119","-34,94265074",SPRF-PE,DEL01-PE,UOP01-DEL01-PE
443461.0,2022-04-13,quarta-feira,13:30:00,PE,232,"129,5",CARUARU,Demais falhas mecânicas ou elétricas,Incêndio,Sem Vítimas,Pleno dia,Decrescente,Céu Claro,Dupla,Reta,Sim,2,0,0,0,2,0,0,1,"-8,30193507","-35,98092002",SPRF-PE,DEL02-PE,UOP03-DEL02-PE
443465.0,2022-04-13,quarta-feira,14:00:00,PE,116,24,SALGUEIRO,Reação tardia ou ineficiente do condutor,Colisão transversal,Sem Vítimas,Pleno dia,Decrescente,Céu Claro,Simples,Reta,Sim,2,0,0,0,2,0,0,2,"-8,052562","-39,13718",SPRF-PE,DEL05-PE,UOP01-DEL05-PE
443491.0,2022-04-13,quarta-feira,16:58:00,PE,101,"42,6",IGARASSU,Demais falhas na via,Colisão traseira,Com Vítimas Feridas,Pleno dia,Decrescente,Céu Claro,Múltipla,Interseção de Vias,Sim,3,0,1,0,2,0,1,3,"-7,83887431","-34,91196739",SPRF-PE,DEL01-PE,UOP02-DEL01-PE
443633.0,2022-03-13,domingo,04:45:00,PE,424,91,GARANHUNS,Animais na Pista,Atropelamento de Animal,Com Vítimas Feridas,Plena Noite,Crescente,Nevoeiro/Neblina,Simples,Reta,Sim,1,0,1,0,0,0,1,1,"-8,90409633","-36,49974647",SPRF-PE,DEL03-PE,UOP01-DEL03-PE
443702.0,2022-04-14,quinta-feira,15:40:00,PE,101,51,PAULISTA,Pedestre cruzava a pista fora da faixa,Atropelamento de Pedestre,Com Vítimas Feridas,Pleno dia,Decrescente,Sol,Múltipla,Reta,Sim,2,0,0,1,1,0,1,2,"-7,9169968","-34,89689272",SPRF-PE,DEL01-PE,UOP02-DEL01-PE
443703.0,2022-04-14,quinta-feira,15:00:00,PE,428,18,CABROBO,Demais falhas mecânicas ou elétricas,Capotamento,Com Vítimas Feridas,Pleno dia,Crescente,Céu Claro,Simples,Reta,Não,1,0,1,0,0,0,1,1,"-8,49575154","-39,37941594",SPRF-PE,DEL05-PE,UOP03-DEL05-PE
443754.0,2022-04-14,quinta-feira,18:20:00,PE,101,"126,8",ESCADA,Retorno proibido,Colisão transversal,Com Vítimas Feridas,Plena Noite,Crescente,Céu Claro,Dupla,Reta,Sim,2,0,1,0,0,1,1,2,"-8,36958202","-35,22919699",SPRF-PE,DEL01-PE,UOP03-DEL01-PE
443764.0,2022-04-14,quinta-feira,17:55:00,PE,428,"183,7",PETROLINA,Condutor deixou de manter distância do veículo da frente,Colisão transversal,Com Vítimas Feridas,Anoitecer,Decrescente,Céu Claro,Simples,Reta,Não,3,0,2,0,1,0,2,2,"-9,32412987","-40,46211325",SPRF-PE,DEL06-PE,UOP01-DEL06-PE
443778.0,2022-04-14,quinta-feira,19:45:00,PE,101,41,IGARASSU,Ingestão de álcool pelo condutor,Colisão transversal,Com Vítimas Feridas,Plena Noite,Crescente,Céu Claro,Dupla,Reta,Sim,2,0,0,1,0,1,1,2,"-7,83038346","-34,91426785",SPRF-PE,DEL01-PE,UOP02-DEL01-PE
443793.0,2022-04-14,quinta-feira,18:46:00,PE,104,"65,9",CARUARU,Acessar a via sem observar a presença dos outros veículos,Colisão transversal,Com Vítimas Feridas,Anoitecer,Crescente,Céu Claro,Dupla,Reta,Sim,2,0,1,0,1,0,1,2,"-8,2867","-35,9838",SPRF-PE,DEL02-PE,UOP01-DEL02-PE
443813.0,2022-04-14,quinta-feira,22:00:00,PE,316,141,PARNAMIRIM,Animais na Pista,Saída de leito carroçável,Com Vítimas Feridas,Plena Noite,Decrescente,Céu Claro,Simples,Reta,Não,2,0,2,0,0,0,2,1,"-8,08325373","-39,60839488",SPRF-PE,DEL05-PE,UOP02-DEL05-PE
443832.0,2022-04-15,sexta-feira,00:40:00,PE,428,188,PETROLINA,Ingestão de álcool pelo condutor,Colisão transversal,Com Vítimas Feridas,Plena Noite,Crescente,Nublado,Simples,Rotatória,Sim,3,0,3,0,0,0,3,2,"-9,36400596","-40,48266808",SPRF-PE,DEL06-PE,UOP01-DEL06-PE
443847.0,2022-04-15,sexta-feira,05:10:00,PE,101,"177,1",JOAQUIM NABUCO,Ausência de reação do condutor,Saída de leito carroçável,Com Vítimas Feridas,Pleno dia,Crescente,Céu Claro,Dupla,Curva,Não,3,0,2,0,1,0,2,1,"-8,60296585","-35,535297",SPRF-PE,DEL01-PE,UOP01-DEL01-PE
443850.0,2022-04-15,sexta-feira,06:00:00,PE,104,42,CARUARU,Ausência de reação do condutor,Atropelamento de Pedestre,Com Vítimas Feridas,Pleno dia,Crescente,Céu Claro,Dupla,Curva,Não,2,0,2,0,0,0,2,2,"-8,1065","-36,0218",SPRF-PE,DEL02-PE,UOP01-DEL02-PE
443967.0,2022-04-15,sexta-feira,17:16:00,PE,316,88,OURICURI,Transitar no acostamento,Colisão frontal,Com Vítimas Feridas,Anoitecer,Crescente,Céu Claro,Simples,Reta,Não,3,0,2,1,0,0,3,2,"-7,8964789","-40,04641196",SPRF-PE,DEL05-PE,UOP02-DEL05-PE
443976.0,2022-04-15,sexta-feira,18:00:00,PE,101,124,ESCADA,Manobra de mudança de faixa,Capotamento,Com Vítimas Feridas,Plena Noite,Decrescente,Céu Claro,Dupla,Reta,Não,2,0,1,0,1,0,1,1,"-8,361745","-35,213108",SPRF-PE,DEL01-PE,UOP03-DEL01-PE
443996.0,2022-04-15,sexta-feira,23:35:00,PE,428,181,PETROLINA,Animais na Pista,Atropelamento de Animal,Com Vítimas Feridas,Plena Noite,Crescente,Céu Claro,Simples,Reta,Não,1,0,0,1,0,0,1,1,"-9,30816981","-40,45390137",SPRF-PE,DEL06-PE,UOP01-DEL06-PE
443999.0,2022-04-15,sexta-feira,23:18:00,PE,316,25,ARARIPINA,Conversão proibida,Colisão transversal,Com Vítimas Feridas,Plena Noite,Decrescente,Céu Claro,Simples,Reta;Interseção de Vias       ,Sim,2,0,0,1,0,1,1,2,"-7,56254381","-40,53207457",SPRF-PE,DEL05-PE,UOP02-DEL05-PE
444009.0,2022-04-16,sábado,02:15:00,PE,408,"65,8",CARPINA,Transitar na contramão,Colisão frontal,Com Vítimas Fatais,Plena Noite,Decrescente,Céu Claro,Múltipla,Viaduto,Sim,4,1,2,0,1,0,2,2,"-7,85059029","-35,23198016",SPRF-PE,DEL01-PE,UOP01-DEL01-PE
444147.0,2022-04-16,sábado,19:30:00,PE,232,"194,5",SANHARO,Ausência de reação do condutor,Colisão frontal,Com Vítimas Feridas,Plena Noite,Crescente,Chuva,Simples,Reta,Sim,2,0,1,0,1,0,1,2,"-8,36209062","-36,55441109",SPRF-PE,DEL03-PE,UOP02-DEL03-PE
444168.0,2022-04-16,sábado,23:00:00,PE,232,"121,9",CARUARU,Ausência de reação do condutor,Saída de leito carroçável,Com Vítimas Feridas,Plena Noite,Crescente,Céu Claro,Dupla,Aclive,Não,1,0,1,0,0,0,1,1,"-8,302858","-35,922764",SPRF-PE,DEL02-PE,UOP03-DEL02-PE
444173.0,2022-04-17,domingo,01:05:00,PE,232,"201,4",PESQUEIRA,Transitar na contramão,Colisão frontal,Sem Vítimas,Plena Noite,Crescente,Nublado,Simples,Aclive,Não,2,0,0,0,2,0,0,2,"-8,370956","-36,61814",SPRF-PE,DEL03-PE,UOP02-DEL03-PE
444198.0,2022-04-17,domingo,03:30:00,PE,232,"225,3",PESQUEIRA,Condutor deixou de manter distância do veículo da frente,Colisão lateral mesmo sentido,Com Vítimas Fatais,Amanhecer,Decrescente,Céu Claro,Simples,Reta,Não,3,1,0,1,0,1,1,2,"-8,40348197","-36,82849199",SPRF-PE,DEL03-PE,UOP02-DEL03-PE
444208.0,2022-04-17,domingo,06:00:00,PE,232,"30,1",MORENO,Velocidade Incompatível,Saída de leito carroçável,Sem Vítimas,Amanhecer,Decrescente,Ignorado,Dupla,Declive;Curva                 ,Não,1,0,0,0,0,1,0,1,"-8,110809","-35,15445",SPRF-PE,DEL01-PE,UOP01-DEL01-PE
444250.0,2022-04-17,domingo,08:30:00,PE,101,112,IPOJUCA,Velocidade Incompatível,Capotamento,Com Vítimas Feridas,Pleno dia,Decrescente,Chuva,Dupla,Curva,Não,1,0,0,1,0,0,1,1,"-8,33107097","-35,12666499",SPRF-PE,DEL01-PE,UOP01-DEL01-PE
444254.0,2022-04-17,domingo,08:30:00,PE,101,143,RIBEIRAO,Pista Escorregadia,Saída de leito carroçável,Sem Vítimas,Pleno dia,Crescente,Nublado,Dupla,Reta,Não,1,0,0,0,0,1,0,1,"-8,44891304","-35,34974899",SPRF-PE,DEL01-PE,UOP01-DEL01-PE
444270.0,2022-04-17,domingo,13:27:00,PE,101,67,RECIFE,Condutor deixou de manter distância do veículo da frente,Colisão traseira,Sem Vítimas,Pleno dia,Crescente,Céu Claro,Dupla,Reta,Sim,3,0,0,0,1,2,0,2,"-8,042334","-34,943096",SPRF-PE,DEL01-PE,UOP01-DEL01-PE
444276.0,2022-04-17,domingo,12:45:00,PE,232,97,BEZERROS,Reação tardia ou ineficiente do condutor,Saída de leito carroçável,Sem Vítimas,Pleno dia,Crescente,Céu Claro,Dupla,Reta,Não,1,0,0,0,1,0,0,1,"-8,23379718","-35,71628894",SPRF-PE,DEL02-PE,UOP02-DEL02PE
444286.0,2022-04-17,domingo,15:25:00,PE,101,72,RECIFE,Acessar a via sem observar a presença dos outros veículos,Colisão transversal,Com Vítimas Feridas,Pleno dia,Decrescente,Céu Claro,Dupla,Viaduto,Sim,2,0,1,0,1,0,1,2,"-8,08493106","-34,9450639",SPRF-PE,DEL01-PE,UOP01-DEL01-PE
444387.0,2022-04-17,domingo,19:48:00,PE,423,73,JUPI,Demais falhas mecânicas ou elétricas,Colisão traseira,Sem Vítimas,Plena Noite,Crescente,Céu Claro,Simples,Reta,Não,3,0,0,0,3,0,0,2,"-8,709851","-36,41926432",SPRF-PE,DEL03-PE,UOP01-DEL03-PE
444395.0,2022-04-17,domingo,20:00:00,PE,232,16,JABOATAO DOS GUARARAPES,Ausência de reação do condutor,Saída de leito carroçável,Com Vítimas Feridas,Plena Noite,Decrescente,Céu Claro,Múltipla,Reta;Declive                  ,Não,3,0,3,0,0,0,3,1,"-8,09414193","-35,03716601",SPRF-PE,DEL01-PE,UOP01-DEL01-PE
444417.0,2022-04-17,domingo,20:39:00,PE,407,"96,8",PETROLINA,Conversão proibida,Colisão transversal,Com Vítimas Feridas,Plena Noite,Crescente,Nublado,Simples,Reta,Não,9,0,9,0,0,0,9,2,"-9,14088793","-40,63665252",SPRF-PE,DEL06-PE,UOP02-DEL06-PE
444519.0,2022-04-18,segunda-feira,09:40:00,PE,232,104,BEZERROS,Velocidade Incompatível,Saída de leito carroçável,Com Vítimas Feridas,Pleno dia,Decrescente,Céu Claro,Dupla,Reta,Não,2,0,2,0,0,0,2,1,"-8,2553139","-35,77427504",SPRF-PE,DEL02-PE,UOP02-DEL02PE
444537.0,2022-04-18,segunda-feira,11:25:00,PE,101,80,JABOATAO DOS GUARARAPES,Pedestre cruzava a pista fora da faixa,Colisão lateral mesmo sentido,Com Vítimas Feridas,Pleno dia,Decrescente,Céu Claro,Múltipla,Rotatória,Não,2,0,1,0,1,0,1,2,"-8,15233899","-34,94251013",SPRF-PE,DEL01-PE,UOP01-DEL01-PE
444614.0,2022-04-18,segunda-feira,18:00:00,PE,101,"51,7",ABREU E LIMA,Estacionar ou parar em local proibido,Colisão lateral mesmo sentido,Com Vítimas Feridas,Plena Noite,Crescente,Vento,Múltipla,Reta,Sim,4,0,1,0,3,0,1,2,"-7,9169968","-34,89689272",SPRF-PE,DEL01-PE,UOP02-DEL01-PE
444641.0,2022-04-18,segunda-feira,20:52:00,PE,101,"65,3",RECIFE,Manobra de mudança de faixa,Colisão lateral mesmo sentido,Com Vítimas Feridas,Plena Noite,Decrescente,Nublado,Dupla,Reta,Sim,4,0,0,1,0,3,1,3,"-8,02478597","-34,94276635",SPRF-PE,DEL01-PE,UOP01-DEL01-PE
444650.0,2022-04-18,segunda-feira,19:20:00,PE,110,248,JATOBA,Transitar na contramão,Colisão lateral sentido oposto,Sem Vítimas,Plena Noite,Crescente,Céu Claro,Simples,Reta;Aclive                   ,Não,3,0,0,0,2,1,0,2,"-9,19613583","-38,24474374",SPRF-BA,DEL07-BA,UOP01-DEL07-BA
444734.0,2022-04-19,terça-feira,11:22:00,PE,232,"8,9",RECIFE,Ausência de reação do condutor,Colisão traseira,Com Vítimas Feridas,Pleno dia,Decrescente,Céu Claro,Dupla,Em Obras;Reta;Viaduto         ,Não,3,0,1,0,1,1,1,3,"-8,07764447","-34,97863609",SPRF-PE,DEL01-PE,UOP01-DEL01-PE
444760.0,2022-04-19,terça-feira,12:45:00,PE,101,136,ESCADA,Velocidade Incompatível,Saída de leito carroçável,Com Vítimas Feridas,Pleno dia,Decrescente,Garoa/Chuvisco,Dupla,Curva,Não,2,0,1,1,0,0,2,1,"-8,41439454","-35,3044618",SPRF-PE,DEL01-PE,UOP03-DEL01-PE
444826.0,2022-04-19,terça-feira,17:00:00,PE,101,"0,8",JABOATAO DOS GUARARAPES,Acessar a via sem observar a presença dos outros veículos,Colisão lateral mesmo sentido,Com Vítimas Feridas,Pleno dia,Crescente,Ignorado,Simples,Reta,Sim,2,0,1,0,0,1,1,2,"-8,18452","-34,951969",SPRF-PE,DEL01-PE,UOP01-DEL01-PE
444839.0,2022-04-19,terça-feira,19:55:00,PE,232,"410,9",SERRA TALHADA,Animais na Pista,Atropelamento de Animal,Com Vítimas Feridas,Plena Noite,Crescente,Céu Claro,Simples,Reta,Sim,1,0,1,0,0,0,1,1,"-7,98261841","-38,30039606",SPRF-PE,DEL04-PE,UOP01-DEL04-PE
444874.0,2022-04-20,quarta-feira,05:07:00,PE,101,60,RECIFE,Ausência de sinalização,Colisão traseira,Sem Vítimas,Amanhecer,Decrescente,Chuva,Dupla,Curva,Sim,2,0,0,0,2,0,0,2,"-7,98344307","-34,93176727",SPRF-PE,DEL01-PE,UOP02-DEL01-PE
444880.0,2022-04-20,quarta-feira,06:25:00,PE,428,"183,6",PETROLINA,Condutor deixou de manter distância do veículo da frente,Colisão lateral mesmo sentido,Com Vítimas Feridas,Pleno dia,Crescente,Nublado,Simples,Reta,Não,3,0,1,0,2,0,1,2,"-9,33994412","-40,4702347",SPRF-PE,DEL06-PE,UOP01-DEL06-PE
444906.0,2022-04-11,segunda-feira,09:00:00,PE,,,TORITAMA,Pista esburacada,Queda de ocupante de veículo,Sem Vítimas,Pleno dia,Não Informado,Céu Claro,Simples,Curva,Sim,1,0,0,0,1,0,0,1,"-8,01492252","-36,05035197",SPRF-PE,DEL02-PE,UOP01-DEL02-PE
444917.0,2022-04-12,terça-feira,11:50:00,PE,101,69,RECIFE,Afundamento ou ondulação no pavimento,Colisão com objeto,Sem Vítimas,Pleno dia,Crescente,Sol,Múltipla,Interseção de Vias,Sim,1,0,0,0,1,0,0,1,"-8,05951606","-34,94581024",SPRF-PE,DEL01-PE,UOP01-DEL01-PE
444938.0,2022-04-20,quarta-feira,11:45:00,PE,424,31,VENTUROSA,Ingestão de álcool pelo condutor,Colisão com objeto,Com Vítimas Feridas,Pleno dia,Decrescente,Céu Claro,Simples,Reta,Não,1,0,1,0,0,0,1,1,"-8,58584693","-36,86803193",SPRF-PE,DEL04-PE,UOP02-DEL04-PE
445066.0,2022-04-20,quarta-feira,21:30:00,PE,101,"85,4",JABOATAO DOS GUARARAPES,Ingestão de álcool pelo condutor,Colisão transversal,Sem Vítimas,Plena Noite,Crescente,Céu Claro,Simples,Reta,Sim,3,0,0,0,3,0,0,3,"-8,18464499","-34,95201588",SPRF-PE,DEL01-PE,UOP01-DEL01-PE
445105.0,2022-04-09,sábado,07:00:00,PE,428,191,PETROLINA,Ingestão de álcool pelo condutor,Colisão traseira,Sem Vítimas,Pleno dia,Decrescente,Céu Claro,Múltipla,Reta,Sim,2,0,0,0,2,0,0,2,"-9,37766429","-40,50269795",SPRF-PE,DEL06-PE,UOP01-DEL06-PE
445207.0,2022-04-21,quinta-feira,13:10:00,PE,316,303,FLORESTA,Reação tardia ou ineficiente do condutor,Colisão com objeto,Sem Vítimas,Pleno dia,Decrescente,Céu Claro,Simples,Reta,Sim,2,0,0,0,2,0,0,1,"-8,60774626","-38,57879405",SPRF-PE,DEL04-PE,UOP03-DEL04-PE
445208.0,2022-04-21,quinta-feira,19:35:00,PE,232,"10,6",JABOATAO DOS GUARARAPES,Pista em desnível,Tombamento,Com Vítimas Feridas,Plena Noite,Crescente,Céu Claro,Dupla,Em Obras,Sim,2,0,1,1,0,0,2,1,"-8,07917241","-34,98718609",SPRF-PE,DEL01-PE,UOP01-DEL01-PE
445249.0,2022-04-22,sexta-feira,01:53:00,PE,101,"84,6",JABOATAO DOS GUARARAPES,Ausência de reação do condutor,Colisão traseira,Sem Vítimas,Plena Noite,Decrescente,Céu Claro,Dupla,Ponte,Não,2,0,0,0,0,2,0,2,"-8,180113","-34,95871",SPRF-PE,DEL01-PE,UOP01-DEL01-PE