id,data_inversa,dia_semana,horario,uf,br,km,municipio,causa_acidente,tipo_acidente,classificacao_acidente,fase_dia,sentido_via,condicao_metereologica,tipo_pista,tracado_via,uso_solo,pessoas,mortos,feridos_leves,feridos_graves,ilesos,ignorados,feridos,veiculos,latitude,longitude,regional,delegacia,uop
445353.0,2022-04-22,sexta-feira,15:20:00,PE,316,366,PETROLANDIA,Ingestão de álcool pelo condutor,Colisão lateral mesmo sentido,Com Vítimas Feridas,Pleno dia,Decrescente,Sol,Simples,Reta,Não,3,0,3,0,0,0,3,2,"-8,97062593","-38,21759485",SPRF-PE,DEL04-PE,UOP03-DEL04-PE
445355.0,2022-04-22,sexta-feira,16:30:00,PE,408,"57,3",NAZARE DA MATA,Manobra de mudança de faixa,Colisão lateral mesmo sentido,Com Vítimas Feridas,Pleno dia,Crescente,Sol,Simples,Reta,Não,3,0,2,0,1,0,2,2,"-7,791459","-35,244153",SPRF-PE,DEL01-PE,UOP01-DEL01-PE
445401.0,2022-04-22,sexta-feira,18:30:00,PE,232,132,CARUARU,Afundamento ou ondulação no pavimento,Queda de ocupante de veículo,Com Vítimas Feridas,Plena Noite,Crescente,Céu Claro,Dupla,Reta,Sim,2,0,2,0,0,0,2,1,"-8,3036244","-36,00710089",SPRF-PE,DEL02-PE,UOP01-DEL02-PE
445436.0,2022-04-23,sábado,01:05:00,PE,101,64,RECIFE,Condutor Dormindo,Saída de leito carroçável,Com Vítimas Feridas,Plena Noite,Crescente,Chuva,Dupla,Reta,Sim,1,0,1,0,0,0,1,1,"-8,0162921","-34,94045886",SPRF-PE,DEL01-PE,UOP01-DEL01-PE
445462.0,2022-04-23,sábado,03:00:00,PE,232,7,RECIFE,Objeto estático sobre o leito carroçável,Colisão com objeto,Sem Vítimas,Plena Noite,Crescente,Chuva,Dupla,Reta,Não,1,0,0,0,1,0,0,1,"-8,07333497","-34,96184301",SPRF-PE,DEL01-PE,UOP01-DEL01-PE
445569.0,2022-01-01,sábado,19:30:00,PE,101,106,CABO DE SANTO AGOSTINHO,Demais falhas mecânicas ou elétricas,Tombamento,Com Vítimas Feridas,Plena Noite,Crescente,Céu Claro,Múltipla,Reta,Não,2,0,1,1,0,0,2,1,"-8,30807754","-35,07573296",SPRF-PE,DEL01-PE,UOP03-DEL01-PE
445587.0,2022-04-23,sábado,17:50:00,PE,316,128,PARNAMIRIM,Animais na Pista,Queda de ocupante de veículo,Com Vítimas Fatais,Plena Noite,Crescente,Nublado,Simples,Reta,Não,1,1,0,0,0,0,0,1,"-8,03658073","-39,71547989",SPRF-PE,DEL05-PE,UOP02-DEL05-PE
445727.0,2022-04-24,domingo,10:38:00,PE,101,46,IGARASSU,Afundamento ou ondulação no pavimento,Colisão frontal,Com Vítimas Feridas,Pleno dia,Decrescente,Sol,Múltipla,Reta,Sim,3,0,0,1,2,0,1,2,"-7,87406004","-34,90588126",SPRF-PE,DEL01-PE,UOP02-DEL01-PE
445764.0,2022-04-24,domingo,15:00:00,PE,101,67,RECIFE,Ultrapassagem Indevida,Colisão lateral mesmo sentido,Com Vítimas Feridas,Pleno dia,Decrescente,Sol,Dupla,Reta,Sim,3,0,2,0,1,0,2,2,"-8,04213391","-34,94283736",SPRF-PE,DEL01-PE,UOP01-DEL01-PE
445775.0,2022-04-24,domingo,16:30:00,PE,101,"59,9",RECIFE,Condutor deixou de manter distância do veículo da frente,Colisão traseira,Com Vítimas Feridas,Pleno dia,Crescente,Céu Claro,Dupla,Reta,Sim,3,0,2,0,1,0,2,2,"-7,98344307","-34,93176727",SPRF-PE,DEL01-PE,UOP02-DEL01-PE
445802.0,2022-04-24,domingo,18:05:00,PE,424,81,CAETES,Falta de acostamento,Atropelamento de Animal,Com Vítimas Feridas,Plena Noite,Decrescente,Céu Claro,Simples,Declive;Reta                  ,Não,2,0,1,1,0,0,2,2,"-8,83566196","-36,53934997",SPRF-PE,DEL03-PE,UOP01-DEL03-PE
445812.0,2022-04-24,domingo,18:42:00,PE,428,185,PETROLINA,Condutor deixou de manter distância do veículo da frente,Colisão traseira,Com Vítimas Feridas,Plena Noite,Crescente,Céu Claro,Simples,Reta,Sim,4,0,0,1,1,2,1,3,"-9,34009199","-40,47032001",SPRF-PE,DEL06-PE,UOP01-DEL06-PE
445820.0,2022-04-24,domingo,17:45:00,PE,232,"210,8",PESQUEIRA,Reação tardia ou ineficiente do condutor,Colisão com objeto,Com Vítimas Fatais,Anoitecer,Crescente,Céu Claro,Simples,Reta,Não,1,1,0,0,0,0,0,1,"-8,36537624","-36,69766903",SPRF-PE,DEL03-PE,UOP02-DEL03-PE
445892.0,2022-04-25,segunda-feira,02:20:00,PE,104,53,CARUARU,Velocidade Incompatível,Colisão traseira,Sem Vítimas,Plena Noite,Decrescente,Nublado,Dupla,Reta,Sim,2,0,0,0,2,0,0,2,"-8,1837","-35,967",SPRF-PE,DEL02-PE,UOP01-DEL02-PE
445951.0,2022-04-25,segunda-feira,08:58:00,PE,101,51,ABREU E LIMA,Ausência de reação do condutor,Colisão com objeto,Com Vítimas Feridas,Pleno dia,Crescente,Chuva,Simples,Reta,Sim,1,0,1,0,0,0,1,1,"-7,9169968","-34,89689272",SPRF-PE,DEL01-PE,UOP02-DEL01-PE
446027.0,2022-04-25,segunda-feira,17:30:00,PE,101,"59,7",RECIFE,Ausência de reação do condutor,Colisão traseira,Com Vítimas Feridas,Anoitecer,Crescente,Céu Claro,Múltipla,Curva;Aclive                  ,Não,3,0,1,0,2,0,1,2,"-7,97701088","-34,92619157",SPRF-PE,DEL01-PE,UOP02-DEL01-PE
446056.0,2022-04-25,segunda-feira,19:30:00,PE,104,"98,9",CUPIRA,Frear bruscamente,Colisão traseira,Com Vítimas Feridas,Plena Noite,Decrescente,Céu Claro,Simples,Reta,Não,3,0,2,0,1,0,2,2,"-8,555543","-35,943687",SPRF-PE,DEL02-PE,UOP03-DEL02-PE
446067.0,2022-04-25,segunda-feira,19:15:00,PE,232,408,SERRA TALHADA,Acessar a via sem observar a presença dos outros veículos,Colisão transversal,Com Vítimas Feridas,Plena Noite,Decrescente,Nublado,Simples,Interseção de Vias,Sim,3,0,1,1,0,1,2,2,"-7,9834","-38,2825",SPRF-PE,DEL04-PE,UOP01-DEL04-PE
446068.0,2022-04-25,segunda-feira,20:00:00,PE,424,81,GARANHUNS,Reação tardia ou ineficiente do condutor,Saída de leito carroçável,Com Vítimas Feridas,Plena Noite,Decrescente,Nublado,Simples,Reta,Não,2,0,2,0,0,0,2,1,"-8,83566196","-36,53934997",SPRF-PE,DEL03-PE,UOP01-DEL03-PE
446073.0,2022-04-25,segunda-feira,21:51:00,PE,101,71,RECIFE,Reação tardia ou ineficiente do condutor,Colisão traseira,Com Vítimas Feridas,Plena Noite,Crescente,Céu Claro,Dupla,Reta,Sim,3,0,1,0,2,0,1,2,"-8,07663102","-34,94277871",SPRF-PE,DEL01-PE,UOP01-DEL01-PE
446080.0,2022-04-25,segunda-feira,21:30:00,PE,101,"4,4",RECIFE,Manobra de mudança de faixa,Colisão traseira,Com Vítimas Feridas,Plena Noite,Crescente,Nublado,Dupla,Viaduto,Sim,2,0,1,0,1,0,1,2,"-8,066257","-34,940989",SPRF-PE,DEL01-PE,UOP02-DEL01-PE
446132.0,2022-04-26,terça-feira,09:22:00,PE,101,73,RECIFE,Manobra de mudança de faixa,Colisão lateral mesmo sentido,Com Vítimas Feridas,Pleno dia,Crescente,Céu Claro,Dupla,Reta,Sim,3,0,2,0,1,0,2,2,"-8,093369","-34,947464",SPRF-PE,DEL01-PE,UOP01-DEL01-PE
446150.0,2022-04-26,terça-feira,10:30:00,PE,101,"49,9",ABREU E LIMA,Acessar a via sem observar a presença dos outros veículos,Colisão transversal,Com Vítimas Feridas,Pleno dia,Crescente,Céu Claro,Simples,Reta,Sim,4,0,1,0,2,1,1,4,"-7,908553","-34,902035",SPRF-PE,DEL01-PE,UOP02-DEL01-PE
446193.0,2022-03-17,quinta-feira,17:07:00,PE,428,183,PETROLINA,Acessar a via sem observar a presença dos outros veículos,Colisão transversal,Com Vítimas Feridas,Pleno dia,Crescente,Céu Claro,Simples,Em Obras;Interseção de Vias   ,Sim,1,0,0,1,0,0,1,1,"-9,32412987","-40,46211325",SPRF-PE,DEL06-PE,UOP01-DEL06-PE
446253.0,2022-04-26,terça-feira,22:10:00,PE,232,32,MORENO,Transitar na contramão,Colisão frontal,Com Vítimas Feridas,Plena Noite,Decrescente,Céu Claro,Dupla,Reta,Não,2,0,0,1,1,0,1,2,"-8,10541732","-35,1665671",SPRF-PE,DEL01-PE,UOP01-DEL01-PE
446272.0,2022-04-02,sábado,06:50:00,PE,232,72,GRAVATA,Acesso irregular,Colisão transversal,Com Vítimas Feridas,Amanhecer,Decrescente,Céu Claro,Dupla,Reta,Não,3,0,1,1,1,0,2,2,"-8,18714215","-35,50102523",SPRF-PE,DEL02-PE,UOP02-DEL02PE
446282.0,2022-04-27,quarta-feira,07:00:00,PE,232,168,TACAIMBO,Carga excessiva e/ou mal acondicionada,Capotamento,Com Vítimas Feridas,Pleno dia,Crescente,Sol,Simples,Aclive,Não,4,0,2,0,2,0,2,1,"-8,339863537","-36,3253410068",SPRF-PE,DEL03-PE,UOP02-DEL03-PE
446289.0,2022-04-27,quarta-feira,07:05:00,PE,101,84,JABOATAO DOS GUARARAPES,Ultrapassagem Indevida,Atropelamento de Pedestre,Com Vítimas Feridas,Pleno dia,Decrescente,Chuva,Simples,Reta,Sim,2,0,1,0,1,0,1,2,"-8,181315","-34,948829",SPRF-PE,DEL01-PE,UOP01-DEL01-PE
446304.0,2022-04-27,quarta-feira,09:30:00,PE,232,"14,6",JABOATAO DOS GUARARAPES,Manobra de mudança de faixa,Colisão lateral mesmo sentido,Com Vítimas Feridas,Pleno dia,Crescente,Nublado,Dupla,Declive,Sim,1,0,1,0,0,0,1,1,"-8,09025488","-35,02052302",SPRF-PE,DEL01-PE,UOP01-DEL01-PE
446350.0,2022-04-27,quarta-feira,15:40:00,PE,232,"78,5",GRAVATA,Entrada inopinada do pedestre,Atropelamento de Pedestre,Com Vítimas Feridas,Pleno dia,Decrescente,Nublado,Simples,Reta,Sim,2,0,0,1,1,0,1,2,"-8,19343658","-35,55186505",SPRF-PE,DEL02-PE,UOP02-DEL02PE
446367.0,2022-04-27,quarta-feira,17:00:00,PE,232,9,JABOATAO DOS GUARARAPES,Demais falhas mecânicas ou elétricas,Queda de ocupante de veículo,Com Vítimas Feridas,Anoitecer,Crescente,Nublado,Dupla,Reta,Sim,1,0,1,0,0,0,1,1,"-8,078061","-34,980847",SPRF-PE,DEL01-PE,UOP01-DEL01-PE
446396.0,2022-04-27,quarta-feira,18:50:00,PE,232,508,SALGUEIRO,Transitar na contramão,Colisão frontal,Com Vítimas Feridas,Plena Noite,Decrescente,Céu Claro,Simples,Reta,Sim,3,0,0,2,1,0,2,2,"-8,06223271","-39,12095006",SPRF-PE,DEL05-PE,UOP01-DEL05-PE
446407.0,2022-04-27,quarta-feira,19:00:00,PE,423,168,AGUAS BELAS,Mal súbito do condutor,Colisão frontal,Com Vítimas Feridas,Plena Noite,Decrescente,Nublado,Simples,Reta,Não,4,0,1,2,0,1,3,2,"-9,12739114","-37,033023",SPRF-AL,DEL03-AL,UOP02-DEL03-AL
446414.0,2022-04-27,quarta-feira,19:30:00,PE,232,"113,5",BEZERROS,Manobra de mudança de faixa,Colisão frontal,Com Vítimas Feridas,Plena Noite,Crescente,Céu Claro,Simples,Reta,Sim,2,0,0,1,0,1,1,2,"-8,29729696","-35,83146101",SPRF-PE,DEL02-PE,UOP02-DEL02PE
446455.0,2022-04-28,quinta-feira,07:40:00,PE,428,"188,2",PETROLINA,Ausência de reação do condutor,Colisão com objeto,Com Vítimas Feridas,Pleno dia,Crescente,Céu Claro,Dupla,Curva,Sim,2,0,1,0,1,0,1,2,"-9,37197508","-40,48679585",SPRF-PE,DEL06-PE,UOP01-DEL06-PE
446471.0,2022-04-22,sexta-feira,18:55:00,PE,408,55,NAZARE DA MATA,Demais falhas mecânicas ou elétricas,Incêndio,Sem Vítimas,Plena Noite,Crescente,Nublado,Simples,Aclive;Reta                   ,Sim,1,0,0,0,0,1,0,1,"-7,77176315","-35,23566726",SPRF-PE,DEL01-PE,UOP01-DEL01-PE
446480.0,2022-04-28,quinta-feira,11:30:00,PE,428,188,PETROLINA,Pedestre cruzava a pista fora da faixa,Atropelamento de Pedestre,Com Vítimas Feridas,Pleno dia,Crescente,Céu Claro,Múltipla,Reta,Sim,2,0,2,0,0,0,2,2,"-9,37590254","-40,49285889",SPRF-PE,DEL06-PE,UOP01-DEL06-PE
446486.0,2022-04-28,quinta-feira,09:30:00,PE,428,187,PETROLINA,Acessar a via sem observar a presença dos outros veículos,Colisão lateral sentido oposto,Com Vítimas Feridas,Pleno dia,Crescente,Céu Claro,Simples,Reta,Sim,2,0,1,0,1,0,1,2,"-9,35604301","-40,47854198",SPRF-PE,DEL06-PE,UOP01-DEL06-PE
446519.0,2022-04-28,quinta-feira,16:00:00,PE,101,191,PALMARES,Acumulo de água sobre o pavimento,Colisão com objeto,Sem Vítimas,Pleno dia,Decrescente,Chuva,Dupla,Curva,Não,3,0,0,0,3,0,0,1,"-8,70426509","-35,60781436",SPRF-PE,DEL01-PE,UOP03-DEL01-PE
446565.0,2022-04-28,quinta-feira,18:50:00,PE,101,"42,8",IGARASSU,Desrespeitar a preferência no cruzamento,Colisão transversal,Sem Vítimas,Plena Noite,Decrescente,Chuva,Simples,Reta,Sim,3,0,0,0,3,0,0,2,"-7,83887431","-34,91196739",SPRF-PE,DEL01-PE,UOP02-DEL01-PE
446591.0,2022-04-29,sexta-feira,00:40:00,PE,423,"40,9",CACHOEIRINHA,Transitar na contramão,Colisão frontal,Com Vítimas Fatais,Plena Noite,Decrescente,Céu Claro,Simples,Reta,Não,2,2,0,0,0,0,0,2,"-8,49546007","-36,23936082",SPRF-PE,DEL03-PE,UOP01-DEL03-PE
446599.0,2022-04-29,sexta-feira,05:15:00,PE,232,410,SERRA TALHADA,Ausência de reação do condutor,Queda de ocupante de veículo,Com Vítimas Feridas,Amanhecer,Decrescente,Nublado,Simples,Reta,Sim,1,0,0,1,0,0,1,1,"-7,98261841","-38,30039606",SPRF-PE,DEL04-PE,UOP01-DEL04-PE
446601.0,2022-04-29,sexta-feira,03:50:00,PE,101,69,RECIFE,Reação tardia ou ineficiente do condutor,Colisão com objeto,Sem Vítimas,Plena Noite,Decrescente,Chuva,Dupla,Curva,Sim,1,0,0,0,0,1,0,1,"-8,05951606","-34,94581024",SPRF-PE,DEL01-PE,UOP01-DEL01-PE
446613.0,2022-04-29,sexta-feira,07:15:00,PE,428,"190,5",PETROLINA,Ausência de reação do condutor,Colisão traseira,Sem Vítimas,Pleno dia,Decrescente,Céu Claro,Dupla,Reta,Sim,2,0,0,0,2,0,0,2,"-9,37605965","-40,49382106",SPRF-PE,DEL06-PE,UOP01-DEL06-PE
446632.0,2022-04-29,sexta-feira,07:40:00,PE,101,80,JABOATAO DOS GUARARAPES,Trafegar com motocicleta (ou similar) entre as faixas,Colisão transversal,Com Vítimas Feridas,Pleno dia,Crescente,Nublado,Múltipla,Retorno Regulamentado,Sim,3,0,1,1,1,0,2,2,"-8,15112589","-34,9428866",SPRF-PE,DEL01-PE,UOP01-DEL01-PE
446704.0,2022-04-29,sexta-feira,15:30:00,PE,423,"63,4",LAJEDO,Ultrapassagem Indevida,Saída de leito carroçável,Com Vítimas Feridas,Pleno dia,Decrescente,Nublado,Simples,Reta,Não,2,0,1,1,0,0,2,1,"-8,66219547","-36,34708912",SPRF-PE,DEL03-PE,UOP01-DEL03-PE
446709.0,2022-04-29,sexta-feira,17:00:00,PE,232,"55,8",POMBOS,Acumulo de água sobre o pavimento,Saída de leito carroçável,Com Vítimas Feridas,Pleno dia,Decrescente,Chuva,Dupla,Reta,Não,1,0,0,1,0,0,1,1,"-8,13255758","-35,36570027",SPRF-PE,DEL02-PE,UOP02-DEL02PE
446871.0,2022-04-30,sábado,10:35:00,PE,101,"192,3",PALMARES,Velocidade Incompatível,Saída de leito carroçável,Sem Vítimas,Pleno dia,Crescente,Céu Claro,Dupla,Curva,Não,1,0,0,0,0,1,0,1,"-8,71282291","-35,60955915",SPRF-PE,DEL01-PE,UOP03-DEL01-PE
446877.0,2022-04-30,sábado,11:16:00,PE,232,6,RECIFE,Condutor deixou de manter distância do veículo da frente,Colisão traseira,Com Vítimas Feridas,Pleno dia,Decrescente,Céu Claro,Dupla,Reta,Sim,4,0,1,2,1,0,3,2,"-8,07079525","-34,9535389",SPRF-PE,DEL01-PE,UOP01-DEL01-PE
446902.0,2022-04-30,sábado,13:50:00,PE,232,409,SERRA TALHADA,Retorno proibido,Colisão transversal,Com Vítimas Feridas,Pleno dia,Decrescente,Céu Claro,Simples,Interseção de Vias;Reta       ,Sim,2,0,0,1,1,0,1,2,"-7,98371447","-38,28047709",SPRF-PE,DEL04-PE,UOP01-DEL04-PE
446940.0,2022-04-30,sábado,16:35:00,PE,408,94,SAO LOURENCO DA MATA,Avarias e/ou desgaste excessivo no pneu,Saída de leito carroçável,Com Vítimas Feridas,Anoitecer,Decrescente,Nublado,Dupla,Reta,Sim,1,0,1,0,0,0,1,1,"-8,00448211","-35,04643006",SPRF-PE,DEL01-PE,UOP01-DEL01-PE
446951.0,2022-04-30,sábado,19:16:00,PE,408,"104,7",JABOATAO DOS GUARARAPES,Entrada inopinada do pedestre,Atropelamento de Pedestre,Com Vítimas Feridas,Plena Noite,Crescente,Céu Claro,Simples,Reta,Não,2,0,2,0,0,0,2,2,"-8,0730937","-34,99190714",SPRF-PE,DEL01-PE,UOP01-DEL01-PE
446956.0,2022-04-30,sábado,19:55:00,PE,101,76,RECIFE,Condutor deixou de manter distância do veículo da frente,Colisão traseira,Com Vítimas Feridas,Plena Noite,Crescente,Nublado,Dupla,Reta,Sim,2,0,1,0,0,1,1,2,"-8,11813811","-34,94329214",SPRF-PE,DEL01-PE,UOP01-DEL01-PE
447002.0,2022-04-30,sábado,16:00:00,PE,232,"125,9",CARUARU,Ingestão de álcool pelo condutor,Colisão frontal,Sem Vítimas,Pleno dia,Decrescente,Céu Claro,Simples,Aclive,Sim,2,0,0,0,2,0,0,2,"-8,30807114","-35,94580097",SPRF-PE,DEL02-PE,UOP01-DEL02-PE
447057.0,2022-05-01,domingo,05:30:00,PE,232,"92,8",SAIRE,Condutor Dormindo,Saída de leito carroçável,Com Vítimas Feridas,Pleno dia,Crescente,Céu Claro,Dupla,Reta,Não,1,0,1,0,0,0,1,1,"-8,221929","-35,682724",SPRF-PE,DEL02-PE,UOP02-DEL02PE
447166.0,2022-05-01,domingo,18:04:00,PE,101,63,RECIFE,Acessar a via sem observar a presença dos outros veículos,Tombamento,Com Vítimas Feridas,Plena Noite,Crescente,Chuva,Dupla,Rotatória,Sim,2,0,1,0,1,0,1,2,"-8,009491","-34,938237",SPRF-PE,DEL01-PE,UOP01-DEL01-PE
447201.0,2022-05-01,domingo,18:00:00,PE,428,"78,5",SANTA MARIA DA BOA VISTA,Iluminação deficiente,Colisão traseira,Com Vítimas Fatais,Anoitecer,Crescente,Céu Claro,Simples,Reta,Não,2,1,0,0,1,0,0,2,"-8,75460986","-39,80350515",SPRF-PE,DEL06-PE,UOP03-DEL06-PE
447287.0,2022-05-02,segunda-feira,08:55:00,PE,232,"10,6",JABOATAO DOS GUARARAPES,Pista Escorregadia,Tombamento,Com Vítimas Feridas,Pleno dia,Decrescente,Chuva,Simples,Aclive,Sim,2,0,2,0,0,0,2,1,"-8,07917241","-34,98718609",SPRF-PE,DEL01-PE,UOP01-DEL01-PE
447303.0,2022-05-02,segunda-feira,10:00:00,PE,232,58,POMBOS,Pedestre cruzava a pista fora da faixa,Atropelamento de Pedestre,Com Vítimas Feridas,Pleno dia,Decrescente,Céu Claro,Dupla,Curva,Sim,2,0,0,1,1,0,1,2,"-8,14462866","-35,39034714",SPRF-PE,DEL02-PE,UOP02-DEL02PE
447312.0,2022-05-02,segunda-feira,11:30:00,PE,101,82,JABOATAO DOS GUARARAPES,Condutor deixou de manter distância do veículo da frente,Colisão traseira,Com Vítimas Feridas,Pleno dia,Decrescente,Nublado,Dupla,Reta,Sim,2,0,1,0,1,0,1,2,"-8,168383","-34,9376",SPRF-PE,DEL01-PE,UOP01-DEL01-PE
447350.0,2022-05-02,segunda-feira,14:20:00,PE,232,112,BEZERROS,Reação tardia ou ineficiente do condutor,Saída de leito carroçável,Com Vítimas Feridas,Pleno dia,Crescente,Nublado,Dupla,Reta,Não,2,0,2,0,0,0,2,1,"-8,29729696","-35,83146101",SPRF-PE,DEL02-PE,UOP02-DEL02PE
447357.0,2022-05-02,segunda-feira,15:20:00,PE,408,40,ALIANCA,Acessar a via sem observar a presença dos outros veículos,Colisão transversal,Com Vítimas Feridas,Pleno dia,Crescente,Sol,Dupla,Interseção de Vias,Não,2,0,0,1,1,0,1,2,"-7,64930515","-35,25214043",SPRF-PE,DEL01-PE,UOP02-DEL01-PE
447394.0,2022-05-02,segunda-feira,15:15:00,PE,408,80,PAUDALHO,Acumulo de água sobre o pavimento,Saída de leito carroçável,Com Vítimas Feridas,Pleno dia,Crescente,Chuva,Dupla,Reta,Sim,1,0,1,0,0,0,1,1,"-7,9310439","-35,13844295",SPRF-PE,DEL01-PE,UOP01-DEL01-PE
447402.0,2022-05-02,segunda-feira,16:30:00,PE,104,"15,3",TAQUARITINGA DO NORTE,Ausência de reação do condutor,Colisão frontal,Com Vítimas Fatais,Pleno dia,Crescente,Chuva,Simples,Curva,Não,3,2,0,0,1,0,0,2,"-7,90575","-36,116207",SPRF-PE,DEL02-PE,UOP01-DEL02-PE
447407.0,2022-05-02,segunda-feira,17:10:00,PE,104,"51,8",CARUARU,Velocidade Incompatível,Saída de leito carroçável,Com Vítimas Feridas,Anoitecer,Crescente,Nublado,Dupla,Curva,Não,5,0,5,0,0,0,5,1,"-8,1685","-35,9769",SPRF-PE,DEL02-PE,UOP01-DEL02-PE
447432.0,2022-05-02,segunda-feira,20:05:00,PE,428,"186,7",PETROLINA,Ingestão de álcool pelo condutor,Colisão traseira,Com Vítimas Feridas,Plena Noite,Decrescente,Céu Claro,Simples,Reta,Sim,3,0,2,0,1,0,2,2,"-9,36400596","-40,48266808",SPRF-PE,DEL06-PE,UOP01-DEL06-PE
447527.0,2022-05-03,terça-feira,10:00:00,PE,101,60,RECIFE,Demais falhas mecânicas ou elétricas,Colisão traseira,Com Vítimas Feridas,Pleno dia,Decrescente,Garoa/Chuvisco,Dupla,Curva,Sim,2,0,1,0,0,1,1,2,"-7,98344307","-34,93176727",SPRF-PE,DEL01-PE,UOP02-DEL01-PE
447549.0,2022-05-03,terça-feira,13:08:00,PE,232,"128,9",CARUARU,Reação tardia ou ineficiente do condutor,Colisão traseira,Com Vítimas Feridas,Pleno dia,Decrescente,Céu Claro,Dupla,Reta,Não,2,0,1,0,1,0,1,2,"-8,30399306","-35,97216301",SPRF-PE,DEL02-PE,UOP01-DEL02-PE
447596.0,2022-05-03,terça-feira,17:20:00,PE,232,81,GRAVATA,Manobra de mudança de faixa,Colisão transversal,Com Vítimas Feridas,Pleno dia,Decrescente,Céu Claro,Dupla,Reta,Sim,3,0,3,0,0,0,3,2,"-8,1975263","-35,57930946",SPRF-PE,DEL02-PE,UOP02-DEL02PE
447629.0,2022-05-03,terça-feira,21:10:00,PE,232,"17,4",JABOATAO DOS GUARARAPES,Reação tardia ou ineficiente do condutor,Colisão traseira,Com Vítimas Feridas,Plena Noite,Crescente,Nublado,Dupla,Retorno Regulamentado;Reta    ,Sim,2,0,1,0,0,1,1,2,"-8,09565202","-35,04581599",SPRF-PE,DEL01-PE,UOP01-DEL01-PE
447656.0,2022-05-04,quarta-feira,05:05:00,PE,423,45,CACHOEIRINHA,Condutor deixou de manter distância do veículo da frente,Colisão traseira,Com Vítimas Feridas,Amanhecer,Crescente,Céu Claro,Simples,Reta,Não,4,0,1,0,2,1,1,2,"-8,53254404","-36,26449193",SPRF-PE,DEL03-PE,UOP01-DEL03-PE
447765.0,2022-05-04,quarta-feira,18:45:00,PE,104,17,TAQUARITINGA DO NORTE,Animais na Pista,Atropelamento de Animal,Sem Vítimas,Plena Noite,Decrescente,Céu Claro,Simples,Reta,Não,1,0,0,0,1,0,0,1,"-7,931927","-36,11956",SPRF-PE,DEL02-PE,UOP01-DEL02-PE
447779.0,2022-05-04,quarta-feira,19:53:00,PE,101,82,JABOATAO DOS GUARARAPES,Área urbana sem a presença de local apropriado para a travessia de pedestres,Atropelamento de Pedestre,Sem Vítimas,Plena Noite,Crescente,Céu Claro,Múltipla,Interseção de Vias,Sim,3,0,0,0,2,1,0,2,"-8,170748","-34,93864",SPRF-PE,DEL01-PE,UOP01-DEL01-PE
447831.0,2022-05-05,quinta-feira,06:00:00,PE,101,"71,8",RECIFE,Pista Escorregadia,Tombamento,Com Vítimas Feridas,Pleno dia,Decrescente,Céu Claro,Dupla,Reta,Sim,2,0,1,0,0,1,1,2,"-8,07663102","-34,94277871",SPRF-PE,DEL01-PE,UOP01-DEL01-PE
447832.0,2022-05-05,quinta-feira,06:00:00,PE,232,134,CARUARU,Ingestão de álcool pelo condutor,Colisão com objeto,Com Vítimas Feridas,Amanhecer,Decrescente,Céu Claro,Dupla,Reta,Sim,2,0,0,2,0,0,2,1,"-8,30853497","-36,02442101",SPRF-PE,DEL02-PE,UOP01-DEL02-PE
447850.0,2022-05-05,quinta-feira,08:15:00,PE,428,"189,8",PETROLINA,Condutor desrespeitou a iluminação vermelha do semáforo,Colisão transversal,Com Vítimas Feridas,Pleno dia,Crescente,Céu Claro,Dupla,Reta,Sim,2,0,1,0,1,0,1,2,"-9,37793495","-40,50442262",SPRF-PE,DEL06-PE,UOP01-DEL06-PE
447880.0,2022-05-05,quinta-feira,11:10:00,PE,101,68,RECIFE,Animais na Pista,Colisão traseira,Com Vítimas Feridas,Pleno dia,Decrescente,Céu Claro,Dupla,Reta,Sim,3,0,1,0,2,0,1,2,"-8,049642","-34,945581",SPRF-PE,DEL01-PE,UOP01-DEL01-PE
447931.0,2022-01-05,quarta-feira,21:20:00,PE,101,"85,3",JABOATAO DOS GUARARAPES,Desvio temporário,Colisão lateral mesmo sentido,Com Vítimas Feridas,Plena Noite,Crescente,Nublado,Dupla,Desvio Temporário,Não,3,0,0,2,1,0,2,2,"-8,182011","-34,962357",SPRF-PE,DEL01-PE,UOP01-DEL01-PE
447977.0,2022-05-05,quinta-feira,20:00:00,PE,423,"103,3",GARANHUNS,Pedestre andava na pista,Atropelamento de Pedestre,Com Vítimas Fatais,Plena Noite,Crescente,Céu Claro,Simples,Reta,Não,4,1,0,0,1,2,0,2,"-8,87451577","-36,54667007",SPRF-PE,DEL03-PE,UOP01-DEL03-PE
448073.0,2022-05-06,sexta-feira,14:25:00,PE,423,"52,4",LAJEDO,Ingestão de álcool pelo condutor,Colisão frontal,Com Vítimas Fatais,Pleno dia,Decrescente,Céu Claro,Simples,Reta,Não,3,1,0,0,2,0,0,2,"-8,59012507","-36,28991571",SPRF-PE,DEL03-PE,UOP01-DEL03-PE
448119.0,2022-05-06,sexta-feira,18:25:00,PE,423,"83,3",JUCATI,Transitar na contramão,Colisão frontal,Com Vítimas Fatais,Plena Noite,Crescente,Céu Claro,Simples,Declive,Não,7,3,1,3,0,0,4,2,"-8,79028092","-36,43450918",SPRF-PE,DEL03-PE,UOP01-DEL03-PE