id,data_inversa,dia_semana,horario,uf,br,km,municipio,causa_acidente,tipo_acidente,classificacao_acidente,fase_dia,sentido_via,condicao_metereologica,tipo_pista,tracado_via,uso_solo,pessoas,mortos,feridos_leves,feridos_graves,ilesos,ignorados,feridos,veiculos,latitude,longitude,regional,delegacia,uop
450899.0,2022-05-20,sexta-feira,11:20:00,PE,232,"5,4",RECIFE,Condutor deixou de manter distância do veículo da frente,Colisão traseira,Com Vítimas Feridas,Pleno dia,Crescente,Nublado,Múltipla,Reta,Não,2,0,0,1,1,0,1,2,"-8,06795766","-34,94535414",SPRF-PE,DEL01-PE,UOP01-DEL01-PE
450926.0,2022-05-20,sexta-feira,11:45:00,PE,408,78,PAUDALHO,Acessar a via sem observar a presença dos outros veículos,Queda de ocupante de veículo,Com Vítimas Feridas,Pleno dia,Crescente,Céu Claro,Dupla,Reta,Sim,2,0,0,1,1,0,1,2,"-7,92365927","-35,15513418",SPRF-PE,DEL01-PE,UOP01-DEL01-PE
450931.0,2022-05-20,sexta-feira,14:13:00,PE,101,"115,9",CABO DE SANTO AGOSTINHO,Chuva,Saída de leito carroçável,Com Vítimas Feridas,Pleno dia,Decrescente,Chuva,Dupla,Reta,Não,1,0,1,0,0,0,1,1,"-8,345104","-35,146363",SPRF-PE,DEL01-PE,UOP03-DEL01-PE
450942.0,2022-05-20,sexta-feira,14:34:00,PE,101,50,ABREU E LIMA,Pedestre cruzava a pista fora da faixa,Atropelamento de Pedestre,Com Vítimas Feridas,Pleno dia,Crescente,Céu Claro,Múltipla,Reta,Sim,2,0,0,2,0,0,2,2,"-7,90938602","-34,90123228",SPRF-PE,DEL01-PE,UOP02-DEL01-PE
450982.0,2022-05-20,sexta-feira,19:00:00,PE,101,"37,7",IGARASSU,Condutor deixou de manter distância do veículo da frente,Colisão traseira,Com Vítimas Feridas,Plena Noite,Crescente,Chuva,Dupla,Declive;Reta                  ,Não,2,0,1,0,0,1,1,2,"-7,79726705","-34,9274932",SPRF-PE,DEL01-PE,UOP02-DEL01-PE
451018.0,2022-05-20,sexta-feira,21:45:00,PE,232,397,SERRA TALHADA,Animais na Pista,Atropelamento de Animal,Com Vítimas Feridas,Plena Noite,Decrescente,Céu Claro,Simples,Reta,Não,1,0,1,0,0,0,1,1,"-8,01766271","-38,19979581",SPRF-PE,DEL04-PE,UOP01-DEL04-PE
451021.0,2022-05-20,sexta-feira,22:00:00,PE,424,67,CAETES,Ingestão de álcool pelo condutor,Colisão frontal,Com Vítimas Fatais,Plena Noite,Crescente,Garoa/Chuvisco,Simples,Reta,Não,7,1,4,1,0,1,5,2,"-8,76373281","-36,64275387",SPRF-PE,DEL03-PE,UOP01-DEL03-PE
451038.0,2022-05-20,sexta-feira,23:55:00,PE,101,126,ESCADA,Condutor Dormindo,Colisão lateral sentido oposto,Sem Vítimas,Plena Noite,Decrescente,Chuva,Dupla,Declive;Desvio Temporário     ,Sim,2,0,0,0,2,0,0,2,"-8,36958202","-35,22919699",SPRF-PE,DEL01-PE,UOP03-DEL01-PE
451064.0,2022-05-21,sábado,06:00:00,PE,232,"33,6",MORENO,Reação tardia ou ineficiente do condutor,Saída de leito carroçável,Com Vítimas Feridas,Amanhecer,Decrescente,Céu Claro,Dupla,Reta,Sim,2,0,1,0,0,1,1,2,"-8,10539025","-35,17523495",SPRF-PE,DEL01-PE,UOP01-DEL01-PE
451077.0,2022-05-21,sábado,04:30:00,PE,104,"20,1",TAQUARITINGA DO NORTE,Manobra de mudança de faixa,Capotamento,Com Vítimas Feridas,Amanhecer,Crescente,Nublado,Simples,Curva,Não,1,0,1,0,0,0,1,1,"-7,956497","-36,128529",SPRF-PE,DEL02-PE,UOP01-DEL02-PE
451168.0,2022-05-21,sábado,15:30:00,PE,101,105,CABO DE SANTO AGOSTINHO,Condutor Dormindo,Saída de leito carroçável,Com Vítimas Feridas,Pleno dia,Decrescente,Céu Claro,Múltipla,Curva,Não,4,0,3,0,1,0,3,1,"-8,29739778","-35,06293971",SPRF-PE,DEL01-PE,UOP03-DEL01-PE
451194.0,2022-05-21,sábado,19:45:00,PE,232,"413,8",SERRA TALHADA,Ausência de reação do condutor,Colisão com objeto,Com Vítimas Fatais,Plena Noite,Crescente,Céu Claro,Simples,Interseção de Vias,Não,1,1,0,0,0,0,0,1,"-7,98759011","-38,32755631",SPRF-PE,DEL04-PE,UOP01-DEL04-PE
451223.0,2022-05-21,sábado,22:10:00,PE,232,413,SERRA TALHADA,Reação tardia ou ineficiente do condutor,Colisão transversal,Sem Vítimas,Plena Noite,Decrescente,Céu Claro,Simples,Interseção de Vias,Sim,3,0,0,0,3,0,0,2,"-7,98857087","-38,32972307",SPRF-PE,DEL04-PE,UOP01-DEL04-PE
451224.0,2022-05-21,sábado,19:30:00,PE,424,"108,3",GARANHUNS,Ingestão de álcool pelo condutor,Queda de ocupante de veículo,Com Vítimas Feridas,Plena Noite,Decrescente,Chuva,Simples,Reta,Não,1,0,0,1,0,0,1,1,"-8,98998094","-36,47702895",SPRF-PE,DEL03-PE,UOP01-DEL03-PE
451230.0,2022-05-21,sábado,22:30:00,PE,101,"70,6",RECIFE,Animais na Pista,Atropelamento de Animal,Com Vítimas Feridas,Plena Noite,Decrescente,Chuva,Dupla,Reta,Sim,1,0,0,1,0,0,1,1,"-8,06776119","-34,94265074",SPRF-PE,DEL01-PE,UOP01-DEL01-PE
451237.0,2022-05-21,sábado,21:00:00,PE,101,187,PALMARES,Chuva,Saída de leito carroçável,Com Vítimas Feridas,Plena Noite,Decrescente,Chuva,Dupla,Reta,Sim,2,0,1,1,0,0,2,1,"-8,687353","-35,587844",SPRF-PE,DEL01-PE,UOP03-DEL01-PE
451289.0,2022-05-22,domingo,05:55:00,PE,104,"78,1",CARUARU,Condutor deixou de manter distância do veículo da frente,Colisão traseira,Com Vítimas Feridas,Pleno dia,Decrescente,Céu Claro,Simples,Curva;Aclive                  ,Não,4,0,1,0,3,0,1,3,"-8,385484","-35,982231",SPRF-PE,DEL02-PE,UOP01-DEL02-PE
451301.0,2022-05-22,domingo,06:00:00,PE,101,151,RIBEIRAO,Ausência de reação do condutor,Colisão com objeto,Sem Vítimas,Pleno dia,Crescente,Céu Claro,Dupla,Declive,Sim,1,0,0,0,0,1,0,1,"-8,505304","-35,387911",SPRF-PE,DEL01-PE,UOP03-DEL01-PE
451305.0,2022-05-22,domingo,07:10:00,PE,232,30,MORENO,Reação tardia ou ineficiente do condutor,Saída de leito carroçável,Sem Vítimas,Pleno dia,Decrescente,Nublado,Dupla,Reta,Não,1,0,0,0,0,1,0,1,"-8,11063325","-35,15197001",SPRF-PE,DEL01-PE,UOP01-DEL01-PE
451317.0,2022-05-22,domingo,09:50:00,PE,232,83,GRAVATA,Acessar a via sem observar a presença dos outros veículos,Colisão transversal,Com Vítimas Feridas,Pleno dia,Crescente,Céu Claro,Dupla,Curva,Sim,5,0,2,0,1,2,2,3,"-8,20292","-35,597066",SPRF-PE,DEL02-PE,UOP02-DEL02PE
451330.0,2022-05-22,domingo,11:40:00,PE,232,"418,9",SERRA TALHADA,Ingestão de álcool pelo condutor,Saída de leito carroçável,Com Vítimas Feridas,Pleno dia,Crescente,Nublado,Simples,Reta,Não,1,0,1,0,0,0,1,1,"-8,0002425","-38,370411",SPRF-PE,DEL04-PE,UOP01-DEL04-PE
451420.0,2022-05-22,domingo,20:00:00,PE,116,26,SALGUEIRO,Ingestão de álcool pelo condutor,Colisão traseira,Sem Vítimas,Plena Noite,Crescente,Céu Claro,Simples,Reta,Sim,3,0,0,0,3,0,0,2,"-8,069921","-39,13364",SPRF-PE,DEL05-PE,UOP01-DEL05-PE
451424.0,2022-05-22,domingo,20:47:00,PE,408,97,SAO LOURENCO DA MATA,Ultrapassagem Indevida,Colisão lateral mesmo sentido,Sem Vítimas,Plena Noite,Decrescente,Céu Claro,Dupla,Reta,Não,2,0,0,0,1,1,0,2,"-8,009237","-35,042854",SPRF-PE,DEL01-PE,UOP01-DEL01-PE
451444.0,2022-05-22,domingo,20:10:00,PE,104,22,TAQUARITINGA DO NORTE,Velocidade Incompatível,Colisão frontal,Com Vítimas Feridas,Plena Noite,Crescente,Nublado,Simples,Curva,Sim,6,0,6,0,0,0,6,4,"-7,967257","-36,116974",SPRF-PE,DEL02-PE,UOP01-DEL02-PE
451532.0,2022-05-23,segunda-feira,11:38:00,PE,101,1,GOIANA,Ausência de reação do condutor,Saída de leito carroçável,Com Vítimas Feridas,Pleno dia,Crescente,Chuva,Dupla,Curva,Não,2,0,1,1,0,0,2,1,"-7,50897414","-34,98748949",SPRF-PE,DEL01-PE,UOP02-DEL01-PE
451543.0,2022-05-23,segunda-feira,13:00:00,PE,428,185,PETROLINA,Ausência de reação do condutor,Colisão transversal,Com Vítimas Feridas,Pleno dia,Decrescente,Céu Claro,Simples,Interseção de Vias,Sim,2,0,2,0,0,0,2,1,"-9,34009199","-40,47032001",SPRF-PE,DEL06-PE,UOP01-DEL06-PE
451607.0,2022-05-23,segunda-feira,18:45:00,PE,232,326,CUSTODIA,Ultrapassagem Indevida,Colisão frontal,Com Vítimas Fatais,Plena Noite,Decrescente,Nublado,Simples,Reta,Não,2,2,0,0,0,0,0,2,"-8,09113514","-37,59520501",SPRF-PE,DEL04-PE,UOP02-DEL04-PE
451617.0,2022-03-24,quinta-feira,14:55:00,PE,407,103,PETROLINA,Reação tardia ou ineficiente do condutor,Capotamento,Com Vítimas Feridas,Pleno dia,Crescente,Céu Claro,Simples,Reta,Não,2,0,1,1,0,0,2,1,"-9,061544","-40,671023",SPRF-PE,DEL06-PE,UOP01-DEL06-PE
451659.0,2022-05-24,terça-feira,05:36:00,PE,408,44,ALIANCA,Chuva,Colisão frontal,Com Vítimas Feridas,Pleno dia,Decrescente,Chuva,Simples,Reta,Não,3,0,0,1,2,0,1,2,"-7,68111007","-35,25047308",SPRF-PE,DEL01-PE,UOP02-DEL01-PE
451676.0,2022-05-24,terça-feira,06:45:00,PE,232,"406,3",SERRA TALHADA,Acessar a via sem observar a presença dos outros veículos,Colisão transversal,Com Vítimas Feridas,Pleno dia,Decrescente,Nublado,Simples,Declive,Sim,2,0,1,0,1,0,1,2,"-7,98720861","-38,26249294",SPRF-PE,DEL04-PE,UOP01-DEL04-PE
451695.0,2022-05-24,terça-feira,09:40:00,PE,101,87,JABOATAO DOS GUARARAPES,Manobra de mudança de faixa,Colisão lateral mesmo sentido,Com Vítimas Feridas,Pleno dia,Crescente,Chuva,Dupla,Curva,Sim,2,0,1,0,1,0,1,2,"-8,19120206","-34,97449985",SPRF-PE,DEL01-PE,UOP01-DEL01-PE
452068.0,2022-05-26,quinta-feira,06:52:00,PE,428,189,PETROLINA,Ausência de reação do condutor,Colisão transversal,Com Vítimas Feridas,Pleno dia,Decrescente,Nublado,Múltipla,Interseção de Vias,Sim,2,0,1,0,1,0,1,2,"-9,37197508","-40,48679585",SPRF-PE,DEL06-PE,UOP01-DEL06-PE
452093.0,2022-05-26,quinta-feira,07:00:00,PE,101,"2,8",JABOATAO DOS GUARARAPES,Conversão proibida,Colisão lateral mesmo sentido,Com Vítimas Feridas,Pleno dia,Crescente,Chuva,Simples,Reta,Sim,2,0,1,0,0,1,1,2,"-8,19887","-34,958688",SPRF-PE,DEL01-PE,UOP02-DEL01-PE
452175.0,2022-05-26,quinta-feira,19:10:00,PE,232,"408,7",SERRA TALHADA,Reação tardia ou ineficiente do condutor,Atropelamento de Pedestre,Com Vítimas Feridas,Plena Noite,Decrescente,Céu Claro,Simples,Reta,Sim,2,0,2,0,0,0,2,2,"-7,98371447","-38,28047709",SPRF-PE,DEL04-PE,UOP01-DEL04-PE
452190.0,2022-05-26,quinta-feira,22:30:00,PE,232,13,JABOATAO DOS GUARARAPES,Pedestre andava na pista,Atropelamento de Pedestre,Com Vítimas Feridas,Plena Noite,Decrescente,Chuva,Dupla,Aclive,Não,2,0,0,1,1,0,1,2,"-8,08831567","-35,01203806",SPRF-PE,DEL01-PE,UOP01-DEL01-PE
452191.0,2022-05-26,quinta-feira,21:55:00,PE,428,"190,5",PETROLINA,Condutor desrespeitou a iluminação vermelha do semáforo,Colisão transversal,Com Vítimas Feridas,Plena Noite,Crescente,Céu Claro,Dupla,Retorno Regulamentado,Sim,2,0,2,0,0,0,2,2,"-9,37605965","-40,49382106",SPRF-PE,DEL06-PE,UOP01-DEL06-PE
452216.0,2022-05-27,sexta-feira,05:20:00,PE,101,"22,8",GOIANA,Pista Escorregadia,Capotamento,Com Vítimas Feridas,Amanhecer,Crescente,Chuva,Dupla,Curva,Não,3,0,1,1,1,0,2,1,"-7,67583307","-34,92870811",SPRF-PE,DEL01-PE,UOP02-DEL01-PE
452245.0,2022-05-27,sexta-feira,07:50:00,PE,101,51,ABREU E LIMA,Sinalização mal posicionada,Colisão traseira,Com Vítimas Feridas,Pleno dia,Decrescente,Chuva,Múltipla,Reta,Sim,2,0,1,0,1,0,1,2,"-7,9169968","-34,89689272",SPRF-PE,DEL01-PE,UOP02-DEL01-PE
452272.0,2022-05-27,sexta-feira,10:20:00,PE,408,"84,7",PAUDALHO,Chuva,Saída de leito carroçável,Sem Vítimas,Pleno dia,Decrescente,Garoa/Chuvisco,Dupla,Curva;Aclive                  ,Não,1,0,0,0,1,0,0,1,"-7,953301","-35,104863",SPRF-PE,DEL01-PE,UOP01-DEL01-PE
452278.0,2022-05-27,sexta-feira,12:30:00,PE,428,185,PETROLINA,Ausência de sinalização,Colisão transversal,Com Vítimas Feridas,Pleno dia,Crescente,Céu Claro,Simples,Reta,Sim,3,0,2,1,0,0,3,2,"-9,36025581","-40,48074419",SPRF-PE,DEL06-PE,UOP01-DEL06-PE
452302.0,2022-05-27,sexta-feira,06:31:00,PE,232,"413,7",SERRA TALHADA,Acessar a via sem observar a presença dos outros veículos,Colisão transversal,Com Vítimas Feridas,Pleno dia,Decrescente,Nublado,Simples,Interseção de Vias,Sim,3,0,1,0,2,0,1,2,"-7,98857087","-38,32972307",SPRF-PE,DEL04-PE,UOP01-DEL04-PE
452308.0,2022-05-27,sexta-feira,14:40:00,PE,101,"94,8",CABO DE SANTO AGOSTINHO,Velocidade Incompatível,Saída de leito carroçável,Com Vítimas Feridas,Pleno dia,Crescente,Chuva,Dupla,Reta,Não,2,0,1,0,1,0,1,1,"-8,24829064","-35,00697936",SPRF-PE,DEL01-PE,UOP03-DEL01-PE
452310.0,2022-05-01,domingo,14:20:00,PE,232,73,GRAVATA,Condutor deixou de manter distância do veículo da frente,Colisão lateral mesmo sentido,Com Vítimas Feridas,Pleno dia,Crescente,Céu Claro,Dupla,Reta,Não,2,0,0,1,1,0,1,2,"-8,19060018","-35,50931093",SPRF-PE,DEL02-PE,UOP02-DEL02PE
452327.0,2022-05-27,sexta-feira,16:00:00,PE,101,209,XEXEU,Acumulo de areia ou detritos sobre o pavimento,Colisão com objeto,Com Vítimas Feridas,Pleno dia,Crescente,Chuva,Dupla,Reta,Não,1,0,1,0,0,0,1,1,"-8,83806024","-35,63692618",SPRF-PE,DEL01-PE,UOP03-DEL01-PE
452389.0,2022-05-27,sexta-feira,17:15:00,PE,232,"20,4",MORENO,Manobra de mudança de faixa,Colisão lateral mesmo sentido,Sem Vítimas,Plena Noite,Decrescente,Chuva,Dupla,Reta,Não,2,0,0,0,2,0,0,2,"-8,095873","-35,074247",SPRF-PE,DEL01-PE,UOP01-DEL01-PE
452428.0,2022-05-28,sábado,03:20:00,PE,408,99,SAO LOURENCO DA MATA,Ingestão de álcool e/ou substâncias psicoativas pelo pedestre,Colisão com objeto,Com Vítimas Feridas,Plena Noite,Decrescente,Chuva,Dupla,Reta,Não,1,0,1,0,0,0,1,1,"-8,04133634","-35,02531212",SPRF-PE,DEL01-PE,UOP01-DEL01-PE
452471.0,2022-05-27,sexta-feira,17:30:00,PE,232,71,GRAVATA,Chuva,Saída de leito carroçável,Sem Vítimas,Pleno dia,Decrescente,Chuva,Dupla,Reta,Não,1,0,0,0,1,0,0,1,"-8,18344403","-35,49296599",SPRF-PE,DEL02-PE,UOP02-DEL02PE
452542.0,2022-05-28,sábado,17:00:00,PE,423,"83,9",JUCATI,Manobra de mudança de faixa,Colisão frontal,Com Vítimas Feridas,Pleno dia,Decrescente,Céu Claro,Simples,Reta,Não,3,0,0,1,2,0,1,2,"-8,79028092","-36,43450918",SPRF-PE,DEL03-PE,UOP01-DEL03-PE
452602.0,2022-05-28,sábado,21:10:00,PE,424,87,GARANHUNS,Ingestão de álcool pelo condutor,Colisão frontal,Sem Vítimas,Plena Noite,Crescente,Garoa/Chuvisco,Simples,Reta,Não,4,0,0,0,1,3,0,3,"-8,874289","-36,507607",SPRF-PE,DEL03-PE,UOP01-DEL03-PE
452615.0,2022-05-28,sábado,22:00:00,PE,101,15,GOIANA,Ingestão de álcool e/ou substâncias psicoativas pelo pedestre,Saída de leito carroçável,Sem Vítimas,Plena Noite,Crescente,Chuva,Dupla,Reta,Não,1,0,0,0,0,1,0,1,"-7,62621106","-34,96669711",SPRF-PE,DEL01-PE,UOP02-DEL01-PE
452716.0,2022-05-29,domingo,07:00:00,PE,428,70,SANTA MARIA DA BOA VISTA,Transitar na contramão,Colisão lateral sentido oposto,Com Vítimas Feridas,Pleno dia,Decrescente,Céu Claro,Simples,Curva,Não,5,0,4,0,0,1,4,2,"-8,69343492","-39,76727143",SPRF-PE,DEL06-PE,UOP03-DEL06-PE
452722.0,2022-05-29,domingo,12:30:00,PE,101,9,GOIANA,Ausência de reação do condutor,Queda de ocupante de veículo,Com Vítimas Feridas,Pleno dia,Decrescente,Chuva,Dupla,Reta,Não,1,0,0,1,0,0,1,1,"-7,57788903","-34,98847822",SPRF-PE,DEL01-PE,UOP02-DEL01-PE
452764.0,2022-05-29,domingo,18:10:00,PE,407,"123,2",PETROLINA,Ingestão de álcool pelo condutor,Colisão traseira,Sem Vítimas,Plena Noite,Crescente,Céu Claro,Simples,Interseção de Vias,Sim,2,0,0,0,2,0,0,2,"-9,36149178","-40,54594462",SPRF-PE,DEL06-PE,UOP01-DEL06-PE
452804.0,2022-05-29,domingo,20:15:00,PE,104,"31,7",TORITAMA,Restrição de visibilidade em curvas horizontais,Tombamento,Com Vítimas Feridas,Plena Noite,Crescente,Céu Claro,Simples,Curva,Sim,1,0,1,0,0,0,1,1,"-8,0208","-36,0528",SPRF-PE,DEL02-PE,UOP01-DEL02-PE
452862.0,2022-05-30,segunda-feira,02:00:00,PE,423,"98,4",GARANHUNS,Pedestre andava na pista,Atropelamento de Pedestre,Com Vítimas Feridas,Plena Noite,Crescente,Garoa/Chuvisco,Simples,Reta,Não,2,0,0,1,1,0,1,2,"-8,87617488","-36,50363499",SPRF-PE,DEL03-PE,UOP01-DEL03-PE
452913.0,2022-04-21,quinta-feira,19:40:00,PE,101,6,GOIANA,Velocidade Incompatível,Saída de leito carroçável,Com Vítimas Feridas,Plena Noite,Decrescente,Céu Claro,Múltipla,Reta,Não,1,0,1,0,0,0,1,1,"-7,550887","-34,99136",SPRF-PE,DEL01-PE,UOP02-DEL01-PE
452944.0,2022-05-30,segunda-feira,11:27:00,PE,408,"55,6",NAZARE DA MATA,Acessar a via sem observar a presença dos outros veículos,Colisão transversal,Com Vítimas Feridas,Pleno dia,Decrescente,Ignorado,Simples,Reta,Não,3,0,1,1,0,1,2,2,"-7,77176315","-35,23566726",SPRF-PE,DEL01-PE,UOP01-DEL01-PE
452983.0,2022-05-06,sexta-feira,23:00:00,PE,101,158,GAMELEIRA,Reação tardia ou ineficiente do condutor,Saída de leito carroçável,Com Vítimas Feridas,Plena Noite,Decrescente,Céu Claro,Dupla,Curva,Não,1,0,0,1,0,0,1,1,"-8,55179162","-35,4051441",SPRF-PE,DEL01-PE,UOP03-DEL01-PE
453191.0,2022-05-31,terça-feira,18:59:00,PE,428,"191,5",PETROLINA,Ingestão de álcool pelo condutor,Colisão transversal,Com Vítimas Feridas,Plena Noite,Crescente,Céu Claro,Dupla,Reta,Sim,2,0,0,1,1,0,1,2,"-9,37766429","-40,50269795",SPRF-PE,DEL06-PE,UOP01-DEL06-PE
453219.0,2022-06-01,quarta-feira,05:00:00,PE,232,"207,6",PESQUEIRA,Entrada inopinada do pedestre,Atropelamento de Pedestre,Com Vítimas Fatais,Amanhecer,Decrescente,Nublado,Simples,Aclive,Não,2,1,0,1,0,0,1,2,"-8,369249","-36,670749",SPRF-PE,DEL03-PE,UOP02-DEL03-PE
453286.0,2022-05-14,sábado,20:00:00,PE,232,"195,7",SANHARO,Manobra de mudança de faixa,Colisão transversal,Com Vítimas Feridas,Plena Noite,Crescente,Chuva,Simples,Curva,Não,8,0,0,8,0,0,8,2,"-8,35793154","-36,53676104",SPRF-PE,DEL03-PE,UOP02-DEL03-PE
453311.0,2022-06-01,quarta-feira,16:20:00,PE,408,"98,6",SAO LOURENCO DA MATA,Condutor deixou de manter distância do veículo da frente,Colisão traseira,Com Vítimas Feridas,Pleno dia,Crescente,Sol,Dupla,Reta,Não,3,0,1,0,2,0,1,2,"-8,04364056","-35,01674995",SPRF-PE,DEL01-PE,UOP01-DEL01-PE
453364.0,2022-06-01,quarta-feira,19:00:00,PE,101,"49,6",ABREU E LIMA,Acessar a via sem observar a presença dos outros veículos,Colisão lateral mesmo sentido,Sem Vítimas,Plena Noite,Crescente,Vento,Múltipla,Declive,Sim,3,0,0,0,3,0,0,2,"-7,9005152","-34,90180641",SPRF-PE,DEL01-PE,UOP02-DEL01-PE
453450.0,2022-06-02,quinta-feira,09:44:00,PE,428,188,PETROLINA,Demais falhas mecânicas ou elétricas,Eventos atípicos,Sem Vítimas,Pleno dia,Crescente,Céu Claro,Simples,Viaduto,Não,3,0,0,0,3,0,0,1,"-9,36400596","-40,48266808",SPRF-PE,DEL06-PE,UOP01-DEL06-PE
453455.0,2022-05-14,sábado,18:55:00,PE,101,53,PAULISTA,Pedestre andava na pista,Atropelamento de Pedestre,Com Vítimas Feridas,Plena Noite,Decrescente,Ignorado,Múltipla,Reta,Não,3,0,0,1,0,2,1,2,"-7,93743699","-34,90344885",SPRF-PE,DEL01-PE,UOP02-DEL01-PE
453491.0,2022-06-02,quinta-feira,05:00:00,PE,232,7,RECIFE,Pista esburacada,Saída de leito carroçável,Sem Vítimas,Pleno dia,Crescente,Céu Claro,Dupla,Reta;Em Obras                 ,Não,1,0,0,0,0,1,0,1,"-8,07333497","-34,96184301",SPRF-PE,DEL01-PE,UOP01-DEL01-PE
453506.0,2022-06-02,quinta-feira,16:50:00,PE,407,"128,8",PETROLINA,Acesso irregular,Colisão transversal,Sem Vítimas,Pleno dia,Decrescente,Céu Claro,Dupla,Reta,Sim,2,0,0,0,2,0,0,2,"-9,39870297","-40,50488591",SPRF-PE,DEL06-PE,UOP01-DEL06-PE
453526.0,2022-06-02,quinta-feira,19:25:00,PE,101,"70,8",RECIFE,Acostamento em desnível,Queda de ocupante de veículo,Com Vítimas Feridas,Plena Noite,Decrescente,Nublado,Dupla,Reta,Sim,1,0,1,0,0,0,1,1,"-8,06776119","-34,94265074",SPRF-PE,DEL01-PE,UOP01-DEL01-PE
453528.0,2022-06-02,quinta-feira,18:15:00,PE,232,"112,1",BEZERROS,Ausência de reação do condutor,Saída de leito carroçável,Sem Vítimas,Pleno dia,Crescente,Nublado,Dupla,Curva,Não,1,0,0,0,0,1,0,1,"-8,29729696","-35,83146101",SPRF-PE,DEL02-PE,UOP02-DEL02PE
453551.0,2022-06-02,quinta-feira,21:20:00,PE,232,"115,7",CARUARU,Manobra de mudança de faixa,Colisão lateral mesmo sentido,Sem Vítimas,Plena Noite,Crescente,Céu Claro,Dupla,Reta,Não,5,0,0,0,5,0,0,2,"-8,29851022","-35,85780302",SPRF-PE,DEL02-PE,UOP01-DEL02-PE
453620.0,2022-06-02,quinta-feira,15:00:00,PE,101,"60,6",RECIFE,Ausência de reação do condutor,Colisão com objeto,Sem Vítimas,Pleno dia,Crescente,Nublado,Dupla,Reta,Não,3,0,0,0,3,0,0,1,"-7,98344307","-34,93176727",SPRF-PE,DEL01-PE,UOP02-DEL01-PE
453653.0,2022-05-14,sábado,05:19:00,PE,232,"37,7",VITORIA DE SANTO ANTAO,Condutor Dormindo,Saída de leito carroçável,Com Vítimas Feridas,Amanhecer,Crescente,Nublado,Dupla,Reta,Não,1,0,1,0,0,0,1,1,"-8,11285511","-35,20988897",SPRF-PE,DEL01-PE,UOP01-DEL01-PE
453662.0,2022-06-03,sexta-feira,11:00:00,PE,104,"1,7",TAQUARITINGA DO NORTE,Acumulo de água sobre o pavimento,Capotamento,Com Vítimas Feridas,Pleno dia,Decrescente,Garoa/Chuvisco,Simples,Curva,Não,1,0,1,0,0,0,1,1,"-7,798334","-36,099885",SPRF-PE,DEL02-PE,UOP01-DEL02-PE
453672.0,2022-06-03,sexta-feira,13:15:00,PE,424,68,CAETES,Ausência de reação do condutor,Colisão traseira,Com Vítimas Feridas,Pleno dia,Crescente,Garoa/Chuvisco,Simples,Reta,Sim,2,0,0,1,1,0,1,2,"-8,772056","-36,630847",SPRF-PE,DEL03-PE,UOP01-DEL03-PE
453704.0,2022-06-03,sexta-feira,18:15:00,PE,428,186,PETROLINA,Pista em desnível,Tombamento,Com Vítimas Feridas,Plena Noite,Crescente,Céu Claro,Simples,Em Obras,Sim,1,0,1,0,0,0,1,1,"-9,34807826","-40,47441248",SPRF-PE,DEL06-PE,UOP01-DEL06-PE
453731.0,2022-06-03,sexta-feira,20:00:00,PE,428,188,PETROLINA,Reação tardia ou ineficiente do condutor,Colisão com objeto,Com Vítimas Feridas,Plena Noite,Decrescente,Céu Claro,Simples,Reta,Sim,1,0,1,0,0,0,1,1,"-9,36400596","-40,48266808",SPRF-PE,DEL06-PE,UOP01-DEL06-PE
453735.0,2022-06-03,sexta-feira,16:30:00,PE,316,59,TRINDADE,Condutor Dormindo,Colisão com objeto,Com Vítimas Feridas,Anoitecer,Crescente,Nublado,Simples,Reta,Não,1,0,1,0,0,0,1,1,"-7,76160912","-40,26138334",SPRF-PE,DEL05-PE,UOP02-DEL05-PE
453764.0,2022-06-03,sexta-feira,22:50:00,PE,424,"79,9",GARANHUNS,Ingestão de álcool pelo condutor,Queda de ocupante de veículo,Com Vítimas Feridas,Plena Noite,Crescente,Chuva,Simples,Reta,Não,1,0,0,1,0,0,1,1,"-8,82538475","-36,55412583",SPRF-PE,DEL03-PE,UOP01-DEL03-PE
453793.0,2022-06-04,sábado,02:45:00,PE,424,14,PEDRA,Reação tardia ou ineficiente do condutor,Colisão traseira,Sem Vítimas,Amanhecer,Crescente,Garoa/Chuvisco,Simples,Reta,Sim,3,0,0,0,2,1,0,3,"-8,49873612","-36,97444401",SPRF-PE,DEL04-PE,UOP02-DEL04-PE
453862.0,2022-06-04,sábado,12:56:00,PE,232,"55,8",POMBOS,Ausência de reação do condutor,Saída de leito carroçável,Com Vítimas Feridas,Pleno dia,Decrescente,Chuva,Dupla,Reta,Não,2,0,0,2,0,0,2,1,"-8,13255758","-35,36570027",SPRF-PE,DEL02-PE,UOP02-DEL02PE
453882.0,2022-06-04,sábado,15:35:00,PE,101,44,IGARASSU,Ingestão de álcool pelo condutor,Colisão traseira,Com Vítimas Feridas,Pleno dia,Crescente,Chuva,Múltipla,Reta,Sim,3,0,1,0,2,0,1,2,"-7,85637001","-34,90842109",SPRF-PE,DEL01-PE,UOP02-DEL01-PE
453909.0,2022-06-04,sábado,17:20:00,PE,232,"86,8",GRAVATA,Acessar a via sem observar a presença dos outros veículos,Colisão traseira,Com Vítimas Feridas,Pleno dia,Decrescente,Céu Claro,Dupla,Reta,Não,2,0,1,0,1,0,1,2,"-8,21286855","-35,62011813",SPRF-PE,DEL02-PE,UOP02-DEL02PE