id,data_inversa,dia_semana,horario,uf,br,km,municipio,causa_acidente,tipo_acidente,classificacao_acidente,fase_dia,sentido_via,condicao_metereologica,tipo_pista,tracado_via,uso_solo,pessoas,mortos,feridos_leves,feridos_graves,ilesos,ignorados,feridos,veiculos,latitude,longitude,regional,delegacia,uop
456669.0,2022-06-19,domingo,00:54:00,PE,316,22,ARARIPINA,Ingestão de álcool pelo condutor,Colisão frontal,Sem Vítimas,Plena Noite,Decrescente,Céu Claro,Simples,Reta,Sim,3,0,0,0,3,0,0,3,"-7,57538187","-40,51709091",SPRF-PE,DEL05-PE,UOP02-DEL05-PE
456727.0,2022-06-19,domingo,08:50:00,PE,408,"75,2",PAUDALHO,Condutor deixou de manter distância do veículo da frente,Engavetamento,Com Vítimas Feridas,Pleno dia,Crescente,Sol,Dupla,Curva,Sim,3,0,2,0,0,1,2,3,"-7,90849186","-35,17102897",SPRF-PE,DEL01-PE,UOP01-DEL01-PE
456737.0,2022-06-19,domingo,12:00:00,PE,104,"54,9",CARUARU,Avarias e/ou desgaste excessivo no pneu,Queda de ocupante de veículo,Com Vítimas Feridas,Pleno dia,Crescente,Céu Claro,Dupla,Reta,Não,1,0,1,0,0,0,1,1,"-8,1928","-35,9662",SPRF-PE,DEL02-PE,UOP01-DEL02-PE
456764.0,2022-06-19,domingo,15:12:00,PE,101,"7,5",GOIANA,Reação tardia ou ineficiente do condutor,Colisão traseira,Com Vítimas Feridas,Pleno dia,Crescente,Céu Claro,Múltipla,Reta;Interseção de Vias       ,Sim,3,0,2,0,1,0,2,2,"-7,55997111","-34,99072674",SPRF-PE,DEL01-PE,UOP02-DEL01-PE
456765.0,2022-06-19,domingo,14:55:00,PE,232,23,MORENO,Condutor deixou de manter distância do veículo da frente,Colisão lateral mesmo sentido,Com Vítimas Feridas,Pleno dia,Decrescente,Céu Claro,Dupla,Reta,Não,2,0,0,1,1,0,1,2,"-8,0986004","-35,09353023",SPRF-PE,DEL01-PE,UOP01-DEL01-PE
456770.0,2022-06-19,domingo,14:57:00,PE,232,"91,2",SAIRE,Ausência de reação do condutor,Colisão com objeto,Com Vítimas Feridas,Pleno dia,Crescente,Nublado,Dupla,Reta,Não,1,0,1,0,0,0,1,1,"-8,21834835","-35,66463196",SPRF-PE,DEL02-PE,UOP02-DEL02PE
456774.0,2022-06-19,domingo,14:20:00,PE,104,0,TAQUARITINGA DO NORTE,Pista Escorregadia,Colisão frontal,Com Vítimas Feridas,Pleno dia,Crescente,Garoa/Chuvisco,Simples,Reta,Não,3,0,2,0,1,0,2,2,"-7,792624","-36,101326",SPRF-PE,DEL02-PE,UOP01-DEL02-PE
456866.0,2022-06-19,domingo,23:20:00,PE,232,"99,9",BEZERROS,Ausência de reação do condutor,Saída de leito carroçável,Sem Vítimas,Plena Noite,Crescente,Chuva,Dupla,Curva,Sim,1,0,0,0,0,1,0,1,"-8,23834","-35,745162",SPRF-PE,DEL02-PE,UOP02-DEL02PE
456880.0,2022-06-20,segunda-feira,09:50:00,PE,101,46,IGARASSU,Condutor deixou de manter distância do veículo da frente,Engavetamento,Sem Vítimas,Pleno dia,Decrescente,Chuva,Múltipla,Reta,Sim,3,0,0,0,3,0,0,3,"-7,87406004","-34,90588126",SPRF-PE,DEL01-PE,UOP02-DEL01-PE
456912.0,2022-06-20,segunda-feira,07:20:00,PE,101,"42,9",IGARASSU,Desrespeitar a preferência no cruzamento,Colisão transversal,Com Vítimas Feridas,Pleno dia,Crescente,Céu Claro,Múltipla,Reta;Retorno Regulamentado    ,Sim,2,0,0,1,1,0,1,2,"-7,84461241","-34,91065621",SPRF-PE,DEL01-PE,UOP02-DEL01-PE
456937.0,2022-06-20,segunda-feira,07:40:00,PE,116,82,BELEM DE SAO FRANCISCO,Velocidade Incompatível,Saída de leito carroçável,Sem Vítimas,Pleno dia,Decrescente,Nublado,Simples,Rotatória;Curva;Aclive        ,Não,4,0,0,0,4,0,0,1,"-8,54766589","-39,22596574",SPRF-PE,DEL05-PE,UOP03-DEL05-PE
456941.0,2022-06-20,segunda-feira,09:15:00,PE,101,70,RECIFE,Frear bruscamente,Colisão com objeto,Com Vítimas Feridas,Pleno dia,Decrescente,Nublado,Dupla,Reta,Sim,2,0,2,0,0,0,2,1,"-8,06776119","-34,94265074",SPRF-PE,DEL01-PE,UOP01-DEL01-PE
456966.0,2022-06-17,sexta-feira,18:00:00,PE,407,128,PETROLINA,Condutor deixou de manter distância do veículo da frente,Colisão traseira,Sem Vítimas,Plena Noite,Decrescente,Céu Claro,Simples,Reta,Sim,2,0,0,0,2,0,0,2,"-9,3908678","-40,52038627",SPRF-PE,DEL06-PE,UOP01-DEL06-PE
456975.0,2022-06-20,segunda-feira,14:40:00,PE,428,11,CABROBO,Reação tardia ou ineficiente do condutor,Colisão traseira,Com Vítimas Feridas,Pleno dia,Decrescente,Garoa/Chuvisco,Simples,Em Obras,Sim,5,0,0,1,4,0,1,2,"-8,5063914","-39,3161128",SPRF-PE,DEL05-PE,UOP03-DEL05-PE
456978.0,2022-06-20,segunda-feira,15:40:00,PE,101,"157,8",GAMELEIRA,Chuva,Tombamento,Com Vítimas Feridas,Pleno dia,Decrescente,Chuva,Dupla,Reta,Não,2,0,2,0,0,0,2,1,"-8,55352976","-35,3964161",SPRF-PE,DEL01-PE,UOP03-DEL01-PE
456979.0,2022-06-20,segunda-feira,17:41:00,PE,232,"8,3",RECIFE,Condutor deixou de manter distância do veículo da frente,Colisão traseira,Com Vítimas Feridas,Plena Noite,Crescente,Nublado,Dupla,Reta,Sim,2,0,1,0,1,0,1,2,"-8,0768","-34,97419",SPRF-PE,DEL01-PE,UOP01-DEL01-PE
456992.0,2022-06-20,segunda-feira,18:58:00,PE,101,"68,5",RECIFE,Ausência de reação do condutor,Colisão traseira,Com Vítimas Feridas,Plena Noite,Decrescente,Céu Claro,Dupla,Reta,Sim,2,0,1,0,1,0,1,2,"-8,05074296","-34,94580619",SPRF-PE,DEL01-PE,UOP01-DEL01-PE
457038.0,2022-06-20,segunda-feira,21:50:00,PE,232,"31,3",MORENO,Acumulo de água sobre o pavimento,Capotamento,Sem Vítimas,Plena Noite,Crescente,Chuva,Dupla,Curva,Não,1,0,0,0,0,1,0,1,"-8,10678602","-35,15841205",SPRF-PE,DEL01-PE,UOP01-DEL01-PE
457040.0,2022-06-20,segunda-feira,22:20:00,PE,232,"5,9",RECIFE,Manobra de mudança de faixa,Saída de leito carroçável,Com Vítimas Feridas,Plena Noite,Crescente,Céu Claro,Dupla,Reta,Sim,2,0,1,0,1,0,1,2,"-8,06795766","-34,94535414",SPRF-PE,DEL01-PE,UOP01-DEL01-PE
457066.0,2022-06-21,terça-feira,05:10:00,PE,101,"61,1",RECIFE,Avarias e/ou desgaste excessivo no pneu,Tombamento,Com Vítimas Feridas,Amanhecer,Decrescente,Nublado,Dupla,Curva,Sim,1,0,1,0,0,0,1,1,"-7,992925","-34,936895",SPRF-PE,DEL01-PE,UOP02-DEL01-PE
457137.0,2022-06-21,terça-feira,12:00:00,PE,408,"20,7",TIMBAUBA,Acessar a via sem observar a presença dos outros veículos,Colisão transversal,Com Vítimas Feridas,Pleno dia,Decrescente,Sol,Simples,Declive,Não,2,0,2,0,0,0,2,2,"-7,52257159","-35,29948406",SPRF-PE,DEL01-PE,UOP02-DEL01-PE
457223.0,2022-06-21,terça-feira,19:30:00,PE,428,189,PETROLINA,Retorno proibido,Colisão transversal,Com Vítimas Feridas,Plena Noite,Crescente,Garoa/Chuvisco,Múltipla,Reta,Sim,2,0,1,0,1,0,1,2,"-9,377707","-40,504577",SPRF-PE,DEL06-PE,UOP01-DEL06-PE
457287.0,2022-06-20,segunda-feira,04:50:00,PE,407,128,PETROLINA,Ingestão de álcool pelo condutor,Colisão com objeto,Sem Vítimas,Plena Noite,Crescente,Céu Claro,Dupla,Aclive,Sim,1,0,0,0,0,1,0,1,"-9,39387565","-40,51133888",SPRF-PE,DEL06-PE,UOP01-DEL06-PE
457405.0,2022-06-22,quarta-feira,16:00:00,PE,104,"0,9",TAQUARITINGA DO NORTE,Pista Escorregadia,Capotamento,Com Vítimas Feridas,Pleno dia,Crescente,Chuva,Simples,Reta,Não,3,0,2,0,1,0,2,1,"-7,783875","-36,10333",SPRF-PE,DEL02-PE,UOP01-DEL02-PE
457507.0,2022-06-23,quinta-feira,13:37:00,PE,101,"48,4",ABREU E LIMA,Manobra de mudança de faixa,Colisão transversal,Com Vítimas Feridas,Pleno dia,Decrescente,Céu Claro,Múltipla,Reta,Sim,3,0,1,1,1,0,2,2,"-7,89174705","-34,9033493",SPRF-PE,DEL01-PE,UOP02-DEL01-PE
457514.0,2022-06-23,quinta-feira,14:10:00,PE,232,"68,9",GRAVATA,Reação tardia ou ineficiente do condutor,Colisão traseira,Com Vítimas Feridas,Pleno dia,Crescente,Chuva,Dupla,Reta,Não,3,0,1,0,2,0,1,3,"-8,17369","-35,482085",SPRF-PE,DEL02-PE,UOP02-DEL02PE
457535.0,2022-06-23,quinta-feira,15:59:00,PE,232,53,POMBOS,Reação tardia ou ineficiente do condutor,Colisão traseira,Com Vítimas Feridas,Pleno dia,Crescente,Nublado,Dupla,Reta,Não,3,0,2,0,1,0,2,2,"-8,13014263","-35,3484723",SPRF-PE,DEL02-PE,UOP02-DEL02PE
457582.0,2022-06-23,quinta-feira,19:26:00,PE,232,84,GRAVATA,Retorno proibido,Colisão traseira,Com Vítimas Feridas,Plena Noite,Decrescente,Nublado,Dupla,Reta,Não,3,0,2,0,1,0,2,2,"-8,2059894","-35,60359683",SPRF-PE,DEL02-PE,UOP02-DEL02PE
457588.0,2022-06-23,quinta-feira,19:10:00,PE,101,14,GOIANA,Reação tardia ou ineficiente do condutor,Saída de leito carroçável,Sem Vítimas,Plena Noite,Crescente,Nublado,Dupla,Reta,Não,1,0,0,0,0,1,0,1,"-7,60243605","-34,9793841",SPRF-PE,DEL01-PE,UOP02-DEL01-PE
457616.0,2022-06-23,quinta-feira,22:10:00,PE,232,"74,4",GRAVATA,Pista esburacada,Colisão com objeto,Com Vítimas Feridas,Plena Noite,Crescente,Chuva,Dupla,Curva;Declive                 ,Não,2,0,2,0,0,0,2,1,"-8,197662","-35,523807",SPRF-PE,DEL02-PE,UOP02-DEL02PE
457662.0,2022-06-24,sexta-feira,05:15:00,PE,116,27,SALGUEIRO,Ausência de reação do condutor,Queda de ocupante de veículo,Com Vítimas Feridas,Amanhecer,Decrescente,Céu Claro,Simples,Reta,Sim,2,0,1,0,0,1,1,1,"-8,078546","-39,130867",SPRF-PE,DEL05-PE,UOP01-DEL05-PE
457701.0,2022-06-24,sexta-feira,07:20:00,PE,232,21,MORENO,Demais falhas mecânicas ou elétricas,Incêndio,Sem Vítimas,Pleno dia,Decrescente,Sol,Dupla,Reta,Não,1,0,0,0,0,1,0,1,"-8,09580234","-35,08012588",SPRF-PE,DEL01-PE,UOP01-DEL01-PE
457709.0,2022-06-24,sexta-feira,10:25:00,PE,101,50,ABREU E LIMA,Manobra de mudança de faixa,Colisão transversal,Com Vítimas Feridas,Pleno dia,Decrescente,Nublado,Múltipla,Reta,Sim,2,0,0,1,1,0,1,2,"-7,90938602","-34,90123228",SPRF-PE,DEL01-PE,UOP02-DEL01-PE
457730.0,2022-06-24,sexta-feira,11:00:00,PE,101,51,ABREU E LIMA,Falta de acostamento,Colisão traseira,Com Vítimas Feridas,Pleno dia,Decrescente,Céu Claro,Dupla,Reta,Sim,2,0,1,0,1,0,1,2,"-7,9169968","-34,89689272",SPRF-PE,DEL01-PE,UOP02-DEL01-PE
457759.0,2022-06-24,sexta-feira,17:00:00,PE,101,"45,3",IGARASSU,Manobra de mudança de faixa,Saída de leito carroçável,Com Vítimas Feridas,Anoitecer,Crescente,Céu Claro,Simples,Reta,Sim,3,0,1,2,0,0,3,1,"-7,86521297","-34,90715176",SPRF-PE,DEL01-PE,UOP02-DEL01-PE
457803.0,2022-06-24,sexta-feira,18:45:00,PE,104,54,CARUARU,Avarias e/ou desgaste excessivo no pneu,Tombamento,Com Vítimas Feridas,Plena Noite,Crescente,Céu Claro,Dupla,Aclive;Reta                   ,Não,2,0,1,0,1,0,1,1,"-8,1928","-35,9662",SPRF-PE,DEL02-PE,UOP01-DEL02-PE
457811.0,2022-06-24,sexta-feira,20:00:00,PE,101,52,PAULISTA,Manobra de mudança de faixa,Colisão lateral mesmo sentido,Com Vítimas Feridas,Plena Noite,Decrescente,Nublado,Dupla,Interseção de Vias,Sim,2,0,1,0,1,0,1,2,"-7,92358799","-34,89607201",SPRF-PE,DEL01-PE,UOP02-DEL01-PE
457823.0,2022-06-24,sexta-feira,21:20:00,PE,232,"10,3",JABOATAO DOS GUARARAPES,Condutor deixou de manter distância do veículo da frente,Colisão traseira,Sem Vítimas,Plena Noite,Decrescente,Céu Claro,Dupla,Reta,Sim,13,0,0,0,13,0,0,3,"-8,078982","-34,984801",SPRF-PE,DEL01-PE,UOP01-DEL01-PE
457866.0,2022-06-25,sábado,03:30:00,PE,232,"6,8",RECIFE,Deficiência do Sistema de Iluminação/Sinalização,Colisão traseira,Sem Vítimas,Plena Noite,Decrescente,Céu Claro,Múltipla,Em Obras;Reta                 ,Não,3,0,0,0,2,1,0,2,"-8,07333497","-34,96184301",SPRF-PE,DEL01-PE,UOP01-DEL01-PE
457889.0,2022-05-01,domingo,06:29:00,PE,232,"92,8",SAIRE,Frear bruscamente,Colisão traseira,Com Vítimas Feridas,Pleno dia,Decrescente,Céu Claro,Dupla,Reta;Declive                  ,Não,2,0,1,0,1,0,1,2,"-8,22169948","-35,68231217",SPRF-PE,DEL02-PE,UOP02-DEL02PE
457933.0,2022-06-24,sexta-feira,20:00:00,PE,316,342,PETROLANDIA,Animais na Pista,Atropelamento de Animal,Sem Vítimas,Plena Noite,Crescente,Ignorado,Simples,Reta,Não,1,0,0,0,1,0,0,1,"-8,801707","-38,318768",SPRF-PE,DEL04-PE,UOP03-DEL04-PE
457943.0,2022-06-25,sábado,14:00:00,PE,423,129,SALOA,Acessar a via sem observar a presença dos outros veículos,Colisão frontal,Com Vítimas Feridas,Pleno dia,Decrescente,Céu Claro,Simples,Curva,Não,2,0,0,1,1,0,1,2,"-8,96151209","-36,74044906",SPRF-PE,DEL03-PE,UOP01-DEL03-PE
457951.0,2022-06-25,sábado,17:05:00,PE,232,"101,3",BEZERROS,Ingestão de álcool pelo condutor,Colisão lateral mesmo sentido,Sem Vítimas,Pleno dia,Decrescente,Céu Claro,Múltipla,Reta,Sim,6,0,0,0,6,0,0,2,"-8,24194679","-35,75097313",SPRF-PE,DEL02-PE,UOP02-DEL02PE
457953.0,2022-06-25,sábado,17:00:00,PE,232,79,GRAVATA,Manobra de mudança de faixa,Colisão lateral mesmo sentido,Com Vítimas Feridas,Anoitecer,Decrescente,Céu Claro,Múltipla,Reta,Sim,2,0,1,0,1,0,1,2,"-8,19460572","-35,56074803",SPRF-PE,DEL02-PE,UOP02-DEL02PE
458008.0,2022-06-25,sábado,21:42:00,PE,408,64,CARPINA,Ingestão de álcool pelo condutor,Colisão lateral sentido oposto,Com Vítimas Feridas,Plena Noite,Decrescente,Céu Claro,Dupla,Rotatória,Sim,3,0,1,0,2,0,1,2,"-7,847067","-35,23867",SPRF-PE,DEL01-PE,UOP01-DEL01-PE
458046.0,2022-06-26,domingo,03:56:00,PE,232,"86,7",GRAVATA,Reação tardia ou ineficiente do condutor,Saída de leito carroçável,Com Vítimas Feridas,Plena Noite,Decrescente,Céu Claro,Dupla,Reta;Retorno Regulamentado    ,Não,2,0,1,0,1,0,1,1,"-8,21422367","-35,62856555",SPRF-PE,DEL02-PE,UOP02-DEL02PE
458047.0,2022-06-26,domingo,03:20:00,PE,424,93,GARANHUNS,Neblina,Eventos atípicos,Sem Vítimas,Plena Noite,Crescente,Nevoeiro/Neblina,Simples,Curva,Sim,13,0,0,0,13,0,0,1,"-8,907125","-36,487206",SPRF-PE,DEL03-PE,UOP01-DEL03-PE
458111.0,2022-06-26,domingo,13:20:00,PE,101,"73,9",RECIFE,Reação tardia ou ineficiente do condutor,Colisão transversal,Com Vítimas Feridas,Pleno dia,Crescente,Céu Claro,Dupla,Reta,Sim,2,0,0,1,1,0,1,2,"-8,101048","-34,949503",SPRF-PE,DEL01-PE,UOP01-DEL01-PE
458164.0,2022-06-26,domingo,17:00:00,PE,232,"34,6",MORENO,Reação tardia ou ineficiente do condutor,Colisão traseira,Com Vítimas Feridas,Anoitecer,Decrescente,Nublado,Múltipla,Reta,Sim,3,0,2,0,1,0,2,2,"-8,10702537","-35,18394691",SPRF-PE,DEL01-PE,UOP01-DEL01-PE
458186.0,2022-06-26,domingo,20:00:00,PE,232,21,MORENO,Ausência de reação do condutor,Colisão traseira,Com Vítimas Feridas,Plena Noite,Decrescente,Nublado,Dupla,Reta,Sim,3,0,0,1,1,1,1,3,"-8,09580234","-35,08012588",SPRF-PE,DEL01-PE,UOP01-DEL01-PE
458199.0,2022-06-26,domingo,20:30:00,PE,428,"189,7",PETROLINA,Retorno proibido,Colisão transversal,Com Vítimas Feridas,Plena Noite,Crescente,Céu Claro,Múltipla,Reta,Sim,3,0,1,0,1,1,1,3,"-9,37197508","-40,48679585",SPRF-PE,DEL06-PE,UOP01-DEL06-PE
458204.0,2022-06-26,domingo,17:24:00,PE,428,"144,9",PETROLINA,Demais falhas mecânicas ou elétricas,Saída de leito carroçável,Sem Vítimas,Anoitecer,Crescente,Céu Claro,Simples,Reta,Não,2,0,0,0,1,1,0,2,"-9,02051253","-40,28198898",SPRF-PE,DEL06-PE,UOP01-DEL06-PE
458233.0,2022-06-26,domingo,22:00:00,PE,232,"460,5",MIRANDIBA,Reação tardia ou ineficiente do condutor,Queda de ocupante de veículo,Com Vítimas Feridas,Plena Noite,Decrescente,Céu Claro,Simples,Reta,Não,2,0,0,1,0,1,1,2,"-8,02341988","-38,71464955",SPRF-PE,DEL05-PE,UOP01-DEL05-PE
458246.0,2022-06-27,segunda-feira,04:18:00,PE,428,"189,2",PETROLINA,Ingestão de álcool pelo condutor,Colisão com objeto,Com Vítimas Feridas,Plena Noite,Decrescente,Céu Claro,Dupla,Reta,Sim,2,0,1,0,1,0,1,1,"-9,37197508","-40,48679585",SPRF-PE,DEL06-PE,UOP01-DEL06-PE
458255.0,2022-06-27,segunda-feira,05:05:00,PE,232,503,VERDEJANTE,Animais na Pista,Atropelamento de Animal,Com Vítimas Feridas,Amanhecer,Decrescente,Céu Claro,Simples,Reta;Declive                  ,Não,2,0,2,0,0,0,2,1,"-8,04856198","-39,07759201",SPRF-PE,DEL05-PE,UOP01-DEL05-PE
458256.0,2022-06-27,segunda-feira,05:00:00,PE,232,503,VERDEJANTE,Animais na Pista,Atropelamento de Animal,Com Vítimas Feridas,Amanhecer,Crescente,Céu Claro,Simples,Declive,Não,3,0,1,1,1,0,2,1,"-8,04856198","-39,07759201",SPRF-PE,DEL05-PE,UOP01-DEL05-PE
458288.0,2022-06-27,segunda-feira,09:40:00,PE,101,"38,7",IGARASSU,Pedestre cruzava a pista fora da faixa,Atropelamento de Pedestre,Com Vítimas Feridas,Pleno dia,Crescente,Céu Claro,Dupla,Reta,Não,2,0,1,0,1,0,1,2,"-7,80600806","-34,92522908",SPRF-PE,DEL01-PE,UOP02-DEL01-PE
458294.0,2022-06-27,segunda-feira,10:13:00,PE,232,"4,1",RECIFE,Ausência de reação do condutor,Atropelamento de Pedestre,Com Vítimas Feridas,Pleno dia,Decrescente,Nublado,Múltipla,Reta,Sim,3,0,3,0,0,0,3,2,"-8,06795766","-34,94535414",SPRF-PE,DEL01-PE,UOP01-DEL01-PE
458407.0,2022-06-27,segunda-feira,18:48:00,PE,408,76,PAUDALHO,Manobra de mudança de faixa,Colisão com objeto,Com Vítimas Feridas,Plena Noite,Decrescente,Céu Claro,Dupla,Ponte,Sim,2,0,1,0,0,1,1,1,"-7,89525381","-35,17319083",SPRF-PE,DEL01-PE,UOP01-DEL01-PE
458414.0,2022-06-27,segunda-feira,21:00:00,PE,232,316,SERTANIA,Manobra de mudança de faixa,Colisão lateral sentido oposto,Sem Vítimas,Plena Noite,Decrescente,Céu Claro,Simples,Reta,Não,2,0,0,0,1,1,0,2,"-8,13209815","-37,50762102",SPRF-PE,DEL04-PE,UOP02-DEL04-PE
458471.0,2022-06-28,terça-feira,10:13:00,PE,232,93,SAIRE,Manobra de mudança de faixa,Colisão traseira,Com Vítimas Feridas,Pleno dia,Crescente,Sol,Dupla,Reta,Não,3,0,2,0,0,1,2,2,"-8,22169948","-35,68231217",SPRF-PE,DEL02-PE,UOP02-DEL02PE
458478.0,2022-06-28,terça-feira,12:00:00,PE,101,"112,5",IPOJUCA,Animais na Pista,Capotamento,Com Vítimas Feridas,Pleno dia,Decrescente,Chuva,Dupla,Curva,Não,2,0,2,0,0,0,2,1,"-8,3278918","-35,119238",SPRF-PE,DEL01-PE,UOP03-DEL01-PE
458512.0,2022-06-28,terça-feira,14:29:00,PE,428,188,PETROLINA,Condutor deixou de manter distância do veículo da frente,Colisão traseira,Com Vítimas Feridas,Pleno dia,Decrescente,Céu Claro,Dupla,Rotatória,Sim,2,0,1,0,1,0,1,2,"-9,36400596","-40,48266808",SPRF-PE,DEL06-PE,UOP01-DEL06-PE
458555.0,2022-06-28,terça-feira,19:00:00,PE,232,51,VITORIA DE SANTO ANTAO,Pista esburacada,Tombamento,Com Vítimas Feridas,Plena Noite,Crescente,Céu Claro,Dupla,Reta;Ponte                    ,Não,3,0,0,2,0,1,2,2,"-8,138088","-35,332387",SPRF-PE,DEL01-PE,UOP01-DEL01-PE
458560.0,2022-06-28,terça-feira,20:40:00,PE,104,"56,9",CARUARU,Pista esburacada,Eventos atípicos,Com Vítimas Feridas,Plena Noite,Crescente,Céu Claro,Dupla,Reta,Não,1,0,0,1,0,0,1,1,"-8,2265","-35,9779",SPRF-PE,DEL02-PE,UOP01-DEL02-PE
458591.0,2022-06-28,terça-feira,23:30:00,PE,232,333,CUSTODIA,Ingestão de álcool pelo condutor,Colisão traseira,Com Vítimas Feridas,Plena Noite,Decrescente,Céu Claro,Simples,Reta,Sim,5,0,2,1,2,0,3,3,"-8,0886886","-37,62796997",SPRF-PE,DEL04-PE,UOP02-DEL04-PE
458640.0,2022-06-29,quarta-feira,08:30:00,PE,408,93,SAO LOURENCO DA MATA,Animais na Pista,Colisão com objeto,Com Vítimas Feridas,Pleno dia,Decrescente,Sol,Dupla,Reta,Não,1,0,1,0,0,0,1,1,"-8,00201425","-35,05473707",SPRF-PE,DEL01-PE,UOP01-DEL01-PE
458691.0,2022-06-29,quarta-feira,16:40:00,PE,101,"69,5",RECIFE,Manobra de mudança de faixa,Colisão lateral mesmo sentido,Com Vítimas Feridas,Pleno dia,Crescente,Chuva,Múltipla,Reta,Sim,2,0,1,0,0,1,1,2,"-8,05951606","-34,94581024",SPRF-PE,DEL01-PE,UOP01-DEL01-PE
458761.0,2022-06-30,quinta-feira,07:00:00,PE,101,"50,8",ABREU E LIMA,Acessar a via sem observar a presença dos outros veículos,Colisão transversal,Sem Vítimas,Pleno dia,Crescente,Céu Claro,Múltipla,Retorno Regulamentado;Reta    ,Sim,2,0,0,0,1,1,0,2,"-7,90938602","-34,90123228",SPRF-PE,DEL01-PE,UOP02-DEL01-PE
458766.0,2022-06-30,quinta-feira,08:15:00,PE,101,57,PAULISTA,Condutor deixou de manter distância do veículo da frente,Colisão traseira,Com Vítimas Feridas,Pleno dia,Crescente,Nublado,Dupla,Reta,Sim,4,0,0,2,2,0,2,3,"-7,96346213","-34,91513486",SPRF-PE,DEL01-PE,UOP02-DEL01-PE
458783.0,2022-06-30,quinta-feira,10:00:00,PE,101,"68,3",RECIFE,Ausência de reação do condutor,Colisão traseira,Sem Vítimas,Pleno dia,Decrescente,Céu Claro,Dupla,Reta,Sim,3,0,0,0,2,1,0,3,"-8,05074296","-34,94580619",SPRF-PE,DEL01-PE,UOP01-DEL01-PE
458786.0,2022-06-30,quinta-feira,09:30:00,PE,232,43,VITORIA DE SANTO ANTAO,Condutor Dormindo,Colisão com objeto,Com Vítimas Feridas,Pleno dia,Crescente,Nublado,Dupla,Curva,Não,1,0,1,0,0,0,1,1,"-8,11729755","-35,26097515",SPRF-PE,DEL01-PE,UOP01-DEL01-PE
458800.0,2022-06-30,quinta-feira,11:11:00,PE,101,64,RECIFE,Reação tardia ou ineficiente do condutor,Colisão traseira,Sem Vítimas,Pleno dia,Decrescente,Nublado,Dupla,Curva,Sim,2,0,0,0,2,0,0,2,"-8,0162921","-34,94045886",SPRF-PE,DEL01-PE,UOP01-DEL01-PE
458861.0,2022-06-30,quinta-feira,17:50:00,PE,316,240,BELEM DE SAO FRANCISCO,Animais na Pista,Atropelamento de Animal,Com Vítimas Feridas,Plena Noite,Decrescente,Céu Claro,Simples,Reta,Não,1,0,1,0,0,0,1,1,"-8,63690585","-39,05113792",SPRF-PE,DEL05-PE,UOP03-DEL05-PE
458867.0,2022-06-30,quinta-feira,20:42:00,PE,101,"77,3",RECIFE,Acessar a via sem observar a presença dos outros veículos,Colisão transversal,Sem Vítimas,Plena Noite,Crescente,Nublado,Múltipla,Interseção de Vias,Sim,7,0,0,0,7,0,0,2,"-8,131367","-34,945579",SPRF-PE,DEL01-PE,UOP01-DEL01-PE
458894.0,2022-06-27,segunda-feira,17:30:00,PE,316,110,PARNAMIRIM,Animais na Pista,Atropelamento de Animal,Sem Vítimas,Anoitecer,Decrescente,Céu Claro,Simples,Reta,Não,3,0,0,0,3,0,0,1,"-7,97285114","-39,86411406",SPRF-PE,DEL05-PE,UOP02-DEL05-PE
458994.0,2022-07-01,sexta-feira,10:00:00,PE,428,42,OROCO,Ausência de reação do condutor,Colisão traseira,Sem Vítimas,Pleno dia,Crescente,Nublado,Simples,Reta,Não,2,0,0,0,2,0,0,2,"-8,5680257382","-39,5755821557",SPRF-PE,DEL05-PE,UOP03-DEL05-PE
459017.0,2022-07-01,sexta-feira,14:50:00,PE,232,"10,3",JABOATAO DOS GUARARAPES,Reação tardia ou ineficiente do condutor,Saída de leito carroçável,Com Vítimas Feridas,Pleno dia,Crescente,Céu Claro,Dupla,Reta,Sim,1,0,1,0,0,0,1,1,"-8,07917241","-34,98718609",SPRF-PE,DEL01-PE,UOP01-DEL01-PE
459022.0,2022-07-01,sexta-feira,13:30:00,PE,423,"137,3",SALOA,Manobra de mudança de faixa,Colisão lateral mesmo sentido,Com Vítimas Feridas,Pleno dia,Decrescente,Chuva,Simples,Reta,Não,5,0,2,0,3,0,2,2,"-8,96843187","-36,80955291",SPRF-PE,DEL03-PE,UOP01-DEL03-PE
459026.0,2022-07-01,sexta-feira,16:00:00,PE,101,79,JABOATAO DOS GUARARAPES,Trafegar com motocicleta (ou similar) entre as faixas,Atropelamento de Pedestre,Com Vítimas Feridas,Pleno dia,Decrescente,Céu Claro,Dupla,Reta,Sim,3,0,1,2,0,0,3,2,"-8,14366112","-34,94723453",SPRF-PE,DEL01-PE,UOP01-DEL01-PE
459131.0,2022-07-01,sexta-feira,22:30:00,PE,424,"64,5",CAETES,Chuva,Colisão traseira,Com Vítimas Fatais,Plena Noite,Crescente,Chuva,Simples,Reta,Não,2,1,0,0,0,1,0,2,"-8,753403","-36,667581",SPRF-PE,DEL03-PE,UOP01-DEL03-PE
459169.0,2022-07-02,sábado,07:45:00,PE,101,"75,4",RECIFE,Condutor deixou de manter distância do veículo da frente,Colisão traseira,Com Vítimas Feridas,Pleno dia,Crescente,Garoa/Chuvisco,Dupla,Aclive,Sim,3,0,1,0,2,0,1,2,"-8,115829","-34,944195",SPRF-PE,DEL01-PE,UOP01-DEL01-PE
459220.0,2022-07-02,sábado,12:50:00,PE,316,26,ARARIPINA,Ingestão de álcool pelo condutor,Saída de leito carroçável,Com Vítimas Feridas,Pleno dia,Crescente,Nublado,Simples,Reta,Não,1,0,1,0,0,0,1,1,"-7,60390506","-40,48995414",SPRF-PE,DEL05-PE,UOP02-DEL05-PE