id,data_inversa,dia_semana,horario,uf,br,km,municipio,causa_acidente,tipo_acidente,classificacao_acidente,fase_dia,sentido_via,condicao_metereologica,tipo_pista,tracado_via,uso_solo,pessoas,mortos,feridos_leves,feridos_graves,ilesos,ignorados,feridos,veiculos,latitude,longitude,regional,delegacia,uop
459226.0,2022-07-02,sábado,12:39:00,PE,232,110,BEZERROS,Demais falhas mecânicas ou elétricas,Colisão com objeto,Com Vítimas Feridas,Pleno dia,Crescente,Chuva,Dupla,Curva,Não,4,0,4,0,0,0,4,1,"-8,28634529","-35,81755579",SPRF-PE,DEL02-PE,UOP02-DEL02PE
459247.0,2022-07-02,sábado,16:00:00,PE,101,86,JABOATAO DOS GUARARAPES,Velocidade Incompatível,Tombamento,Com Vítimas Feridas,Pleno dia,Crescente,Nublado,Simples,Reta,Sim,1,0,1,0,0,0,1,1,"-8,18470013","-34,96816895",SPRF-PE,DEL01-PE,UOP01-DEL01-PE
459293.0,2022-07-02,sábado,19:00:00,PE,232,85,GRAVATA,Objeto estático sobre o leito carroçável,Colisão com objeto,Com Vítimas Feridas,Plena Noite,Crescente,Garoa/Chuvisco,Dupla,Reta,Não,3,0,1,0,1,1,1,2,"-8,20951081","-35,61182408",SPRF-PE,DEL02-PE,UOP02-DEL02PE
459457.0,2022-06-21,terça-feira,19:30:00,PE,104,59,CARUARU,Ausência de reação do condutor,Colisão com objeto,Com Vítimas Feridas,Plena Noite,Decrescente,Céu Claro,Dupla,Curva,Sim,1,0,0,1,0,0,1,1,"-8,2349","-35,9764",SPRF-PE,DEL02-PE,UOP01-DEL02-PE
459497.0,2022-07-03,domingo,18:55:00,PE,101,115,IPOJUCA,Reação tardia ou ineficiente do condutor,Tombamento,Com Vítimas Fatais,Plena Noite,Decrescente,Nublado,Dupla,Retorno Regulamentado,Não,1,1,0,0,0,0,0,1,"-8,342452","-35,14477015",SPRF-PE,DEL01-PE,UOP03-DEL01-PE
459507.0,2022-07-03,domingo,17:10:00,PE,232,"250,7",ARCOVERDE,Reação tardia ou ineficiente do condutor,Colisão traseira,Com Vítimas Feridas,Anoitecer,Crescente,Chuva,Simples,Reta,Sim,3,0,0,2,1,0,2,2,"-8,42350887","-37,05286107",SPRF-PE,DEL04-PE,UOP02-DEL04-PE
459509.0,2022-07-03,domingo,20:00:00,PE,232,10,RECIFE,Demais falhas na via,Queda de ocupante de veículo,Com Vítimas Feridas,Plena Noite,Crescente,Nublado,Dupla,Reta,Não,2,0,2,0,0,0,2,1,"-8,079217","-34,987162",SPRF-PE,DEL01-PE,UOP01-DEL01-PE
459515.0,2022-07-03,domingo,19:34:00,PE,232,"10,9",JABOATAO DOS GUARARAPES,Ausência de sinalização,Colisão com objeto,Com Vítimas Feridas,Plena Noite,Crescente,Chuva,Dupla,Em Obras,Sim,4,0,3,0,0,1,3,1,"-8,07917241","-34,98718609",SPRF-PE,DEL01-PE,UOP01-DEL01-PE
459582.0,2022-07-04,segunda-feira,00:00:00,PE,232,182,BELO JARDIM,Acesso irregular,Colisão lateral mesmo sentido,Com Vítimas Fatais,Plena Noite,Crescente,Chuva,Dupla,Reta,Sim,2,1,0,0,0,1,0,2,"-8,34804728","-36,44664994",SPRF-PE,DEL03-PE,UOP02-DEL03-PE
459597.0,2022-07-04,segunda-feira,05:50:00,PE,232,79,GRAVATA,Manobra de mudança de faixa,Colisão frontal,Com Vítimas Feridas,Pleno dia,Crescente,Chuva,Simples,Curva,Não,2,0,2,0,0,0,2,2,"-8,19460572","-35,56074803",SPRF-PE,DEL02-PE,UOP02-DEL02PE
459795.0,2022-07-04,segunda-feira,02:40:00,PE,232,212,PESQUEIRA,Frear bruscamente,Colisão traseira,Com Vítimas Feridas,Amanhecer,Crescente,Garoa/Chuvisco,Simples,Reta,Não,2,0,0,1,1,0,1,2,"-8,37328104","-36,71376998",SPRF-PE,DEL03-PE,UOP02-DEL03-PE
459835.0,2022-07-05,terça-feira,10:15:00,PE,232,409,SERRA TALHADA,Desrespeitar a preferência no cruzamento,Colisão transversal,Com Vítimas Feridas,Pleno dia,Decrescente,Céu Claro,Simples,Retorno Regulamentado,Sim,2,0,2,0,0,0,2,2,"-7,98224898","-38,29595804",SPRF-PE,DEL04-PE,UOP01-DEL04-PE
459854.0,2022-07-05,terça-feira,13:00:00,PE,101,73,RECIFE,Reação tardia ou ineficiente do condutor,Tombamento,Com Vítimas Feridas,Pleno dia,Crescente,Chuva,Dupla,Reta,Sim,1,0,1,0,0,0,1,1,"-8,09924086","-34,9499613",SPRF-PE,DEL01-PE,UOP01-DEL01-PE
459859.0,2022-07-05,terça-feira,13:20:00,PE,232,"43,7",VITORIA DE SANTO ANTAO,Ausência de reação do condutor,Colisão com objeto,Com Vítimas Feridas,Pleno dia,Decrescente,Nublado,Dupla,Reta,Não,1,0,1,0,0,0,1,1,"-8,123066","-35,269716",SPRF-PE,DEL01-PE,UOP01-DEL01-PE
460042.0,2022-06-05,domingo,05:00:00,PE,232,"100,2",BEZERROS,Velocidade Incompatível,Colisão com objeto,Com Vítimas Feridas,Amanhecer,Crescente,Céu Claro,Dupla,Reta,Sim,1,0,1,0,0,0,1,1,"-8,23835508","-35,74537039",SPRF-PE,DEL02-PE,UOP02-DEL02PE
460059.0,2022-07-06,quarta-feira,13:10:00,PE,232,"334,8",CUSTODIA,Acostamento em desnível,Queda de ocupante de veículo,Com Vítimas Feridas,Pleno dia,Crescente,Nublado,Simples,Reta,Sim,1,0,1,0,0,0,1,1,"-8,08748731","-37,6361501",SPRF-PE,DEL04-PE,UOP02-DEL04-PE
460093.0,2022-07-06,quarta-feira,19:15:00,PE,101,76,RECIFE,Área urbana sem a presença de local apropriado para a travessia de pedestres,Atropelamento de Pedestre,Com Vítimas Fatais,Plena Noite,Decrescente,Céu Claro,Dupla,Reta,Sim,3,1,0,1,0,1,1,3,"-8,120599","-34,942822",SPRF-PE,DEL01-PE,UOP01-DEL01-PE
460167.0,2022-07-07,quinta-feira,08:00:00,PE,101,83,JABOATAO DOS GUARARAPES,Manobra de mudança de faixa,Colisão transversal,Com Vítimas Feridas,Pleno dia,Crescente,Nublado,Dupla,Reta,Não,2,0,1,0,1,0,1,2,"-8,175172","-34,942642",SPRF-PE,DEL01-PE,UOP01-DEL01-PE
460176.0,2022-07-07,quinta-feira,08:20:00,PE,101,"58,4",RECIFE,Transitar no acostamento,Colisão transversal,Com Vítimas Fatais,Pleno dia,Crescente,Nublado,Dupla,Reta;Declive                  ,Não,2,1,0,1,0,0,1,2,"-7,97063209","-34,92064675",SPRF-PE,DEL01-PE,UOP02-DEL01-PE
460196.0,2022-07-07,quinta-feira,09:20:00,PE,101,"51,9",ABREU E LIMA,Falta de elemento de contenção que evite a saída do leito carroçável,Saída de leito carroçável,Sem Vítimas,Pleno dia,Decrescente,Nublado,Dupla,Curva,Não,1,0,0,0,1,0,0,1,"-7,92358799","-34,89607201",SPRF-PE,DEL01-PE,UOP02-DEL01-PE
460207.0,2022-07-07,quinta-feira,11:20:00,PE,101,"51,9",ABREU E LIMA,Objeto estático sobre o leito carroçável,Colisão com objeto,Com Vítimas Fatais,Pleno dia,Decrescente,Chuva,Dupla,Reta,Sim,1,1,0,0,0,0,0,1,"-7,92358799","-34,89607201",SPRF-PE,DEL01-PE,UOP02-DEL01-PE
460235.0,2022-06-27,segunda-feira,19:17:00,PE,408,"86,2",PAUDALHO,Pedestre andava na pista,Atropelamento de Pedestre,Com Vítimas Feridas,Plena Noite,Decrescente,Garoa/Chuvisco,Dupla,Rotatória,Não,3,0,0,1,1,1,1,2,"-7,96140242","-35,09387255",SPRF-PE,DEL01-PE,UOP01-DEL01-PE
460272.0,2022-07-07,quinta-feira,17:55:00,PE,101,"211,8",XEXEU,Entrada inopinada do pedestre,Atropelamento de Pedestre,Com Vítimas Fatais,Anoitecer,Decrescente,Nublado,Dupla,Reta,Não,2,1,0,0,0,1,0,2,"-8,85376199","-35,63270728",SPRF-PE,DEL01-PE,UOP03-DEL01-PE
460285.0,2022-07-07,quinta-feira,20:50:00,PE,101,71,RECIFE,Pedestre andava na pista,Atropelamento de Pedestre,Com Vítimas Feridas,Plena Noite,Crescente,Chuva,Dupla,Reta,Sim,2,0,0,1,1,0,1,2,"-8,07663102","-34,94277871",SPRF-PE,DEL01-PE,UOP01-DEL01-PE
460325.0,2022-07-08,sexta-feira,05:00:00,PE,101,"32,5",ITAPISSUMA,Condutor Dormindo,Saída de leito carroçável,Com Vítimas Feridas,Amanhecer,Decrescente,Chuva,Dupla,Retorno Regulamentado;Rotatóri,Não,16,0,15,0,1,0,15,1,"-7,75294197","-34,93621562",SPRF-PE,DEL01-PE,UOP02-DEL01-PE
460346.0,2022-07-08,sexta-feira,06:55:00,PE,407,"127,1",PETROLINA,Condutor desrespeitou a iluminação vermelha do semáforo,Colisão transversal,Com Vítimas Feridas,Pleno dia,Decrescente,Céu Claro,Simples,Interseção de Vias,Sim,3,0,1,1,1,0,2,2,"-9,39144171","-40,5189085",SPRF-PE,DEL06-PE,UOP01-DEL06-PE
460490.0,2022-07-08,sexta-feira,19:00:00,PE,104,"64,4",CARUARU,Pista esburacada,Tombamento,Com Vítimas Feridas,Plena Noite,Decrescente,Céu Claro,Dupla,Curva;Declive;Viaduto         ,Sim,2,0,2,0,0,0,2,1,"-8,2783","-35,9815",SPRF-PE,DEL02-PE,UOP01-DEL02-PE
460633.0,2022-07-09,sábado,09:46:00,PE,232,4,RECIFE,Entrada inopinada do pedestre,Atropelamento de Pedestre,Com Vítimas Feridas,Pleno dia,Decrescente,Sol,Simples,Reta,Sim,3,0,3,0,0,0,3,2,"-8,064473","-34,936928",SPRF-PE,DEL01-PE,UOP01-DEL01-PE
460660.0,2022-07-09,sábado,11:45:00,PE,101,"43,9",IGARASSU,Ausência de reação do condutor,Colisão traseira,Sem Vítimas,Pleno dia,Crescente,Céu Claro,Múltipla,Reta,Sim,2,0,0,0,2,0,0,2,"-7,85637001","-34,90842109",SPRF-PE,DEL01-PE,UOP02-DEL01-PE
460679.0,2022-07-09,sábado,13:45:00,PE,101,27,IGARASSU,Demais falhas mecânicas ou elétricas,Capotamento,Com Vítimas Feridas,Pleno dia,Decrescente,Sol,Múltipla,Curva,Não,1,0,1,0,0,0,1,1,"-7,71433379","-34,93478417",SPRF-PE,DEL01-PE,UOP02-DEL01-PE
460754.0,2022-07-09,sábado,19:40:00,PE,232,"241,6",ARCOVERDE,Reação tardia ou ineficiente do condutor,Colisão lateral sentido oposto,Com Vítimas Fatais,Plena Noite,Crescente,Chuva,Simples,Reta,Não,4,1,2,0,0,1,2,3,"-8,41535","-36,97724",SPRF-PE,DEL04-PE,UOP02-DEL04-PE
460755.0,2022-07-09,sábado,18:35:00,PE,104,71,CARUARU,Ingestão de álcool pelo condutor,Saída de leito carroçável,Com Vítimas Feridas,Plena Noite,Crescente,Chuva,Dupla,Reta,Não,2,0,1,0,1,0,1,1,"-8,3333","-35,9814",SPRF-PE,DEL02-PE,UOP01-DEL02-PE
460843.0,2022-07-10,domingo,06:45:00,PE,104,74,CARUARU,Chuva,Saída de leito carroçável,Com Vítimas Feridas,Pleno dia,Crescente,Chuva,Simples,Curva,Não,5,0,4,0,1,0,4,1,"-8,349874","-35,985184",SPRF-PE,DEL02-PE,UOP01-DEL02-PE
460852.0,2022-07-10,domingo,07:40:00,PE,428,"191,5",PETROLINA,Ausência de reação do condutor,Colisão traseira,Com Vítimas Feridas,Pleno dia,Decrescente,Céu Claro,Múltipla,Reta,Sim,2,0,1,0,1,0,1,2,"-9,37766429","-40,50269795",SPRF-PE,DEL06-PE,UOP01-DEL06-PE
460860.0,2022-07-10,domingo,09:03:00,PE,232,"130,3",CARUARU,Ausência de reação do condutor,Colisão traseira,Com Vítimas Feridas,Pleno dia,Crescente,Céu Claro,Dupla,Declive,Sim,3,0,1,0,2,0,1,2,"-8,30007339","-35,99419355",SPRF-PE,DEL02-PE,UOP01-DEL02-PE
460871.0,2022-07-10,domingo,10:30:00,PE,232,"139,1",SAO CAITANO,Acessar a via sem observar a presença dos outros veículos,Colisão transversal,Com Vítimas Fatais,Pleno dia,Crescente,Céu Claro,Dupla,Retorno Regulamentado,Não,3,1,2,0,0,0,2,2,"-8,31947086","-36,06799801",SPRF-PE,DEL02-PE,UOP01-DEL02-PE
460914.0,2022-07-10,domingo,16:30:00,PE,232,59,POMBOS,Acumulo de areia ou detritos sobre o pavimento,Queda de ocupante de veículo,Com Vítimas Feridas,Pleno dia,Crescente,Céu Claro,Dupla,Reta,Não,1,0,1,0,0,0,1,1,"-8,13255758","-35,36570027",SPRF-PE,DEL02-PE,UOP02-DEL02PE
460951.0,2022-07-10,domingo,18:50:00,PE,408,"89,9",SAO LOURENCO DA MATA,Ausência de reação do condutor,Saída de leito carroçável,Com Vítimas Feridas,Plena Noite,Decrescente,Nublado,Dupla,Declive,Sim,1,0,0,1,0,0,1,1,"-7,987513","-35,077147",SPRF-PE,DEL01-PE,UOP01-DEL01-PE
460954.0,2022-07-10,domingo,19:00:00,PE,408,"95,9",SAO LOURENCO DA MATA,Animais na Pista,Atropelamento de Animal,Com Vítimas Feridas,Plena Noite,Decrescente,Céu Claro,Dupla,Reta,Não,2,0,1,1,0,0,2,1,"-8,01186091","-35,04237616",SPRF-PE,DEL01-PE,UOP01-DEL01-PE
460990.0,2022-07-10,domingo,21:30:00,PE,316,"78,6",OURICURI,Ingestão de álcool pelo condutor,Colisão traseira,Sem Vítimas,Plena Noite,Crescente,Céu Claro,Simples,Aclive,Não,4,0,0,0,4,0,0,2,"-7,85014392","-40,12241694",SPRF-PE,DEL05-PE,UOP02-DEL05-PE
461030.0,2022-07-11,segunda-feira,06:30:00,PE,232,"196,8",SANHARO,Transitar na contramão,Colisão frontal,Sem Vítimas,Amanhecer,Decrescente,Chuva,Simples,Reta,Não,2,0,0,0,1,1,0,2,"-8,36842483","-36,57130201",SPRF-PE,DEL03-PE,UOP02-DEL03-PE
461105.0,2022-07-11,segunda-feira,14:15:00,PE,428,190,PETROLINA,Ausência de reação do condutor,Colisão traseira,Com Vítimas Feridas,Pleno dia,Crescente,Céu Claro,Múltipla,Viaduto,Sim,2,0,0,1,1,0,1,2,"-9,37605965","-40,49382106",SPRF-PE,DEL06-PE,UOP01-DEL06-PE
461124.0,2022-07-11,segunda-feira,13:00:00,PE,101,"41,1",IGARASSU,Manobra de mudança de faixa,Atropelamento de Pedestre,Com Vítimas Feridas,Pleno dia,Decrescente,Céu Claro,Múltipla,Reta,Sim,3,0,0,2,1,0,2,2,"-7,83038346","-34,91426785",SPRF-PE,DEL01-PE,UOP02-DEL01-PE
461144.0,2022-07-11,segunda-feira,16:00:00,PE,101,"9,6",GOIANA,Reação tardia ou ineficiente do condutor,Colisão traseira,Com Vítimas Feridas,Pleno dia,Decrescente,Céu Claro,Dupla,Reta,Não,2,0,0,1,1,0,1,2,"-7,57788903","-34,98847822",SPRF-PE,DEL01-PE,UOP02-DEL01-PE
461167.0,2022-07-11,segunda-feira,17:40:00,PE,428,182,PETROLINA,Condutor deixou de manter distância do veículo da frente,Colisão lateral mesmo sentido,Com Vítimas Feridas,Anoitecer,Decrescente,Céu Claro,Simples,Reta,Não,2,0,2,0,0,0,2,1,"-9,31614989","-40,45800722",SPRF-PE,DEL06-PE,UOP01-DEL06-PE
461170.0,2022-07-11,segunda-feira,18:50:00,PE,232,121,CARUARU,Pista esburacada,Colisão lateral mesmo sentido,Com Vítimas Feridas,Plena Noite,Crescente,Céu Claro,Dupla,Declive,Não,3,0,3,0,0,0,3,2,"-8,30018257","-35,91071184",SPRF-PE,DEL02-PE,UOP01-DEL02-PE
461182.0,2022-07-11,segunda-feira,19:00:00,PE,232,"30,8",MORENO,Reação tardia ou ineficiente do condutor,Colisão lateral mesmo sentido,Com Vítimas Feridas,Plena Noite,Crescente,Céu Claro,Dupla,Curva,Não,4,0,0,2,1,1,2,3,"-8,11063325","-35,15197001",SPRF-PE,DEL01-PE,UOP01-DEL01-PE
461242.0,2022-07-12,terça-feira,08:00:00,PE,232,507,SALGUEIRO,Desrespeitar a preferência no cruzamento,Colisão transversal,Com Vítimas Feridas,Pleno dia,Decrescente,Céu Claro,Simples,Reta,Sim,2,0,1,0,1,0,1,2,"-8,06038759","-39,11191706",SPRF-PE,DEL05-PE,UOP01-DEL05-PE
461334.0,2022-01-13,quinta-feira,13:23:00,PE,101,199,PALMARES,Acumulo de água sobre o pavimento,Saída de leito carroçável,Com Vítimas Feridas,Pleno dia,Crescente,Nublado,Dupla,Curva,Não,2,0,2,0,0,0,2,1,"-8,76435921","-35,61464773",SPRF-PE,DEL01-PE,UOP03-DEL01-PE
461346.0,2022-07-12,terça-feira,20:00:00,PE,232,"61,3",POMBOS,Ausência de sinalização,Queda de ocupante de veículo,Com Vítimas Feridas,Plena Noite,Crescente,Céu Claro,Dupla,Curva,Não,1,0,0,1,0,0,1,1,"-8,1519066","-35,4153532",SPRF-PE,DEL02-PE,UOP02-DEL02PE
461393.0,2022-07-13,quarta-feira,06:30:00,PE,232,"6,9",RECIFE,Obras na pista,Tombamento,Com Vítimas Feridas,Pleno dia,Decrescente,Chuva,Dupla,Reta,Sim,1,0,0,1,0,0,1,1,"-8,07079525","-34,9535389",SPRF-PE,DEL01-PE,UOP01-DEL01-PE
461398.0,2022-07-12,terça-feira,08:12:00,PE,104,66,CARUARU,Acessar a via sem observar a presença dos outros veículos,Colisão transversal,Com Vítimas Feridas,Pleno dia,Crescente,Céu Claro,Dupla,Interseção de Vias,Sim,2,0,1,0,1,0,1,2,"-8,2937","-35,9864",SPRF-PE,DEL02-PE,UOP01-DEL02-PE
461430.0,2022-07-10,domingo,20:40:00,PE,,,SAO JOAO,Ingestão de álcool pelo condutor,Tombamento,Sem Vítimas,Plena Noite,Não Informado,Nublado,Simples,Interseção de Vias,Não,7,0,0,0,4,3,0,3,"-8,866411","-36,448513",SPRF-PE,DEL03-PE,UOP01-DEL03-PE
461455.0,2022-07-13,quarta-feira,10:30:00,PE,423,"142,7",IATI,Demais falhas mecânicas ou elétricas,Incêndio,Com Vítimas Feridas,Pleno dia,Crescente,Nublado,Simples,Reta,Não,1,0,1,0,0,0,1,1,"-8,99343116","-36,84577286",SPRF-PE,DEL03-PE,UOP01-DEL03-PE
461458.0,2022-07-10,domingo,01:43:00,PE,232,196,SANHARO,Transitar na contramão,Colisão transversal,Com Vítimas Feridas,Plena Noite,Crescente,Chuva,Simples,Reta,Não,2,0,0,1,0,1,1,2,"-8,36547121","-36,5628009",SPRF-PE,DEL03-PE,UOP02-DEL03-PE
461498.0,2022-07-13,quarta-feira,16:00:00,PE,408,103,RECIFE,Sinalização mal posicionada,Engavetamento,Com Vítimas Feridas,Pleno dia,Decrescente,Céu Claro,Dupla,Declive,Não,5,0,4,1,0,0,5,3,"-8,05746154","-34,99468175",SPRF-PE,DEL01-PE,UOP01-DEL01-PE
461535.0,2022-07-13,quarta-feira,22:05:00,PE,104,"65,5",CARUARU,Acessar a via sem observar a presença dos outros veículos,Colisão transversal,Com Vítimas Feridas,Plena Noite,Crescente,Céu Claro,Dupla,Reta,Sim,2,0,0,1,1,0,1,2,"-8,2867","-35,9838",SPRF-PE,DEL02-PE,UOP01-DEL02-PE
461554.0,2022-07-13,quarta-feira,17:30:00,PE,101,"75,5",RECIFE,Acessar a via sem observar a presença dos outros veículos,Colisão transversal,Com Vítimas Feridas,Pleno dia,Decrescente,Céu Claro,Dupla,Reta,Sim,2,0,2,0,0,0,2,2,"-8,10973523","-34,94660151",SPRF-PE,DEL01-PE,UOP01-DEL01-PE
461601.0,2022-07-14,quinta-feira,08:50:00,PE,423,"28,7",SAO CAITANO,Ultrapassagem Indevida,Saída de leito carroçável,Com Vítimas Feridas,Pleno dia,Decrescente,Céu Claro,Simples,Reta,Não,4,0,3,1,0,0,4,1,"-8,40340208","-36,18507786",SPRF-PE,DEL03-PE,UOP02-DEL03-PE
461607.0,2022-07-14,quinta-feira,09:00:00,PE,101,14,GOIANA,Afundamento ou ondulação no pavimento,Capotamento,Com Vítimas Feridas,Pleno dia,Crescente,Céu Claro,Dupla,Reta,Não,1,0,1,0,0,0,1,1,"-7,61832786","-34,97100773",SPRF-PE,DEL01-PE,UOP02-DEL01-PE
461615.0,2022-07-06,quarta-feira,10:05:00,PE,104,"67,1",CARUARU,Entrada inopinada do pedestre,Colisão traseira,Sem Vítimas,Pleno dia,Crescente,Garoa/Chuvisco,Dupla,Reta;Aclive                   ,Sim,3,0,0,0,3,0,0,3,"-8,3016","-35,9882",SPRF-PE,DEL02-PE,UOP01-DEL02-PE
461638.0,2022-07-14,quinta-feira,10:50:00,PE,424,"43,5",VENTUROSA,Transitar no acostamento,Capotamento,Com Vítimas Fatais,Pleno dia,Crescente,Céu Claro,Simples,Reta,Não,1,1,0,0,0,0,0,1,"-8,674274","-36,808548",SPRF-PE,DEL03-PE,UOP01-DEL03-PE
461676.0,2022-07-14,quinta-feira,18:00:00,PE,101,"67,5",RECIFE,Reação tardia ou ineficiente do condutor,Tombamento,Com Vítimas Feridas,Plena Noite,Crescente,Céu Claro,Dupla,Reta,Sim,1,0,1,0,0,0,1,1,"-8,046955","-34,94515",SPRF-PE,DEL01-PE,UOP01-DEL01-PE
461710.0,2022-06-24,sexta-feira,17:40:00,PE,424,"97,5",GARANHUNS,Ultrapassagem Indevida,Colisão frontal,Com Vítimas Fatais,Anoitecer,Crescente,Céu Claro,Simples,Reta,Não,6,2,0,3,1,0,3,4,"-8,93478014","-36,50438092",SPRF-PE,DEL03-PE,UOP01-DEL03-PE
461841.0,2022-07-15,sexta-feira,16:00:00,PE,232,"55,7",NAZARE DA MATA,Acessar a via sem observar a presença dos outros veículos,Colisão transversal,Com Vítimas Feridas,Pleno dia,Decrescente,Céu Claro,Simples,Interseção de Vias,Não,4,0,2,1,1,0,3,2,"-7,779248","-35,23878",SPRF-PE,DEL02-PE,UOP02-DEL02PE
461870.0,2022-07-15,sexta-feira,19:45:00,PE,232,69,GRAVATA,Acesso irregular,Colisão transversal,Com Vítimas Feridas,Plena Noite,Crescente,Céu Claro,Dupla,Reta,Não,2,0,0,1,1,0,1,2,"-8,16727986","-35,464311",SPRF-PE,DEL02-PE,UOP02-DEL02PE
461894.0,2022-07-15,sexta-feira,20:50:00,PE,428,190,PETROLINA,Velocidade Incompatível,Colisão com objeto,Com Vítimas Fatais,Plena Noite,Decrescente,Céu Claro,Múltipla,Reta,Sim,1,1,0,0,0,0,0,1,"-9,37605965","-40,49382106",SPRF-PE,DEL06-PE,UOP01-DEL06-PE
461899.0,2022-07-15,sexta-feira,22:15:00,PE,101,82,JABOATAO DOS GUARARAPES,Entrada inopinada do pedestre,Atropelamento de Pedestre,Com Vítimas Feridas,Plena Noite,Decrescente,Chuva,Dupla,Reta,Sim,2,0,1,1,0,0,2,2,"-8,168383","-34,9376",SPRF-PE,DEL01-PE,UOP01-DEL01-PE
461988.0,2022-07-16,sábado,10:35:00,PE,101,175,JOAQUIM NABUCO,Mal súbito do condutor,Queda de ocupante de veículo,Com Vítimas Feridas,Pleno dia,Decrescente,Céu Claro,Dupla,Reta,Não,1,0,1,0,0,0,1,1,"-8,60296585","-35,535297",SPRF-PE,DEL01-PE,UOP03-DEL01-PE
462032.0,2022-07-16,sábado,16:00:00,PE,232,35,MORENO,Velocidade Incompatível,Colisão com objeto,Com Vítimas Feridas,Pleno dia,Decrescente,Chuva,Dupla,Reta,Sim,1,0,0,1,0,0,1,1,"-8,109375","-35,193674",SPRF-PE,DEL01-PE,UOP01-DEL01-PE
462077.0,2022-07-16,sábado,19:10:00,PE,424,"90,1",GARANHUNS,Ingestão de álcool pelo condutor,Colisão lateral sentido oposto,Sem Vítimas,Plena Noite,Crescente,Nublado,Simples,Curva,Sim,3,0,0,0,3,0,0,3,"-8,89635706","-36,50157593",SPRF-PE,DEL03-PE,UOP01-DEL03-PE
462115.0,2022-07-16,sábado,22:30:00,PE,232,"508,3",SALGUEIRO,Ingestão de álcool pelo condutor,Queda de ocupante de veículo,Com Vítimas Feridas,Plena Noite,Decrescente,Céu Claro,Simples,Reta,Sim,1,0,1,0,0,0,1,1,"-8,06223271","-39,12095006",SPRF-PE,DEL05-PE,UOP01-DEL05-PE
462155.0,2022-07-17,domingo,05:00:00,PE,232,414,SERRA TALHADA,Animais na Pista,Atropelamento de Animal,Com Vítimas Feridas,Amanhecer,Crescente,Céu Claro,Simples,Reta,Sim,1,0,0,1,0,0,1,1,"-7,98749","-38,327828",SPRF-PE,DEL04-PE,UOP01-DEL04-PE
462163.0,2022-07-17,domingo,08:34:00,PE,101,70,RECIFE,Pedestre cruzava a pista fora da faixa,Atropelamento de Pedestre,Com Vítimas Fatais,Plena Noite,Crescente,Ignorado,Dupla,Reta,Sim,2,1,0,0,0,1,0,2,"-8,06776119","-34,94265074",SPRF-PE,DEL01-PE,UOP01-DEL01-PE
462299.0,2022-07-17,domingo,21:22:00,PE,104,"57,1",CARUARU,Ausência de reação do condutor,Colisão traseira,Com Vítimas Feridas,Plena Noite,Crescente,Garoa/Chuvisco,Dupla,Reta,Sim,2,0,0,1,1,0,1,2,"-8,21039658","-35,97175956",SPRF-PE,DEL02-PE,UOP01-DEL02-PE
462306.0,2022-07-17,domingo,20:10:00,PE,316,86,OURICURI,Ingestão de álcool pelo condutor,Colisão lateral sentido oposto,Com Vítimas Feridas,Plena Noite,Crescente,Céu Claro,Simples,Reta,Não,7,0,1,0,5,1,1,2,"-7,88952955","-40,0629783",SPRF-PE,DEL05-PE,UOP02-DEL05-PE
462320.0,2022-07-17,domingo,22:06:00,PE,232,"57,8",POMBOS,Reação tardia ou ineficiente do condutor,Queda de ocupante de veículo,Com Vítimas Feridas,Plena Noite,Crescente,Céu Claro,Dupla,Reta,Sim,1,0,0,1,0,0,1,1,"-8,1412132","-35,38181492",SPRF-PE,DEL02-PE,UOP02-DEL02PE
462353.0,2022-07-18,segunda-feira,02:55:00,PE,101,"45,5",IGARASSU,Ausência de reação do condutor,Capotamento,Sem Vítimas,Plena Noite,Crescente,Céu Claro,Múltipla,Reta,Sim,1,0,0,0,0,1,0,1,"-7,87406004","-34,90588126",SPRF-PE,DEL01-PE,UOP02-DEL01-PE
462438.0,2022-07-18,segunda-feira,14:30:00,PE,101,44,IGARASSU,Desrespeitar a preferência no cruzamento,Colisão transversal,Com Vítimas Feridas,Pleno dia,Decrescente,Nublado,Múltipla,Reta;Retorno Regulamentado;Int,Sim,2,0,1,0,1,0,1,2,"-7,85637001","-34,90842109",SPRF-PE,DEL01-PE,UOP02-DEL01-PE
462469.0,2022-07-18,segunda-feira,18:20:00,PE,232,181,BELO JARDIM,Reação tardia ou ineficiente do condutor,Engavetamento,Sem Vítimas,Plena Noite,Crescente,Garoa/Chuvisco,Simples,Reta,Não,3,0,0,0,3,0,0,3,"-8,34627974","-36,43776285",SPRF-PE,DEL03-PE,UOP02-DEL03-PE
462513.0,2022-07-18,segunda-feira,23:45:00,PE,232,137,CARUARU,Afundamento ou ondulação no pavimento,Queda de ocupante de veículo,Com Vítimas Feridas,Plena Noite,Crescente,Garoa/Chuvisco,Dupla,Reta,Não,1,0,1,0,0,0,1,1,"-8,31589863","-36,05040211",SPRF-PE,DEL02-PE,UOP01-DEL02-PE
462523.0,2022-07-19,terça-feira,06:03:00,PE,104,21,TAQUARITINGA DO NORTE,Reação tardia ou ineficiente do condutor,Saída de leito carroçável,Com Vítimas Feridas,Pleno dia,Decrescente,Céu Claro,Simples,Reta,Não,2,0,0,2,0,0,2,1,"-7,964189","-36,124378",SPRF-PE,DEL02-PE,UOP01-DEL02-PE