id,data_inversa,dia_semana,horario,uf,br,km,municipio,causa_acidente,tipo_acidente,classificacao_acidente,fase_dia,sentido_via,condicao_metereologica,tipo_pista,tracado_via,uso_solo,pessoas,mortos,feridos_leves,feridos_graves,ilesos,ignorados,feridos,veiculos,latitude,longitude,regional,delegacia,uop
462525.0,2022-07-19,terça-feira,06:34:00,PE,232,509,SALGUEIRO,Acesso irregular,Colisão lateral sentido oposto,Com Vítimas Feridas,Pleno dia,Crescente,Céu Claro,Simples,Reta,Sim,2,0,0,1,1,0,1,2,"-8,06449154","-39,1298447",SPRF-PE,DEL05-PE,UOP01-DEL05-PE
462602.0,2022-07-19,terça-feira,14:20:00,PE,232,409,SERRA TALHADA,Desrespeitar a preferência no cruzamento,Colisão transversal,Com Vítimas Feridas,Pleno dia,Crescente,Céu Claro,Simples,Aclive,Sim,2,0,0,1,1,0,1,2,"-7,981944","-38,289467",SPRF-PE,DEL04-PE,UOP01-DEL04-PE
462644.0,2022-07-19,terça-feira,18:20:00,PE,232,414,SERRA TALHADA,Manobra de mudança de faixa,Colisão lateral sentido oposto,Com Vítimas Feridas,Plena Noite,Decrescente,Céu Claro,Simples,Reta,Não,3,0,1,1,1,0,2,2,"-7,99236282","-38,33750809",SPRF-PE,DEL04-PE,UOP01-DEL04-PE
462687.0,2022-07-20,quarta-feira,03:50:00,PE,232,410,SERRA TALHADA,Acessar a via sem observar a presença dos outros veículos,Colisão transversal,Sem Vítimas,Plena Noite,Crescente,Ignorado,Simples,Interseção de Vias,Sim,3,0,0,0,1,2,0,2,"-7,982567","-38,29995",SPRF-PE,DEL04-PE,UOP01-DEL04-PE
462695.0,2022-07-20,quarta-feira,06:30:00,PE,232,"9,4",JABOATAO DOS GUARARAPES,Manobra de mudança de faixa,Colisão traseira,Com Vítimas Feridas,Pleno dia,Decrescente,Céu Claro,Dupla,Declive,Sim,3,0,1,0,2,0,1,2,"-8,07917241","-34,98718609",SPRF-PE,DEL01-PE,UOP01-DEL01-PE
462811.0,2022-07-20,quarta-feira,14:45:00,PE,232,"410,2",SERRA TALHADA,Condutor deixou de manter distância do veículo da frente,Colisão traseira,Com Vítimas Feridas,Pleno dia,Crescente,Nublado,Simples,Reta,Sim,3,0,1,0,2,0,1,2,"-7,98261841","-38,30039606",SPRF-PE,DEL04-PE,UOP01-DEL04-PE
462964.0,2022-07-21,quinta-feira,08:44:00,PE,408,"102,2",RECIFE,Participar de racha,Queda de ocupante de veículo,Com Vítimas Feridas,Pleno dia,Crescente,Chuva,Simples,Reta,Não,2,0,1,0,1,0,1,2,"-8,05746154","-34,99468175",SPRF-PE,DEL01-PE,UOP01-DEL01-PE
463082.0,2022-07-21,quinta-feira,19:51:00,PE,101,"8,7",GOIANA,Velocidade Incompatível,Colisão com objeto,Sem Vítimas,Plena Noite,Decrescente,Céu Claro,Dupla,Reta,Não,1,0,0,0,0,1,0,1,"-7,56898134","-34,98959891",SPRF-PE,DEL01-PE,UOP02-DEL01-PE
463132.0,2022-07-22,sexta-feira,06:19:00,PE,116,24,SALGUEIRO,Ausência de reação do condutor,Saída de leito carroçável,Com Vítimas Feridas,Pleno dia,Decrescente,Céu Claro,Simples,Reta,Sim,1,0,1,0,0,0,1,1,"-8,052562","-39,13718",SPRF-PE,DEL05-PE,UOP01-DEL05-PE
463140.0,2022-07-22,sexta-feira,07:00:00,PE,232,"60,2",POMBOS,Pista em desnível,Tombamento,Com Vítimas Feridas,Pleno dia,Crescente,Chuva,Dupla,Reta,Não,1,0,1,0,0,0,1,1,"-8,14788448","-35,40768085",SPRF-PE,DEL02-PE,UOP02-DEL02PE
463168.0,2022-07-22,sexta-feira,09:20:00,PE,101,57,PAULISTA,Ausência de sinalização,Colisão traseira,Com Vítimas Feridas,Pleno dia,Crescente,Céu Claro,Dupla,Declive,Não,2,0,1,0,1,0,1,2,"-7,96346213","-34,91513486",SPRF-PE,DEL01-PE,UOP02-DEL01-PE
463212.0,2022-07-22,sexta-feira,13:49:00,PE,232,9,JABOATAO DOS GUARARAPES,Demais falhas na via,Colisão lateral mesmo sentido,Com Vítimas Feridas,Pleno dia,Decrescente,Céu Claro,Simples,Reta,Sim,2,0,1,0,1,0,1,2,"-8,07764447","-34,97863609",SPRF-PE,DEL01-PE,UOP01-DEL01-PE
463318.0,2022-07-22,sexta-feira,20:00:00,PE,101,"67,5",RECIFE,Acessar a via sem observar a presença dos outros veículos,Colisão transversal,Com Vítimas Feridas,Plena Noite,Decrescente,Céu Claro,Múltipla,Reta,Sim,3,0,0,1,1,1,1,3,"-8,046997","-34,944999",SPRF-PE,DEL01-PE,UOP01-DEL01-PE
463348.0,2022-07-22,sexta-feira,18:30:00,PE,232,310,SERTANIA,Animais na Pista,Atropelamento de Animal,Com Vítimas Feridas,Plena Noite,Crescente,Garoa/Chuvisco,Simples,Declive,Não,2,0,0,2,0,0,2,1,"-8,15426602","-37,46519215",SPRF-PE,DEL04-PE,UOP02-DEL04-PE
463418.0,2022-07-23,sábado,07:50:00,PE,428,186,PETROLINA,Ausência de reação do condutor,Colisão lateral mesmo sentido,Com Vítimas Feridas,Pleno dia,Decrescente,Céu Claro,Dupla,Em Obras,Sim,3,0,2,0,1,0,2,2,"-9,34807826","-40,47441248",SPRF-PE,DEL06-PE,UOP01-DEL06-PE
463604.0,2022-07-24,domingo,03:45:00,PE,104,"65,5",CARUARU,Ausência de reação do condutor,Colisão com objeto,Com Vítimas Feridas,Plena Noite,Crescente,Garoa/Chuvisco,Dupla,Curva,Sim,2,0,1,1,0,0,2,1,"-8,2867","-35,9838",SPRF-PE,DEL02-PE,UOP01-DEL02-PE
463606.0,2022-07-24,domingo,04:30:00,PE,423,68,JUPI,Ingestão de álcool pelo condutor,Colisão frontal,Sem Vítimas,Plena Noite,Crescente,Garoa/Chuvisco,Simples,Reta,Não,6,0,0,0,6,0,0,2,"-8,67263685","-36,39346504",SPRF-PE,DEL03-PE,UOP01-DEL03-PE
463632.0,2022-07-24,domingo,04:50:00,PE,316,"23,5",ARARIPINA,Ausência de reação do condutor,Saída de leito carroçável,Com Vítimas Fatais,Plena Noite,Decrescente,Nublado,Simples,Reta;Declive                  ,Sim,1,1,0,0,0,0,0,1,"-7,58229315","-40,50694911",SPRF-PE,DEL05-PE,UOP02-DEL05-PE
463699.0,2022-07-24,domingo,14:30:00,PE,101,70,RECIFE,Acessar a via sem observar a presença dos outros veículos,Colisão transversal,Com Vítimas Feridas,Pleno dia,Crescente,Sol,Dupla,Interseção de Vias,Sim,2,0,2,0,0,0,2,2,"-8,077194","-34,935244",SPRF-PE,DEL01-PE,UOP01-DEL01-PE
463720.0,2022-07-24,domingo,15:00:00,PE,232,175,BELO JARDIM,Ingestão de álcool pelo condutor,Queda de ocupante de veículo,Com Vítimas Feridas,Pleno dia,Decrescente,Céu Claro,Simples,Reta,Não,1,0,1,0,0,0,1,1,"-8,34100926","-36,38709684",SPRF-PE,DEL03-PE,UOP02-DEL03-PE
463774.0,2022-07-24,domingo,18:15:00,PE,232,144,SAO CAITANO,Manobra de mudança de faixa,Colisão com objeto,Com Vítimas Feridas,Plena Noite,Decrescente,Céu Claro,Dupla,Reta,Não,1,0,1,0,0,0,1,1,"-8,32522249","-36,11250878",SPRF-PE,DEL03-PE,UOP02-DEL03-PE
463821.0,2022-07-24,domingo,21:45:00,PE,423,"95,9",GARANHUNS,Entrada inopinada do pedestre,Atropelamento de Pedestre,Com Vítimas Feridas,Plena Noite,Decrescente,Nublado,Simples,Curva,Sim,2,0,0,2,0,0,2,2,"-8,87891989","-36,47796305",SPRF-PE,DEL03-PE,UOP01-DEL03-PE
463871.0,2022-07-25,segunda-feira,04:40:00,PE,232,254,ARCOVERDE,Animais na Pista,Atropelamento de Animal,Com Vítimas Fatais,Amanhecer,Crescente,Céu Claro,Simples,Reta,Não,1,1,0,0,0,0,0,1,"-8,41875994","-37,07859892",SPRF-PE,DEL04-PE,UOP02-DEL04-PE
463887.0,2022-07-25,segunda-feira,07:20:00,PE,423,"68,3",JUPI,Manobra de mudança de faixa,Colisão traseira,Com Vítimas Feridas,Pleno dia,Decrescente,Céu Claro,Simples,Reta;Declive                  ,Não,3,0,2,0,0,1,2,2,"-8,67263685","-36,39346504",SPRF-PE,DEL03-PE,UOP01-DEL03-PE
463895.0,2022-06-28,terça-feira,17:30:00,PE,316,"296,9",BELEM DE SAO FRANCISCO,Demais falhas na via,Eventos atípicos,Com Vítimas Feridas,Anoitecer,Crescente,Céu Claro,Simples,Reta,Não,2,0,2,0,0,0,2,1,"-8,62420972","-38,6390001",SPRF-PE,DEL04-PE,UOP03-DEL04-PE
463916.0,2022-07-25,segunda-feira,08:45:00,PE,101,"67,2",RECIFE,Manobra de mudança de faixa,Colisão traseira,Com Vítimas Feridas,Pleno dia,Crescente,Céu Claro,Dupla,Reta,Sim,1,0,1,0,0,0,1,1,"-8,042334","-34,943096",SPRF-PE,DEL01-PE,UOP01-DEL01-PE
463935.0,2022-07-25,segunda-feira,10:00:00,PE,232,97,BEZERROS,Velocidade Incompatível,Colisão traseira,Com Vítimas Feridas,Pleno dia,Decrescente,Céu Claro,Dupla,Reta,Não,3,0,2,0,1,0,2,2,"-8,23379718","-35,71628894",SPRF-PE,DEL02-PE,UOP02-DEL02PE
463965.0,2022-07-25,segunda-feira,14:25:00,PE,232,55,POMBOS,Demais falhas na via,Colisão com objeto,Com Vítimas Feridas,Pleno dia,Decrescente,Céu Claro,Dupla,Reta,Sim,1,0,1,0,0,0,1,1,"-8,137266","-35,37239",SPRF-PE,DEL02-PE,UOP02-DEL02PE
463968.0,2022-07-25,segunda-feira,11:30:00,PE,232,"53,6",VITORIA DE SANTO ANTAO,Reação tardia ou ineficiente do condutor,Capotamento,Sem Vítimas,Pleno dia,Crescente,Céu Claro,Dupla,Aclive,Não,1,0,0,0,0,1,0,1,"-8,129733","-35,3493",SPRF-PE,DEL02-PE,UOP02-DEL02PE
464007.0,2022-07-25,segunda-feira,17:40:00,PE,232,390,SERRA TALHADA,Ultrapassagem Indevida,Colisão frontal,Com Vítimas Fatais,Anoitecer,Crescente,Céu Claro,Simples,Reta,Não,3,1,1,1,0,0,2,2,"-8,030521","-38,146718",SPRF-PE,DEL04-PE,UOP01-DEL04-PE
464017.0,2022-07-25,segunda-feira,19:00:00,PE,423,95,GARANHUNS,Velocidade Incompatível,Colisão transversal,Com Vítimas Feridas,Plena Noite,Decrescente,Nublado,Simples,Reta,Sim,3,0,1,0,2,0,1,2,"-8,87891989","-36,47796305",SPRF-PE,DEL03-PE,UOP01-DEL03-PE
464042.0,2022-07-25,segunda-feira,20:48:00,PE,101,97,CABO DE SANTO AGOSTINHO,Demais falhas mecânicas ou elétricas,Incêndio,Sem Vítimas,Plena Noite,Crescente,Céu Claro,Dupla,Reta,Não,1,0,0,0,0,1,0,1,"-8,25331064","-35,0296397",SPRF-PE,DEL01-PE,UOP03-DEL01-PE
464096.0,2022-07-26,terça-feira,08:25:00,PE,101,42,IGARASSU,Condutor deixou de manter distância do veículo da frente,Colisão traseira,Com Vítimas Feridas,Pleno dia,Crescente,Céu Claro,Múltipla,Retorno Regulamentado;Interseç,Sim,3,0,1,0,1,1,1,2,"-7,83038346","-34,91426785",SPRF-PE,DEL01-PE,UOP02-DEL01-PE
464122.0,2022-07-26,terça-feira,09:55:00,PE,423,"45,5",CACHOEIRINHA,Reação tardia ou ineficiente do condutor,Capotamento,Com Vítimas Feridas,Pleno dia,Crescente,Nublado,Simples,Reta,Não,4,0,3,0,1,0,3,1,"-8,49546007","-36,23936082",SPRF-PE,DEL03-PE,UOP01-DEL03-PE
464141.0,2022-07-26,terça-feira,14:50:00,PE,408,59,TRACUNHAEM,Acessar a via sem observar a presença dos outros veículos,Colisão transversal,Com Vítimas Feridas,Pleno dia,Crescente,Céu Claro,Simples,Reta,Sim,2,0,0,1,1,0,1,2,"-7,80575494","-35,24395484",SPRF-PE,DEL01-PE,UOP01-DEL01-PE
464161.0,2022-07-26,terça-feira,13:40:00,PE,424,"33,2",VENTUROSA,Acessar a via sem observar a presença dos outros veículos,Colisão transversal,Sem Vítimas,Pleno dia,Crescente,Nublado,Simples,Reta,Não,2,0,0,0,2,0,0,2,"-8,60056402","-36,85816503",SPRF-PE,DEL04-PE,UOP02-DEL04-PE
464179.0,2022-07-26,terça-feira,17:00:00,PE,232,"30,5",MORENO,Condutor deixou de manter distância do veículo da frente,Colisão traseira,Com Vítimas Feridas,Anoitecer,Crescente,Garoa/Chuvisco,Dupla,Curva;Aclive                  ,Não,3,0,1,0,2,0,1,2,"-8,10883","-35,157869",SPRF-PE,DEL01-PE,UOP01-DEL01-PE
464182.0,2022-07-26,terça-feira,21:20:00,PE,101,50,ABREU E LIMA,Pedestre cruzava a pista fora da faixa,Atropelamento de Pedestre,Com Vítimas Feridas,Plena Noite,Crescente,Chuva,Múltipla,Reta,Sim,2,0,0,1,1,0,1,2,"-7,90938602","-34,90123228",SPRF-PE,DEL01-PE,UOP02-DEL01-PE
464225.0,2022-07-27,quarta-feira,06:14:00,PE,101,74,RECIFE,Demais falhas mecânicas ou elétricas,Incêndio,Sem Vítimas,Pleno dia,Crescente,Garoa/Chuvisco,Dupla,Reta,Sim,1,0,0,0,1,0,0,1,"-8,106917","-34,948647",SPRF-PE,DEL01-PE,UOP01-DEL01-PE
464249.0,2022-07-27,quarta-feira,07:10:00,PE,101,68,RECIFE,Velocidade Incompatível,Tombamento,Com Vítimas Feridas,Pleno dia,Crescente,Nublado,Dupla,Rotatória,Sim,1,0,1,0,0,0,1,1,"-8,05074296","-34,94580619",SPRF-PE,DEL01-PE,UOP01-DEL01-PE
464299.0,2022-07-27,quarta-feira,14:30:00,PE,316,283,BELEM DE SAO FRANCISCO,Obstrução na via,Colisão frontal,Com Vítimas Feridas,Pleno dia,Crescente,Céu Claro,Simples,Aclive,Não,6,0,2,1,3,0,3,2,"-8,66263527","-38,75001525",SPRF-PE,DEL04-PE,UOP03-DEL04-PE
464329.0,2022-07-27,quarta-feira,13:40:00,PE,232,"332,7",CUSTODIA,Ingestão de álcool pelo condutor,Colisão transversal,Sem Vítimas,Pleno dia,Decrescente,Céu Claro,Simples,Reta,Sim,2,0,0,0,2,0,0,2,"-8,0843408","-37,64570494",SPRF-PE,DEL04-PE,UOP02-DEL04-PE
464357.0,2022-07-27,quarta-feira,18:50:00,PE,101,70,RECIFE,Área urbana sem a presença de local apropriado para a travessia de pedestres,Colisão traseira,Com Vítimas Feridas,Plena Noite,Crescente,Céu Claro,Dupla,Reta,Não,3,0,2,0,1,0,2,2,"-8,06776119","-34,94265074",SPRF-PE,DEL01-PE,UOP01-DEL01-PE
464390.0,2022-07-27,quarta-feira,16:34:00,PE,407,124,PETROLINA,Desrespeitar a preferência no cruzamento,Colisão transversal,Com Vítimas Feridas,Pleno dia,Crescente,Ignorado,Dupla,Interseção de Vias,Sim,2,0,1,0,1,0,1,2,"-9,3755638","-40,53886414",SPRF-PE,DEL06-PE,UOP01-DEL06-PE
464454.0,2022-07-28,quinta-feira,11:15:00,PE,101,67,RECIFE,Acumulo de óleo sobre o pavimento,Queda de ocupante de veículo,Com Vítimas Feridas,Pleno dia,Crescente,Céu Claro,Múltipla,Curva,Sim,1,0,1,0,0,0,1,1,"-8,042334","-34,943096",SPRF-PE,DEL01-PE,UOP01-DEL01-PE
464455.0,2022-07-13,quarta-feira,21:00:00,PE,232,"87,9",GRAVATA,Demais falhas mecânicas ou elétricas,Incêndio,Sem Vítimas,Plena Noite,Decrescente,Céu Claro,Dupla,Reta,Não,1,0,0,0,0,1,0,1,"-8,21352914","-35,62366247",SPRF-PE,DEL02-PE,UOP02-DEL02PE
464479.0,2022-07-28,quinta-feira,12:50:00,PE,101,"100,9",CABO DE SANTO AGOSTINHO,Demais falhas mecânicas ou elétricas,Incêndio,Sem Vítimas,Pleno dia,Decrescente,Sol,Dupla,Aclive,Não,1,0,0,0,1,0,0,1,"-8,26699309","-35,05234386",SPRF-PE,DEL01-PE,UOP03-DEL01-PE
464519.0,2022-07-28,quinta-feira,17:58:00,PE,101,"68,3",RECIFE,Manobra de mudança de faixa,Colisão lateral mesmo sentido,Com Vítimas Feridas,Plena Noite,Decrescente,Céu Claro,Múltipla,Viaduto;Aclive                ,Sim,2,0,1,0,1,0,1,2,"-8,05074296","-34,94580619",SPRF-PE,DEL01-PE,UOP01-DEL01-PE
464551.0,2022-07-28,quinta-feira,22:42:00,PE,232,"10,6",JABOATAO DOS GUARARAPES,Condutor Dormindo,Colisão com objeto,Com Vítimas Feridas,Plena Noite,Decrescente,Céu Claro,Dupla,Curva,Não,1,0,1,0,0,0,1,1,"-8,07917241","-34,98718609",SPRF-PE,DEL01-PE,UOP01-DEL01-PE
464555.0,2022-07-28,quinta-feira,22:50:00,PE,232,"30,6",MORENO,Demais falhas mecânicas ou elétricas,Incêndio,Sem Vítimas,Pleno dia,Crescente,Nublado,Dupla,Aclive,Não,1,0,0,0,1,0,0,1,"-8,11063325","-35,15197001",SPRF-PE,DEL01-PE,UOP01-DEL01-PE
464632.0,2022-07-21,quinta-feira,00:30:00,PE,232,"149,9",SAO CAITANO,Demais falhas mecânicas ou elétricas,Incêndio,Sem Vítimas,Plena Noite,Decrescente,Chuva,Simples,Aclive,Não,1,0,0,0,0,1,0,1,"-8,32744699","-36,15405",SPRF-PE,DEL03-PE,UOP02-DEL03-PE
464645.0,2022-07-29,sexta-feira,11:50:00,PE,407,129,PETROLINA,Reação tardia ou ineficiente do condutor,Colisão traseira,Com Vítimas Feridas,Pleno dia,Crescente,Céu Claro,Dupla,Ponte,Sim,3,0,1,0,2,0,1,3,"-9,40333908","-40,50487518",SPRF-PE,DEL06-PE,UOP01-DEL06-PE
464687.0,2022-07-29,sexta-feira,13:50:00,PE,408,"104,6",JABOATAO DOS GUARARAPES,Acessar a via sem observar a presença dos outros veículos,Colisão transversal,Com Vítimas Feridas,Pleno dia,Crescente,Céu Claro,Simples,Reta,Sim,2,0,1,0,1,0,1,1,"-8,073412","-34,9921666",SPRF-PE,DEL01-PE,UOP01-DEL01-PE
464692.0,2022-07-29,sexta-feira,15:50:00,PE,408,75,PAUDALHO,Ausência de reação do condutor,Colisão traseira,Com Vítimas Feridas,Pleno dia,Crescente,Sol,Dupla,Reta,Sim,4,0,2,0,2,0,2,2,"-7,89701706","-35,17300548",SPRF-PE,DEL01-PE,UOP01-DEL01-PE
464702.0,2022-07-29,sexta-feira,17:00:00,PE,423,"96,8",GARANHUNS,Ultrapassagem Indevida,Colisão traseira,Com Vítimas Feridas,Pleno dia,Crescente,Céu Claro,Simples,Reta,Não,2,0,0,1,1,0,1,2,"-8,88021822","-36,48651678",SPRF-PE,DEL03-PE,UOP01-DEL03-PE
464839.0,2022-07-30,sábado,09:01:00,PE,101,44,IGARASSU,Acumulo de areia ou detritos sobre o pavimento,Colisão com objeto,Sem Vítimas,Pleno dia,Crescente,Chuva,Múltipla,Reta,Sim,1,0,0,0,1,0,0,1,"-7,85637001","-34,90842109",SPRF-PE,DEL01-PE,UOP02-DEL01-PE
464867.0,2022-07-30,sábado,13:30:00,PE,101,68,RECIFE,Condutor deixou de manter distância do veículo da frente,Engavetamento,Com Vítimas Feridas,Pleno dia,Decrescente,Céu Claro,Dupla,Reta,Sim,3,0,1,0,2,0,1,3,"-8,05074296","-34,94580619",SPRF-PE,DEL01-PE,UOP01-DEL01-PE
464869.0,2022-07-30,sábado,13:20:00,PE,408,89,SAO LOURENCO DA MATA,Restrição de visibilidade em curvas horizontais,Colisão transversal,Com Vítimas Feridas,Pleno dia,Decrescente,Nublado,Simples,Curva,Sim,2,0,1,0,1,0,1,2,"-7,98149086","-35,08112279",SPRF-PE,DEL01-PE,UOP01-DEL01-PE
464979.0,2022-07-30,sábado,22:27:00,PE,407,115,PETROLINA,Acesso irregular,Colisão lateral sentido oposto,Com Vítimas Feridas,Plena Noite,Decrescente,Céu Claro,Simples,Interseção de Vias,Não,2,0,1,0,1,0,1,2,"-9,2990308","-40,58250065",SPRF-PE,DEL06-PE,UOP01-DEL06-PE
465016.0,2022-07-31,domingo,04:30:00,PE,232,"268,4",SERTANIA,Reação tardia ou ineficiente do condutor,Colisão traseira,Com Vítimas Feridas,Plena Noite,Crescente,Céu Claro,Simples,Reta,Não,4,0,0,2,1,1,2,3,"-8,406044","-37,204335",SPRF-PE,DEL04-PE,UOP02-DEL04-PE
465036.0,2022-07-31,domingo,06:50:00,PE,101,49,ABREU E LIMA,Ausência de reação do condutor,Colisão lateral mesmo sentido,Com Vítimas Feridas,Pleno dia,Decrescente,Céu Claro,Múltipla,Reta,Sim,2,0,1,0,0,1,1,2,"-7,9005152","-34,90180641",SPRF-PE,DEL01-PE,UOP02-DEL01-PE
465080.0,2022-07-31,domingo,12:20:00,PE,232,"68,6",GRAVATA,Condutor deixou de manter distância do veículo da frente,Colisão traseira,Com Vítimas Feridas,Pleno dia,Decrescente,Céu Claro,Dupla,Curva,Não,2,0,1,0,1,0,1,2,"-8,16728938","-35,47308397",SPRF-PE,DEL02-PE,UOP02-DEL02PE
465166.0,2022-07-31,domingo,16:20:00,PE,428,81,SANTA MARIA DA BOA VISTA,Problema com o freio,Colisão traseira,Com Vítimas Feridas,Pleno dia,Crescente,Céu Claro,Simples,Reta,Não,4,0,2,0,2,0,2,2,"-8,77720213","-39,81841269",SPRF-PE,DEL06-PE,UOP03-DEL06-PE
465186.0,2022-07-31,domingo,19:20:00,PE,101,"149,4",RIBEIRAO,Manobra de mudança de faixa,Colisão frontal,Com Vítimas Feridas,Plena Noite,Decrescente,Nublado,Simples,Reta,Sim,2,0,1,0,0,1,1,2,"-8,4916584","-35,373853",SPRF-PE,DEL01-PE,UOP03-DEL01-PE
465201.0,2022-07-31,domingo,20:30:00,PE,316,"52,9",TRINDADE,Animais na Pista,Atropelamento de Animal,Com Vítimas Feridas,Plena Noite,Crescente,Céu Claro,Simples,Reta,Não,1,0,1,0,0,0,1,1,"-7,72840081","-40,30952084",SPRF-PE,DEL05-PE,UOP02-DEL05-PE
465239.0,2022-08-01,segunda-feira,02:30:00,PE,101,18,GOIANA,Condutor Dormindo,Colisão com objeto,Com Vítimas Feridas,Plena Noite,Decrescente,Nublado,Dupla,Reta,Não,2,0,0,2,0,0,2,1,"-7,64778973","-34,95054569",SPRF-PE,DEL01-PE,UOP02-DEL01-PE
465282.0,2022-08-01,segunda-feira,07:50:00,PE,428,"185,1",PETROLINA,Acessar a via sem observar a presença dos outros veículos,Colisão lateral mesmo sentido,Sem Vítimas,Pleno dia,Decrescente,Céu Claro,Simples,Reta,Sim,2,0,0,0,2,0,0,2,"-9,3533892","-40,47704263",SPRF-PE,DEL06-PE,UOP01-DEL06-PE
465331.0,2022-08-01,segunda-feira,12:40:00,PE,232,"90,4",SAIRE,Acessar a via sem observar a presença dos outros veículos,Colisão transversal,Com Vítimas Fatais,Pleno dia,Decrescente,Céu Claro,Dupla,Reta,Sim,4,1,0,1,2,0,1,2,"-8,21834835","-35,66463196",SPRF-PE,DEL02-PE,UOP02-DEL02PE
465354.0,2022-05-25,quarta-feira,18:20:00,PE,428,"187,5",PETROLINA,Entrada inopinada do pedestre,Atropelamento de Pedestre,Com Vítimas Feridas,Plena Noite,Crescente,Garoa/Chuvisco,Simples,Reta,Sim,2,0,0,1,1,0,1,2,"-9,37074423","-40,48609972",SPRF-PE,DEL06-PE,UOP01-DEL06-PE
465364.0,2022-08-01,segunda-feira,18:00:00,PE,101,70,RECIFE,Animais na Pista,Queda de ocupante de veículo,Com Vítimas Feridas,Plena Noite,Decrescente,Céu Claro,Dupla,Viaduto,Sim,1,0,1,0,0,0,1,1,"-8,06776119","-34,94265074",SPRF-PE,DEL01-PE,UOP01-DEL01-PE
465399.0,2022-08-01,segunda-feira,20:00:00,PE,101,73,RECIFE,Reação tardia ou ineficiente do condutor,Colisão traseira,Com Vítimas Feridas,Plena Noite,Crescente,Céu Claro,Múltipla,Ponte,Sim,3,0,3,0,0,0,3,2,"-8,093369","-34,947464",SPRF-PE,DEL01-PE,UOP01-DEL01-PE
465413.0,2022-08-01,segunda-feira,20:30:00,PE,101,150,RIBEIRAO,Transitar na contramão,Colisão frontal,Com Vítimas Feridas,Plena Noite,Crescente,Céu Claro,Múltipla,Reta,Sim,3,0,2,0,1,0,2,3,"-8,49669957","-35,38211017",SPRF-PE,DEL01-PE,UOP03-DEL01-PE
465470.0,2022-07-22,sexta-feira,21:25:00,PE,232,"211,3",PESQUEIRA,Ingestão de álcool pelo condutor,Colisão frontal,Com Vítimas Feridas,Plena Noite,Crescente,Céu Claro,Simples,Aclive,Sim,4,0,3,1,0,0,4,3,"-8,36899532","-36,70578682",SPRF-PE,DEL03-PE,UOP02-DEL03-PE
465521.0,2022-06-17,sexta-feira,00:30:00,PE,407,126,PETROLINA,Demais falhas mecânicas ou elétricas,Tombamento,Com Vítimas Feridas,Plena Noite,Crescente,Céu Claro,Dupla,Reta,Sim,1,0,0,1,0,0,1,1,"-9,38692088","-40,52593052",SPRF-PE,DEL06-PE,UOP01-DEL06-PE
465549.0,2022-08-02,terça-feira,18:00:00,PE,423,"90,6",GARANHUNS,Condutor deixou de manter distância do veículo da frente,Colisão lateral mesmo sentido,Com Vítimas Feridas,Plena Noite,Decrescente,Garoa/Chuvisco,Simples,Reta,Sim,2,0,0,1,0,1,1,2,"-8,84566879","-36,4596095",SPRF-PE,DEL03-PE,UOP01-DEL03-PE
465580.0,2022-08-02,terça-feira,18:30:00,PE,316,51,TRINDADE,Acostamento em desnível,Colisão traseira,Com Vítimas Feridas,Anoitecer,Crescente,Céu Claro,Simples,Reta,Não,3,0,1,1,1,0,2,2,"-7,71483069","-40,3301239",SPRF-PE,DEL05-PE,UOP02-DEL05-PE
465587.0,2022-08-03,quarta-feira,00:40:00,PE,232,"75,9",GRAVATA,Animais na Pista,Atropelamento de Animal,Com Vítimas Feridas,Plena Noite,Crescente,Garoa/Chuvisco,Dupla,Reta,Não,1,0,1,0,0,0,1,1,"-8,19737799","-35,525476",SPRF-PE,DEL02-PE,UOP02-DEL02PE
465649.0,2022-08-03,quarta-feira,08:30:00,PE,424,85,GARANHUNS,Condutor deixou de manter distância do veículo da frente,Colisão lateral mesmo sentido,Com Vítimas Feridas,Pleno dia,Crescente,Nublado,Simples,Reta;Aclive                   ,Não,2,0,1,0,0,1,1,2,"-8,85702308","-36,51218326",SPRF-PE,DEL03-PE,UOP01-DEL03-PE
465781.0,2022-08-03,quarta-feira,22:50:00,PE,428,188,PETROLINA,Acessar a via sem observar a presença dos outros veículos,Colisão lateral mesmo sentido,Com Vítimas Feridas,Plena Noite,Crescente,Céu Claro,Múltipla,Reta,Sim,2,0,1,1,0,0,2,2,"-9,36400596","-40,48266808",SPRF-PE,DEL06-PE,UOP01-DEL06-PE
465846.0,2022-08-04,quinta-feira,08:50:00,PE,101,"49,8",ABREU E LIMA,Ausência de reação do condutor,Colisão transversal,Sem Vítimas,Pleno dia,Decrescente,Céu Claro,Simples,Reta,Sim,2,0,0,0,1,1,0,2,"-7,9005152","-34,90180641",SPRF-PE,DEL01-PE,UOP02-DEL01-PE
465904.0,2022-08-04,quinta-feira,07:35:00,PE,101,167,AGUA PRETA,Pista Escorregadia,Saída de leito carroçável,Com Vítimas Feridas,Pleno dia,Crescente,Chuva,Dupla,Reta;Declive                  ,Não,1,0,1,0,0,0,1,1,"-8,56679186","-35,47528312",SPRF-PE,DEL01-PE,UOP03-DEL01-PE
466030.0,2022-08-05,sexta-feira,08:45:00,PE,101,50,ABREU E LIMA,Acessar a via sem observar a presença dos outros veículos,Colisão transversal,Com Vítimas Feridas,Pleno dia,Crescente,Céu Claro,Dupla,Reta,Sim,3,0,2,0,1,0,2,2,"-7,90938602","-34,90123228",SPRF-PE,DEL01-PE,UOP02-DEL01-PE