id,data_inversa,dia_semana,horario,uf,br,km,municipio,causa_acidente,tipo_acidente,classificacao_acidente,fase_dia,sentido_via,condicao_metereologica,tipo_pista,tracado_via,uso_solo,pessoas,mortos,feridos_leves,feridos_graves,ilesos,ignorados,feridos,veiculos,latitude,longitude,regional,delegacia,uop
468286.0,2022-08-15,segunda-feira,14:30:00,PE,101,55,PAULISTA,Ausência de reação do condutor,Colisão com objeto,Com Vítimas Feridas,Pleno dia,Decrescente,Céu Claro,Dupla,Reta,Não,2,0,2,0,0,0,2,1,"-7,94806621","-34,9062148",SPRF-PE,DEL01-PE,UOP02-DEL01-PE
468298.0,2022-08-15,segunda-feira,14:52:00,PE,408,"85,3",PAUDALHO,Manobra de mudança de faixa,Colisão traseira,Com Vítimas Feridas,Pleno dia,Decrescente,Céu Claro,Dupla,Reta,Não,3,0,1,0,2,0,1,2,"-7,95430093","-35,10252793",SPRF-PE,DEL01-PE,UOP01-DEL01-PE
468327.0,2022-08-15,segunda-feira,17:50:00,PE,424,91,GARANHUNS,Ausência de reação do condutor,Colisão frontal,Com Vítimas Feridas,Anoitecer,Crescente,Céu Claro,Simples,Curva,Sim,2,0,0,1,1,0,1,2,"-8,90409633","-36,49974647",SPRF-PE,DEL03-PE,UOP01-DEL03-PE
468328.0,2022-08-15,segunda-feira,17:53:00,PE,101,"71,9",RECIFE,Ingestão de álcool pelo condutor,Engavetamento,Com Vítimas Feridas,Plena Noite,Decrescente,Céu Claro,Dupla,Reta,Sim,4,0,2,0,2,0,2,3,"-8,078506","-34,942922",SPRF-PE,DEL01-PE,UOP01-DEL01-PE
468382.0,2022-08-16,terça-feira,04:30:00,PE,423,85,GARANHUNS,Animais na Pista,Atropelamento de Animal,Com Vítimas Fatais,Amanhecer,Crescente,Nublado,Simples,Reta,Não,1,1,0,0,0,0,0,1,"-8,80610593","-36,44168015",SPRF-PE,DEL03-PE,UOP01-DEL03-PE
468438.0,2022-08-16,terça-feira,10:10:00,PE,101,"62,8",RECIFE,Acessar a via sem observar a presença dos outros veículos,Colisão lateral mesmo sentido,Com Vítimas Feridas,Pleno dia,Crescente,Céu Claro,Dupla,Curva,Sim,2,0,1,0,1,0,1,2,"-8,007279","-34,937905",SPRF-PE,DEL01-PE,UOP02-DEL01-PE
468489.0,2022-08-16,terça-feira,16:00:00,PE,101,83,JABOATAO DOS GUARARAPES,Condutor deixou de manter distância do veículo da frente,Engavetamento,Com Vítimas Feridas,Anoitecer,Decrescente,Sol,Dupla,Viaduto;Declive               ,Sim,3,0,1,0,2,0,1,3,"-8,175172","-34,942642",SPRF-PE,DEL01-PE,UOP01-DEL01-PE
468503.0,2022-08-16,terça-feira,16:15:00,PE,428,"190,5",PETROLINA,Trafegar com motocicleta (ou similar) entre as faixas,Colisão lateral mesmo sentido,Com Vítimas Feridas,Pleno dia,Decrescente,Céu Claro,Dupla,Interseção de Vias,Sim,4,0,1,0,3,0,1,3,"-9,37605965","-40,49382106",SPRF-PE,DEL06-PE,UOP01-DEL06-PE
468516.0,2022-08-16,terça-feira,18:00:00,PE,408,100,SAO LOURENCO DA MATA,Avarias e/ou desgaste excessivo no pneu,Tombamento,Com Vítimas Feridas,Plena Noite,Crescente,Nublado,Dupla,Reta,Não,1,0,1,0,0,0,1,1,"-8,04364056","-35,01674995",SPRF-PE,DEL01-PE,UOP01-DEL01-PE
468541.0,2022-08-16,terça-feira,17:20:00,PE,428,192,PETROLINA,Animais na Pista,Queda de ocupante de veículo,Com Vítimas Feridas,Anoitecer,Decrescente,Nublado,Dupla,Reta,Sim,1,0,1,0,0,0,1,1,"-9,38067769","-40,51113714",SPRF-PE,DEL06-PE,UOP01-DEL06-PE
468657.0,2022-08-17,quarta-feira,13:10:00,PE,232,530,SALGUEIRO,Animais na Pista,Atropelamento de Animal,Com Vítimas Feridas,Pleno dia,Crescente,Céu Claro,Simples,Reta,Não,2,0,2,0,0,0,2,1,"-8,07534919","-39,31367798",SPRF-PE,DEL05-PE,UOP01-DEL05-PE
468706.0,2022-08-17,quarta-feira,18:46:00,PE,408,89,SAO LOURENCO DA MATA,Reação tardia ou ineficiente do condutor,Saída de leito carroçável,Com Vítimas Feridas,Plena Noite,Decrescente,Nublado,Dupla,Declive,Não,2,0,2,0,0,0,2,1,"-7,98149086","-35,08112279",SPRF-PE,DEL01-PE,UOP01-DEL01-PE
468736.0,2022-08-17,quarta-feira,19:50:00,PE,232,415,SERRA TALHADA,Animais na Pista,Atropelamento de Animal,Sem Vítimas,Plena Noite,Crescente,Céu Claro,Simples,Reta,Não,3,0,0,0,2,1,0,3,"-7,99605739","-38,34533981",SPRF-PE,DEL04-PE,UOP01-DEL04-PE
468765.0,2022-08-18,quinta-feira,07:15:00,PE,428,"187,1",PETROLINA,Conversão proibida,Colisão transversal,Com Vítimas Feridas,Pleno dia,Crescente,Sol,Simples,Reta,Sim,2,0,1,0,1,0,1,2,"-9,3699048","-40,48573863",SPRF-PE,DEL06-PE,UOP01-DEL06-PE
468783.0,2022-08-09,terça-feira,22:30:00,PE,408,"76,2",PAUDALHO,Animais na Pista,Atropelamento de Animal,Com Vítimas Feridas,Plena Noite,Decrescente,Céu Claro,Dupla,Curva;Declive                 ,Sim,2,0,1,0,0,1,1,1,"-7,913693","-35,170002",SPRF-PE,DEL01-PE,UOP01-DEL01-PE
468879.0,2022-08-18,quinta-feira,18:37:00,PE,428,84,SANTA MARIA DA BOA VISTA,Acessar a via sem observar a presença dos outros veículos,Colisão transversal,Com Vítimas Feridas,Anoitecer,Crescente,Céu Claro,Simples,Declive,Sim,2,0,2,0,0,0,2,1,"-8,79836855","-39,83115382",SPRF-PE,DEL06-PE,UOP03-DEL06-PE
468918.0,2022-08-18,quinta-feira,20:00:00,PE,316,31,ARARIPINA,Manobra de mudança de faixa,Colisão frontal,Com Vítimas Fatais,Plena Noite,Decrescente,Céu Claro,Simples,Reta,Não,2,1,0,0,0,1,0,2,"-7,62762275","-40,4567719",SPRF-PE,DEL05-PE,UOP02-DEL05-PE
469033.0,2022-08-19,sexta-feira,14:50:00,PE,101,85,JABOATAO DOS GUARARAPES,Manobra de mudança de faixa,Colisão traseira,Com Vítimas Feridas,Pleno dia,Crescente,Céu Claro,Dupla,Reta,Não,2,0,1,0,0,1,1,2,"-8,181605","-34,961561",SPRF-PE,DEL01-PE,UOP01-DEL01-PE
469072.0,2022-08-19,sexta-feira,16:40:00,PE,101,"73,7",RECIFE,Acessar a via sem observar a presença dos outros veículos,Colisão transversal,Com Vítimas Feridas,Pleno dia,Crescente,Céu Claro,Dupla,Reta,Sim,2,0,1,0,1,0,1,2,"-8,093369","-34,947464",SPRF-PE,DEL01-PE,UOP01-DEL01-PE
469095.0,2022-08-19,sexta-feira,18:25:00,PE,116,24,SALGUEIRO,Pedestre andava na pista,Atropelamento de Pedestre,Com Vítimas Feridas,Plena Noite,Crescente,Céu Claro,Simples,Reta,Sim,2,0,2,0,0,0,2,2,"-8,052562","-39,13718",SPRF-PE,DEL05-PE,UOP01-DEL05-PE
469172.0,2022-08-20,sábado,02:42:00,PE,428,185,PETROLINA,Obras na pista,Colisão com objeto,Com Vítimas Feridas,Plena Noite,Crescente,Céu Claro,Múltipla,Em Obras,Sim,1,0,0,1,0,0,1,1,"-9,34009199","-40,47032001",SPRF-PE,DEL06-PE,UOP01-DEL06-PE
469187.0,2022-08-20,sábado,04:30:00,PE,101,"181,3",PALMARES,Animais na Pista,Atropelamento de Animal,Com Vítimas Feridas,Plena Noite,Crescente,Nublado,Dupla,Reta,Não,1,0,0,1,0,0,1,1,"-8,64421608","-35,5612637",SPRF-PE,DEL01-PE,UOP03-DEL01-PE
469222.0,2022-08-20,sábado,09:16:00,PE,232,8,RECIFE,Condutor deixou de manter distância do veículo da frente,Colisão traseira,Com Vítimas Feridas,Pleno dia,Decrescente,Céu Claro,Múltipla,Desvio Temporário,Não,2,0,2,0,0,0,2,2,"-8,07583727","-34,97015791",SPRF-PE,DEL01-PE,UOP01-DEL01-PE
469231.0,2022-08-20,sábado,06:40:00,PE,423,"130,5",SALOA,Ultrapassagem Indevida,Colisão traseira,Com Vítimas Fatais,Pleno dia,Decrescente,Céu Claro,Múltipla,Aclive,Não,2,1,0,0,0,1,0,2,"-8,96086814","-36,74928798",SPRF-PE,DEL03-PE,UOP01-DEL03-PE
469280.0,2022-08-20,sábado,17:00:00,PE,407,125,PETROLINA,Acessar a via sem observar a presença dos outros veículos,Tombamento,Com Vítimas Feridas,Pleno dia,Decrescente,Nublado,Dupla,Reta,Sim,2,0,1,0,1,0,1,2,"-9,37739336","-40,53595733",SPRF-PE,DEL06-PE,UOP01-DEL06-PE
469299.0,2022-08-20,sábado,18:15:00,PE,232,148,SAO CAITANO,Ingestão de álcool pelo condutor,Colisão transversal,Com Vítimas Feridas,Plena Noite,Crescente,Céu Claro,Simples,Reta,Não,4,0,1,3,0,0,4,4,"-8,3299704","-36,14553018",SPRF-PE,DEL03-PE,UOP02-DEL03-PE
469307.0,2022-08-11,quinta-feira,07:15:00,PE,101,54,PAULISTA,Mal súbito do condutor,Colisão com objeto,Com Vítimas Feridas,Pleno dia,Decrescente,Céu Claro,Dupla,Reta,Sim,1,0,1,0,0,0,1,1,"-7,93961103","-34,90356584",SPRF-PE,DEL01-PE,UOP02-DEL01-PE
469312.0,2022-08-20,sábado,18:50:00,PE,232,"98,6",BEZERROS,Entrada inopinada do pedestre,Atropelamento de Pedestre,Com Vítimas Fatais,Plena Noite,Crescente,Céu Claro,Múltipla,Reta,Sim,3,1,0,0,2,0,0,2,"-8,236796","-35,733964",SPRF-PE,DEL02-PE,UOP02-DEL02PE
469357.0,2022-08-21,domingo,00:12:00,PE,428,"137,1",LAGOA GRANDE,Ingestão de álcool pelo condutor,Saída de leito carroçável,Com Vítimas Fatais,Plena Noite,Decrescente,Céu Claro,Simples,Interseção de Vias,Não,3,1,2,0,0,0,2,1,"-8,982631","-40,253803",SPRF-PE,DEL06-PE,UOP03-DEL06-PE
469370.0,2022-08-21,domingo,02:15:00,PE,101,3,JABOATAO DOS GUARARAPES,Ingestão de álcool pelo condutor,Colisão traseira,Com Vítimas Feridas,Plena Noite,Decrescente,Céu Claro,Simples,Reta,Sim,3,0,0,2,1,0,2,2,"-8,202406","-34,960242",SPRF-PE,DEL01-PE,UOP02-DEL01-PE
469377.0,2022-08-21,domingo,04:00:00,PE,428,7,CABROBO,Ausência de reação do condutor,Tombamento,Com Vítimas Fatais,Plena Noite,Crescente,Céu Claro,Simples,Reta,Não,1,1,0,0,0,0,0,1,"-8,51974841","-39,2828762",SPRF-PE,DEL05-PE,UOP03-DEL05-PE
469402.0,2022-08-21,domingo,04:30:00,PE,424,69,CAETES,Demais falhas mecânicas ou elétricas,Incêndio,Sem Vítimas,Pleno dia,Crescente,Céu Claro,Simples,Reta,Sim,3,0,0,0,3,0,0,1,"-8,77398589","-36,62798492",SPRF-PE,DEL03-PE,UOP01-DEL03-PE
469404.0,2022-08-21,domingo,03:30:00,PE,423,"94,3",GARANHUNS,Ingestão de álcool pelo condutor,Colisão com objeto,Sem Vítimas,Plena Noite,Crescente,Garoa/Chuvisco,Simples,Viaduto,Sim,1,0,0,0,0,1,0,1,"-8,875869","-36,472616",SPRF-PE,DEL03-PE,UOP01-DEL03-PE
469439.0,2022-08-21,domingo,09:30:00,PE,101,74,RECIFE,Acesso irregular,Colisão transversal,Com Vítimas Feridas,Pleno dia,Crescente,Céu Claro,Dupla,Curva,Sim,2,0,1,0,1,0,1,2,"-8,105499","-34,948958",SPRF-PE,DEL01-PE,UOP01-DEL01-PE
469449.0,2022-08-21,domingo,11:40:00,PE,428,85,SANTA MARIA DA BOA VISTA,Condutor deixou de manter distância do veículo da frente,Colisão traseira,Com Vítimas Feridas,Pleno dia,Decrescente,Céu Claro,Simples,Reta,Não,3,0,0,2,1,0,2,2,"-8,79493882","-39,83968793",SPRF-PE,DEL06-PE,UOP03-DEL06-PE
469471.0,2022-08-21,domingo,14:40:00,PE,232,"5,3",RECIFE,Acessar a via sem observar a presença dos outros veículos,Colisão transversal,Com Vítimas Feridas,Pleno dia,Decrescente,Céu Claro,Dupla,Curva,Não,5,0,0,1,4,0,1,2,"-8,06795766","-34,94535414",SPRF-PE,DEL01-PE,UOP01-DEL01-PE
469476.0,2022-08-21,domingo,15:10:00,PE,232,7,RECIFE,Manobra de mudança de faixa,Colisão lateral mesmo sentido,Com Vítimas Feridas,Pleno dia,Crescente,Céu Claro,Dupla,Em Obras,Sim,3,0,2,0,1,0,2,2,"-8,07333497","-34,96184301",SPRF-PE,DEL01-PE,UOP01-DEL01-PE
469487.0,2022-08-21,domingo,15:30:00,PE,232,409,SERRA TALHADA,Ausência de reação do condutor,Atropelamento de Pedestre,Com Vítimas Feridas,Pleno dia,Decrescente,Céu Claro,Simples,Viaduto,Sim,2,0,1,0,1,0,1,2,"-7,981944","-38,289467",SPRF-PE,DEL04-PE,UOP01-DEL04-PE
469556.0,2022-08-21,domingo,22:00:00,PE,104,"68,5",CARUARU,Animais na Pista,Saída de leito carroçável,Com Vítimas Feridas,Plena Noite,Decrescente,Chuva,Dupla,Reta,Sim,3,0,3,0,0,0,3,1,"-8,3107","-35,9904",SPRF-PE,DEL02-PE,UOP01-DEL02-PE
469586.0,2022-08-22,segunda-feira,01:10:00,PE,101,"213,5",XEXEU,Ausência de reação do condutor,Saída de leito carroçável,Com Vítimas Fatais,Plena Noite,Decrescente,Nublado,Dupla,Reta,Não,3,1,0,1,1,0,1,1,"-8,87546785","-35,62913418",SPRF-PE,DEL01-PE,UOP03-DEL01-PE
469642.0,2022-08-22,segunda-feira,10:00:00,PE,101,"67,5",RECIFE,Reação tardia ou ineficiente do condutor,Colisão lateral mesmo sentido,Com Vítimas Feridas,Pleno dia,Decrescente,Céu Claro,Múltipla,Reta,Sim,2,0,2,0,0,0,2,2,"-8,04699","-34,945077",SPRF-PE,DEL01-PE,UOP01-DEL01-PE
469725.0,2022-08-22,segunda-feira,18:00:00,PE,104,"100,8",CUPIRA,Velocidade Incompatível,Colisão com objeto,Sem Vítimas,Plena Noite,Crescente,Garoa/Chuvisco,Simples,Reta;Declive                  ,Não,1,0,0,0,0,1,0,1,"-8,563684","-35,947582",SPRF-PE,DEL02-PE,UOP03-DEL02-PE
469764.0,2022-08-22,segunda-feira,22:30:00,PE,232,52,VITORIA DE SANTO ANTAO,Animais na Pista,Atropelamento de Animal,Com Vítimas Feridas,Plena Noite,Decrescente,Garoa/Chuvisco,Dupla,Reta,Não,1,0,0,1,0,0,1,1,"-8,13420544","-35,34022822",SPRF-PE,DEL01-PE,UOP01-DEL01-PE
469777.0,2022-08-23,terça-feira,06:15:00,PE,232,"15,6",JABOATAO DOS GUARARAPES,Curva acentuada,Saída de leito carroçável,Com Vítimas Feridas,Pleno dia,Decrescente,Chuva,Dupla,Curva,Não,3,0,2,0,1,0,2,1,"-8,09137732","-35,02917918",SPRF-PE,DEL01-PE,UOP01-DEL01-PE
469902.0,2022-08-15,segunda-feira,16:00:00,PE,101,"86,5",JABOATAO DOS GUARARAPES,Manobra de mudança de faixa,Colisão lateral mesmo sentido,Com Vítimas Feridas,Pleno dia,Decrescente,Nublado,Dupla,Reta,Sim,2,0,0,1,1,0,1,2,"-8,188042","-34,97285",SPRF-PE,DEL01-PE,UOP01-DEL01-PE
469927.0,2022-08-23,terça-feira,20:50:00,PE,428,"188,5",PETROLINA,Obstrução na via,Saída de leito carroçável,Com Vítimas Feridas,Plena Noite,Crescente,Céu Claro,Dupla,Reta,Sim,2,0,0,1,0,1,1,2,"-9,376303","-40,495976",SPRF-PE,DEL06-PE,UOP01-DEL06-PE
469929.0,2022-08-23,terça-feira,18:15:00,PE,424,110,GARANHUNS,Transitar no acostamento,Tombamento,Com Vítimas Feridas,Plena Noite,Crescente,Chuva,Simples,Reta,Não,1,0,1,0,0,0,1,1,"-9,00521103","-36,46951403",SPRF-PE,DEL03-PE,UOP01-DEL03-PE
469990.0,2022-08-24,quarta-feira,09:40:00,PE,101,"48,9",ABREU E LIMA,Condutor deixou de manter distância do veículo da frente,Colisão traseira,Com Vítimas Feridas,Pleno dia,Decrescente,Céu Claro,Múltipla,Reta,Sim,3,0,1,1,1,0,2,3,"-7,89174705","-34,9033493",SPRF-PE,DEL01-PE,UOP02-DEL01-PE
469996.0,2022-08-24,quarta-feira,09:00:00,PE,408,94,SAO LOURENCO DA MATA,Condutor deixou de manter distância do veículo da frente,Colisão traseira,Com Vítimas Feridas,Pleno dia,Crescente,Céu Claro,Múltipla,Reta,Não,3,0,1,0,2,0,1,2,"-8,00448211","-35,04643006",SPRF-PE,DEL01-PE,UOP01-DEL01-PE
470104.0,2022-08-24,quarta-feira,20:30:00,PE,101,83,JABOATAO DOS GUARARAPES,Manobra de mudança de faixa,Colisão transversal,Com Vítimas Feridas,Plena Noite,Decrescente,Céu Claro,Múltipla,Reta,Sim,2,0,1,0,1,0,1,2,"-8,175172","-34,942642",SPRF-PE,DEL01-PE,UOP01-DEL01-PE
470125.0,2022-08-25,quinta-feira,05:00:00,PE,232,"33,4",MORENO,Demais falhas mecânicas ou elétricas,Incêndio,Sem Vítimas,Amanhecer,Decrescente,Céu Claro,Múltipla,Reta,Sim,1,0,0,0,1,0,0,1,"-8,10539025","-35,17523495",SPRF-PE,DEL01-PE,UOP01-DEL01-PE
470285.0,2022-08-25,quinta-feira,22:20:00,PE,101,55,PAULISTA,Acessar a via sem observar a presença dos outros veículos,Colisão transversal,Com Vítimas Feridas,Plena Noite,Crescente,Nublado,Múltipla,Curva,Sim,2,0,0,1,1,0,1,2,"-7,93961103","-34,90356584",SPRF-PE,DEL01-PE,UOP02-DEL01-PE
470303.0,2022-08-26,sexta-feira,03:30:00,PE,232,"77,7",GRAVATA,Transitar na contramão,Colisão frontal,Com Vítimas Fatais,Plena Noite,Crescente,Céu Claro,Simples,Reta,Sim,3,1,0,0,2,0,0,2,"-8,19343863","-35,54300692",SPRF-PE,DEL02-PE,UOP02-DEL02PE
470394.0,2022-08-26,sexta-feira,12:40:00,PE,232,409,SERRA TALHADA,Velocidade Incompatível,Colisão traseira,Com Vítimas Feridas,Pleno dia,Crescente,Céu Claro,Simples,Reta,Sim,2,0,1,0,1,0,1,2,"-7,981944","-38,289467",SPRF-PE,DEL04-PE,UOP01-DEL04-PE
470424.0,2022-08-10,quarta-feira,07:37:00,PE,101,82,JABOATAO DOS GUARARAPES,Ausência de reação do condutor,Colisão lateral mesmo sentido,Com Vítimas Feridas,Pleno dia,Crescente,Céu Claro,Dupla,Reta,Sim,2,0,1,0,0,1,1,2,"-8,17481116","-34,94284272",SPRF-PE,DEL01-PE,UOP01-DEL01-PE
470473.0,2022-08-26,sexta-feira,18:20:00,PE,408,"33,5",ALIANCA,Transitar na contramão,Colisão frontal,Com Vítimas Fatais,Plena Noite,Crescente,Céu Claro,Simples,Curva,Não,3,1,0,0,2,0,0,2,"-7,5940327","-35,24470263",SPRF-PE,DEL01-PE,UOP02-DEL01-PE
470501.0,2022-08-26,sexta-feira,21:45:00,PE,232,409,SERRA TALHADA,Entrada inopinada do pedestre,Atropelamento de Pedestre,Com Vítimas Feridas,Plena Noite,Decrescente,Céu Claro,Simples,Aclive,Sim,2,0,1,0,1,0,1,2,"-7,981944","-38,289467",SPRF-PE,DEL04-PE,UOP01-DEL04-PE
470525.0,2022-08-27,sábado,00:55:00,PE,232,413,SERRA TALHADA,Ingestão de álcool pelo condutor,Saída de leito carroçável,Com Vítimas Feridas,Plena Noite,Crescente,Nublado,Simples,Reta,Não,2,0,2,0,0,0,2,1,"-7,98857087","-38,32972307",SPRF-PE,DEL04-PE,UOP01-DEL04-PE
470541.0,2022-08-26,sexta-feira,23:40:00,PE,101,"123,1",ESCADA,Condutor Dormindo,Saída de leito carroçável,Com Vítimas Fatais,Plena Noite,Crescente,Garoa/Chuvisco,Dupla,Reta,Não,1,1,0,0,0,0,0,1,"-8,35963442","-35,20419694",SPRF-PE,DEL01-PE,UOP03-DEL01-PE
470561.0,2022-08-27,sábado,07:30:00,PE,101,42,IGARASSU,Manobra de mudança de faixa,Colisão traseira,Com Vítimas Feridas,Amanhecer,Decrescente,Sol,Múltipla,Reta,Sim,2,0,1,0,1,0,1,2,"-7,83887431","-34,91196739",SPRF-PE,DEL01-PE,UOP02-DEL01-PE
470574.0,2022-08-27,sábado,08:30:00,PE,428,192,PETROLINA,Manobra de mudança de faixa,Colisão lateral mesmo sentido,Com Vítimas Feridas,Pleno dia,Decrescente,Sol,Dupla,Reta,Sim,2,0,1,0,1,0,1,2,"-9,38067769","-40,51113714",SPRF-PE,DEL06-PE,UOP01-DEL06-PE
470638.0,2022-08-27,sábado,16:46:00,PE,101,"60,3",RECIFE,Condutor deixou de manter distância do veículo da frente,Colisão traseira,Com Vítimas Feridas,Anoitecer,Crescente,Chuva,Dupla,Declive;Curva                 ,Sim,3,0,1,0,2,0,1,3,"-7,985797","-34,9324894",SPRF-PE,DEL01-PE,UOP02-DEL01-PE
470658.0,2022-08-27,sábado,18:20:00,PE,101,63,RECIFE,Ingestão de álcool pelo condutor,Colisão lateral mesmo sentido,Com Vítimas Feridas,Plena Noite,Decrescente,Chuva,Múltipla,Reta,Sim,2,0,1,0,0,1,1,2,"-8,00800604","-34,93756535",SPRF-PE,DEL01-PE,UOP01-DEL01-PE
470668.0,2022-08-27,sábado,19:20:00,PE,428,189,PETROLINA,Ausência de reação do condutor,Colisão traseira,Sem Vítimas,Plena Noite,Crescente,Céu Claro,Múltipla,Interseção de Vias,Sim,2,0,0,0,2,0,0,2,"-9,37197508","-40,48679585",SPRF-PE,DEL06-PE,UOP01-DEL06-PE
470691.0,2022-08-27,sábado,20:10:00,PE,101,91,CABO DE SANTO AGOSTINHO,Condutor deixou de manter distância do veículo da frente,Colisão lateral mesmo sentido,Com Vítimas Feridas,Plena Noite,Crescente,Céu Claro,Múltipla,Viaduto,Não,2,0,0,1,1,0,1,2,"-8,22399812","-34,99290474",SPRF-PE,DEL01-PE,UOP01-DEL01-PE
470764.0,2022-08-28,domingo,01:30:00,PE,232,508,SALGUEIRO,Deficiência do Sistema de Iluminação/Sinalização,Colisão transversal,Com Vítimas Feridas,Plena Noite,Crescente,Céu Claro,Simples,Reta,Sim,2,0,1,0,1,0,1,2,"-8,06223271","-39,12095006",SPRF-PE,DEL05-PE,UOP01-DEL05-PE
470842.0,2022-08-28,domingo,14:50:00,PE,232,"388,2",SERRA TALHADA,Acessar a via sem observar a presença dos outros veículos,Colisão transversal,Com Vítimas Feridas,Pleno dia,Crescente,Sol,Simples,Curva,Não,2,0,0,1,1,0,1,2,"-8,03239638","-38,12052799",SPRF-PE,DEL04-PE,UOP01-DEL04-PE
470896.0,2022-08-28,domingo,17:40:00,PE,424,93,GARANHUNS,Ultrapassagem Indevida,Colisão frontal,Com Vítimas Fatais,Anoitecer,Crescente,Céu Claro,Simples,Reta,Sim,2,1,0,0,0,1,0,2,"-8,907125","-36,487206",SPRF-PE,DEL03-PE,UOP01-DEL03-PE
470910.0,2022-08-28,domingo,19:00:00,PE,316,87,OURICURI,Velocidade Incompatível,Colisão traseira,Com Vítimas Feridas,Plena Noite,Decrescente,Céu Claro,Simples,Reta,Não,2,0,1,1,0,0,2,2,"-7,89302781","-40,05470593",SPRF-PE,DEL05-PE,UOP02-DEL05-PE
470993.0,2022-08-29,segunda-feira,05:50:00,PE,101,"43,6",IGARASSU,Frear bruscamente,Colisão traseira,Sem Vítimas,Pleno dia,Crescente,Nublado,Múltipla,Reta,Não,2,0,0,0,1,1,0,2,"-7,84753808","-34,90977038",SPRF-PE,DEL01-PE,UOP02-DEL01-PE
471006.0,2022-08-29,segunda-feira,08:11:00,PE,316,83,OURICURI,Velocidade Incompatível,Colisão com objeto,Com Vítimas Feridas,Pleno dia,Decrescente,Céu Claro,Simples,Reta,Sim,2,0,1,1,0,0,2,1,"-7,87468608","-40,08532003",SPRF-PE,DEL05-PE,UOP02-DEL05-PE
471043.0,2022-08-29,segunda-feira,10:30:00,PE,232,4,RECIFE,Reação tardia ou ineficiente do condutor,Queda de ocupante de veículo,Com Vítimas Feridas,Pleno dia,Crescente,Céu Claro,Simples,Curva,Sim,1,0,1,0,0,0,1,1,"-8,06463968","-34,94118323",SPRF-PE,DEL01-PE,UOP01-DEL01-PE
471047.0,2022-08-29,segunda-feira,09:20:00,PE,101,172,JOAQUIM NABUCO,Mal súbito do condutor,Saída de leito carroçável,Com Vítimas Feridas,Pleno dia,Crescente,Nublado,Dupla,Reta,Não,4,0,4,0,0,0,4,1,"-8,58971231","-35,51252489",SPRF-PE,DEL01-PE,UOP03-DEL01-PE
471080.0,2022-08-29,segunda-feira,15:07:00,PE,101,50,ABREU E LIMA,Acessar a via sem observar a presença dos outros veículos,Colisão transversal,Com Vítimas Feridas,Pleno dia,Crescente,Céu Claro,Simples,Reta,Sim,2,0,1,0,1,0,1,2,"-7,90938602","-34,90123228",SPRF-PE,DEL01-PE,UOP02-DEL01-PE
471093.0,2022-08-29,segunda-feira,16:15:00,PE,428,"188,4",PETROLINA,Demais falhas na via,Colisão lateral mesmo sentido,Sem Vítimas,Pleno dia,Decrescente,Sol,Simples,Curva,Sim,2,0,0,0,2,0,0,2,"-9,37609307","-40,49251556",SPRF-PE,DEL06-PE,UOP01-DEL06-PE
471111.0,2022-08-29,segunda-feira,08:30:00,PE,232,250,ARCOVERDE,Ingestão de álcool pelo condutor,Colisão traseira,Com Vítimas Feridas,Pleno dia,Crescente,Céu Claro,Simples,Reta,Sim,5,0,0,3,2,0,3,3,"-8,42350887","-37,05286107",SPRF-PE,DEL04-PE,UOP02-DEL04-PE
471133.0,2022-08-29,segunda-feira,18:50:00,PE,104,74,CARUARU,Frear bruscamente,Colisão traseira,Com Vítimas Feridas,Plena Noite,Crescente,Céu Claro,Simples,Curva,Não,2,0,0,1,0,1,1,2,"-8,35180397","-35,98623276",SPRF-PE,DEL02-PE,UOP01-DEL02-PE
471221.0,2022-08-14,domingo,11:50:00,PE,424,20,PEDRA,Acessar a via sem observar a presença dos outros veículos,Colisão transversal,Com Vítimas Feridas,Pleno dia,Crescente,Céu Claro,Simples,Reta,Não,2,0,0,1,1,0,1,2,"-8,51024896","-36,92901694",SPRF-PE,DEL04-PE,UOP02-DEL04-PE
471279.0,2022-08-30,terça-feira,13:30:00,PE,101,"148,8",RIBEIRAO,Condutor Dormindo,Colisão com objeto,Com Vítimas Feridas,Pleno dia,Crescente,Sol,Dupla,Reta,Não,1,0,1,0,0,0,1,1,"-8,48336698","-35,37204035",SPRF-PE,DEL01-PE,UOP03-DEL01-PE
471290.0,2022-08-30,terça-feira,16:49:00,PE,232,"27,7",MORENO,Reação tardia ou ineficiente do condutor,Colisão traseira,Sem Vítimas,Anoitecer,Decrescente,Sol,Dupla,Aclive,Não,2,0,0,0,2,0,0,2,"-8,11418416","-35,12568999",SPRF-PE,DEL01-PE,UOP01-DEL01-PE
471328.0,2022-08-30,terça-feira,19:00:00,PE,428,"100,4",SANTA MARIA DA BOA VISTA,Reação tardia ou ineficiente do condutor,Saída de leito carroçável,Com Vítimas Feridas,Plena Noite,Decrescente,Céu Claro,Simples,Reta,Não,5,0,3,2,0,0,5,1,"-8,832965","-39,950046",SPRF-PE,DEL06-PE,UOP03-DEL06-PE
471347.0,2022-08-30,terça-feira,17:30:00,PE,232,507,SALGUEIRO,Acessar a via sem observar a presença dos outros veículos,Colisão transversal,Com Vítimas Feridas,Anoitecer,Decrescente,Céu Claro,Simples,Interseção de Vias,Não,3,0,0,1,0,2,1,2,"-8,06038759","-39,11191706",SPRF-PE,DEL05-PE,UOP01-DEL05-PE