id,data_inversa,dia_semana,horario,uf,br,km,municipio,causa_acidente,tipo_acidente,classificacao_acidente,fase_dia,sentido_via,condicao_metereologica,tipo_pista,tracado_via,uso_solo,pessoas,mortos,feridos_leves,feridos_graves,ilesos,ignorados,feridos,veiculos,latitude,longitude,regional,delegacia,uop
471374.0,2022-08-31,quarta-feira,07:40:00,PE,101,44,IGARASSU,Acessar a via sem observar a presença dos outros veículos,Colisão traseira,Com Vítimas Feridas,Pleno dia,Decrescente,Nublado,Múltipla,Retorno Regulamentado,Sim,4,0,0,1,3,0,1,3,"-7,85637001","-34,90842109",SPRF-PE,DEL01-PE,UOP02-DEL01-PE
471388.0,2022-08-31,quarta-feira,09:00:00,PE,232,68,GRAVATA,Pista Escorregadia,Colisão com objeto,Com Vítimas Feridas,Pleno dia,Crescente,Chuva,Dupla,Aclive,Não,2,0,1,0,1,0,1,1,"-8,16728938","-35,47308397",SPRF-PE,DEL02-PE,UOP02-DEL02PE
471411.0,2022-08-26,sexta-feira,07:45:00,PE,232,253,ARCOVERDE,Acessar a via sem observar a presença dos outros veículos,Colisão lateral mesmo sentido,Com Vítimas Feridas,Pleno dia,Crescente,Garoa/Chuvisco,Dupla,Rotatória,Sim,3,0,2,0,1,0,2,2,"-8,43065954","-37,06341159",SPRF-PE,DEL04-PE,UOP02-DEL04-PE
471412.0,2022-08-31,quarta-feira,12:30:00,PE,407,125,PETROLINA,Reação tardia ou ineficiente do condutor,Atropelamento de Pedestre,Com Vítimas Feridas,Pleno dia,Decrescente,Céu Claro,Dupla,Reta,Sim,2,0,2,0,0,0,2,2,"-9,37795298","-40,53543627",SPRF-PE,DEL06-PE,UOP01-DEL06-PE
471458.0,2022-08-31,quarta-feira,17:34:00,PE,101,"67,3",RECIFE,Ausência de reação do condutor,Colisão traseira,Com Vítimas Feridas,Anoitecer,Crescente,Céu Claro,Múltipla,Reta,Sim,2,0,2,0,0,0,2,2,"-8,042334","-34,943096",SPRF-PE,DEL01-PE,UOP01-DEL01-PE
471550.0,2022-09-01,quinta-feira,06:00:00,PE,408,"95,2",SAO LOURENCO DA MATA,Velocidade Incompatível,Colisão traseira,Com Vítimas Feridas,Amanhecer,Crescente,Garoa/Chuvisco,Dupla,Aclive,Não,2,0,1,0,1,0,1,2,"-8,016048","-35,042046",SPRF-PE,DEL01-PE,UOP01-DEL01-PE
471554.0,2022-09-01,quinta-feira,05:20:00,PE,232,411,SERRA TALHADA,Ingestão de álcool pelo condutor,Colisão traseira,Sem Vítimas,Amanhecer,Crescente,Nublado,Simples,Reta,Sim,3,0,0,0,3,0,0,2,"-7,97976163","-38,31087404",SPRF-PE,DEL04-PE,UOP01-DEL04-PE
471566.0,2022-06-21,terça-feira,13:04:00,PE,101,51,ABREU E LIMA,Velocidade Incompatível,Colisão transversal,Com Vítimas Feridas,Pleno dia,Crescente,Céu Claro,Dupla,Retorno Regulamentado,Sim,3,0,2,0,0,1,2,2,"-7,9169968","-34,89689272",SPRF-PE,DEL01-PE,UOP02-DEL01-PE
471656.0,2022-09-01,quinta-feira,09:10:00,PE,101,"111,4",IPOJUCA,Demais falhas mecânicas ou elétricas,Capotamento,Com Vítimas Feridas,Pleno dia,Decrescente,Céu Claro,Dupla,Curva;Retorno Regulamentado   ,Não,1,0,0,1,0,0,1,1,"-8,32226007","-35,11259081",SPRF-PE,DEL01-PE,UOP03-DEL01-PE
471713.0,2022-09-01,quinta-feira,23:40:00,PE,232,"408,6",SERRA TALHADA,Ingestão de substâncias psicoativas pelo condutor,Saída de leito carroçável,Sem Vítimas,Plena Noite,Decrescente,Nublado,Simples,Curva,Sim,4,0,0,0,4,0,0,4,"-7,98371447","-38,28047709",SPRF-PE,DEL04-PE,UOP01-DEL04-PE
471743.0,2022-09-02,sexta-feira,07:00:00,PE,101,41,IGARASSU,Manobra de mudança de faixa,Colisão lateral mesmo sentido,Sem Vítimas,Pleno dia,Decrescente,Chuva,Simples,Reta,Sim,3,0,0,0,3,0,0,3,"-7,83038346","-34,91426785",SPRF-PE,DEL01-PE,UOP02-DEL01-PE
471753.0,2022-09-02,sexta-feira,08:15:00,PE,428,187,PETROLINA,Condutor deixou de manter distância do veículo da frente,Colisão transversal,Com Vítimas Feridas,Pleno dia,Crescente,Céu Claro,Simples,Reta,Sim,3,0,2,0,0,1,2,2,"-9,35604301","-40,47854198",SPRF-PE,DEL06-PE,UOP01-DEL06-PE
471821.0,2022-09-02,sexta-feira,10:30:00,PE,232,"306,9",SERTANIA,Ausência de reação do condutor,Tombamento,Com Vítimas Feridas,Pleno dia,Crescente,Céu Claro,Simples,Reta,Não,2,0,1,0,1,0,1,1,"-8,18466158","-37,44772358",SPRF-PE,DEL04-PE,UOP02-DEL04-PE
471904.0,2022-09-02,sexta-feira,20:30:00,PE,232,7,RECIFE,Ingestão de álcool pelo condutor,Colisão traseira,Com Vítimas Feridas,Plena Noite,Decrescente,Nublado,Dupla,Reta,Sim,2,0,1,0,1,0,1,2,"-8,07333497","-34,96184301",SPRF-PE,DEL01-PE,UOP01-DEL01-PE
471913.0,2022-09-02,sexta-feira,08:20:00,PE,101,"169,9",JOAQUIM NABUCO,Condutor Dormindo,Colisão com objeto,Com Vítimas Feridas,Pleno dia,Crescente,Nublado,Múltipla,Reta,Não,1,0,1,0,0,0,1,1,"-8,57679958","-35,48941902",SPRF-PE,DEL01-PE,UOP03-DEL01-PE
471931.0,2022-09-02,sexta-feira,22:15:00,PE,424,"80,8",GARANHUNS,Transitar na contramão,Colisão frontal,Com Vítimas Feridas,Plena Noite,Decrescente,Céu Claro,Simples,Reta,Não,2,0,0,1,0,1,1,2,"-8,8305209","-36,54673593",SPRF-PE,DEL03-PE,UOP01-DEL03-PE
471997.0,2022-09-03,sábado,09:20:00,PE,101,40,IGARASSU,Reação tardia ou ineficiente do condutor,Colisão traseira,Com Vítimas Feridas,Pleno dia,Decrescente,Sol,Múltipla,Reta,Sim,2,0,0,1,1,0,1,2,"-7,821475","-34,916545",SPRF-PE,DEL01-PE,UOP02-DEL01-PE
472025.0,2022-08-14,domingo,20:30:00,PE,407,"92,7",PETROLINA,Animais na Pista,Atropelamento de Animal,Com Vítimas Feridas,Plena Noite,Crescente,Céu Claro,Simples,Aclive,Não,2,0,2,0,0,0,2,1,"-9,10716916","-40,64757531",SPRF-PE,DEL06-PE,UOP02-DEL06-PE
472052.0,2022-09-03,sábado,14:50:00,PE,232,20,MORENO,Manobra de mudança de faixa,Colisão traseira,Com Vítimas Feridas,Pleno dia,Decrescente,Céu Claro,Dupla,Curva;Retorno Regulamentado   ,Não,2,0,1,0,1,0,1,2,"-8,09543537","-35,07136107",SPRF-PE,DEL01-PE,UOP01-DEL01-PE
472083.0,2022-09-03,sábado,17:30:00,PE,232,"99,8",BEZERROS,Reação tardia ou ineficiente do condutor,Colisão transversal,Com Vítimas Feridas,Anoitecer,Crescente,Céu Claro,Simples,Reta,Sim,2,0,1,0,1,0,1,2,"-8,2367277","-35,73401605",SPRF-PE,DEL02-PE,UOP02-DEL02PE
472098.0,2022-09-03,sábado,19:35:00,PE,232,"116,9",CARUARU,Condutor Dormindo,Saída de leito carroçável,Com Vítimas Feridas,Plena Noite,Crescente,Céu Claro,Dupla,Reta,Não,1,0,0,1,0,0,1,1,"-8,2970005","-35,86666391",SPRF-PE,DEL02-PE,UOP01-DEL02-PE
472108.0,2022-09-03,sábado,20:00:00,PE,232,"200,3",SANHARO,Reação tardia ou ineficiente do condutor,Saída de leito carroçável,Com Vítimas Fatais,Plena Noite,Decrescente,Céu Claro,Simples,Reta,Não,1,1,0,0,0,0,0,1,"-8,37040756","-36,60754002",SPRF-PE,DEL03-PE,UOP02-DEL03-PE
472203.0,2022-09-04,domingo,06:09:00,PE,104,"87,6",AGRESTINA,Ingestão de álcool pelo condutor,Colisão traseira,Com Vítimas Feridas,Pleno dia,Crescente,Céu Claro,Simples,Reta,Sim,2,0,1,0,1,0,1,2,"-8,454104","-35,945515",SPRF-PE,DEL02-PE,UOP01-DEL02-PE
472222.0,2022-09-04,domingo,07:28:00,PE,232,"100,1",BEZERROS,Condutor Dormindo,Colisão lateral sentido oposto,Com Vítimas Feridas,Pleno dia,Crescente,Céu Claro,Dupla,Reta,Sim,3,0,2,1,0,0,3,2,"-8,23934256","-35,7474947",SPRF-PE,DEL02-PE,UOP02-DEL02PE
472252.0,2022-09-04,domingo,08:15:00,PE,408,75,PAUDALHO,Condutor deixou de manter distância do veículo da frente,Colisão traseira,Sem Vítimas,Pleno dia,Crescente,Nublado,Dupla,Curva,Sim,1,0,0,0,0,1,0,1,"-7,90594592","-35,1732636",SPRF-PE,DEL01-PE,UOP01-DEL01-PE
472290.0,2022-09-04,domingo,14:24:00,PE,423,93,GARANHUNS,Acumulo de areia ou detritos sobre o pavimento,Tombamento,Com Vítimas Feridas,Pleno dia,Decrescente,Nublado,Simples,Reta,Sim,1,0,1,0,0,0,1,1,"-8,86972012","-36,46323792",SPRF-PE,DEL03-PE,UOP01-DEL03-PE
472291.0,2022-09-04,domingo,15:05:00,PE,101,54,PAULISTA,Acumulo de água sobre o pavimento,Colisão transversal,Com Vítimas Feridas,Pleno dia,Crescente,Céu Claro,Dupla,Reta,Não,2,0,1,0,1,0,1,2,"-7,93961103","-34,90356584",SPRF-PE,DEL01-PE,UOP02-DEL01-PE
472293.0,2022-07-18,segunda-feira,10:00:00,PE,101,82,JABOATAO DOS GUARARAPES,Condutor deixou de manter distância do veículo da frente,Colisão traseira,Com Vítimas Feridas,Pleno dia,Decrescente,Nublado,Dupla,Reta,Não,2,0,1,0,1,0,1,2,"-8,175082","-34,942522",SPRF-PE,DEL01-PE,UOP01-DEL01-PE
472313.0,2022-09-04,domingo,16:12:00,PE,232,13,JABOATAO DOS GUARARAPES,Condutor deixou de manter distância do veículo da frente,Colisão lateral mesmo sentido,Com Vítimas Feridas,Pleno dia,Decrescente,Garoa/Chuvisco,Dupla,Reta,Não,3,0,1,0,2,0,1,2,"-8,08831567","-35,01203806",SPRF-PE,DEL01-PE,UOP01-DEL01-PE
472314.0,2022-09-04,domingo,15:55:00,PE,424,"66,8",CAETES,Ingestão de álcool pelo condutor,Colisão traseira,Com Vítimas Feridas,Pleno dia,Crescente,Sol,Simples,Reta,Sim,4,0,2,0,2,0,2,2,"-8,75960275","-36,65067654",SPRF-PE,DEL03-PE,UOP01-DEL03-PE
472327.0,2022-09-04,domingo,17:51:00,PE,232,134,CARUARU,Ingestão de álcool pelo condutor,Colisão com objeto,Com Vítimas Fatais,Plena Noite,Decrescente,Céu Claro,Dupla,Declive,Sim,2,1,0,1,0,0,1,1,"-8,30853497","-36,02442101",SPRF-PE,DEL02-PE,UOP01-DEL02-PE
472353.0,2022-09-04,domingo,15:50:00,PE,428,191,PETROLINA,Reação tardia ou ineficiente do condutor,Queda de ocupante de veículo,Com Vítimas Feridas,Pleno dia,Crescente,Céu Claro,Dupla,Reta,Sim,1,0,1,0,0,0,1,1,"-9,37766429","-40,50269795",SPRF-PE,DEL06-PE,UOP01-DEL06-PE
472364.0,2022-09-04,domingo,18:00:00,PE,424,130,CORRENTES,Manobra de mudança de faixa,Colisão frontal,Com Vítimas Feridas,Plena Noite,Crescente,Céu Claro,Simples,Reta,Não,4,0,1,2,1,0,3,2,"-9,11254307","-36,36884013",SPRF-PE,DEL03-PE,UOP01-DEL03-PE
472532.0,2022-09-05,segunda-feira,09:05:00,PE,101,"70,2",RECIFE,Trafegar com motocicleta (ou similar) entre as faixas,Tombamento,Com Vítimas Feridas,Pleno dia,Crescente,Chuva,Dupla,Reta,Não,2,0,1,0,1,0,1,2,"-8,06776119","-34,94265074",SPRF-PE,DEL01-PE,UOP01-DEL01-PE
472538.0,2022-09-04,domingo,18:00:00,PE,101,"69,5",RECIFE,Ausência de reação do condutor,Saída de leito carroçável,Sem Vítimas,Plena Noite,Crescente,Garoa/Chuvisco,Múltipla,Reta,Sim,4,0,0,0,4,0,0,1,"-8,063876","-34,94444",SPRF-PE,DEL01-PE,UOP01-DEL01-PE
472606.0,2022-09-05,segunda-feira,17:00:00,PE,408,"86,1",PAUDALHO,Acumulo de água sobre o pavimento,Saída de leito carroçável,Com Vítimas Feridas,Anoitecer,Decrescente,Chuva,Dupla,Rotatória,Não,2,0,1,0,1,0,1,1,"-7,96010995","-35,09554697",SPRF-PE,DEL01-PE,UOP01-DEL01-PE
472662.0,2022-09-05,segunda-feira,21:00:00,PE,232,410,SERRA TALHADA,Acessar a via sem observar a presença dos outros veículos,Queda de ocupante de veículo,Com Vítimas Feridas,Plena Noite,Crescente,Céu Claro,Simples,Curva,Sim,2,0,2,0,0,0,2,1,"-7,982687","-38,301197",SPRF-PE,DEL04-PE,UOP01-DEL04-PE
472674.0,2022-09-05,segunda-feira,23:45:00,PE,232,"127,5",CARUARU,Ingestão de álcool e/ou substâncias psicoativas pelo pedestre,Saída de leito carroçável,Sem Vítimas,Plena Noite,Decrescente,Nublado,Dupla,Reta,Sim,1,0,0,0,1,0,0,1,"-8,30610303","-35,96342301",SPRF-PE,DEL02-PE,UOP01-DEL02-PE
472697.0,2022-09-06,terça-feira,07:20:00,PE,428,189,PETROLINA,Reação tardia ou ineficiente do condutor,Colisão traseira,Com Vítimas Feridas,Pleno dia,Decrescente,Céu Claro,Dupla,Reta,Sim,3,0,0,1,1,1,1,3,"-9,37197508","-40,48679585",SPRF-PE,DEL06-PE,UOP01-DEL06-PE
472823.0,2022-09-06,terça-feira,19:15:00,PE,428,"187,9",PETROLINA,Acessar a via sem observar a presença dos outros veículos,Colisão transversal,Com Vítimas Feridas,Plena Noite,Crescente,Céu Claro,Dupla,Em Obras,Sim,2,0,1,0,0,1,1,2,"-9,35604301","-40,47854198",SPRF-PE,DEL06-PE,UOP01-DEL06-PE
472824.0,2022-09-06,terça-feira,19:20:00,PE,408,94,SAO LOURENCO DA MATA,Falta de elemento de contenção que evite a saída do leito carroçável,Colisão com objeto,Sem Vítimas,Plena Noite,Crescente,Céu Claro,Múltipla,Reta,Sim,1,0,0,0,0,1,0,1,"-8,00448211","-35,04643006",SPRF-PE,DEL01-PE,UOP01-DEL01-PE
472842.0,2022-09-06,terça-feira,21:00:00,PE,104,64,CARUARU,Manobra de mudança de faixa,Colisão lateral mesmo sentido,Com Vítimas Feridas,Plena Noite,Crescente,Céu Claro,Múltipla,Interseção de Vias,Sim,3,0,2,0,1,0,2,2,"-8,27587773","-35,98202705",SPRF-PE,DEL02-PE,UOP01-DEL02-PE
472845.0,2022-09-06,terça-feira,21:30:00,PE,232,410,SERRA TALHADA,Ultrapassagem Indevida,Colisão transversal,Com Vítimas Feridas,Plena Noite,Crescente,Nublado,Simples,Reta,Sim,2,0,1,0,1,0,1,2,"-7,98261841","-38,30039606",SPRF-PE,DEL04-PE,UOP01-DEL04-PE
472875.0,2022-09-07,quarta-feira,04:35:00,PE,101,51,ABREU E LIMA,Velocidade Incompatível,Saída de leito carroçável,Sem Vítimas,Amanhecer,Decrescente,Nublado,Múltipla,Reta,Sim,1,0,0,0,0,1,0,1,"-7,9169968","-34,89689272",SPRF-PE,DEL01-PE,UOP02-DEL01-PE
472878.0,2022-09-07,quarta-feira,04:50:00,PE,424,"109,1",GARANHUNS,Ingestão de álcool pelo condutor,Colisão lateral sentido oposto,Sem Vítimas,Amanhecer,Decrescente,Céu Claro,Simples,Reta,Não,2,0,0,0,2,0,0,2,"-8,998467","-36,473772",SPRF-PE,DEL03-PE,UOP01-DEL03-PE
472935.0,2022-09-07,quarta-feira,09:54:00,PE,232,101,BEZERROS,Reação tardia ou ineficiente do condutor,Colisão traseira,Com Vítimas Feridas,Pleno dia,Decrescente,Céu Claro,Dupla,Reta,Sim,3,0,2,0,1,0,2,2,"-8,24194679","-35,75097313",SPRF-PE,DEL02-PE,UOP02-DEL02PE
472937.0,2022-09-07,quarta-feira,11:10:00,PE,232,5,RECIFE,Faixas de trânsito com largura insuficiente,Colisão lateral mesmo sentido,Com Vítimas Feridas,Pleno dia,Decrescente,Sol,Dupla,Em Obras,Sim,2,0,1,0,1,0,1,2,"-8,06938497","-34,94836807",SPRF-PE,DEL01-PE,UOP01-DEL01-PE
472964.0,2022-09-07,quarta-feira,15:50:00,PE,101,53,PAULISTA,Pedestre cruzava a pista fora da faixa,Atropelamento de Pedestre,Com Vítimas Feridas,Pleno dia,Crescente,Céu Claro,Múltipla,Reta,Sim,2,0,0,1,1,0,1,2,"-7,93116881","-34,90096271",SPRF-PE,DEL01-PE,UOP02-DEL01-PE
472982.0,2022-09-07,quarta-feira,17:50:00,PE,428,185,PETROLINA,Conversão proibida,Colisão transversal,Sem Vítimas,Anoitecer,Decrescente,Céu Claro,Simples,Em Obras,Não,2,0,0,0,2,0,0,2,"-9,34009199","-40,47032001",SPRF-PE,DEL06-PE,UOP01-DEL06-PE
472984.0,2022-09-07,quarta-feira,18:20:00,PE,101,"41,9",IGARASSU,Reação tardia ou ineficiente do condutor,Capotamento,Com Vítimas Feridas,Plena Noite,Crescente,Céu Claro,Múltipla,Reta,Sim,3,0,3,0,0,0,3,1,"-7,83887431","-34,91196739",SPRF-PE,DEL01-PE,UOP02-DEL01-PE
472999.0,2022-09-07,quarta-feira,19:50:00,PE,232,154,TACAIMBO,Ultrapassagem Indevida,Colisão frontal,Com Vítimas Feridas,Plena Noite,Crescente,Céu Claro,Simples,Reta,Não,4,0,3,1,0,0,4,2,"-8,32878441","-36,20816698",SPRF-PE,DEL03-PE,UOP02-DEL03-PE
473022.0,2022-09-07,quarta-feira,18:57:00,PE,232,34,MORENO,Acessar a via sem observar a presença dos outros veículos,Colisão traseira,Sem Vítimas,Plena Noite,Crescente,Céu Claro,Simples,Reta,Sim,2,0,0,0,1,1,0,2,"-8,10702537","-35,18394691",SPRF-PE,DEL01-PE,UOP01-DEL01-PE
473030.0,2022-09-07,quarta-feira,21:00:00,PE,428,"183,7",PETROLINA,Transitar na contramão,Colisão frontal,Com Vítimas Fatais,Plena Noite,Decrescente,Céu Claro,Simples,Reta,Sim,2,1,0,0,0,1,0,2,"-9,32412987","-40,46211325",SPRF-PE,DEL06-PE,UOP01-DEL06-PE
473114.0,2022-09-08,quinta-feira,11:20:00,PE,101,"64,3",RECIFE,Condutor deixou de manter distância do veículo da frente,Colisão traseira,Com Vítimas Feridas,Pleno dia,Crescente,Sol,Dupla,Reta,Sim,2,0,1,0,1,0,1,2,"-8,020623","-34,942707",SPRF-PE,DEL01-PE,UOP01-DEL01-PE
473176.0,2022-09-08,quinta-feira,18:20:00,PE,408,"95,3",SAO LOURENCO DA MATA,Manobra de mudança de faixa,Queda de ocupante de veículo,Com Vítimas Feridas,Plena Noite,Crescente,Céu Claro,Dupla,Reta;Aclive                   ,Não,1,0,0,1,0,0,1,1,"-8,01186091","-35,04237616",SPRF-PE,DEL01-PE,UOP01-DEL01-PE
473183.0,2022-09-08,quinta-feira,18:30:00,PE,101,41,IGARASSU,Entrada inopinada do pedestre,Atropelamento de Pedestre,Com Vítimas Feridas,Plena Noite,Crescente,Céu Claro,Dupla,Reta,Sim,2,0,0,1,1,0,1,2,"-7,83038346","-34,91426785",SPRF-PE,DEL01-PE,UOP02-DEL01-PE
473189.0,2022-09-08,quinta-feira,18:30:00,PE,428,181,PETROLINA,Manobra de mudança de faixa,Colisão com objeto,Com Vítimas Feridas,Plena Noite,Decrescente,Céu Claro,Simples,Em Obras,Não,2,0,1,0,1,0,1,1,"-9,30816981","-40,45390137",SPRF-PE,DEL06-PE,UOP01-DEL06-PE
473206.0,2022-09-08,quinta-feira,21:50:00,PE,428,190,PETROLINA,Avarias e/ou desgaste excessivo no pneu,Queda de ocupante de veículo,Com Vítimas Feridas,Plena Noite,Decrescente,Céu Claro,Múltipla,Reta,Sim,2,0,0,1,1,0,1,1,"-9,37605965","-40,49382106",SPRF-PE,DEL06-PE,UOP01-DEL06-PE
473215.0,2022-09-09,sexta-feira,00:07:00,PE,104,"28,8",TORITAMA,Transitar na contramão,Colisão frontal,Com Vítimas Feridas,Plena Noite,Decrescente,Céu Claro,Simples,Reta,Sim,2,0,0,1,0,1,1,2,"-8,0065","-36,0709",SPRF-PE,DEL02-PE,UOP01-DEL02-PE
473321.0,2022-09-09,sexta-feira,13:30:00,PE,104,"63,5",CARUARU,Acessar a via sem observar a presença dos outros veículos,Colisão lateral mesmo sentido,Com Vítimas Feridas,Pleno dia,Decrescente,Sol,Simples,Interseção de Vias,Sim,3,0,1,0,2,0,1,2,"-8,2698","-35,9803",SPRF-PE,DEL02-PE,UOP01-DEL02-PE
473347.0,2022-09-09,sexta-feira,16:35:00,PE,101,"45,9",IGARASSU,Condutor deixou de manter distância do veículo da frente,Colisão traseira,Sem Vítimas,Pleno dia,Crescente,Céu Claro,Múltipla,Reta,Sim,2,0,0,0,1,1,0,2,"-7,8729326","-34,9063047",SPRF-PE,DEL01-PE,UOP02-DEL01-PE
473366.0,2022-09-09,sexta-feira,18:45:00,PE,232,143,SAO CAITANO,Reação tardia ou ineficiente do condutor,Queda de ocupante de veículo,Com Vítimas Feridas,Plena Noite,Crescente,Céu Claro,Simples,Reta,Não,2,0,1,1,0,0,2,1,"-8,32340108","-36,10375899",SPRF-PE,DEL03-PE,UOP02-DEL03-PE
473400.0,2022-09-09,sexta-feira,21:00:00,PE,104,"63,6",CARUARU,Condutor deixou de manter distância do veículo da frente,Colisão lateral mesmo sentido,Com Vítimas Feridas,Plena Noite,Crescente,Céu Claro,Simples,Interseção de Vias,Sim,2,0,1,0,1,0,1,2,"-8,2698","-35,9803",SPRF-PE,DEL02-PE,UOP01-DEL02-PE
473408.0,2022-09-09,sexta-feira,20:10:00,PE,101,"119,1",IPOJUCA,Acesso irregular,Colisão lateral mesmo sentido,Com Vítimas Feridas,Plena Noite,Decrescente,Céu Claro,Dupla,Reta,Não,5,0,3,1,0,1,4,2,"-8,353243","-35,174052",SPRF-PE,DEL01-PE,UOP03-DEL01-PE
473411.0,2022-09-09,sexta-feira,20:30:00,PE,232,"213,5",PESQUEIRA,Ingestão de álcool pelo condutor,Colisão frontal,Com Vítimas Fatais,Plena Noite,Crescente,Céu Claro,Simples,Reta,Sim,2,1,0,0,1,0,0,2,"-8,37683577","-36,7222201",SPRF-PE,DEL03-PE,UOP02-DEL03-PE
473455.0,2022-09-10,sábado,07:29:00,PE,232,16,JABOATAO DOS GUARARAPES,Condutor deixou de manter distância do veículo da frente,Colisão traseira,Com Vítimas Feridas,Pleno dia,Crescente,Céu Claro,Dupla,Reta,Sim,4,0,1,0,3,0,1,3,"-8,09414193","-35,03716601",SPRF-PE,DEL01-PE,UOP01-DEL01-PE
473491.0,2022-09-10,sábado,11:40:00,PE,101,77,RECIFE,Pedestre cruzava a pista fora da faixa,Atropelamento de Pedestre,Com Vítimas Feridas,Pleno dia,Crescente,Nublado,Dupla,Reta,Sim,5,0,0,1,4,0,1,2,"-8,11813811","-34,94329214",SPRF-PE,DEL01-PE,UOP01-DEL01-PE
473517.0,2022-09-10,sábado,13:00:00,PE,428,"187,8",PETROLINA,Manobra de mudança de faixa,Colisão lateral mesmo sentido,Com Vítimas Feridas,Pleno dia,Crescente,Céu Claro,Simples,Em Obras,Sim,2,0,1,0,1,0,1,2,"-9,372472","-40,487048",SPRF-PE,DEL06-PE,UOP01-DEL06-PE
473545.0,2022-09-10,sábado,15:50:00,PE,101,50,ABREU E LIMA,Reação tardia ou ineficiente do condutor,Colisão traseira,Com Vítimas Feridas,Pleno dia,Decrescente,Céu Claro,Dupla,Reta,Sim,2,0,1,0,1,0,1,2,"-7,90938602","-34,90123228",SPRF-PE,DEL01-PE,UOP02-DEL01-PE
473574.0,2022-09-10,sábado,18:40:00,PE,232,"10,9",JABOATAO DOS GUARARAPES,Manobra de mudança de faixa,Colisão lateral mesmo sentido,Com Vítimas Feridas,Plena Noite,Decrescente,Chuva,Dupla,Desvio Temporário;Em Obras;Cur,Sim,2,0,1,0,1,0,1,2,"-8,082081","-34,994401",SPRF-PE,DEL01-PE,UOP01-DEL01-PE
473608.0,2022-09-10,sábado,21:25:00,PE,232,"203,5",PESQUEIRA,Reação tardia ou ineficiente do condutor,Colisão frontal,Com Vítimas Fatais,Plena Noite,Decrescente,Chuva,Simples,Reta,Sim,5,1,1,0,2,1,1,4,"-8,37203574","-36,63740337",SPRF-PE,DEL03-PE,UOP02-DEL03-PE
473636.0,2022-09-10,sábado,23:30:00,PE,101,"42,4",IGARASSU,Velocidade Incompatível,Saída de leito carroçável,Com Vítimas Feridas,Plena Noite,Crescente,Nublado,Múltipla,Reta,Sim,3,0,1,1,1,0,2,2,"-7,83038346","-34,91426785",SPRF-PE,DEL01-PE,UOP02-DEL01-PE
473640.0,2022-09-10,sábado,21:40:00,PE,428,"146,4",PETROLINA,Velocidade Incompatível,Colisão traseira,Com Vítimas Feridas,Plena Noite,Decrescente,Céu Claro,Simples,Reta,Não,3,0,2,0,0,1,2,2,"-9,04953536","-40,29901765",SPRF-PE,DEL06-PE,UOP01-DEL06-PE
473752.0,2022-09-11,domingo,12:30:00,PE,101,"44,9",IGARASSU,Reação tardia ou ineficiente do condutor,Colisão traseira,Com Vítimas Feridas,Pleno dia,Decrescente,Céu Claro,Múltipla,Reta,Sim,2,0,0,1,1,0,1,2,"-7,86521297","-34,90715176",SPRF-PE,DEL01-PE,UOP02-DEL01-PE
473790.0,2022-09-11,domingo,16:30:00,PE,232,"16,3",JABOATAO DOS GUARARAPES,Ingestão de álcool pelo condutor,Saída de leito carroçável,Com Vítimas Feridas,Anoitecer,Crescente,Céu Claro,Dupla,Reta,Não,1,0,1,0,0,0,1,1,"-8,09420609","-35,03733695",SPRF-PE,DEL01-PE,UOP01-DEL01-PE
473809.0,2022-09-11,domingo,19:00:00,PE,232,"79,2",GRAVATA,Transitar na contramão,Colisão frontal,Com Vítimas Feridas,Plena Noite,Crescente,Céu Claro,Simples,Reta,Sim,2,0,1,1,0,0,2,2,"-8,195424","-35,564099",SPRF-PE,DEL02-PE,UOP02-DEL02PE
473811.0,2022-09-11,domingo,19:50:00,PE,232,412,SERRA TALHADA,Condutor deixou de manter distância do veículo da frente,Colisão traseira,Com Vítimas Feridas,Plena Noite,Crescente,Céu Claro,Simples,Declive;Reta                  ,Não,2,0,1,0,0,1,1,2,"-7,98377927","-38,3208774",SPRF-PE,DEL04-PE,UOP01-DEL04-PE
473819.0,2022-09-11,domingo,20:40:00,PE,104,"57,1",CARUARU,Ausência de sinalização,Tombamento,Com Vítimas Feridas,Plena Noite,Decrescente,Céu Claro,Dupla,Reta,Sim,1,0,0,1,0,0,1,1,"-8,2181","-35,9747",SPRF-PE,DEL02-PE,UOP01-DEL02-PE
473957.0,2022-09-12,segunda-feira,12:45:00,PE,408,"89,4",SAO LOURENCO DA MATA,Acessar a via sem observar a presença dos outros veículos,Colisão transversal,Com Vítimas Fatais,Pleno dia,Crescente,Céu Claro,Dupla,Declive;Retorno Regulamentado;,Não,4,1,0,1,1,1,1,3,"-7,983917","-35,079758",SPRF-PE,DEL01-PE,UOP01-DEL01-PE
473986.0,2022-09-12,segunda-feira,16:40:00,PE,232,"5,6",RECIFE,Entrada inopinada do pedestre,Atropelamento de Pedestre,Com Vítimas Feridas,Pleno dia,Crescente,Céu Claro,Dupla,Em Obras;Reta                 ,Sim,2,0,2,0,0,0,2,2,"-8,0700129","-34,951206",SPRF-PE,DEL01-PE,UOP01-DEL01-PE
474093.0,2022-09-13,terça-feira,04:50:00,PE,101,"41,9",IGARASSU,Condutor deixou de manter distância do veículo da frente,Colisão traseira,Com Vítimas Feridas,Pleno dia,Crescente,Céu Claro,Múltipla,Reta,Sim,2,0,2,0,0,0,2,2,"-7,83038346","-34,91426785",SPRF-PE,DEL01-PE,UOP02-DEL01-PE