id,data_inversa,dia_semana,horario,uf,br,km,municipio,causa_acidente,tipo_acidente,classificacao_acidente,fase_dia,sentido_via,condicao_metereologica,tipo_pista,tracado_via,uso_solo,pessoas,mortos,feridos_leves,feridos_graves,ilesos,ignorados,feridos,veiculos,latitude,longitude,regional,delegacia,uop
477058.0,2022-09-26,segunda-feira,18:00:00,PE,101,"84,2",JABOATAO DOS GUARARAPES,Reação tardia ou ineficiente do condutor,Colisão lateral mesmo sentido,Com Vítimas Feridas,Plena Noite,Decrescente,Céu Claro,Dupla,Curva,Não,2,0,1,0,0,1,1,2,"-8,17778559","-34,95087297",SPRF-PE,DEL01-PE,UOP01-DEL01-PE
477098.0,2022-09-26,segunda-feira,22:00:00,PE,232,5,RECIFE,Deficiência do Sistema de Iluminação/Sinalização,Queda de ocupante de veículo,Com Vítimas Feridas,Plena Noite,Decrescente,Céu Claro,Dupla,Reta,Sim,1,0,1,0,0,0,1,1,"-8,06795766","-34,94535414",SPRF-PE,DEL01-PE,UOP01-DEL01-PE
477103.0,2022-09-26,segunda-feira,22:30:00,PE,101,"41,9",IGARASSU,Acessar a via sem observar a presença dos outros veículos,Colisão transversal,Com Vítimas Feridas,Plena Noite,Crescente,Nublado,Múltipla,Reta,Sim,3,0,0,2,1,0,2,2,"-7,83038346","-34,91426785",SPRF-PE,DEL01-PE,UOP02-DEL01-PE
477121.0,2022-09-27,terça-feira,01:00:00,PE,407,"129,2",PETROLINA,Retorno proibido,Colisão transversal,Com Vítimas Feridas,Plena Noite,Crescente,Céu Claro,Dupla,Curva,Sim,2,0,1,1,0,0,2,1,"-9,40040513","-40,50438166",SPRF-PE,DEL06-PE,UOP01-DEL06-PE
477129.0,2022-09-27,terça-feira,05:00:00,PE,232,262,ARCOVERDE,Animais na Pista,Atropelamento de Animal,Sem Vítimas,Amanhecer,Crescente,Céu Claro,Simples,Reta,Não,1,0,0,0,0,1,0,1,"-8,40910972","-37,16489198",SPRF-PE,DEL04-PE,UOP02-DEL04-PE
477165.0,2022-09-26,segunda-feira,16:30:00,PE,101,70,RECIFE,Acesso irregular,Colisão transversal,Sem Vítimas,Pleno dia,Decrescente,Céu Claro,Dupla,Reta,Sim,2,0,0,0,1,1,0,2,"-8,06776119","-34,94265074",SPRF-PE,DEL01-PE,UOP01-DEL01-PE
477248.0,2022-09-27,terça-feira,17:01:00,PE,101,57,PAULISTA,Manobra de mudança de faixa,Colisão traseira,Com Vítimas Feridas,Anoitecer,Crescente,Céu Claro,Dupla,Retorno Regulamentado,Sim,3,0,2,0,1,0,2,2,"-7,96346213","-34,91513486",SPRF-PE,DEL01-PE,UOP02-DEL01-PE
477265.0,2022-09-27,terça-feira,18:00:00,PE,408,101,SAO LOURENCO DA MATA,Avarias e/ou desgaste excessivo no pneu,Tombamento,Com Vítimas Feridas,Plena Noite,Crescente,Céu Claro,Dupla,Reta,Não,2,0,2,0,0,0,2,1,"-8,04710272","-35,00887967",SPRF-PE,DEL01-PE,UOP01-DEL01-PE
477274.0,2022-09-27,terça-feira,17:50:00,PE,407,"127,6",PETROLINA,Transitar no acostamento,Colisão lateral mesmo sentido,Com Vítimas Feridas,Anoitecer,Crescente,Céu Claro,Dupla,Reta,Sim,2,0,2,0,0,0,2,2,"-9,3908678","-40,52038627",SPRF-PE,DEL06-PE,UOP01-DEL06-PE
477318.0,2022-09-27,terça-feira,23:30:00,PE,101,69,RECIFE,Manobra de mudança de faixa,Colisão lateral mesmo sentido,Sem Vítimas,Plena Noite,Crescente,Céu Claro,Dupla,Viaduto,Sim,2,0,0,0,2,0,0,2,"-8,05951606","-34,94581024",SPRF-PE,DEL01-PE,UOP01-DEL01-PE
477343.0,2022-09-28,quarta-feira,08:00:00,PE,101,64,RECIFE,Condutor deixou de manter distância do veículo da frente,Colisão lateral mesmo sentido,Com Vítimas Feridas,Pleno dia,Crescente,Céu Claro,Dupla,Reta,Não,2,0,1,0,0,1,1,2,"-8,0162921","-34,94045886",SPRF-PE,DEL01-PE,UOP01-DEL01-PE
477372.0,2022-09-28,quarta-feira,07:50:00,PE,423,"72,4",JUPI,Reação tardia ou ineficiente do condutor,Queda de ocupante de veículo,Com Vítimas Fatais,Pleno dia,Decrescente,Céu Claro,Simples,Interseção de Vias;Declive;Ret,Sim,3,1,0,1,1,0,1,2,"-8,70118191","-36,4154612",SPRF-PE,DEL03-PE,UOP01-DEL03-PE
477379.0,2022-09-28,quarta-feira,11:05:00,PE,104,"64,2",CARUARU,Condutor deixou de manter distância do veículo da frente,Colisão traseira,Com Vítimas Feridas,Pleno dia,Decrescente,Céu Claro,Dupla,Reta,Sim,2,0,1,0,1,0,1,2,"-8,2783","-35,9815",SPRF-PE,DEL02-PE,UOP01-DEL02-PE
477527.0,2022-09-29,quinta-feira,07:28:00,PE,232,147,SAO CAITANO,Demais falhas na via,Queda de ocupante de veículo,Com Vítimas Feridas,Pleno dia,Crescente,Céu Claro,Dupla,Reta,Sim,2,0,2,0,0,0,2,1,"-8,328619","-36,148814",SPRF-PE,DEL03-PE,UOP02-DEL03-PE
477538.0,2022-09-29,quinta-feira,08:45:00,PE,101,68,RECIFE,Condutor deixou de manter distância do veículo da frente,Colisão traseira,Sem Vítimas,Pleno dia,Crescente,Céu Claro,Múltipla,Curva,Sim,2,0,0,0,2,0,0,2,"-8,05074296","-34,94580619",SPRF-PE,DEL01-PE,UOP01-DEL01-PE
477552.0,2022-09-29,quinta-feira,11:00:00,PE,428,188,PETROLINA,Reação tardia ou ineficiente do condutor,Atropelamento de Pedestre,Com Vítimas Feridas,Pleno dia,Crescente,Céu Claro,Simples,Viaduto,Sim,2,0,1,0,1,0,1,2,"-9,36400596","-40,48266808",SPRF-PE,DEL06-PE,UOP01-DEL06-PE
477580.0,2022-09-29,quinta-feira,15:00:00,PE,101,"119,5",IPOJUCA,Objeto estático sobre o leito carroçável,Colisão traseira,Com Vítimas Feridas,Pleno dia,Crescente,Céu Claro,Dupla,Reta,Não,2,0,1,0,1,0,1,2,"-8,353157","-35,174081",SPRF-PE,DEL01-PE,UOP03-DEL01-PE
477619.0,2022-09-29,quinta-feira,19:05:00,PE,116,"25,2",SALGUEIRO,Pedestre andava na pista,Atropelamento de Pedestre,Com Vítimas Feridas,Plena Noite,Crescente,Céu Claro,Simples,Reta,Sim,2,0,2,0,0,0,2,2,"-8,06602821","-39,13570404",SPRF-PE,DEL05-PE,UOP01-DEL05-PE
477709.0,2022-09-30,sexta-feira,08:00:00,PE,232,"8,3",RECIFE,Trafegar com motocicleta (ou similar) entre as faixas,Colisão lateral mesmo sentido,Com Vítimas Feridas,Pleno dia,Crescente,Céu Claro,Múltipla,Em Obras,Sim,3,0,2,0,1,0,2,2,"-8,07583727","-34,97015791",SPRF-PE,DEL01-PE,UOP01-DEL01-PE
477714.0,2022-09-30,sexta-feira,06:50:00,PE,232,182,BELO JARDIM,Entrada inopinada do pedestre,Atropelamento de Pedestre,Com Vítimas Feridas,Pleno dia,Crescente,Céu Claro,Simples,Reta,Sim,2,0,0,2,0,0,2,2,"-8,34804728","-36,44664994",SPRF-PE,DEL03-PE,UOP02-DEL03-PE
477717.0,2022-09-30,sexta-feira,08:00:00,PE,232,8,RECIFE,Condutor deixou de manter distância do veículo da frente,Colisão traseira,Com Vítimas Feridas,Pleno dia,Crescente,Céu Claro,Simples,Reta,Sim,4,0,1,0,3,0,1,3,"-8,07652","-34,973055",SPRF-PE,DEL01-PE,UOP01-DEL01-PE
477730.0,2022-09-30,sexta-feira,10:20:00,PE,101,69,RECIFE,Avarias e/ou desgaste excessivo no pneu,Queda de ocupante de veículo,Com Vítimas Feridas,Pleno dia,Crescente,Sol,Múltipla,Reta,Sim,2,0,2,0,0,0,2,1,"-8,05951606","-34,94581024",SPRF-PE,DEL01-PE,UOP01-DEL01-PE
477738.0,2022-09-30,sexta-feira,10:45:00,PE,408,"100,5",JABOATAO DOS GUARARAPES,Condutor deixou de manter distância do veículo da frente,Colisão traseira,Com Vítimas Feridas,Pleno dia,Crescente,Céu Claro,Simples,Aclive,Sim,2,0,0,1,1,0,1,2,"-8,046017","-35,010274",SPRF-PE,DEL01-PE,UOP01-DEL01-PE
477825.0,2022-09-30,sexta-feira,18:30:00,PE,424,"89,7",GARANHUNS,Ingestão de álcool e/ou substâncias psicoativas pelo pedestre,Colisão traseira,Com Vítimas Feridas,Plena Noite,Decrescente,Céu Claro,Simples,Reta;Declive                  ,Sim,2,0,0,1,1,0,1,2,"-8,89138375","-36,50571483",SPRF-PE,DEL03-PE,UOP01-DEL03-PE
477853.0,2022-09-30,sexta-feira,22:00:00,PE,104,"83,2",AGRESTINA,Condutor Dormindo,Colisão lateral sentido oposto,Com Vítimas Feridas,Plena Noite,Decrescente,Céu Claro,Simples,Reta,Não,4,0,2,0,2,0,2,3,"-8,430662","-35,959164",SPRF-PE,DEL02-PE,UOP01-DEL02-PE
477865.0,2022-09-30,sexta-feira,22:40:00,PE,424,"68,3",CAETES,Ultrapassagem Indevida,Colisão frontal,Sem Vítimas,Plena Noite,Decrescente,Céu Claro,Simples,Reta,Sim,4,0,0,0,1,3,0,3,"-8,76884574","-36,63537082",SPRF-PE,DEL03-PE,UOP01-DEL03-PE
477897.0,2022-10-01,sábado,02:00:00,PE,316,227,BELEM DE SAO FRANCISCO,Ausência de reação do condutor,Saída de leito carroçável,Com Vítimas Feridas,Plena Noite,Crescente,Ignorado,Simples,Reta,Não,1,0,1,0,0,0,1,1,"-8,58381892","-39,15600296",SPRF-PE,DEL05-PE,UOP03-DEL05-PE
477903.0,2022-10-01,sábado,05:20:00,PE,101,50,ABREU E LIMA,Acessar a via sem observar a presença dos outros veículos,Colisão lateral mesmo sentido,Com Vítimas Feridas,Pleno dia,Decrescente,Céu Claro,Dupla,Reta,Sim,4,0,2,0,2,0,2,2,"-7,90938602","-34,90123228",SPRF-PE,DEL01-PE,UOP02-DEL01-PE
477960.0,2022-09-12,segunda-feira,01:00:00,PE,408,51,NAZARE DA MATA,Animais na Pista,Atropelamento de Animal,Com Vítimas Feridas,Plena Noite,Decrescente,Céu Claro,Simples,Reta,Não,1,0,0,1,0,0,1,1,"-7,73723901","-35,23503603",SPRF-PE,DEL01-PE,UOP02-DEL01-PE
477983.0,2022-10-01,sábado,13:20:00,PE,232,"128,5",CARUARU,Condutor deixou de manter distância do veículo da frente,Colisão traseira,Com Vítimas Feridas,Pleno dia,Crescente,Sol,Dupla,Reta,Sim,3,0,1,1,1,0,2,2,"-8,30399306","-35,97216301",SPRF-PE,DEL02-PE,UOP01-DEL02-PE
477989.0,2022-10-01,sábado,13:46:00,PE,101,68,RECIFE,Manobra de mudança de faixa,Colisão lateral mesmo sentido,Com Vítimas Feridas,Pleno dia,Crescente,Sol,Dupla,Reta,Sim,2,0,1,0,0,1,1,2,"-8,05074296","-34,94580619",SPRF-PE,DEL01-PE,UOP01-DEL01-PE
478007.0,2022-10-01,sábado,15:20:00,PE,232,"72,2",GRAVATA,Ausência de reação do condutor,Saída de leito carroçável,Com Vítimas Feridas,Pleno dia,Decrescente,Céu Claro,Dupla,Reta,Não,3,0,2,0,1,0,2,1,"-8,18714215","-35,50102523",SPRF-PE,DEL02-PE,UOP02-DEL02PE
478033.0,2022-10-01,sábado,18:35:00,PE,101,88,JABOATAO DOS GUARARAPES,Pedestre cruzava a pista fora da faixa,Atropelamento de Pedestre,Com Vítimas Feridas,Plena Noite,Crescente,Céu Claro,Dupla,Reta,Sim,2,0,0,1,1,0,1,2,"-8,19971387","-34,9785382",SPRF-PE,DEL01-PE,UOP01-DEL01-PE
478096.0,2022-10-01,sábado,23:00:00,PE,232,"8,5",RECIFE,Reação tardia ou ineficiente do condutor,Saída de leito carroçável,Com Vítimas Feridas,Plena Noite,Decrescente,Céu Claro,Dupla,Curva;Em Obras;Desvio Temporár,Sim,1,0,0,1,0,0,1,1,"-8,07583727","-34,97015791",SPRF-PE,DEL01-PE,UOP01-DEL01-PE
478098.0,2022-10-01,sábado,22:50:00,PE,428,189,PETROLINA,Ausência de reação do condutor,Colisão traseira,Sem Vítimas,Plena Noite,Crescente,Céu Claro,Dupla,Interseção de Vias,Sim,3,0,0,0,3,0,0,3,"-9,37197508","-40,48679585",SPRF-PE,DEL06-PE,UOP01-DEL06-PE
478159.0,2022-10-02,domingo,10:00:00,PE,101,7,GOIANA,Afundamento ou ondulação no pavimento,Atropelamento de Pedestre,Com Vítimas Feridas,Pleno dia,Crescente,Chuva,Dupla,Reta,Sim,2,0,0,1,1,0,1,2,"-7,55997111","-34,99072674",SPRF-PE,DEL01-PE,UOP02-DEL01-PE
478167.0,2022-10-02,domingo,11:00:00,PE,232,"4,9",RECIFE,Ausência de reação do condutor,Colisão traseira,Com Vítimas Feridas,Pleno dia,Decrescente,Céu Claro,Dupla,Reta,Sim,2,0,2,0,0,0,2,2,"-8,064473","-34,936928",SPRF-PE,DEL01-PE,UOP01-DEL01-PE
478194.0,2022-10-02,domingo,13:40:00,PE,232,129,CARUARU,Pista esburacada,Tombamento,Com Vítimas Feridas,Pleno dia,Decrescente,Céu Claro,Dupla,Viaduto,Sim,2,0,2,0,0,0,2,1,"-8,300652","-35,986111",SPRF-PE,DEL02-PE,UOP01-DEL02-PE
478196.0,2022-10-02,domingo,13:14:00,PE,104,"23,1",TORITAMA,Ingestão de álcool pelo condutor,Colisão com objeto,Sem Vítimas,Pleno dia,Decrescente,Sol,Dupla,Em Obras,Não,1,0,0,0,0,1,0,1,"-7,97182","-36,109932",SPRF-PE,DEL02-PE,UOP01-DEL02-PE
478208.0,2022-10-02,domingo,15:05:00,PE,408,"94,5",SAO LOURENCO DA MATA,Manobra de mudança de faixa,Colisão lateral mesmo sentido,Com Vítimas Feridas,Pleno dia,Crescente,Céu Claro,Dupla,Reta,Sim,2,0,0,1,1,0,1,2,"-8,010107","-35,042785",SPRF-PE,DEL01-PE,UOP01-DEL01-PE
478236.0,2022-10-02,domingo,16:51:00,PE,232,"180,9",BELO JARDIM,Ingestão de álcool pelo condutor,Colisão transversal,Sem Vítimas,Pleno dia,Crescente,Sol,Simples,Reta,Sim,4,0,0,0,3,1,0,2,"-8,34449745","-36,4288801",SPRF-PE,DEL03-PE,UOP02-DEL03-PE
478270.0,2022-10-02,domingo,20:10:00,PE,428,"183,8",PETROLINA,Velocidade Incompatível,Colisão traseira,Com Vítimas Feridas,Plena Noite,Crescente,Céu Claro,Dupla,Reta,Não,3,0,1,1,0,1,2,2,"-9,32412987","-40,46211325",SPRF-PE,DEL06-PE,UOP01-DEL06-PE
478272.0,2022-10-02,domingo,19:15:00,PE,428,"184,6",PETROLINA,Ingestão de álcool pelo condutor,Colisão lateral mesmo sentido,Com Vítimas Feridas,Plena Noite,Decrescente,Céu Claro,Múltipla,Reta,Sim,3,0,2,0,1,0,2,2,"-9,33211208","-40,46621385",SPRF-PE,DEL06-PE,UOP01-DEL06-PE
478296.0,2022-10-02,domingo,23:00:00,PE,408,79,PAUDALHO,Ausência de reação do condutor,Colisão traseira,Com Vítimas Feridas,Plena Noite,Decrescente,Céu Claro,Múltipla,Reta,Sim,2,0,0,1,1,0,1,2,"-7,92735072","-35,14679086",SPRF-PE,DEL01-PE,UOP01-DEL01-PE
478302.0,2022-10-02,domingo,22:50:00,PE,101,"42,3",IGARASSU,Pedestre andava na pista,Atropelamento de Pedestre,Com Vítimas Feridas,Pleno dia,Decrescente,Céu Claro,Dupla,Reta,Não,2,0,0,2,0,0,2,2,"-7,83887431","-34,91196739",SPRF-PE,DEL01-PE,UOP02-DEL01-PE
478317.0,2022-10-02,domingo,23:30:00,PE,232,411,SERRA TALHADA,Ingestão de álcool pelo condutor,Colisão frontal,Com Vítimas Fatais,Plena Noite,Decrescente,Céu Claro,Simples,Reta,Não,3,2,0,1,0,0,1,2,"-7,97976163","-38,31087404",SPRF-PE,DEL04-PE,UOP01-DEL04-PE
478403.0,2022-10-01,sábado,23:00:00,PE,407,"124,7",PETROLINA,Ingestão de álcool pelo condutor,Colisão lateral mesmo sentido,Sem Vítimas,Plena Noite,Crescente,Céu Claro,Dupla,Reta,Sim,2,0,0,0,2,0,0,2,"-9,38042996","-40,53310459",SPRF-PE,DEL06-PE,UOP01-DEL06-PE
478406.0,2022-09-29,quinta-feira,20:30:00,PE,101,69,RECIFE,Acessar a via sem observar a presença dos outros veículos,Colisão lateral mesmo sentido,Sem Vítimas,Plena Noite,Decrescente,Céu Claro,Simples,Curva,Sim,2,0,0,0,2,0,0,2,"-8,05951606","-34,94581024",SPRF-PE,DEL01-PE,UOP01-DEL01-PE
478410.0,2022-10-03,segunda-feira,13:00:00,PE,101,"59,1",RECIFE,Entrada inopinada do pedestre,Atropelamento de Pedestre,Com Vítimas Feridas,Pleno dia,Crescente,Céu Claro,Dupla,Reta,Não,2,0,0,1,1,0,1,2,"-7,9789721","-34,9282348",SPRF-PE,DEL01-PE,UOP02-DEL01-PE
478419.0,2022-10-03,segunda-feira,13:35:00,PE,423,"38,1",CACHOEIRINHA,Condutor deixou de manter distância do veículo da frente,Colisão lateral mesmo sentido,Com Vítimas Feridas,Pleno dia,Decrescente,Céu Claro,Simples,Reta,Não,7,0,3,0,4,0,3,2,"-8,48361315","-36,22574878",SPRF-PE,DEL03-PE,UOP02-DEL03-PE
478422.0,2022-10-03,segunda-feira,14:40:00,PE,101,"45,5",IGARASSU,Acessar a via sem observar a presença dos outros veículos,Colisão transversal,Com Vítimas Feridas,Pleno dia,Decrescente,Sol,Múltipla,Declive,Sim,2,0,1,0,1,0,1,2,"-7,86521297","-34,90715176",SPRF-PE,DEL01-PE,UOP02-DEL01-PE
478433.0,2022-10-03,segunda-feira,11:30:00,PE,104,72,CARUARU,Mal súbito do condutor,Saída de leito carroçável,Com Vítimas Feridas,Pleno dia,Decrescente,Céu Claro,Simples,Curva,Não,1,0,0,1,0,0,1,1,"-8,332917","-35,981609",SPRF-PE,DEL02-PE,UOP01-DEL02-PE
478451.0,2022-10-03,segunda-feira,14:25:00,PE,407,126,PETROLINA,Desrespeitar a preferência no cruzamento,Colisão transversal,Com Vítimas Feridas,Pleno dia,Crescente,Céu Claro,Dupla,Curva,Sim,2,0,1,0,1,0,1,2,"-9,38491309","-40,52809509",SPRF-PE,DEL06-PE,UOP01-DEL06-PE
478472.0,2022-10-03,segunda-feira,10:10:00,PE,232,"410,4",SERRA TALHADA,Acessar a via sem observar a presença dos outros veículos,Colisão lateral mesmo sentido,Com Vítimas Feridas,Pleno dia,Crescente,Céu Claro,Simples,Reta,Sim,2,0,1,0,1,0,1,2,"-7,98261841","-38,30039606",SPRF-PE,DEL04-PE,UOP01-DEL04-PE
478477.0,2022-10-03,segunda-feira,18:50:00,PE,101,67,RECIFE,Velocidade Incompatível,Tombamento,Com Vítimas Feridas,Plena Noite,Decrescente,Céu Claro,Dupla,Reta,Sim,1,0,0,1,0,0,1,1,"-8,042334","-34,943096",SPRF-PE,DEL01-PE,UOP01-DEL01-PE
478512.0,2022-10-03,segunda-feira,19:30:00,PE,101,"4,7",GOIANA,Velocidade Incompatível,Colisão traseira,Com Vítimas Fatais,Plena Noite,Decrescente,Vento,Múltipla,Reta,Não,3,1,0,0,1,1,0,2,"-7,53264499","-34,99145786",SPRF-PE,DEL01-PE,UOP02-DEL01-PE
478513.0,2022-10-03,segunda-feira,19:55:00,PE,104,"103,5",CUPIRA,Transitar na contramão,Colisão frontal,Com Vítimas Fatais,Plena Noite,Crescente,Céu Claro,Simples,Reta,Não,8,1,0,6,1,0,6,2,"-8,589451","-35,95377",SPRF-PE,DEL02-PE,UOP03-DEL02-PE
478527.0,2022-10-03,segunda-feira,20:00:00,PE,428,183,PETROLINA,Entrada inopinada do pedestre,Atropelamento de Pedestre,Com Vítimas Feridas,Plena Noite,Decrescente,Céu Claro,Dupla,Em Obras;Reta                 ,Sim,2,0,0,1,1,0,1,2,"-9,32412987","-40,46211325",SPRF-PE,DEL06-PE,UOP01-DEL06-PE
478551.0,2022-10-04,terça-feira,06:30:00,PE,428,159,PETROLINA,Velocidade Incompatível,Colisão traseira,Com Vítimas Feridas,Pleno dia,Crescente,Céu Claro,Simples,Reta,Não,3,0,0,2,1,0,2,2,"-9,13950503","-40,35244194",SPRF-PE,DEL06-PE,UOP01-DEL06-PE
478557.0,2022-10-04,terça-feira,08:20:00,PE,428,"189,7",PETROLINA,Condutor desrespeitou a iluminação vermelha do semáforo,Colisão transversal,Com Vítimas Feridas,Pleno dia,Crescente,Sol,Dupla,Retorno Regulamentado,Sim,2,0,1,0,1,0,1,2,"-9,377936","-40,504167",SPRF-PE,DEL06-PE,UOP01-DEL06-PE
478626.0,2022-10-04,terça-feira,10:25:00,PE,232,"252,1",ARCOVERDE,Desrespeitar a preferência no cruzamento,Colisão transversal,Sem Vítimas,Pleno dia,Decrescente,Céu Claro,Simples,Reta,Sim,2,0,0,0,2,0,0,2,"-8,43086","-37,06536",SPRF-PE,DEL04-PE,UOP02-DEL04-PE
478701.0,2022-10-05,quarta-feira,06:20:00,PE,408,96,SAO LOURENCO DA MATA,Animais na Pista,Saída de leito carroçável,Com Vítimas Feridas,Pleno dia,Crescente,Sol,Dupla,Reta,Sim,1,0,1,0,0,0,1,1,"-8,00448211","-35,04643006",SPRF-PE,DEL01-PE,UOP01-DEL01-PE
478710.0,2022-10-05,quarta-feira,08:15:00,PE,407,119,PETROLINA,Acessar a via sem observar a presença dos outros veículos,Colisão transversal,Com Vítimas Feridas,Pleno dia,Decrescente,Céu Claro,Simples,Reta,Não,2,0,0,2,0,0,2,2,"-9,338861","-40,559236",SPRF-PE,DEL06-PE,UOP01-DEL06-PE
478712.0,2022-10-05,quarta-feira,07:50:00,PE,101,158,GAMELEIRA,Condutor Dormindo,Saída de leito carroçável,Com Vítimas Feridas,Pleno dia,Crescente,Chuva,Dupla,Curva,Não,1,0,1,0,0,0,1,1,"-8,55179162","-35,4051441",SPRF-PE,DEL01-PE,UOP03-DEL01-PE
478759.0,2022-10-05,quarta-feira,14:00:00,PE,423,94,GARANHUNS,Avarias e/ou desgaste excessivo no pneu,Engavetamento,Com Vítimas Feridas,Pleno dia,Crescente,Céu Claro,Simples,Reta,Sim,7,0,2,0,4,1,2,3,"-8,874732","-36,46946",SPRF-PE,DEL03-PE,UOP01-DEL03-PE
478778.0,2022-10-05,quarta-feira,17:00:00,PE,101,"68,1",RECIFE,Manobra de mudança de faixa,Colisão lateral mesmo sentido,Com Vítimas Feridas,Pleno dia,Decrescente,Céu Claro,Múltipla,Rotatória,Sim,2,0,1,0,1,0,1,2,"-8,05074296","-34,94580619",SPRF-PE,DEL01-PE,UOP01-DEL01-PE
478781.0,2022-10-05,quarta-feira,17:30:00,PE,101,"98,8",CABO DE SANTO AGOSTINHO,Reação tardia ou ineficiente do condutor,Colisão lateral mesmo sentido,Sem Vítimas,Pleno dia,Crescente,Céu Claro,Dupla,Reta,Não,2,0,0,0,2,0,0,2,"-8,26025316","-35,04629883",SPRF-PE,DEL01-PE,UOP03-DEL01-PE
478869.0,2022-10-06,quinta-feira,04:40:00,PE,424,83,GARANHUNS,Neblina,Eventos atípicos,Com Vítimas Feridas,Amanhecer,Crescente,Nevoeiro/Neblina,Simples,Aclive,Não,1,0,1,0,0,0,1,1,"-8,851567","-36,515352",SPRF-PE,DEL03-PE,UOP01-DEL03-PE
478900.0,2022-10-05,quarta-feira,11:40:00,PE,101,"68,3",RECIFE,Acessar a via sem observar a presença dos outros veículos,Colisão transversal,Com Vítimas Feridas,Pleno dia,Decrescente,Céu Claro,Múltipla,Reta,Sim,2,0,1,0,1,0,1,2,"-8,053847","-34,946129",SPRF-PE,DEL01-PE,UOP01-DEL01-PE
478916.0,2022-10-06,quinta-feira,09:40:00,PE,232,"80,4",GRAVATA,Velocidade Incompatível,Colisão traseira,Sem Vítimas,Pleno dia,Decrescente,Chuva,Dupla,Curva,Sim,3,0,0,0,2,1,0,3,"-8,19636881","-35,56954622",SPRF-PE,DEL02-PE,UOP02-DEL02PE
478919.0,2022-10-06,quinta-feira,14:00:00,PE,408,"71,6",PAUDALHO,Entrada inopinada do pedestre,Atropelamento de Pedestre,Com Vítimas Fatais,Pleno dia,Decrescente,Nublado,Dupla,Reta,Sim,4,1,1,0,1,1,1,3,"-7,881486","-35,182777",SPRF-PE,DEL01-PE,UOP01-DEL01-PE
478920.0,2022-10-06,quinta-feira,14:29:00,PE,101,86,JABOATAO DOS GUARARAPES,Acessar a via sem observar a presença dos outros veículos,Colisão transversal,Com Vítimas Feridas,Pleno dia,Decrescente,Chuva,Simples,Reta,Sim,2,0,1,0,1,0,1,2,"-8,201724","-34,959968",SPRF-PE,DEL01-PE,UOP01-DEL01-PE
478934.0,2022-10-06,quinta-feira,15:30:00,PE,316,303,FLORESTA,Demais falhas mecânicas ou elétricas,Incêndio,Sem Vítimas,Pleno dia,Decrescente,Céu Claro,Simples,Reta,Não,1,0,0,0,1,0,0,1,"-8,60774626","-38,57879405",SPRF-PE,DEL04-PE,UOP03-DEL04-PE
478936.0,2022-10-06,quinta-feira,07:50:00,PE,232,281,SERTANIA,Ausência de reação do condutor,Saída de leito carroçável,Com Vítimas Feridas,Pleno dia,Decrescente,Céu Claro,Simples,Reta,Não,4,0,3,0,0,1,3,2,"-8,34770731","-37,29960517",SPRF-PE,DEL04-PE,UOP02-DEL04-PE
478938.0,2022-10-06,quinta-feira,14:22:00,PE,428,188,PETROLINA,Condutor deixou de manter distância do veículo da frente,Colisão traseira,Com Vítimas Feridas,Pleno dia,Decrescente,Sol,Dupla,Viaduto;Aclive                ,Sim,3,0,1,1,1,0,2,2,"-9,37600211","-40,49226176",SPRF-PE,DEL06-PE,UOP01-DEL06-PE
478974.0,2022-10-06,quinta-feira,17:30:00,PE,232,"8,4",RECIFE,Transitar na contramão,Colisão transversal,Com Vítimas Feridas,Anoitecer,Crescente,Nublado,Dupla,Reta,Sim,2,0,1,1,0,0,2,2,"-8,07583727","-34,97015791",SPRF-PE,DEL01-PE,UOP01-DEL01-PE
479052.0,2022-10-07,sexta-feira,01:15:00,PE,101,"150,4",RIBEIRAO,Reação tardia ou ineficiente do condutor,Colisão com objeto,Com Vítimas Feridas,Plena Noite,Crescente,Chuva,Dupla,Curva,Não,1,0,0,1,0,0,1,1,"-8,49669957","-35,38211017",SPRF-PE,DEL01-PE,UOP03-DEL01-PE
479059.0,2022-09-25,domingo,00:45:00,PE,424,89,GARANHUNS,Reação tardia ou ineficiente do condutor,Saída de leito carroçável,Sem Vítimas,Plena Noite,Decrescente,Ignorado,Simples,Curva,Sim,1,0,0,0,0,1,0,1,"-8,89345","-36,500542",SPRF-PE,DEL03-PE,UOP01-DEL03-PE
479119.0,2022-10-07,sexta-feira,09:55:00,PE,232,"12,9",JABOATAO DOS GUARARAPES,Manobra de mudança de faixa,Colisão traseira,Com Vítimas Feridas,Pleno dia,Decrescente,Céu Claro,Dupla,Reta,Não,2,0,1,0,1,0,1,2,"-8,08577691","-35,00345603",SPRF-PE,DEL01-PE,UOP01-DEL01-PE
479130.0,2022-10-07,sexta-feira,11:55:00,PE,232,13,JABOATAO DOS GUARARAPES,Condutor deixou de manter distância do veículo da frente,Colisão traseira,Com Vítimas Feridas,Pleno dia,Decrescente,Céu Claro,Dupla,Reta,Não,2,0,0,1,1,0,1,2,"-8,08831567","-35,01203806",SPRF-PE,DEL01-PE,UOP01-DEL01-PE