id,data_inversa,dia_semana,horario,uf,br,km,municipio,causa_acidente,tipo_acidente,classificacao_acidente,fase_dia,sentido_via,condicao_metereologica,tipo_pista,tracado_via,uso_solo,pessoas,mortos,feridos_leves,feridos_graves,ilesos,ignorados,feridos,veiculos,latitude,longitude,regional,delegacia,uop
479140.0,2022-09-16,sexta-feira,23:51:00,PE,101,"41,2",IGARASSU,Pedestre andava na pista,Atropelamento de Pedestre,Com Vítimas Fatais,Plena Noite,Crescente,Céu Claro,Dupla,Reta,Sim,2,1,0,0,0,1,0,2,"-7,83038346","-34,91426785",SPRF-PE,DEL01-PE,UOP02-DEL01-PE
479196.0,2022-10-07,sexta-feira,16:00:00,PE,428,"139,5",LAGOA GRANDE,Acessar a via sem observar a presença dos outros veículos,Colisão transversal,Com Vítimas Feridas,Pleno dia,Decrescente,Céu Claro,Simples,Reta,Sim,3,0,1,0,2,0,1,2,"-8,99597417","-40,27175903",SPRF-PE,DEL06-PE,UOP03-DEL06-PE
479206.0,2022-10-07,sexta-feira,17:25:00,PE,101,45,IGARASSU,Entrada inopinada do pedestre,Atropelamento de Pedestre,Com Vítimas Feridas,Anoitecer,Crescente,Céu Claro,Múltipla,Reta,Sim,5,0,0,1,4,0,1,3,"-7,86521297","-34,90715176",SPRF-PE,DEL01-PE,UOP02-DEL01-PE
479219.0,2022-10-07,sexta-feira,18:45:00,PE,101,83,JABOATAO DOS GUARARAPES,Conversão proibida,Colisão transversal,Com Vítimas Feridas,Plena Noite,Crescente,Céu Claro,Simples,Reta,Sim,2,0,0,1,1,0,1,2,"-8,175172","-34,942642",SPRF-PE,DEL01-PE,UOP01-DEL01-PE
479241.0,2022-10-07,sexta-feira,20:05:00,PE,428,179,PETROLINA,Acesso irregular,Colisão transversal,Com Vítimas Feridas,Plena Noite,Crescente,Céu Claro,Simples,Reta,Não,3,0,2,1,0,0,3,2,"-9,29218306","-40,4457509",SPRF-PE,DEL06-PE,UOP01-DEL06-PE
479460.0,2022-10-08,sábado,15:45:00,PE,423,"55,1",LAJEDO,Demais falhas mecânicas ou elétricas,Incêndio,Sem Vítimas,Pleno dia,Crescente,Céu Claro,Simples,Reta,Não,1,0,0,0,1,0,0,1,"-8,61537298","-36,29867707",SPRF-PE,DEL03-PE,UOP01-DEL03-PE
479466.0,2022-10-08,sábado,18:00:00,PE,232,"213,2",PESQUEIRA,Pedestre cruzava a pista fora da faixa,Atropelamento de Pedestre,Com Vítimas Fatais,Anoitecer,Crescente,Céu Claro,Simples,Reta,Não,3,1,0,2,0,0,2,2,"-8,37719966","-36,72313213",SPRF-PE,DEL03-PE,UOP02-DEL03-PE
479495.0,2022-10-08,sábado,19:45:00,PE,101,"58,3",RECIFE,Condutor deixou de manter distância do veículo da frente,Colisão traseira,Com Vítimas Feridas,Plena Noite,Crescente,Céu Claro,Dupla,Reta,Sim,2,0,1,0,0,1,1,2,"-7,97063209","-34,92064675",SPRF-PE,DEL01-PE,UOP02-DEL01-PE
479501.0,2022-10-08,sábado,20:30:00,PE,101,"43,1",IGARASSU,Acessar a via sem observar a presença dos outros veículos,Colisão transversal,Com Vítimas Feridas,Plena Noite,Decrescente,Nublado,Múltipla,Reta,Sim,3,0,2,0,1,0,2,3,"-7,84753808","-34,90977038",SPRF-PE,DEL01-PE,UOP02-DEL01-PE
479599.0,2022-10-09,domingo,06:30:00,PE,424,101,BREJAO,Transitar na contramão,Colisão frontal,Sem Vítimas,Pleno dia,Crescente,Céu Claro,Simples,Reta;Aclive                   ,Sim,2,0,0,0,1,1,0,2,"-8,96537965","-36,51714353",SPRF-PE,DEL03-PE,UOP01-DEL03-PE
479614.0,2022-08-07,domingo,00:30:00,PE,232,180,BELO JARDIM,Ingestão de álcool pelo condutor,Colisão frontal,Com Vítimas Feridas,Plena Noite,Decrescente,Céu Claro,Dupla,Reta,Sim,2,0,2,0,0,0,2,1,"-8,34449745","-36,4288801",SPRF-PE,DEL03-PE,UOP02-DEL03-PE
479628.0,2022-10-09,domingo,10:00:00,PE,101,17,GOIANA,Retorno proibido,Colisão traseira,Com Vítimas Feridas,Pleno dia,Crescente,Chuva,Dupla,Reta,Não,4,0,1,1,0,2,2,3,"-7,64064477","-34,95599769",SPRF-PE,DEL01-PE,UOP02-DEL01-PE
479729.0,2022-10-09,domingo,18:15:00,PE,104,88,AGRESTINA,Ingestão de álcool pelo condutor,Colisão frontal,Sem Vítimas,Plena Noite,Crescente,Céu Claro,Simples,Reta,Não,2,0,0,0,1,1,0,2,"-8,454104","-35,945515",SPRF-PE,DEL02-PE,UOP03-DEL02-PE
479766.0,2022-10-09,domingo,23:00:00,PE,232,8,RECIFE,Deficiência do Sistema de Iluminação/Sinalização,Atropelamento de Pedestre,Com Vítimas Feridas,Plena Noite,Crescente,Céu Claro,Dupla,Reta,Sim,2,0,0,1,0,1,1,2,"-8,07583727","-34,97015791",SPRF-PE,DEL01-PE,UOP01-DEL01-PE
479777.0,2022-10-10,segunda-feira,00:15:00,PE,423,"62,3",LAJEDO,Transitar na contramão,Colisão frontal,Com Vítimas Fatais,Plena Noite,Crescente,Céu Claro,Simples,Reta,Não,2,1,0,0,1,0,0,2,"-8,66011023","-36,33781395",SPRF-PE,DEL03-PE,UOP01-DEL03-PE
479792.0,2022-10-10,segunda-feira,05:20:00,PE,101,75,RECIFE,Reação tardia ou ineficiente do condutor,Tombamento,Com Vítimas Feridas,Amanhecer,Decrescente,Chuva,Dupla,Reta,Sim,1,0,1,0,0,0,1,1,"-8,11274412","-34,94542837",SPRF-PE,DEL01-PE,UOP01-DEL01-PE
479796.0,2022-10-10,segunda-feira,06:30:00,PE,101,"61,5",RECIFE,Acessar a via sem observar a presença dos outros veículos,Tombamento,Com Vítimas Feridas,Pleno dia,Crescente,Céu Claro,Dupla,Reta,Não,2,0,1,1,0,0,2,1,"-7,99097103","-34,93598295",SPRF-PE,DEL01-PE,UOP02-DEL01-PE
479839.0,2022-10-10,segunda-feira,10:00:00,PE,428,188,PETROLINA,Pista Escorregadia,Queda de ocupante de veículo,Sem Vítimas,Pleno dia,Decrescente,Céu Claro,Simples,Curva,Sim,1,0,0,0,1,0,0,1,"-9,37569083","-40,48788071",SPRF-PE,DEL06-PE,UOP01-DEL06-PE
479909.0,2022-10-10,segunda-feira,14:00:00,PE,232,"80,3",GRAVATA,Desrespeitar a preferência no cruzamento,Colisão transversal,Com Vítimas Feridas,Pleno dia,Crescente,Céu Claro,Simples,Reta,Sim,2,0,1,0,1,0,1,2,"-8,196085","-35,573837",SPRF-PE,DEL02-PE,UOP02-DEL02PE
479924.0,2022-09-20,terça-feira,14:00:00,PE,407,"97,9",PETROLINA,Animais na Pista,Queda de ocupante de veículo,Com Vítimas Feridas,Pleno dia,Crescente,Céu Claro,Simples,Reta,Não,1,0,1,0,0,0,1,1,"-9,22276016","-40,62744141",SPRF-PE,DEL06-PE,UOP02-DEL06-PE
479937.0,2022-10-10,segunda-feira,19:01:00,PE,101,49,ABREU E LIMA,Entrada inopinada do pedestre,Atropelamento de Pedestre,Com Vítimas Feridas,Plena Noite,Crescente,Céu Claro,Múltipla,Reta,Sim,2,0,1,0,1,0,1,2,"-7,9005152","-34,90180641",SPRF-PE,DEL01-PE,UOP02-DEL01-PE
479940.0,2022-10-10,segunda-feira,19:08:00,PE,428,184,PETROLINA,Iluminação deficiente,Colisão lateral mesmo sentido,Com Vítimas Feridas,Plena Noite,Decrescente,Céu Claro,Múltipla,Reta,Sim,2,0,1,0,0,1,1,2,"-9,33211208","-40,46621385",SPRF-PE,DEL06-PE,UOP01-DEL06-PE
480042.0,2022-10-11,terça-feira,13:30:00,PE,101,"8,7",GOIANA,Ingestão de álcool e/ou substâncias psicoativas pelo pedestre,Capotamento,Sem Vítimas,Pleno dia,Crescente,Céu Claro,Dupla,Reta,Sim,1,0,0,0,0,1,0,1,"-7,56898134","-34,98959891",SPRF-PE,DEL01-PE,UOP02-DEL01-PE
480070.0,2022-10-11,terça-feira,17:00:00,PE,101,"50,9",ABREU E LIMA,Ingestão de álcool ou de substâncias psicoativas pelo pedestre,Atropelamento de Pedestre,Com Vítimas Feridas,Plena Noite,Decrescente,Céu Claro,Múltipla,Reta,Sim,2,0,0,1,1,0,1,2,"-7,90938602","-34,90123228",SPRF-PE,DEL01-PE,UOP02-DEL01-PE
480085.0,2022-10-11,terça-feira,18:00:00,PE,101,"22,8",IGARASSU,Carga excessiva e/ou mal acondicionada,Capotamento,Com Vítimas Feridas,Plena Noite,Decrescente,Vento,Múltipla,Reta,Não,4,0,2,0,2,0,2,1,"-7,69218298","-34,92211684",SPRF-PE,DEL01-PE,UOP02-DEL01-PE
480087.0,2022-10-11,terça-feira,16:35:00,PE,104,67,CARUARU,Ingestão de álcool pelo condutor,Colisão traseira,Com Vítimas Feridas,Pleno dia,Crescente,Céu Claro,Dupla,Reta,Sim,2,0,1,0,1,0,1,2,"-8,3016","-35,9882",SPRF-PE,DEL02-PE,UOP01-DEL02-PE
480125.0,2022-10-11,terça-feira,20:40:00,PE,232,441,SERRA TALHADA,Iluminação deficiente,Colisão traseira,Com Vítimas Feridas,Plena Noite,Crescente,Céu Claro,Simples,Reta,Não,3,0,1,1,1,0,2,2,"-8,01292062","-38,56799502",SPRF-PE,DEL04-PE,UOP01-DEL04-PE
480138.0,2022-10-11,terça-feira,22:05:00,PE,232,"256,8",ARCOVERDE,Iluminação deficiente,Atropelamento de Animal,Com Vítimas Feridas,Plena Noite,Decrescente,Céu Claro,Simples,Reta,Não,1,0,1,0,0,0,1,1,"-8,40988226","-37,09335003",SPRF-PE,DEL04-PE,UOP02-DEL04-PE
480162.0,2022-10-12,quarta-feira,02:45:00,PE,232,"142,1",SAO CAITANO,Animais na Pista,Atropelamento de Animal,Com Vítimas Feridas,Plena Noite,Decrescente,Nublado,Dupla,Declive,Não,1,0,1,0,0,0,1,1,"-8,32242118","-36,09480698",SPRF-PE,DEL03-PE,UOP02-DEL03-PE
480174.0,2022-10-12,quarta-feira,05:44:00,PE,232,"103,3",BEZERROS,Condutor deixou de manter distância do veículo da frente,Colisão traseira,Com Vítimas Feridas,Pleno dia,Decrescente,Nublado,Dupla,Reta,Não,2,0,1,0,1,0,1,2,"-8,25219029","-35,76584983",SPRF-PE,DEL02-PE,UOP02-DEL02PE
480196.0,2022-10-12,quarta-feira,07:40:00,PE,408,"69,5",PAUDALHO,Transitar no acostamento,Colisão traseira,Com Vítimas Fatais,Pleno dia,Crescente,Céu Claro,Dupla,Reta,Não,2,1,1,0,0,0,1,2,"-7,87169406","-35,19398501",SPRF-PE,DEL01-PE,UOP01-DEL01-PE
480202.0,2022-09-25,domingo,21:20:00,PE,232,253,ARCOVERDE,Ingestão de álcool e/ou substâncias psicoativas pelo pedestre,Atropelamento de Pedestre,Com Vítimas Fatais,Plena Noite,Decrescente,Céu Claro,Simples,Reta,Não,2,1,0,0,1,0,0,2,"-8,42522112","-37,07235809",SPRF-PE,DEL04-PE,UOP02-DEL04-PE
480206.0,2022-10-01,sábado,02:00:00,PE,101,14,GOIANA,Animais na Pista,Queda de ocupante de veículo,Com Vítimas Feridas,Plena Noite,Decrescente,Céu Claro,Dupla,Reta,Não,1,0,1,0,0,0,1,1,"-7,61812802","-34,97114978",SPRF-PE,DEL01-PE,UOP02-DEL01-PE
480225.0,2022-10-02,domingo,12:00:00,PE,232,"116,7",CARUARU,Pista em desnível,Saída de leito carroçável,Com Vítimas Feridas,Pleno dia,Crescente,Céu Claro,Dupla,Reta,Não,2,0,2,0,0,0,2,1,"-8,2970005","-35,86666391",SPRF-PE,DEL02-PE,UOP01-DEL02-PE
480227.0,2022-10-12,quarta-feira,13:00:00,PE,408,"104,7",JABOATAO DOS GUARARAPES,Velocidade Incompatível,Colisão traseira,Com Vítimas Fatais,Pleno dia,Crescente,Céu Claro,Dupla,Viaduto,Sim,5,2,2,0,0,1,2,3,"-8,074356","-34,992336",SPRF-PE,DEL01-PE,UOP01-DEL01-PE
480272.0,2022-09-06,terça-feira,17:45:00,PE,232,"7,9",RECIFE,Obras na pista,Tombamento,Com Vítimas Feridas,Pleno dia,Crescente,Ignorado,Dupla,Reta,Sim,1,0,1,0,0,0,1,1,"-8,075742","-34,96949",SPRF-PE,DEL01-PE,UOP01-DEL01-PE
480285.0,2022-09-28,quarta-feira,16:39:00,PE,232,508,SALGUEIRO,Conversão proibida,Colisão lateral mesmo sentido,Com Vítimas Feridas,Anoitecer,Crescente,Céu Claro,Simples,Reta,Sim,2,0,1,0,1,0,1,2,"-8,06223271","-39,12095006",SPRF-PE,DEL05-PE,UOP01-DEL05-PE
480309.0,2022-10-12,quarta-feira,22:50:00,PE,428,"187,9",PETROLINA,Ingestão de álcool pelo condutor,Colisão com objeto,Com Vítimas Feridas,Plena Noite,Decrescente,Céu Claro,Dupla,Rotatória;Curva               ,Sim,1,0,0,1,0,0,1,1,"-9,37499302","-40,48896432",SPRF-PE,DEL06-PE,UOP01-DEL06-PE
480440.0,2022-10-13,quinta-feira,16:30:00,PE,428,"145,3",PETROLINA,Ingestão de álcool pelo condutor,Colisão com objeto,Com Vítimas Feridas,Pleno dia,Crescente,Céu Claro,Simples,Reta,Não,1,0,0,1,0,0,1,1,"-9,03133504","-40,28849493",SPRF-PE,DEL06-PE,UOP01-DEL06-PE
480446.0,2022-10-13,quinta-feira,19:10:00,PE,101,67,RECIFE,Ausência de reação do condutor,Colisão lateral mesmo sentido,Com Vítimas Feridas,Plena Noite,Crescente,Céu Claro,Dupla,Reta,Sim,2,0,0,2,0,0,2,2,"-8,042334","-34,943096",SPRF-PE,DEL01-PE,UOP01-DEL01-PE
480447.0,2022-10-13,quinta-feira,18:30:00,PE,232,129,CARUARU,Pedestre cruzava a pista fora da faixa,Atropelamento de Pedestre,Com Vítimas Feridas,Plena Noite,Decrescente,Céu Claro,Dupla,Reta,Sim,2,0,0,1,1,0,1,2,"-8,301997","-35,981168",SPRF-PE,DEL02-PE,UOP01-DEL02-PE
480452.0,2022-10-13,quinta-feira,19:30:00,PE,101,"46,8",IGARASSU,Manobra de mudança de faixa,Colisão lateral mesmo sentido,Com Vítimas Feridas,Pleno dia,Crescente,Céu Claro,Múltipla,Reta,Sim,3,0,0,2,1,0,2,2,"-7,87406004","-34,90588126",SPRF-PE,DEL01-PE,UOP02-DEL01-PE
480467.0,2022-10-13,quinta-feira,20:00:00,PE,101,"67,8",RECIFE,Manobra de mudança de faixa,Colisão traseira,Com Vítimas Feridas,Plena Noite,Crescente,Céu Claro,Múltipla,Reta,Sim,3,0,2,0,1,0,2,3,"-8,049753","-34,94577",SPRF-PE,DEL01-PE,UOP01-DEL01-PE
480629.0,2022-10-14,sexta-feira,17:55:00,PE,101,78,RECIFE,Acessar a via sem observar a presença dos outros veículos,Atropelamento de Pedestre,Com Vítimas Feridas,Plena Noite,Crescente,Céu Claro,Dupla,Reta,Sim,2,0,1,1,0,0,2,2,"-8,137238","-34,947623",SPRF-PE,DEL01-PE,UOP01-DEL01-PE
480640.0,2022-10-14,sexta-feira,19:03:00,PE,232,178,BELO JARDIM,Ausência de reação do condutor,Colisão traseira,Com Vítimas Feridas,Plena Noite,Decrescente,Céu Claro,Simples,Reta,Não,2,0,1,0,1,0,1,2,"-8,347448","-36,411818",SPRF-PE,DEL03-PE,UOP02-DEL03-PE
480651.0,2022-08-05,sexta-feira,15:20:00,PE,423,121,PARANATAMA,Acessar a via sem observar a presença dos outros veículos,Colisão transversal,Com Vítimas Feridas,Pleno dia,Decrescente,Nublado,Simples,Reta,Sim,2,0,1,1,0,0,2,2,"-8,91648376","-36,70648553",SPRF-PE,DEL03-PE,UOP01-DEL03-PE
480682.0,2022-10-14,sexta-feira,22:15:00,PE,232,"23,7",MORENO,Animais na Pista,Atropelamento de Animal,Com Vítimas Feridas,Plena Noite,Decrescente,Céu Claro,Dupla,Curva,Não,2,0,1,0,1,0,1,1,"-8,100138","-35,099165",SPRF-PE,DEL01-PE,UOP01-DEL01-PE
480687.0,2022-10-14,sexta-feira,22:50:00,PE,232,408,SERRA TALHADA,Acessar a via sem observar a presença dos outros veículos,Colisão transversal,Com Vítimas Feridas,Plena Noite,Crescente,Céu Claro,Simples,Retorno Regulamentado,Sim,3,0,2,0,1,0,2,2,"-7,98371447","-38,28047709",SPRF-PE,DEL04-PE,UOP01-DEL04-PE
480858.0,2022-10-15,sábado,18:50:00,PE,428,"130,1",LAGOA GRANDE,Animais na Pista,Atropelamento de Animal,Com Vítimas Fatais,Plena Noite,Crescente,Céu Claro,Simples,Aclive;Reta                   ,Não,2,1,0,1,0,0,1,1,"-8,95820498","-40,19661427",SPRF-PE,DEL06-PE,UOP03-DEL06-PE
480859.0,2022-10-15,sábado,18:10:00,PE,101,"83,2",JABOATAO DOS GUARARAPES,Condutor deixou de manter distância do veículo da frente,Colisão traseira,Com Vítimas Feridas,Plena Noite,Crescente,Céu Claro,Dupla,Declive;Reta                  ,Sim,2,0,1,0,1,0,1,2,"-8,175172","-34,942642",SPRF-PE,DEL01-PE,UOP01-DEL01-PE
480860.0,2022-10-15,sábado,17:55:00,PE,423,"93,8",GARANHUNS,Ingestão de álcool pelo condutor,Colisão traseira,Com Vítimas Feridas,Plena Noite,Crescente,Céu Claro,Simples,Reta,Sim,2,0,2,0,0,0,2,2,"-8,86972012","-36,46323792",SPRF-PE,DEL03-PE,UOP01-DEL03-PE
480864.0,2022-10-15,sábado,18:20:00,PE,101,70,RECIFE,Reação tardia ou ineficiente do condutor,Queda de ocupante de veículo,Sem Vítimas,Plena Noite,Crescente,Céu Claro,Dupla,Reta,Sim,1,0,0,0,1,0,0,1,"-8,06776119","-34,94265074",SPRF-PE,DEL01-PE,UOP01-DEL01-PE
480872.0,2022-10-15,sábado,19:00:00,PE,232,86,GRAVATA,Ingestão de álcool pelo condutor,Colisão traseira,Sem Vítimas,Plena Noite,Decrescente,Nublado,Dupla,Reta;Declive                  ,Não,2,0,0,0,2,0,0,2,"-8,21286855","-35,62011813",SPRF-PE,DEL02-PE,UOP02-DEL02PE
480873.0,2022-10-15,sábado,19:05:00,PE,232,14,JABOATAO DOS GUARARAPES,Objeto estático sobre o leito carroçável,Colisão com objeto,Com Vítimas Feridas,Plena Noite,Crescente,Céu Claro,Dupla,Viaduto,Não,1,0,0,1,0,0,1,1,"-8,090359","-35,023654",SPRF-PE,DEL01-PE,UOP01-DEL01-PE
480948.0,2022-10-16,domingo,03:53:00,PE,101,69,RECIFE,Pista Escorregadia,Colisão com objeto,Sem Vítimas,Plena Noite,Crescente,Nublado,Dupla,Reta,Sim,1,0,0,0,1,0,0,1,"-8,05951606","-34,94581024",SPRF-PE,DEL01-PE,UOP01-DEL01-PE
481052.0,2022-10-16,domingo,15:15:00,PE,104,29,TORITAMA,Velocidade Incompatível,Colisão frontal,Com Vítimas Feridas,Pleno dia,Crescente,Sol,Simples,Reta,Sim,4,0,1,1,2,0,2,2,"-8,0078","-36,0621",SPRF-PE,DEL02-PE,UOP01-DEL02-PE
481140.0,2022-10-16,domingo,21:30:00,PE,408,"78,6",PAUDALHO,Reação tardia ou ineficiente do condutor,Tombamento,Com Vítimas Feridas,Plena Noite,Decrescente,Céu Claro,Dupla,Reta,Não,2,0,2,0,0,0,2,2,"-7,92365927","-35,15513418",SPRF-PE,DEL01-PE,UOP01-DEL01-PE
481196.0,2022-10-17,segunda-feira,07:20:00,PE,232,9,RECIFE,Condutor deixou de manter distância do veículo da frente,Colisão lateral mesmo sentido,Sem Vítimas,Pleno dia,Decrescente,Céu Claro,Dupla,Reta,Sim,2,0,0,0,2,0,0,2,"-8,07764447","-34,97863609",SPRF-PE,DEL01-PE,UOP01-DEL01-PE
481212.0,2022-10-17,segunda-feira,07:30:00,PE,423,120,PARANATAMA,Acessar a via sem observar a presença dos outros veículos,Colisão lateral mesmo sentido,Com Vítimas Feridas,Pleno dia,Decrescente,Céu Claro,Simples,Reta,Não,2,0,1,0,1,0,1,2,"-8,91340879","-36,69525706",SPRF-PE,DEL03-PE,UOP01-DEL03-PE
481266.0,2022-10-17,segunda-feira,14:30:00,PE,232,9,RECIFE,Demais falhas na via,Queda de ocupante de veículo,Com Vítimas Feridas,Pleno dia,Crescente,Céu Claro,Dupla,Reta,Sim,1,0,1,0,0,0,1,1,"-8,07764447","-34,97863609",SPRF-PE,DEL01-PE,UOP01-DEL01-PE
481275.0,2022-10-01,sábado,09:40:00,PE,104,21,TAQUARITINGA DO NORTE,Reação tardia ou ineficiente do condutor,Colisão frontal,Com Vítimas Feridas,Pleno dia,Crescente,Sol,Simples,Reta,Não,5,0,1,0,3,1,1,3,"-7,964189","-36,124378",SPRF-PE,DEL02-PE,UOP01-DEL02-PE
481337.0,2022-10-17,segunda-feira,20:50:00,PE,232,"412,7",SERRA TALHADA,Ingestão de álcool pelo condutor,Colisão lateral mesmo sentido,Com Vítimas Feridas,Plena Noite,Crescente,Céu Claro,Simples,Reta,Não,2,0,2,0,0,0,2,2,"-7,98377927","-38,3208774",SPRF-PE,DEL04-PE,UOP01-DEL04-PE
481340.0,2022-10-17,segunda-feira,14:30:00,PE,116,73,CABROBO,Reação tardia ou ineficiente do condutor,Colisão lateral sentido oposto,Com Vítimas Feridas,Pleno dia,Crescente,Céu Claro,Simples,Reta;Declive                  ,Não,1,0,1,0,0,0,1,1,"-8,465946","-39,197342",SPRF-PE,DEL05-PE,UOP03-DEL05-PE
481354.0,2022-10-18,terça-feira,06:40:00,PE,232,67,GRAVATA,Demais falhas mecânicas ou elétricas,Incêndio,Sem Vítimas,Pleno dia,Decrescente,Céu Claro,Dupla,Curva,Não,1,0,0,0,1,0,0,1,"-8,16727986","-35,464311",SPRF-PE,DEL02-PE,UOP02-DEL02PE
481370.0,2022-10-18,terça-feira,07:10:00,PE,428,188,PETROLINA,Velocidade Incompatível,Atropelamento de Pedestre,Com Vítimas Feridas,Pleno dia,Crescente,Céu Claro,Dupla,Reta,Sim,2,0,0,1,1,0,1,2,"-9,36400596","-40,48266808",SPRF-PE,DEL06-PE,UOP01-DEL06-PE
481409.0,2022-10-18,terça-feira,11:45:00,PE,232,30,MORENO,Reação tardia ou ineficiente do condutor,Saída de leito carroçável,Com Vítimas Feridas,Pleno dia,Decrescente,Céu Claro,Dupla,Reta,Não,2,0,2,0,0,0,2,1,"-8,11063325","-35,15197001",SPRF-PE,DEL01-PE,UOP01-DEL01-PE
481469.0,2022-10-18,terça-feira,18:40:00,PE,232,"10,8",JABOATAO DOS GUARARAPES,Entrada inopinada do pedestre,Atropelamento de Pedestre,Com Vítimas Feridas,Plena Noite,Crescente,Céu Claro,Dupla,Aclive,Sim,3,0,1,0,2,0,1,2,"-8,07917241","-34,98718609",SPRF-PE,DEL01-PE,UOP01-DEL01-PE
481474.0,2022-10-18,terça-feira,19:50:00,PE,104,66,CARUARU,Pista esburacada,Tombamento,Com Vítimas Feridas,Plena Noite,Decrescente,Céu Claro,Dupla,Viaduto,Sim,1,0,0,1,0,0,1,1,"-8,2937","-35,9864",SPRF-PE,DEL02-PE,UOP01-DEL02-PE
481486.0,2022-10-18,terça-feira,21:45:00,PE,232,31,MORENO,Animais na Pista,Atropelamento de Animal,Com Vítimas Feridas,Plena Noite,Decrescente,Céu Claro,Dupla,Reta,Não,2,0,0,1,1,0,1,1,"-8,10678602","-35,15841205",SPRF-PE,DEL01-PE,UOP01-DEL01-PE
481497.0,2022-10-19,quarta-feira,00:30:00,PE,232,392,SERRA TALHADA,Animais na Pista,Atropelamento de Animal,Com Vítimas Feridas,Plena Noite,Crescente,Céu Claro,Simples,Reta,Não,3,0,1,0,2,0,1,1,"-8,02959891","-38,15663598",SPRF-PE,DEL04-PE,UOP01-DEL04-PE
481523.0,2022-10-19,quarta-feira,07:10:00,PE,101,50,ABREU E LIMA,Manobra de mudança de faixa,Colisão lateral mesmo sentido,Com Vítimas Feridas,Pleno dia,Crescente,Céu Claro,Dupla,Reta,Sim,2,0,1,0,1,0,1,2,"-7,90938602","-34,90123228",SPRF-PE,DEL01-PE,UOP02-DEL01-PE
481540.0,2022-10-19,quarta-feira,07:10:00,PE,101,87,JABOATAO DOS GUARARAPES,Reação tardia ou ineficiente do condutor,Colisão transversal,Com Vítimas Feridas,Pleno dia,Crescente,Céu Claro,Simples,Reta,Sim,2,0,1,0,0,1,1,2,"-8,19120206","-34,97449985",SPRF-PE,DEL01-PE,UOP01-DEL01-PE
481560.0,2022-10-14,sexta-feira,14:32:00,PE,232,"126,8",CARUARU,Ausência de reação do condutor,Colisão traseira,Com Vítimas Feridas,Pleno dia,Crescente,Sol,Dupla,Reta,Sim,2,0,1,0,1,0,1,2,"-8,3051374","-35,96735001",SPRF-PE,DEL02-PE,UOP01-DEL02-PE
481656.0,2022-10-19,quarta-feira,21:30:00,PE,232,55,POMBOS,Acessar a via sem observar a presença dos outros veículos,Colisão traseira,Com Vítimas Feridas,Plena Noite,Decrescente,Céu Claro,Dupla,Reta,Não,3,0,0,2,1,0,2,2,"-8,13255758","-35,36570027",SPRF-PE,DEL02-PE,UOP02-DEL02PE
481711.0,2022-10-20,quinta-feira,07:45:00,PE,407,"126,5",PETROLINA,Conversão proibida,Colisão transversal,Com Vítimas Feridas,Pleno dia,Crescente,Céu Claro,Simples,Reta,Sim,2,0,1,0,1,0,1,2,"-9,38928608","-40,52381787",SPRF-PE,DEL06-PE,UOP01-DEL06-PE
481751.0,2022-10-20,quinta-feira,13:01:00,PE,408,94,SAO LOURENCO DA MATA,Acessar a via sem observar a presença dos outros veículos,Colisão traseira,Com Vítimas Feridas,Pleno dia,Decrescente,Céu Claro,Dupla,Reta,Não,2,0,1,0,1,0,1,2,"-8,00448211","-35,04643006",SPRF-PE,DEL01-PE,UOP01-DEL01-PE
481768.0,2022-10-20,quinta-feira,14:51:00,PE,232,138,CARUARU,Frear bruscamente,Queda de ocupante de veículo,Com Vítimas Feridas,Pleno dia,Crescente,Céu Claro,Simples,Reta,Não,2,0,1,0,1,0,1,1,"-8,31829493","-36,05907802",SPRF-PE,DEL02-PE,UOP01-DEL02-PE
481771.0,2022-10-20,quinta-feira,15:35:00,PE,232,144,SAO CAITANO,Condutor Dormindo,Saída de leito carroçável,Com Vítimas Feridas,Pleno dia,Crescente,Céu Claro,Dupla,Reta,Não,2,0,0,2,0,0,2,1,"-8,32522249","-36,11250878",SPRF-PE,DEL03-PE,UOP02-DEL03-PE
481796.0,2022-10-20,quinta-feira,16:26:00,PE,101,"35,5",IGARASSU,Pista Escorregadia,Colisão com objeto,Com Vítimas Feridas,Pleno dia,Decrescente,Céu Claro,Dupla,Declive,Não,2,0,1,0,1,0,1,1,"-7,77952193","-34,93231384",SPRF-PE,DEL01-PE,UOP02-DEL01-PE
481797.0,2022-10-20,quinta-feira,16:30:00,PE,104,110,PANELAS,Transitar na contramão,Colisão transversal,Com Vítimas Feridas,Anoitecer,Crescente,Céu Claro,Simples,Curva,Sim,3,0,0,3,0,0,3,2,"-8,63304289","-36,01535082",SPRF-PE,DEL02-PE,UOP03-DEL02-PE
481816.0,2022-10-20,quinta-feira,17:51:00,PE,104,69,CARUARU,Acesso irregular,Colisão transversal,Com Vítimas Feridas,Anoitecer,Crescente,Nublado,Dupla,Reta,Não,2,0,0,1,1,0,1,2,"-8,3196","-35,9912",SPRF-PE,DEL02-PE,UOP01-DEL02-PE
481819.0,2022-10-20,quinta-feira,18:58:00,PE,232,"97,7",BEZERROS,Ausência de reação do condutor,Saída de leito carroçável,Com Vítimas Feridas,Plena Noite,Crescente,Céu Claro,Dupla,Curva,Não,1,0,1,0,0,0,1,1,"-8,23379718","-35,71628894",SPRF-PE,DEL02-PE,UOP02-DEL02PE