id,data_inversa,dia_semana,horario,uf,br,km,municipio,causa_acidente,tipo_acidente,classificacao_acidente,fase_dia,sentido_via,condicao_metereologica,tipo_pista,tracado_via,uso_solo,pessoas,mortos,feridos_leves,feridos_graves,ilesos,ignorados,feridos,veiculos,latitude,longitude,regional,delegacia,uop
481828.0,2022-10-20,quinta-feira,20:10:00,PE,424,88,GARANHUNS,Acessar a via sem observar a presença dos outros veículos,Colisão traseira,Com Vítimas Feridas,Plena Noite,Crescente,Céu Claro,Simples,Declive;Reta                  ,Sim,3,0,3,0,0,0,3,2,"-8,88289772","-36,50848532",SPRF-PE,DEL03-PE,UOP01-DEL03-PE
481830.0,2022-10-20,quinta-feira,19:30:00,PE,424,88,GARANHUNS,Animais na Pista,Atropelamento de Animal,Com Vítimas Feridas,Plena Noite,Crescente,Céu Claro,Simples,Declive,Sim,2,0,1,1,0,0,2,1,"-8,88289772","-36,50848532",SPRF-PE,DEL03-PE,UOP01-DEL03-PE
481871.0,2022-10-20,quinta-feira,23:20:00,PE,232,39,VITORIA DE SANTO ANTAO,Ausência de reação do condutor,Queda de ocupante de veículo,Com Vítimas Feridas,Plena Noite,Crescente,Céu Claro,Dupla,Curva,Não,2,0,1,1,0,0,2,1,"-8,117878","-35,233274",SPRF-PE,DEL01-PE,UOP01-DEL01-PE
481919.0,2022-10-21,sexta-feira,06:45:00,PE,423,"106,4",GARANHUNS,Animais na Pista,Atropelamento de Animal,Sem Vítimas,Pleno dia,Crescente,Céu Claro,Simples,Reta,Não,2,0,0,0,2,0,0,1,"-8,88171776","-36,57279606",SPRF-PE,DEL03-PE,UOP01-DEL03-PE
481954.0,2022-10-21,sexta-feira,10:50:00,PE,101,70,RECIFE,Demais falhas mecânicas ou elétricas,Incêndio,Sem Vítimas,Pleno dia,Decrescente,Sol,Dupla,Reta,Sim,1,0,0,0,1,0,0,1,"-8,06776119","-34,94265074",SPRF-PE,DEL01-PE,UOP01-DEL01-PE
481975.0,2022-10-21,sexta-feira,13:00:00,PE,232,"79,5",GRAVATA,Velocidade Incompatível,Colisão lateral mesmo sentido,Com Vítimas Feridas,Pleno dia,Decrescente,Céu Claro,Simples,Em Obras;Reta                 ,Sim,3,0,2,0,0,1,2,2,"-8,19460572","-35,56074803",SPRF-PE,DEL02-PE,UOP02-DEL02PE
481986.0,2022-10-21,sexta-feira,12:00:00,PE,101,71,RECIFE,Condutor deixou de manter distância do veículo da frente,Engavetamento,Com Vítimas Feridas,Pleno dia,Decrescente,Céu Claro,Dupla,Reta,Sim,3,0,1,1,1,0,2,3,"-8,076053","-34,935688",SPRF-PE,DEL01-PE,UOP01-DEL01-PE
482005.0,2022-10-21,sexta-feira,14:55:00,PE,232,"211,6",PESQUEIRA,Acessar a via sem observar a presença dos outros veículos,Colisão transversal,Com Vítimas Feridas,Pleno dia,Decrescente,Céu Claro,Simples,Reta,Não,4,0,1,0,3,0,1,2,"-8,36899532","-36,70578682",SPRF-PE,DEL03-PE,UOP02-DEL03-PE
482066.0,2022-10-21,sexta-feira,18:00:00,PE,232,253,ARCOVERDE,Acessar a via sem observar a presença dos outros veículos,Colisão transversal,Com Vítimas Feridas,Plena Noite,Crescente,Céu Claro,Dupla,Interseção de Vias,Sim,5,0,1,0,4,0,1,2,"-8,4305884","-37,06342047",SPRF-PE,DEL04-PE,UOP02-DEL04-PE
482074.0,2022-10-21,sexta-feira,19:10:00,PE,428,186,PETROLINA,Acessar a via sem observar a presença dos outros veículos,Colisão lateral mesmo sentido,Com Vítimas Feridas,Plena Noite,Crescente,Céu Claro,Dupla,Reta,Sim,1,0,1,0,0,0,1,1,"-9,34807826","-40,47441248",SPRF-PE,DEL06-PE,UOP01-DEL06-PE
482107.0,2022-10-21,sexta-feira,22:25:00,PE,101,"47,2",IGARASSU,Pedestre cruzava a pista fora da faixa,Atropelamento de Pedestre,Com Vítimas Fatais,Plena Noite,Crescente,Chuva,Múltipla,Reta,Sim,2,1,0,1,0,0,1,2,"-7,88290701","-34,90461208",SPRF-PE,DEL01-PE,UOP02-DEL01-PE
482122.0,2022-10-22,sábado,00:40:00,PE,101,"69,5",RECIFE,Reação tardia ou ineficiente do condutor,Colisão com objeto,Sem Vítimas,Plena Noite,Crescente,Chuva,Múltipla,Reta,Sim,1,0,0,0,0,1,0,1,"-8,06429671","-34,94419456",SPRF-PE,DEL01-PE,UOP01-DEL01-PE
482125.0,2022-10-21,sexta-feira,23:50:00,PE,232,"205,6",PESQUEIRA,Participar de racha,Saída de leito carroçável,Com Vítimas Fatais,Plena Noite,Decrescente,Céu Claro,Simples,Reta,Não,2,1,0,0,0,1,0,2,"-8,371009","-36,658185",SPRF-PE,DEL03-PE,UOP02-DEL03-PE
482154.0,2022-10-22,sábado,04:00:00,PE,428,185,PETROLINA,Obras na pista,Colisão frontal,Sem Vítimas,Plena Noite,Crescente,Céu Claro,Dupla,Reta,Sim,1,0,0,0,0,1,0,1,"-9,34009199","-40,47032001",SPRF-PE,DEL06-PE,UOP01-DEL06-PE
482157.0,2022-10-22,sábado,05:55:00,PE,104,"32,9",TORITAMA,Ingestão de álcool pelo condutor,Colisão traseira,Com Vítimas Feridas,Pleno dia,Crescente,Céu Claro,Simples,Reta,Sim,4,0,2,0,2,0,2,2,"-8,026115","-36,053188",SPRF-PE,DEL02-PE,UOP01-DEL02-PE
482170.0,2022-10-22,sábado,08:21:00,PE,428,189,PETROLINA,Velocidade Incompatível,Colisão traseira,Com Vítimas Feridas,Pleno dia,Crescente,Céu Claro,Dupla,Reta,Sim,4,0,0,1,3,0,1,4,"-9,37197508","-40,48679585",SPRF-PE,DEL06-PE,UOP01-DEL06-PE
482171.0,2022-09-28,quarta-feira,11:30:00,PE,408,46,NAZARE DA MATA,Transitar na contramão,Capotamento,Com Vítimas Feridas,Pleno dia,Decrescente,Céu Claro,Simples,Aclive,Não,2,0,1,0,0,1,1,2,"-7,69727313","-35,24713852",SPRF-PE,DEL01-PE,UOP02-DEL01-PE
482205.0,2022-10-22,sábado,06:30:00,PE,407,4,AFRANIO,Ingestão de álcool pelo condutor,Colisão frontal,Com Vítimas Fatais,Pleno dia,Crescente,Céu Claro,Simples,Reta,Não,3,2,0,1,0,0,1,2,"-8,45797422","-41,01602626",SPRF-PE,DEL06-PE,UOP02-DEL06-PE
482260.0,2022-10-22,sábado,17:15:00,PE,428,184,PETROLINA,Acessar a via sem observar a presença dos outros veículos,Colisão traseira,Com Vítimas Feridas,Pleno dia,Crescente,Céu Claro,Dupla,Reta;Retorno Regulamentado    ,Sim,2,0,1,0,1,0,1,2,"-9,33211208","-40,46621385",SPRF-PE,DEL06-PE,UOP01-DEL06-PE
482329.0,2022-10-22,sábado,22:40:00,PE,104,58,CARUARU,Ingestão de álcool pelo condutor,Colisão transversal,Sem Vítimas,Plena Noite,Crescente,Céu Claro,Dupla,Retorno Regulamentado,Sim,2,0,0,0,2,0,0,2,"-8,22252314","-35,97666264",SPRF-PE,DEL02-PE,UOP01-DEL02-PE
482335.0,2022-10-22,sábado,23:10:00,PE,407,120,PETROLINA,Acessar a via sem observar a presença dos outros veículos,Colisão traseira,Com Vítimas Feridas,Plena Noite,Crescente,Céu Claro,Simples,Reta,Não,3,0,2,0,1,0,2,2,"-9,34434758","-40,55599155",SPRF-PE,DEL06-PE,UOP01-DEL06-PE
482338.0,2022-10-22,sábado,23:45:00,PE,101,"63,7",RECIFE,Ingestão de álcool pelo condutor,Colisão traseira,Sem Vítimas,Plena Noite,Crescente,Céu Claro,Dupla,Reta,Sim,3,0,0,0,2,1,0,2,"-8,00800604","-34,93756535",SPRF-PE,DEL01-PE,UOP01-DEL01-PE
482424.0,2022-10-23,domingo,09:10:00,PE,101,203,XEXEU,Acessar a via sem observar a presença dos outros veículos,Colisão lateral mesmo sentido,Sem Vítimas,Pleno dia,Crescente,Céu Claro,Dupla,Curva,Não,2,0,0,0,1,1,0,2,"-8,80099","-35,625832",SPRF-PE,DEL01-PE,UOP03-DEL01-PE
482465.0,2022-10-23,domingo,08:10:00,PE,101,148,RIBEIRAO,Acessar a via sem observar a presença dos outros veículos,Colisão transversal,Com Vítimas Feridas,Pleno dia,Decrescente,Céu Claro,Simples,Interseção de Vias,Sim,2,0,1,0,1,0,1,2,"-8,49392415","-35,37410975",SPRF-PE,DEL01-PE,UOP03-DEL01-PE
482468.0,2022-10-23,domingo,11:45:00,PE,423,"76,8",JUCATI,Transitar na contramão,Colisão lateral sentido oposto,Com Vítimas Feridas,Pleno dia,Crescente,Céu Claro,Simples,Reta,Não,3,0,1,1,1,0,2,3,"-8,73183901","-36,43146015",SPRF-PE,DEL03-PE,UOP01-DEL03-PE
482476.0,2022-10-23,domingo,06:50:00,PE,104,"63,7",CARUARU,Reação tardia ou ineficiente do condutor,Saída de leito carroçável,Sem Vítimas,Pleno dia,Crescente,Céu Claro,Múltipla,Reta,Sim,1,0,0,0,1,0,0,1,"-8,26756","-35,979072",SPRF-PE,DEL02-PE,UOP01-DEL02-PE
482513.0,2022-10-23,domingo,17:45:00,PE,232,409,SERRA TALHADA,Ausência de reação do condutor,Atropelamento de Pedestre,Com Vítimas Feridas,Plena Noite,Crescente,Céu Claro,Simples,Reta,Sim,2,0,1,0,1,0,1,2,"-7,98371447","-38,28047709",SPRF-PE,DEL04-PE,UOP01-DEL04-PE
482517.0,2022-10-23,domingo,17:10:00,PE,101,70,RECIFE,Avarias e/ou desgaste excessivo no pneu,Queda de ocupante de veículo,Com Vítimas Feridas,Plena Noite,Crescente,Céu Claro,Dupla,Reta,Sim,2,0,0,2,0,0,2,1,"-8,06776119","-34,94265074",SPRF-PE,DEL01-PE,UOP01-DEL01-PE
482519.0,2022-10-23,domingo,18:11:00,PE,101,"68,8",RECIFE,Reação tardia ou ineficiente do condutor,Tombamento,Com Vítimas Feridas,Plena Noite,Crescente,Céu Claro,Dupla,Reta,Sim,2,0,1,1,0,0,2,1,"-8,057902","-34,94632",SPRF-PE,DEL01-PE,UOP01-DEL01-PE
482524.0,2022-10-23,domingo,18:40:00,PE,232,179,BELO JARDIM,Ausência de reação do condutor,Queda de ocupante de veículo,Com Vítimas Feridas,Plena Noite,Decrescente,Céu Claro,Simples,Reta,Não,1,0,0,1,0,0,1,1,"-8,34353242","-36,4199731",SPRF-PE,DEL03-PE,UOP02-DEL03-PE
482536.0,2022-10-23,domingo,18:20:00,PE,232,208,PESQUEIRA,Ingestão de álcool pelo condutor,Colisão traseira,Sem Vítimas,Plena Noite,Crescente,Céu Claro,Simples,Declive,Sim,2,0,0,0,2,0,0,2,"-8,36794109","-36,67972403",SPRF-PE,DEL03-PE,UOP02-DEL03-PE
482537.0,2022-10-23,domingo,19:00:00,PE,101,88,JABOATAO DOS GUARARAPES,Ausência de reação do condutor,Tombamento,Com Vítimas Feridas,Plena Noite,Crescente,Céu Claro,Dupla,Reta,Não,1,0,1,0,0,0,1,1,"-8,19971387","-34,9785382",SPRF-PE,DEL01-PE,UOP01-DEL01-PE
482545.0,2022-10-23,domingo,19:20:00,PE,424,"120,8",CORRENTES,Animais na Pista,Atropelamento de Animal,Com Vítimas Feridas,Plena Noite,Decrescente,Céu Claro,Simples,Reta,Não,4,0,2,1,1,0,3,2,"-9,04729114","-36,39446497",SPRF-PE,DEL03-PE,UOP01-DEL03-PE
482547.0,2022-10-23,domingo,19:30:00,PE,101,4,RECIFE,Condutor usando celular,Engavetamento,Sem Vítimas,Plena Noite,Crescente,Céu Claro,Dupla,Viaduto,Sim,5,0,0,0,5,0,0,5,"-8,06712982","-34,94336843",SPRF-PE,DEL01-PE,UOP02-DEL01-PE
482548.0,2022-10-23,domingo,19:20:00,PE,232,43,VITORIA DE SANTO ANTAO,Velocidade Incompatível,Capotamento,Com Vítimas Feridas,Plena Noite,Decrescente,Céu Claro,Dupla,Reta,Não,3,0,3,0,0,0,3,1,"-8,135031","-35,291442",SPRF-PE,DEL01-PE,UOP01-DEL01-PE
482584.0,2022-10-23,domingo,14:50:00,PE,101,"79,7",JABOATAO DOS GUARARAPES,Reação tardia ou ineficiente do condutor,Tombamento,Com Vítimas Feridas,Pleno dia,Decrescente,Céu Claro,Dupla,Reta,Sim,1,0,1,0,0,0,1,1,"-8,14366112","-34,94723453",SPRF-PE,DEL01-PE,UOP01-DEL01-PE
482588.0,2022-10-23,domingo,21:30:00,PE,101,"26,1",IGARASSU,Condutor Dormindo,Saída de leito carroçável,Sem Vítimas,Plena Noite,Decrescente,Céu Claro,Dupla,Reta,Não,1,0,0,0,0,1,0,1,"-7,70826223","-34,92811677",SPRF-PE,DEL01-PE,UOP02-DEL01-PE
482609.0,2022-10-24,segunda-feira,00:40:00,PE,408,91,SAO LOURENCO DA MATA,Velocidade Incompatível,Colisão lateral mesmo sentido,Com Vítimas Feridas,Plena Noite,Decrescente,Céu Claro,Dupla,Aclive,Não,2,0,1,0,0,1,1,2,"-7,997364","-35,067488",SPRF-PE,DEL01-PE,UOP01-DEL01-PE
482655.0,2022-10-18,terça-feira,16:30:00,PE,232,"59,3",GRAVATA,Demais falhas mecânicas ou elétricas,Incêndio,Sem Vítimas,Pleno dia,Crescente,Céu Claro,Dupla,Reta;Aclive                   ,Sim,2,0,0,0,2,0,0,1,"-8,147172","-35,400733",SPRF-PE,DEL02-PE,UOP02-DEL02PE
482682.0,2022-10-02,domingo,16:20:00,PE,232,34,VITORIA DE SANTO ANTAO,Reação tardia ou ineficiente do condutor,Queda de ocupante de veículo,Com Vítimas Feridas,Pleno dia,Decrescente,Céu Claro,Simples,Reta,Sim,1,0,1,0,0,0,1,1,"-8,10702537","-35,18394691",SPRF-PE,DEL01-PE,UOP01-DEL01-PE
482686.0,2022-10-24,segunda-feira,10:00:00,PE,101,45,IGARASSU,Condutor deixou de manter distância do veículo da frente,Colisão traseira,Com Vítimas Feridas,Pleno dia,Crescente,Céu Claro,Dupla,Reta,Sim,2,0,0,1,1,0,1,2,"-7,86521297","-34,90715176",SPRF-PE,DEL01-PE,UOP02-DEL01-PE
482718.0,2022-10-24,segunda-feira,15:00:00,PE,,,RECIFE,Ausência de reação do condutor,Colisão com objeto,Sem Vítimas,Pleno dia,Não Informado,Céu Claro,Simples,Reta,Sim,1,0,0,0,1,0,0,1,"-8,08487243","-34,88636613",SPRF-PE,,
482745.0,2022-10-24,segunda-feira,18:10:00,PE,101,37,IGARASSU,Carga excessiva e/ou mal acondicionada,Queda de ocupante de veículo,Com Vítimas Feridas,Plena Noite,Crescente,Nublado,Dupla,Reta,Sim,1,0,1,0,0,0,1,1,"-7,79726705","-34,9274932",SPRF-PE,DEL01-PE,UOP02-DEL01-PE
482746.0,2022-10-24,segunda-feira,17:24:00,PE,101,62,RECIFE,Condutor deixou de manter distância do veículo da frente,Colisão traseira,Com Vítimas Feridas,Anoitecer,Decrescente,Céu Claro,Dupla,Reta,Sim,2,0,1,0,1,0,1,2,"-7,99905898","-34,93899295",SPRF-PE,DEL01-PE,UOP02-DEL01-PE
482760.0,2022-10-24,segunda-feira,19:00:00,PE,101,42,IGARASSU,Acessar a via sem observar a presença dos outros veículos,Colisão transversal,Com Vítimas Feridas,Plena Noite,Crescente,Céu Claro,Dupla,Interseção de Vias,Sim,2,0,1,0,1,0,1,2,"-7,83887431","-34,91196739",SPRF-PE,DEL01-PE,UOP02-DEL01-PE
482771.0,2022-10-24,segunda-feira,18:10:00,PE,104,"73,5",CARUARU,Acesso irregular,Colisão transversal,Com Vítimas Feridas,Plena Noite,Crescente,Céu Claro,Simples,Declive,Não,3,0,0,1,2,0,1,2,"-8,341347","-35,982346",SPRF-PE,DEL02-PE,UOP01-DEL02-PE
482829.0,2022-10-25,terça-feira,03:30:00,PE,424,"91,5",GARANHUNS,Animais na Pista,Atropelamento de Animal,Sem Vítimas,Plena Noite,Decrescente,Nevoeiro/Neblina,Simples,Reta,Sim,1,0,0,0,1,0,0,1,"-8,90409633","-36,49974647",SPRF-PE,DEL03-PE,UOP01-DEL03-PE
482942.0,2022-10-25,terça-feira,18:00:00,PE,101,"51,5",ABREU E LIMA,Pedestre cruzava a pista fora da faixa,Atropelamento de Pedestre,Com Vítimas Feridas,Plena Noite,Crescente,Céu Claro,Múltipla,Reta,Sim,2,0,1,0,1,0,1,2,"-7,9169968","-34,89689272",SPRF-PE,DEL01-PE,UOP02-DEL01-PE
482946.0,2022-10-25,terça-feira,09:40:00,PE,101,70,RECIFE,Manobra de mudança de faixa,Colisão lateral mesmo sentido,Com Vítimas Feridas,Pleno dia,Decrescente,Céu Claro,Dupla,Reta,Sim,3,0,2,0,0,1,2,2,"-8,06776119","-34,94265074",SPRF-PE,DEL01-PE,UOP01-DEL01-PE
482950.0,2022-10-25,terça-feira,18:52:00,PE,232,"14,7",JABOATAO DOS GUARARAPES,Entrada inopinada do pedestre,Atropelamento de Pedestre,Com Vítimas Fatais,Plena Noite,Crescente,Céu Claro,Dupla,Reta,Sim,3,1,0,0,2,0,0,3,"-8,09025488","-35,02052302",SPRF-PE,DEL01-PE,UOP01-DEL01-PE
482972.0,2022-10-25,terça-feira,04:00:00,PE,101,119,IPOJUCA,Iluminação deficiente,Colisão traseira,Com Vítimas Fatais,Amanhecer,Crescente,Céu Claro,Dupla,Reta,Não,2,1,0,0,0,1,0,2,"-8,352772","-35,16803",SPRF-PE,DEL01-PE,UOP03-DEL01-PE
483006.0,2022-10-26,quarta-feira,05:30:00,PE,101,70,RECIFE,Ausência de reação do condutor,Queda de ocupante de veículo,Com Vítimas Feridas,Pleno dia,Crescente,Céu Claro,Dupla,Reta,Sim,2,0,1,1,0,0,2,1,"-8,06776119","-34,94265074",SPRF-PE,DEL01-PE,UOP01-DEL01-PE
483010.0,2022-08-05,sexta-feira,11:40:00,PE,101,72,RECIFE,Pedestre andava na pista,Atropelamento de Pedestre,Com Vítimas Feridas,Pleno dia,Decrescente,Sol,Dupla,Reta,Sim,2,0,0,1,0,1,1,2,"-8,07663102","-34,94277871",SPRF-PE,DEL01-PE,UOP01-DEL01-PE
483048.0,2022-10-26,quarta-feira,12:11:00,PE,101,"46,2",IGARASSU,Manobra de mudança de faixa,Colisão lateral mesmo sentido,Com Vítimas Feridas,Pleno dia,Crescente,Céu Claro,Múltipla,Reta,Sim,3,0,2,0,1,0,2,2,"-7,87406004","-34,90588126",SPRF-PE,DEL01-PE,UOP02-DEL01-PE
483117.0,2022-10-26,quarta-feira,17:25:00,PE,101,53,PAULISTA,Reação tardia ou ineficiente do condutor,Queda de ocupante de veículo,Com Vítimas Feridas,Plena Noite,Crescente,Céu Claro,Múltipla,Reta;Em Obras                 ,Sim,1,0,0,1,0,0,1,1,"-7,93124094","-34,90068606",SPRF-PE,DEL01-PE,UOP02-DEL01-PE
483149.0,2022-10-26,quarta-feira,21:00:00,PE,232,"65,5",GRAVATA,Ausência de reação do condutor,Saída de leito carroçável,Sem Vítimas,Plena Noite,Crescente,Céu Claro,Simples,Curva,Não,1,0,0,0,1,0,0,1,"-8,16733474","-35,45365334",SPRF-PE,DEL02-PE,UOP02-DEL02PE
483220.0,2022-10-27,quinta-feira,13:00:00,PE,101,69,RECIFE,Velocidade Incompatível,Tombamento,Com Vítimas Feridas,Pleno dia,Crescente,Céu Claro,Múltipla,Reta,Sim,1,0,0,1,0,0,1,1,"-8,05951606","-34,94581024",SPRF-PE,DEL01-PE,UOP01-DEL01-PE
483238.0,2022-10-27,quinta-feira,13:10:00,PE,408,52,NAZARE DA MATA,Transitar no acostamento,Colisão transversal,Com Vítimas Feridas,Pleno dia,Crescente,Céu Claro,Simples,Reta,Sim,2,0,0,1,1,0,1,2,"-7,754098","-35,232892",SPRF-PE,DEL01-PE,UOP02-DEL01-PE
483260.0,2022-10-27,quinta-feira,13:30:00,PE,428,44,OROCO,Acesso irregular,Colisão lateral mesmo sentido,Com Vítimas Feridas,Pleno dia,Crescente,Céu Claro,Simples,Reta,Não,3,0,2,0,1,0,2,2,"-8,58333522","-39,58547861",SPRF-PE,DEL05-PE,UOP03-DEL05-PE
483264.0,2022-10-27,quinta-feira,16:00:00,PE,101,18,GOIANA,Demais falhas mecânicas ou elétricas,Tombamento,Com Vítimas Feridas,Pleno dia,Decrescente,Sol,Múltipla,Reta,Não,2,0,2,0,0,0,2,1,"-7,64778973","-34,95054569",SPRF-PE,DEL01-PE,UOP02-DEL01-PE
483333.0,2022-10-27,quinta-feira,17:10:00,PE,104,"72,8",CARUARU,Condutor deixou de manter distância do veículo da frente,Colisão traseira,Com Vítimas Feridas,Pleno dia,Decrescente,Céu Claro,Simples,Reta,Não,3,0,0,1,2,0,1,2,"-8,332917","-35,981609",SPRF-PE,DEL02-PE,UOP01-DEL02-PE
483346.0,2022-10-28,sexta-feira,07:00:00,PE,232,81,GRAVATA,Acessar a via sem observar a presença dos outros veículos,Colisão frontal,Com Vítimas Feridas,Pleno dia,Crescente,Céu Claro,Simples,Interseção de Vias,Sim,2,0,1,1,0,0,2,2,"-8,19697746","-35,57850408",SPRF-PE,DEL02-PE,UOP02-DEL02PE
483352.0,2022-10-28,sexta-feira,06:45:00,PE,101,87,JABOATAO DOS GUARARAPES,Ausência de reação do condutor,Tombamento,Com Vítimas Feridas,Pleno dia,Crescente,Céu Claro,Dupla,Reta,Não,1,0,1,0,0,0,1,1,"-8,191385","-34,97473",SPRF-PE,DEL01-PE,UOP01-DEL01-PE
483377.0,2022-10-28,sexta-feira,11:02:00,PE,232,510,SALGUEIRO,Ausência de reação do condutor,Colisão traseira,Com Vítimas Feridas,Pleno dia,Decrescente,Céu Claro,Simples,Reta,Sim,2,0,0,1,1,0,1,2,"-8,067472","-39,13817",SPRF-PE,DEL05-PE,UOP01-DEL05-PE
483402.0,2022-10-28,sexta-feira,13:05:00,PE,423,"109,9",PARANATAMA,Condutor deixou de manter distância do veículo da frente,Colisão lateral mesmo sentido,Sem Vítimas,Pleno dia,Crescente,Céu Claro,Simples,Reta,Não,7,0,0,0,2,5,0,2,"-8,888511","-36,599037",SPRF-PE,DEL03-PE,UOP01-DEL03-PE
483412.0,2022-10-28,sexta-feira,14:19:00,PE,104,61,CARUARU,Pedestre cruzava a pista fora da faixa,Atropelamento de Pedestre,Com Vítimas Feridas,Pleno dia,Decrescente,Céu Claro,Dupla,Reta,Sim,2,0,0,1,1,0,1,2,"-8,2529","-35,9751",SPRF-PE,DEL02-PE,UOP01-DEL02-PE
483432.0,2022-10-28,sexta-feira,16:35:00,PE,101,43,IGARASSU,Condutor deixou de manter distância do veículo da frente,Colisão traseira,Com Vítimas Feridas,Pleno dia,Decrescente,Céu Claro,Dupla,Reta,Sim,2,0,0,1,1,0,1,2,"-7,86019","-34,907859",SPRF-PE,DEL01-PE,UOP02-DEL01-PE
483527.0,2022-10-29,sábado,02:39:00,PE,232,410,SERRA TALHADA,Ingestão de álcool pelo condutor,Colisão transversal,Com Vítimas Feridas,Plena Noite,Crescente,Céu Claro,Múltipla,Viaduto,Sim,2,0,1,0,1,0,1,2,"-7,98261841","-38,30039606",SPRF-PE,DEL04-PE,UOP01-DEL04-PE
483572.0,2022-10-29,sábado,08:45:00,PE,101,48,ABREU E LIMA,Reação tardia ou ineficiente do condutor,Colisão traseira,Com Vítimas Feridas,Pleno dia,Decrescente,Sol,Múltipla,Reta,Sim,3,0,0,1,1,1,1,2,"-7,89174705","-34,9033493",SPRF-PE,DEL01-PE,UOP02-DEL01-PE
483586.0,2022-10-29,sábado,10:05:00,PE,101,"79,6",RECIFE,Acesso irregular,Tombamento,Com Vítimas Feridas,Pleno dia,Decrescente,Céu Claro,Dupla,Curva,Sim,1,0,1,0,0,0,1,1,"-8,147807","-34,944274",SPRF-PE,DEL01-PE,UOP01-DEL01-PE
483618.0,2022-10-29,sábado,12:10:00,PE,101,59,RECIFE,Demais falhas mecânicas ou elétricas,Tombamento,Com Vítimas Feridas,Pleno dia,Crescente,Céu Claro,Dupla,Reta,Sim,2,0,1,1,0,0,2,1,"-7,97708575","-34,92607318",SPRF-PE,DEL01-PE,UOP02-DEL01-PE
483714.0,2022-10-29,sábado,21:05:00,PE,101,"45,4",IGARASSU,Ausência de reação do condutor,Colisão traseira,Com Vítimas Feridas,Plena Noite,Decrescente,Chuva,Múltipla,Reta,Sim,4,0,1,0,3,0,1,2,"-7,86521297","-34,90715176",SPRF-PE,DEL01-PE,UOP02-DEL01-PE
483724.0,2022-10-29,sábado,21:39:00,PE,101,66,RECIFE,Animais na Pista,Atropelamento de Animal,Com Vítimas Feridas,Plena Noite,Decrescente,Céu Claro,Dupla,Reta,Sim,2,0,2,0,0,0,2,1,"-8,03368534","-34,94184125",SPRF-PE,DEL01-PE,UOP01-DEL01-PE
483738.0,2022-10-29,sábado,21:49:00,PE,101,"2,8",JABOATAO DOS GUARARAPES,Transitar na contramão,Colisão transversal,Com Vítimas Fatais,Plena Noite,Crescente,Céu Claro,Simples,Reta,Sim,2,1,0,0,1,0,0,2,"-8,11208","-35,0154",SPRF-PE,DEL01-PE,UOP01-DEL01-PE
483838.0,2022-10-30,domingo,10:15:00,PE,101,"49,8",ABREU E LIMA,Demais falhas na via,Queda de ocupante de veículo,Com Vítimas Feridas,Pleno dia,Crescente,Garoa/Chuvisco,Dupla,Reta,Sim,2,0,0,1,1,0,1,1,"-7,9005152","-34,90180641",SPRF-PE,DEL01-PE,UOP02-DEL01-PE
483847.0,2022-10-30,domingo,11:15:00,PE,104,66,CARUARU,Condutor deixou de manter distância do veículo da frente,Colisão traseira,Sem Vítimas,Pleno dia,Decrescente,Sol,Dupla,Interseção de Vias,Sim,3,0,0,0,3,0,0,2,"-8,2937","-35,9864",SPRF-PE,DEL02-PE,UOP01-DEL02-PE
483870.0,2022-10-30,domingo,12:26:00,PE,232,"7,7",RECIFE,Manobra de mudança de faixa,Queda de ocupante de veículo,Com Vítimas Feridas,Pleno dia,Decrescente,Céu Claro,Dupla,Reta,Sim,4,0,2,0,1,1,2,3,"-8,07333497","-34,96184301",SPRF-PE,DEL01-PE,UOP01-DEL01-PE
483879.0,2022-10-30,domingo,13:30:00,PE,408,"96,4",SAO LOURENCO DA MATA,Ausência de reação do condutor,Eventos atípicos,Com Vítimas Feridas,Pleno dia,Crescente,Céu Claro,Múltipla,Declive,Não,5,0,0,1,4,0,1,2,"-8,02062","-35,041045",SPRF-PE,DEL01-PE,UOP01-DEL01-PE
483896.0,2022-10-30,domingo,14:05:00,PE,101,"56,1",PAULISTA,Ingestão de álcool pelo condutor,Colisão lateral mesmo sentido,Com Vítimas Feridas,Pleno dia,Crescente,Céu Claro,Múltipla,Reta,Não,3,0,3,0,0,0,3,2,"-7,9554509","-34,91140727",SPRF-PE,DEL01-PE,UOP02-DEL01-PE
483948.0,2022-10-30,domingo,14:40:00,PE,424,16,PEDRA,Conversão proibida,Colisão transversal,Com Vítimas Feridas,Pleno dia,Decrescente,Céu Claro,Simples,Reta,Sim,6,0,2,1,3,0,3,4,"-8,49967931","-36,95655101",SPRF-PE,DEL04-PE,UOP02-DEL04-PE
483954.0,2022-10-30,domingo,17:00:00,PE,104,48,CARUARU,Ausência de reação do condutor,Colisão lateral mesmo sentido,Sem Vítimas,Anoitecer,Decrescente,Céu Claro,Dupla,Reta,Não,2,0,0,0,2,0,0,2,"-8,1437","-35,9869",SPRF-PE,DEL02-PE,UOP01-DEL02-PE
483967.0,2022-10-30,domingo,20:20:00,PE,232,"80,8",GRAVATA,Transitar na contramão,Colisão frontal,Com Vítimas Feridas,Plena Noite,Decrescente,Céu Claro,Simples,Declive;Interseção de Vias;Ret,Sim,2,0,1,0,1,0,1,2,"-8,197399","-35,578971",SPRF-PE,DEL02-PE,UOP02-DEL02PE
483992.0,2022-10-30,domingo,21:30:00,PE,232,405,SERRA TALHADA,Ingestão de álcool pelo condutor,Colisão traseira,Sem Vítimas,Plena Noite,Decrescente,Céu Claro,Simples,Reta,Não,2,0,0,0,2,0,0,2,"-7,98846994","-38,25633645",SPRF-PE,DEL04-PE,UOP01-DEL04-PE