id,data_inversa,dia_semana,horario,uf,br,km,municipio,causa_acidente,tipo_acidente,classificacao_acidente,fase_dia,sentido_via,condicao_metereologica,tipo_pista,tracado_via,uso_solo,pessoas,mortos,feridos_leves,feridos_graves,ilesos,ignorados,feridos,veiculos,latitude,longitude,regional,delegacia,uop
484011.0,2022-10-30,domingo,22:50:00,PE,423,"123,9",PARANATAMA,Ingestão de álcool pelo condutor,Colisão frontal,Com Vítimas Fatais,Plena Noite,Crescente,Céu Claro,Simples,Reta;Declive                  ,Não,6,1,0,0,5,0,0,2,"-8,92566499","-36,71841602",SPRF-PE,DEL03-PE,UOP01-DEL03-PE
484033.0,2022-10-31,segunda-feira,00:30:00,PE,423,"111,9",PARANATAMA,Ingestão de álcool e/ou substâncias psicoativas pelo pedestre,Atropelamento de Pedestre,Com Vítimas Fatais,Plena Noite,Crescente,Céu Claro,Simples,Reta;Declive                  ,Não,2,2,0,0,0,0,0,2,"-8,89303549","-36,61653287",SPRF-PE,DEL03-PE,UOP01-DEL03-PE
484038.0,2022-10-30,domingo,23:30:00,PE,428,152,PETROLINA,Condutor deixou de manter distância do veículo da frente,Colisão traseira,Com Vítimas Feridas,Plena Noite,Crescente,Céu Claro,Simples,Reta,Sim,5,0,2,0,3,0,2,2,"-9,0854229","-40,32046116",SPRF-PE,DEL06-PE,UOP01-DEL06-PE
484051.0,2022-10-31,segunda-feira,06:03:00,PE,101,58,PAULISTA,Retorno proibido,Colisão traseira,Com Vítimas Feridas,Pleno dia,Decrescente,Céu Claro,Dupla,Reta,Não,2,0,1,0,1,0,1,2,"-7,97063209","-34,92064675",SPRF-PE,DEL01-PE,UOP02-DEL01-PE
484107.0,2022-10-31,segunda-feira,10:30:00,PE,101,82,JABOATAO DOS GUARARAPES,Acessar a via sem observar a presença dos outros veículos,Colisão lateral mesmo sentido,Sem Vítimas,Pleno dia,Crescente,Céu Claro,Múltipla,Reta,Sim,2,0,0,0,1,1,0,2,"-8,168383","-34,9376",SPRF-PE,DEL01-PE,UOP01-DEL01-PE
484126.0,2022-10-31,segunda-feira,14:30:00,PE,408,59,TRACUNHAEM,Condutor deixou de manter distância do veículo da frente,Colisão traseira,Sem Vítimas,Pleno dia,Crescente,Céu Claro,Simples,Reta,Não,2,0,0,0,2,0,0,2,"-7,80575494","-35,24395484",SPRF-PE,DEL01-PE,UOP01-DEL01-PE
484131.0,2022-10-31,segunda-feira,14:40:00,PE,407,127,PETROLINA,Ultrapassagem Indevida,Colisão transversal,Com Vítimas Feridas,Pleno dia,Decrescente,Céu Claro,Simples,Reta,Sim,2,0,0,1,1,0,1,2,"-9,3908677969","-40,5203862729",SPRF-PE,DEL06-PE,UOP01-DEL06-PE
484157.0,2022-10-31,segunda-feira,16:30:00,PE,101,"163,1",AGUA PRETA,Ausência de reação do condutor,Queda de ocupante de veículo,Com Vítimas Feridas,Pleno dia,Crescente,Céu Claro,Dupla,Curva,Não,2,0,0,1,0,1,1,1,"-8,55039544","-35,44619699",SPRF-PE,DEL01-PE,UOP03-DEL01-PE
484165.0,2022-10-31,segunda-feira,18:30:00,PE,407,10,AFRANIO,Ingestão de álcool pelo condutor,Colisão traseira,Com Vítimas Feridas,Plena Noite,Decrescente,Nublado,Simples,Declive,Não,5,0,2,2,1,0,4,3,"-8,50935099","-41,00817507",SPRF-PE,DEL06-PE,UOP02-DEL06-PE
484188.0,2022-10-31,segunda-feira,18:00:00,PE,232,"192,5",SANHARO,Ultrapassagem Indevida,Colisão lateral sentido oposto,Com Vítimas Feridas,Plena Noite,Crescente,Nublado,Simples,Reta,Não,2,0,0,1,0,1,1,2,"-8,35793154","-36,53676104",SPRF-PE,DEL03-PE,UOP02-DEL03-PE
484293.0,2022-11-01,terça-feira,17:50:00,PE,423,"93,7",GARANHUNS,Manobra de mudança de faixa,Colisão lateral mesmo sentido,Com Vítimas Feridas,Anoitecer,Crescente,Nublado,Dupla,Reta,Sim,2,0,1,0,1,0,1,2,"-8,86972012","-36,46323792",SPRF-PE,DEL03-PE,UOP01-DEL03-PE
484314.0,2022-11-01,terça-feira,19:30:00,PE,428,"187,8",PETROLINA,Área urbana sem a presença de local apropriado para a travessia de pedestres,Atropelamento de Pedestre,Com Vítimas Feridas,Plena Noite,Crescente,Céu Claro,Dupla,Reta,Sim,2,0,0,1,1,0,1,2,"-9,35604301","-40,47854198",SPRF-PE,DEL06-PE,UOP01-DEL06-PE
484368.0,2022-11-02,quarta-feira,06:30:00,PE,101,"70,5",RECIFE,Reação tardia ou ineficiente do condutor,Colisão traseira,Com Vítimas Feridas,Pleno dia,Decrescente,Céu Claro,Dupla,Reta,Sim,2,0,1,0,1,0,1,2,"-8,072492","-34,942484",SPRF-PE,DEL01-PE,UOP01-DEL01-PE
484381.0,2022-11-02,quarta-feira,06:40:00,PE,316,318,FLORESTA,Condutor deixou de manter distância do veículo da frente,Colisão traseira,Com Vítimas Fatais,Pleno dia,Crescente,Céu Claro,Simples,Reta,Não,28,2,2,0,22,2,2,2,"-8,71034512","-38,50798509",SPRF-PE,DEL04-PE,UOP03-DEL04-PE
484385.0,2022-11-02,quarta-feira,10:17:00,PE,232,499,VERDEJANTE,Demais falhas mecânicas ou elétricas,Incêndio,Sem Vítimas,Pleno dia,Decrescente,Céu Claro,Simples,Curva,Não,1,0,0,0,1,0,0,1,"-8,02706394","-39,04897511",SPRF-PE,DEL05-PE,UOP01-DEL05-PE
484396.0,2022-11-02,quarta-feira,11:45:00,PE,101,"50,5",ABREU E LIMA,Desrespeitar a preferência no cruzamento,Colisão transversal,Sem Vítimas,Pleno dia,Decrescente,Céu Claro,Múltipla,Retorno Regulamentado,Sim,4,0,0,0,4,0,0,2,"-7,90938602","-34,90123228",SPRF-PE,DEL01-PE,UOP02-DEL01-PE
484404.0,2022-11-02,quarta-feira,14:00:00,PE,232,"4,3",RECIFE,Manobra de mudança de faixa,Colisão transversal,Com Vítimas Feridas,Pleno dia,Crescente,Céu Claro,Dupla,Reta,Sim,3,0,0,1,2,0,1,2,"-8,064473","-34,936928",SPRF-PE,DEL01-PE,UOP01-DEL01-PE
484405.0,2022-11-02,quarta-feira,14:29:00,PE,101,70,RECIFE,Frear bruscamente,Colisão traseira,Com Vítimas Feridas,Pleno dia,Decrescente,Céu Claro,Simples,Interseção de Vias;Curva;Viadu,Sim,2,0,1,0,0,1,1,2,"-8,06776119","-34,94265074",SPRF-PE,DEL01-PE,UOP01-DEL01-PE
484430.0,2022-11-02,quarta-feira,16:50:00,PE,101,50,ABREU E LIMA,Manobra de mudança de faixa,Colisão transversal,Com Vítimas Feridas,Pleno dia,Crescente,Céu Claro,Múltipla,Reta,Sim,3,0,2,0,1,0,2,2,"-7,90938602","-34,90123228",SPRF-PE,DEL01-PE,UOP02-DEL01-PE
484439.0,2022-11-02,quarta-feira,18:30:00,PE,424,"91,7",GARANHUNS,Ausência de reação do condutor,Queda de ocupante de veículo,Com Vítimas Feridas,Plena Noite,Crescente,Céu Claro,Simples,Curva,Sim,1,0,1,0,0,0,1,1,"-8,8996995","-36,50271893",SPRF-PE,DEL03-PE,UOP01-DEL03-PE
484493.0,2022-11-03,quinta-feira,04:50:00,PE,232,88,GRAVATA,Ingestão de álcool pelo condutor,Colisão com objeto,Sem Vítimas,Amanhecer,Crescente,Céu Claro,Dupla,Reta,Não,1,0,0,0,1,0,0,1,"-8,215178","-35,637814",SPRF-PE,DEL02-PE,UOP02-DEL02PE
484575.0,2022-11-03,quinta-feira,15:40:00,PE,116,25,SALGUEIRO,Desrespeitar a preferência no cruzamento,Colisão transversal,Com Vítimas Feridas,Pleno dia,Crescente,Céu Claro,Simples,Rotatória,Sim,3,0,1,0,2,0,1,2,"-8,061417","-39,135975",SPRF-PE,DEL05-PE,UOP01-DEL05-PE
484588.0,2022-11-03,quinta-feira,17:35:00,PE,424,79,GARANHUNS,Acesso irregular,Colisão frontal,Com Vítimas Feridas,Anoitecer,Decrescente,Chuva,Simples,Reta,Não,2,0,1,0,1,0,1,2,"-8,82538475","-36,55412583",SPRF-PE,DEL03-PE,UOP01-DEL03-PE
484619.0,2022-11-03,quinta-feira,17:59:00,PE,232,49,VITORIA DE SANTO ANTAO,Manobra de mudança de faixa,Colisão traseira,Com Vítimas Feridas,Plena Noite,Crescente,Céu Claro,Dupla,Aclive,Não,3,0,2,0,1,0,2,2,"-8,143676","-35,314419",SPRF-PE,DEL01-PE,UOP01-DEL01-PE
484638.0,2022-09-19,segunda-feira,13:00:00,PE,423,176,AGUAS BELAS,Reação tardia ou ineficiente do condutor,Colisão traseira,Com Vítimas Feridas,Pleno dia,Decrescente,Ignorado,Simples,Reta,Não,2,0,1,0,0,1,1,2,"-9,12985134","-37,10552899",SPRF-AL,DEL03-AL,UOP02-DEL03-AL
484640.0,2022-09-22,quinta-feira,21:50:00,PE,423,"94,3",GARANHUNS,Área urbana sem a presença de local apropriado para a travessia de pedestres,Atropelamento de Pedestre,Com Vítimas Feridas,Plena Noite,Decrescente,Céu Claro,Dupla,Reta,Sim,2,0,1,1,0,0,2,2,"-8,874732","-36,46946",SPRF-PE,DEL03-PE,UOP01-DEL03-PE
484664.0,2022-11-04,sexta-feira,04:20:00,PE,232,"81,5",GRAVATA,Animais na Pista,Atropelamento de Animal,Com Vítimas Feridas,Plena Noite,Decrescente,Nevoeiro/Neblina,Dupla,Reta,Sim,2,0,1,0,1,0,1,1,"-8,19921475","-35,58690548",SPRF-PE,DEL02-PE,UOP02-DEL02PE
484669.0,2022-11-04,sexta-feira,05:28:00,PE,232,8,RECIFE,Condutor deixou de manter distância do veículo da frente,Colisão traseira,Sem Vítimas,Pleno dia,Decrescente,Nublado,Múltipla,Reta,Sim,3,0,0,0,2,1,0,3,"-8,077162","-34,97447",SPRF-PE,DEL01-PE,UOP01-DEL01-PE
484693.0,2022-11-04,sexta-feira,07:45:00,PE,101,70,RECIFE,Entrada inopinada do pedestre,Atropelamento de Pedestre,Com Vítimas Feridas,Pleno dia,Decrescente,Nublado,Dupla,Reta,Sim,2,0,1,0,1,0,1,2,"-8,06776119","-34,94265074",SPRF-PE,DEL01-PE,UOP01-DEL01-PE
484730.0,2022-11-04,sexta-feira,11:20:00,PE,232,"57,7",POMBOS,Reação tardia ou ineficiente do condutor,Colisão traseira,Com Vítimas Feridas,Pleno dia,Crescente,Céu Claro,Dupla,Reta,Não,2,0,1,0,1,0,1,2,"-8,1412132","-35,38181492",SPRF-PE,DEL02-PE,UOP02-DEL02PE
484735.0,2022-10-18,terça-feira,17:00:00,PE,316,346,PETROLANDIA,Condutor Dormindo,Colisão com objeto,Com Vítimas Feridas,Anoitecer,Crescente,Ignorado,Simples,Reta,Não,1,0,1,0,0,0,1,1,"-8,83511706","-38,30529123",SPRF-PE,DEL04-PE,UOP03-DEL04-PE
484763.0,2022-11-04,sexta-feira,13:20:00,PE,232,"410,6",SERRA TALHADA,Acessar a via sem observar a presença dos outros veículos,Colisão transversal,Com Vítimas Feridas,Pleno dia,Decrescente,Nublado,Simples,Curva,Sim,2,0,1,0,1,0,1,2,"-7,98261841","-38,30039606",SPRF-PE,DEL04-PE,UOP01-DEL04-PE
484781.0,2022-11-04,sexta-feira,14:30:00,PE,408,83,PAUDALHO,Manobra de mudança de faixa,Colisão transversal,Com Vítimas Feridas,Pleno dia,Decrescente,Céu Claro,Simples,Reta,Sim,2,0,1,0,1,0,1,2,"-7,94549251","-35,11580722",SPRF-PE,DEL01-PE,UOP01-DEL01-PE
484869.0,2022-11-04,sexta-feira,21:50:00,PE,101,"41,2",IGARASSU,Acessar a via sem observar a presença dos outros veículos,Colisão transversal,Sem Vítimas,Plena Noite,Crescente,Vento,Múltipla,Reta,Sim,2,0,0,0,1,1,0,2,"-7,83038346","-34,91426785",SPRF-PE,DEL01-PE,UOP02-DEL01-PE
484894.0,2022-11-05,sábado,02:20:00,PE,232,131,CARUARU,Chuva,Colisão com objeto,Sem Vítimas,Plena Noite,Crescente,Chuva,Dupla,Reta,Sim,1,0,0,0,0,1,0,1,"-8,30117613","-35,99843996",SPRF-PE,DEL02-PE,UOP01-DEL02-PE
484920.0,2022-11-05,sábado,05:50:00,PE,407,71,PETROLINA,Animais na Pista,Atropelamento de Animal,Sem Vítimas,Amanhecer,Decrescente,Garoa/Chuvisco,Simples,Reta,Não,2,0,0,0,2,0,0,1,"-8,93876415","-40,73305834",SPRF-PE,DEL06-PE,UOP02-DEL06-PE
484923.0,2022-11-04,sexta-feira,16:20:00,PE,408,26,TIMBAUBA,Acessar a via sem observar a presença dos outros veículos,Atropelamento de Pedestre,Com Vítimas Feridas,Pleno dia,Crescente,Vento,Dupla,Reta,Não,2,0,0,1,1,0,1,2,"-7,52257159","-35,29948406",SPRF-PE,DEL01-PE,UOP02-DEL01-PE
484931.0,2022-11-05,sábado,07:40:00,PE,407,122,PETROLINA,Acessar a via sem observar a presença dos outros veículos,Colisão transversal,Sem Vítimas,Pleno dia,Decrescente,Céu Claro,Simples,Interseção de Vias,Sim,2,0,0,0,2,0,0,2,"-9,35368726","-40,55051642",SPRF-PE,DEL06-PE,UOP01-DEL06-PE
484962.0,2022-11-05,sábado,10:55:00,PE,101,"47,7",ABREU E LIMA,Condutor deixou de manter distância do veículo da frente,Colisão traseira,Com Vítimas Feridas,Pleno dia,Decrescente,Céu Claro,Múltipla,Reta,Sim,5,0,1,0,4,0,1,4,"-7,89174705","-34,9033493",SPRF-PE,DEL01-PE,UOP02-DEL01-PE
484968.0,2022-11-05,sábado,09:15:00,PE,423,73,JUPI,Desrespeitar a preferência no cruzamento,Colisão transversal,Com Vítimas Feridas,Pleno dia,Decrescente,Garoa/Chuvisco,Simples,Reta,Não,2,0,0,1,1,0,1,2,"-8,709851","-36,41926432",SPRF-PE,DEL03-PE,UOP01-DEL03-PE
485015.0,2022-11-05,sábado,16:10:00,PE,101,"40,5",IGARASSU,Acessar a via sem observar a presença dos outros veículos,Atropelamento de Pedestre,Com Vítimas Feridas,Pleno dia,Crescente,Céu Claro,Dupla,Reta,Sim,3,0,0,1,1,1,1,2,"-7,821475","-34,916545",SPRF-PE,DEL01-PE,UOP02-DEL01-PE
485205.0,2022-11-06,domingo,16:30:00,PE,232,83,GRAVATA,Reação tardia ou ineficiente do condutor,Capotamento,Com Vítimas Feridas,Pleno dia,Crescente,Chuva,Dupla,Declive,Não,2,0,1,1,0,0,2,1,"-8,2024868","-35,59542005",SPRF-PE,DEL02-PE,UOP02-DEL02PE
485229.0,2022-11-06,domingo,18:40:00,PE,232,410,SERRA TALHADA,Reação tardia ou ineficiente do condutor,Tombamento,Com Vítimas Feridas,Plena Noite,Crescente,Chuva,Simples,Reta,Não,1,0,1,0,0,0,1,1,"-7,98261841","-38,30039606",SPRF-PE,DEL04-PE,UOP01-DEL04-PE
485236.0,2022-11-06,domingo,19:45:00,PE,232,"128,8",CARUARU,Ingestão de álcool pelo condutor,Colisão com objeto,Sem Vítimas,Plena Noite,Crescente,Chuva,Dupla,Reta,Sim,1,0,0,0,1,0,0,1,"-8,30399306","-35,97216301",SPRF-PE,DEL02-PE,UOP01-DEL02-PE
485347.0,2022-11-07,segunda-feira,08:50:00,PE,104,"60,5",CARUARU,Condutor deixou de manter distância do veículo da frente,Queda de ocupante de veículo,Com Vítimas Feridas,Pleno dia,Crescente,Céu Claro,Múltipla,Reta,Sim,1,0,1,0,0,0,1,1,"-8,2438","-35,9752",SPRF-PE,DEL02-PE,UOP01-DEL02-PE
485407.0,2022-11-07,segunda-feira,17:40:00,PE,424,87,GARANHUNS,Manobra de mudança de faixa,Colisão transversal,Com Vítimas Feridas,Anoitecer,Crescente,Nevoeiro/Neblina,Simples,Reta,Sim,2,0,1,0,1,0,1,2,"-8,874289","-36,507607",SPRF-PE,DEL03-PE,UOP01-DEL03-PE
485430.0,2022-11-07,segunda-feira,18:56:00,PE,101,1,JABOATAO DOS GUARARAPES,Transitar no acostamento,Atropelamento de Pedestre,Com Vítimas Feridas,Plena Noite,Decrescente,Céu Claro,Simples,Reta,Sim,2,0,2,0,0,0,2,2,"-8,179725","-34,946965",SPRF-PE,DEL01-PE,UOP02-DEL01-PE
485449.0,2022-11-07,segunda-feira,22:20:00,PE,232,127,CARUARU,Velocidade Incompatível,Tombamento,Com Vítimas Feridas,Plena Noite,Crescente,Céu Claro,Simples,Interseção de Vias,Sim,4,0,3,1,0,0,4,1,"-8,30610303","-35,96342301",SPRF-PE,DEL02-PE,UOP01-DEL02-PE
485534.0,2022-11-08,terça-feira,15:00:00,PE,232,507,SALGUEIRO,Ausência de reação do condutor,Tombamento,Com Vítimas Feridas,Pleno dia,Crescente,Céu Claro,Simples,Reta,Sim,2,0,1,0,0,1,1,1,"-8,06038759","-39,11191706",SPRF-PE,DEL05-PE,UOP01-DEL05-PE
485573.0,2022-11-08,terça-feira,18:00:00,PE,232,133,CARUARU,Ingestão de álcool pelo condutor,Colisão traseira,Com Vítimas Feridas,Plena Noite,Decrescente,Nublado,Dupla,Reta,Sim,3,0,2,0,0,1,2,3,"-8,30607988","-36,01576003",SPRF-PE,DEL02-PE,UOP01-DEL02-PE
485684.0,2022-11-09,quarta-feira,08:50:00,PE,232,"77,2",GRAVATA,Transitar na contramão,Colisão frontal,Com Vítimas Feridas,Pleno dia,Decrescente,Céu Claro,Simples,Reta,Sim,2,0,0,1,1,0,1,2,"-8,19343863","-35,54300692",SPRF-PE,DEL02-PE,UOP02-DEL02PE
485700.0,2022-11-09,quarta-feira,09:30:00,PE,104,"39,3",CARUARU,Demais falhas mecânicas ou elétricas,Incêndio,Sem Vítimas,Pleno dia,Crescente,Céu Claro,Dupla,Reta,Sim,2,0,0,0,2,0,0,1,"-8,08629581","-36,03796721",SPRF-PE,DEL02-PE,UOP01-DEL02-PE
485820.0,2022-11-09,quarta-feira,23:41:00,PE,232,"87,7",GRAVATA,Ausência de reação do condutor,Saída de leito carroçável,Sem Vítimas,Plena Noite,Crescente,Céu Claro,Dupla,Reta,Não,1,0,0,0,0,1,0,1,"-8,21379064","-35,62898606",SPRF-PE,DEL02-PE,UOP02-DEL02PE
485839.0,2022-11-10,quinta-feira,05:00:00,PE,104,"16,9",TAQUARITINGA DO NORTE,Ausência de reação do condutor,Atropelamento de Pedestre,Com Vítimas Fatais,Pleno dia,Crescente,Céu Claro,Simples,Reta,Não,2,1,0,0,0,1,0,2,"-7,923709","-36,116184",SPRF-PE,DEL02-PE,UOP01-DEL02-PE
485857.0,2022-11-10,quinta-feira,08:50:00,PE,101,"68,5",RECIFE,Manobra de mudança de faixa,Colisão lateral mesmo sentido,Com Vítimas Feridas,Pleno dia,Decrescente,Céu Claro,Dupla,Reta,Sim,2,0,1,0,1,0,1,2,"-8,05074296","-34,94580619",SPRF-PE,DEL01-PE,UOP01-DEL01-PE
485870.0,2022-11-10,quinta-feira,09:11:00,PE,232,317,CUSTODIA,Acesso irregular,Saída de leito carroçável,Sem Vítimas,Pleno dia,Decrescente,Céu Claro,Simples,Curva,Não,2,0,0,0,2,0,0,2,"-8,13067634","-37,51659905",SPRF-PE,DEL04-PE,UOP02-DEL04-PE
485871.0,2022-11-10,quinta-feira,10:20:00,PE,232,"35,8",MORENO,Avarias e/ou desgaste excessivo no pneu,Tombamento,Sem Vítimas,Pleno dia,Decrescente,Céu Claro,Dupla,Reta,Sim,1,0,0,0,1,0,0,1,"-8,10907341","-35,19256991",SPRF-PE,DEL01-PE,UOP01-DEL01-PE
485890.0,2022-11-10,quinta-feira,13:10:00,PE,101,95,CABO DE SANTO AGOSTINHO,Velocidade Incompatível,Capotamento,Sem Vítimas,Pleno dia,Decrescente,Céu Claro,Dupla,Curva,Não,1,0,0,0,0,1,0,1,"-8,24829064","-35,00697936",SPRF-PE,DEL01-PE,UOP03-DEL01-PE
485897.0,2022-11-10,quinta-feira,14:20:00,PE,101,"72,5",RECIFE,Manobra de mudança de faixa,Colisão traseira,Com Vítimas Feridas,Pleno dia,Decrescente,Céu Claro,Dupla,Curva,Sim,3,0,1,1,1,0,2,2,"-8,089814","-34,946729",SPRF-PE,DEL01-PE,UOP01-DEL01-PE
485909.0,2022-11-10,quinta-feira,12:00:00,PE,101,"81,8",JABOATAO DOS GUARARAPES,Entrada inopinada do pedestre,Atropelamento de Pedestre,Com Vítimas Feridas,Pleno dia,Crescente,Sol,Dupla,Interseção de Vias,Não,2,0,0,2,0,0,2,2,"-8,1597489","-34,94024569",SPRF-PE,DEL01-PE,UOP01-DEL01-PE
485933.0,2022-11-07,segunda-feira,13:30:00,PE,408,"87,5",SAO LOURENCO DA MATA,Condutor Dormindo,Saída de leito carroçável,Com Vítimas Feridas,Pleno dia,Crescente,Céu Claro,Dupla,Aclive;Reta                   ,Não,3,0,3,0,0,0,3,1,"-7,970906","-35,089216",SPRF-PE,DEL01-PE,UOP01-DEL01-PE
485973.0,2022-11-10,quinta-feira,21:25:00,PE,428,187,PETROLINA,Objeto estático sobre o leito carroçável,Saída de leito carroçável,Com Vítimas Feridas,Plena Noite,Decrescente,Céu Claro,Dupla,Reta,Sim,1,0,1,0,0,0,1,1,"-9,35604301","-40,47854198",SPRF-PE,DEL06-PE,UOP01-DEL06-PE
486039.0,2022-11-11,sexta-feira,08:25:00,PE,101,"71,2",RECIFE,Pedestre cruzava a pista fora da faixa,Atropelamento de Pedestre,Com Vítimas Feridas,Pleno dia,Decrescente,Nublado,Dupla,Reta,Sim,2,0,1,0,0,1,1,2,"-8,080808","-34,943094",SPRF-PE,DEL01-PE,UOP01-DEL01-PE
486085.0,2022-11-11,sexta-feira,14:13:00,PE,101,"69,2",RECIFE,Manobra de mudança de faixa,Colisão lateral mesmo sentido,Com Vítimas Feridas,Pleno dia,Crescente,Céu Claro,Dupla,Reta,Sim,3,0,2,0,1,0,2,2,"-8,05951606","-34,94581024",SPRF-PE,DEL01-PE,UOP01-DEL01-PE
486094.0,2022-11-11,sexta-feira,14:05:00,PE,408,"67,7",PAUDALHO,Acessar a via sem observar a presença dos outros veículos,Colisão traseira,Com Vítimas Feridas,Pleno dia,Decrescente,Céu Claro,Dupla,Reta,Sim,5,0,1,0,4,0,1,2,"-7,861746","-35,208745",SPRF-PE,DEL01-PE,UOP01-DEL01-PE
486207.0,2022-11-11,sexta-feira,21:40:00,PE,408,"67,5",PAUDALHO,Condutor Dormindo,Saída de leito carroçável,Com Vítimas Feridas,Plena Noite,Decrescente,Céu Claro,Dupla,Reta,Não,2,0,1,0,1,0,1,1,"-7,8584244","-35,21553619",SPRF-PE,DEL01-PE,UOP01-DEL01-PE
486210.0,2022-11-11,sexta-feira,22:20:00,PE,232,"115,1",CARUARU,Reação tardia ou ineficiente do condutor,Colisão traseira,Com Vítimas Fatais,Plena Noite,Crescente,Garoa/Chuvisco,Dupla,Reta,Não,3,1,0,1,0,1,1,2,"-8,29851022","-35,85780302",SPRF-PE,DEL02-PE,UOP01-DEL02-PE
486218.0,2022-11-12,sábado,01:25:00,PE,101,"33,7",IGARASSU,Reação tardia ou ineficiente do condutor,Colisão traseira,Com Vítimas Feridas,Plena Noite,Decrescente,Nublado,Dupla,Reta,Não,2,0,0,1,0,1,1,2,"-7,761909","-34,935654",SPRF-PE,DEL01-PE,UOP02-DEL01-PE
486258.0,2022-11-12,sábado,08:20:00,PE,101,"71,8",RECIFE,Acumulo de óleo sobre o pavimento,Queda de ocupante de veículo,Com Vítimas Feridas,Pleno dia,Crescente,Céu Claro,Dupla,Reta,Sim,1,0,0,1,0,0,1,1,"-8,07663102","-34,94277871",SPRF-PE,DEL01-PE,UOP01-DEL01-PE
486300.0,2022-07-27,quarta-feira,09:20:00,PE,101,68,RECIFE,Pista Escorregadia,Queda de ocupante de veículo,Com Vítimas Feridas,Pleno dia,Crescente,Ignorado,Dupla,Rotatória,Sim,1,0,0,1,0,0,1,1,"-8,05232821","-34,94668503",SPRF-PE,DEL01-PE,UOP01-DEL01-PE
486319.0,2022-11-12,sábado,14:30:00,PE,101,48,ABREU E LIMA,Trafegar com motocicleta (ou similar) entre as faixas,Colisão traseira,Com Vítimas Feridas,Pleno dia,Crescente,Céu Claro,Múltipla,Aclive;Reta                   ,Sim,2,0,0,1,1,0,1,2,"-7,89174705","-34,9033493",SPRF-PE,DEL01-PE,UOP02-DEL01-PE
486369.0,2022-11-12,sábado,19:00:00,PE,101,67,RECIFE,Pista Escorregadia,Colisão transversal,Com Vítimas Feridas,Plena Noite,Decrescente,Nublado,Dupla,Interseção de Vias,Sim,2,0,1,0,1,0,1,2,"-8,042334","-34,943096",SPRF-PE,DEL01-PE,UOP01-DEL01-PE
486435.0,2022-11-12,sábado,21:45:00,PE,101,"127,5",ESCADA,Área urbana sem a presença de local apropriado para a travessia de pedestres,Atropelamento de Pedestre,Com Vítimas Fatais,Plena Noite,Decrescente,Céu Claro,Dupla,Reta,Não,2,1,0,0,0,1,0,2,"-8,377459","-35,240649",SPRF-PE,DEL01-PE,UOP03-DEL01-PE
486496.0,2022-11-13,domingo,02:10:00,PE,424,122,CORRENTES,Ingestão de álcool pelo condutor,Colisão frontal,Sem Vítimas,Plena Noite,Decrescente,Garoa/Chuvisco,Simples,Curva,Não,4,0,0,0,2,2,0,2,"-9,05600136","-36,38991426",SPRF-PE,DEL03-PE,UOP01-DEL03-PE
486575.0,2022-11-13,domingo,14:00:00,PE,101,159,RIBEIRAO,Condutor Dormindo,Saída de leito carroçável,Com Vítimas Feridas,Pleno dia,Decrescente,Nublado,Múltipla,Reta,Não,2,0,2,0,0,0,2,1,"-8,55252537","-35,41389482",SPRF-PE,DEL01-PE,UOP03-DEL01-PE
486625.0,2022-11-13,domingo,17:45:00,PE,101,"78,2",RECIFE,Animais na Pista,Atropelamento de Animal,Com Vítimas Feridas,Anoitecer,Crescente,Céu Claro,Dupla,Reta,Sim,1,0,1,0,0,0,1,1,"-8,137531","-34,947452",SPRF-PE,DEL01-PE,UOP01-DEL01-PE
486635.0,2022-11-13,domingo,18:55:00,PE,423,56,LAJEDO,Transitar na contramão,Colisão frontal,Sem Vítimas,Pleno dia,Decrescente,Nublado,Simples,Reta,Não,2,0,0,0,1,1,0,2,"-8,62399689","-36,3013734",SPRF-PE,DEL03-PE,UOP01-DEL03-PE
486679.0,2022-11-13,domingo,21:00:00,PE,408,"85,3",PAUDALHO,Reação tardia ou ineficiente do condutor,Colisão com objeto,Com Vítimas Feridas,Plena Noite,Decrescente,Céu Claro,Múltipla,Curva;Aclive                  ,Não,2,0,1,0,0,1,1,1,"-7,955779","-35,100467",SPRF-PE,DEL01-PE,UOP01-DEL01-PE
486691.0,2022-11-13,domingo,18:10:00,PE,232,507,SALGUEIRO,Área urbana sem a presença de local apropriado para a travessia de pedestres,Atropelamento de Pedestre,Com Vítimas Feridas,Plena Noite,Decrescente,Céu Claro,Simples,Reta,Sim,2,0,1,0,0,1,1,2,"-8,06038759","-39,11191706",SPRF-PE,DEL05-PE,UOP01-DEL05-PE
486722.0,2022-11-14,segunda-feira,05:10:00,PE,101,"83,7",JABOATAO DOS GUARARAPES,Velocidade Incompatível,Saída de leito carroçável,Sem Vítimas,Amanhecer,Crescente,Céu Claro,Dupla,Curva,Sim,4,0,0,0,0,4,0,2,"-8,17772","-34,946472",SPRF-PE,DEL01-PE,UOP01-DEL01-PE
486764.0,2022-11-14,segunda-feira,08:50:00,PE,232,"4,9",RECIFE,Trafegar com motocicleta (ou similar) entre as faixas,Tombamento,Com Vítimas Feridas,Pleno dia,Crescente,Céu Claro,Simples,Curva,Sim,1,0,1,0,0,0,1,1,"-8,066871","-34,946244",SPRF-PE,DEL01-PE,UOP01-DEL01-PE