id,data_inversa,dia_semana,horario,uf,br,km,municipio,causa_acidente,tipo_acidente,classificacao_acidente,fase_dia,sentido_via,condicao_metereologica,tipo_pista,tracado_via,uso_solo,pessoas,mortos,feridos_leves,feridos_graves,ilesos,ignorados,feridos,veiculos,latitude,longitude,regional,delegacia,uop
486848.0,2022-11-14,segunda-feira,18:44:00,PE,101,"70,3",RECIFE,Pedestre cruzava a pista fora da faixa,Atropelamento de Pedestre,Com Vítimas Feridas,Plena Noite,Decrescente,Céu Claro,Dupla,Reta,Sim,2,0,0,1,1,0,1,2,"-8,070706","-34,942417",SPRF-PE,DEL01-PE,UOP01-DEL01-PE
486859.0,2022-11-14,segunda-feira,19:00:00,PE,101,"71,5",RECIFE,Reação tardia ou ineficiente do condutor,Colisão lateral mesmo sentido,Com Vítimas Feridas,Plena Noite,Decrescente,Céu Claro,Dupla,Reta,Sim,3,0,1,0,2,0,1,2,"-8,0813","-34,943158",SPRF-PE,DEL01-PE,UOP01-DEL01-PE
486879.0,2022-11-14,segunda-feira,20:10:00,PE,232,40,VITORIA DE SANTO ANTAO,Demais falhas mecânicas ou elétricas,Incêndio,Sem Vítimas,Plena Noite,Decrescente,Céu Claro,Dupla,Curva,Não,1,0,0,0,1,0,0,1,"-8,11394893","-35,243303",SPRF-PE,DEL01-PE,UOP01-DEL01-PE
486887.0,2022-11-14,segunda-feira,21:50:00,PE,232,"12,5",JABOATAO DOS GUARARAPES,Reação tardia ou ineficiente do condutor,Tombamento,Com Vítimas Feridas,Plena Noite,Decrescente,Céu Claro,Dupla,Reta,Sim,1,0,1,0,0,0,1,1,"-8,08577691","-35,00345603",SPRF-PE,DEL01-PE,UOP01-DEL01-PE
486911.0,2022-11-15,terça-feira,00:00:00,PE,232,"8,4",RECIFE,Pista em desnível,Queda de ocupante de veículo,Com Vítimas Feridas,Plena Noite,Decrescente,Céu Claro,Dupla,Desvio Temporário;Em Obras    ,Sim,2,0,1,1,0,0,2,1,"-8,07583727","-34,97015791",SPRF-PE,DEL01-PE,UOP01-DEL01-PE
486947.0,2022-11-15,terça-feira,06:45:00,PE,101,"68,7",RECIFE,Reação tardia ou ineficiente do condutor,Saída de leito carroçável,Com Vítimas Feridas,Pleno dia,Crescente,Céu Claro,Múltipla,Reta,Sim,1,0,1,0,0,0,1,1,"-8,05074296","-34,94580619",SPRF-PE,DEL01-PE,UOP01-DEL01-PE
486953.0,2022-11-12,sábado,01:00:00,PE,232,218,PESQUEIRA,Condutor Dormindo,Colisão frontal,Com Vítimas Feridas,Plena Noite,Crescente,Céu Claro,Simples,Reta,Não,2,0,0,1,1,0,1,2,"-8,39474985","-36,76491205",SPRF-PE,DEL03-PE,UOP02-DEL03-PE
487019.0,2022-11-15,terça-feira,14:40:00,PE,232,"127,9",CARUARU,Demais falhas mecânicas ou elétricas,Incêndio,Sem Vítimas,Pleno dia,Crescente,Céu Claro,Múltipla,Reta;Aclive                   ,Sim,1,0,0,0,1,0,0,1,"-8,30610303","-35,96342301",SPRF-PE,DEL02-PE,UOP01-DEL02-PE
487023.0,2022-11-15,terça-feira,14:25:00,PE,101,"102,2",CABO DE SANTO AGOSTINHO,Reação tardia ou ineficiente do condutor,Saída de leito carroçável,Com Vítimas Feridas,Pleno dia,Decrescente,Sol,Dupla,Reta,Não,1,0,1,0,0,0,1,1,"-8,28368856","-35,05795866",SPRF-PE,DEL01-PE,UOP03-DEL01-PE
487059.0,2022-11-15,terça-feira,17:50:00,PE,232,"62,8",POMBOS,Acostamento em desnível,Saída de leito carroçável,Com Vítimas Feridas,Anoitecer,Crescente,Céu Claro,Dupla,Reta;Aclive                   ,Não,2,0,2,0,0,0,2,1,"-8,158807","-35,432224",SPRF-PE,DEL02-PE,UOP02-DEL02PE
487088.0,2022-11-15,terça-feira,19:10:00,PE,232,"51,5",VITORIA DE SANTO ANTAO,Mal súbito do condutor,Saída de leito carroçável,Com Vítimas Fatais,Plena Noite,Crescente,Ignorado,Dupla,Reta,Não,1,1,0,0,0,0,0,1,"-8,138318","-35,33201",SPRF-PE,DEL01-PE,UOP01-DEL01-PE
487102.0,2022-11-15,terça-feira,21:34:00,PE,232,5,RECIFE,Manobra de mudança de faixa,Colisão com objeto,Com Vítimas Feridas,Plena Noite,Decrescente,Céu Claro,Dupla,Desvio Temporário,Sim,1,0,1,0,0,0,1,1,"-8,06795766","-34,94535414",SPRF-PE,DEL01-PE,UOP01-DEL01-PE
487193.0,2022-11-16,quarta-feira,09:00:00,PE,101,"58,3",RECIFE,Frear bruscamente,Engavetamento,Com Vítimas Feridas,Pleno dia,Crescente,Sol,Múltipla,Declive,Não,5,0,1,0,4,0,1,5,"-7,97063209","-34,92064675",SPRF-PE,DEL01-PE,UOP02-DEL01-PE
487242.0,2022-10-14,sexta-feira,09:10:00,PE,101,73,RECIFE,Conversão proibida,Colisão traseira,Com Vítimas Feridas,Pleno dia,Decrescente,Sol,Dupla,Curva,Não,3,0,1,0,2,0,1,2,"-8,093369","-34,947464",SPRF-PE,DEL01-PE,UOP01-DEL01-PE
487247.0,2022-11-16,quarta-feira,15:00:00,PE,232,"209,7",PESQUEIRA,Ausência de reação do condutor,Colisão traseira,Sem Vítimas,Pleno dia,Decrescente,Céu Claro,Dupla,Reta,Sim,1,0,0,0,1,0,0,1,"-8,36666789","-36,68869898",SPRF-PE,DEL03-PE,UOP02-DEL03-PE
487306.0,2022-11-16,quarta-feira,20:00:00,PE,101,43,IGARASSU,Condutor deixou de manter distância do veículo da frente,Colisão traseira,Com Vítimas Feridas,Plena Noite,Decrescente,Vento,Múltipla,Declive,Sim,2,0,1,0,1,0,1,2,"-7,84753808","-34,90977038",SPRF-PE,DEL01-PE,UOP02-DEL01-PE
487311.0,2022-10-08,sábado,10:06:00,PE,101,75,RECIFE,Acessar a via sem observar a presença dos outros veículos,Colisão lateral mesmo sentido,Com Vítimas Feridas,Pleno dia,Decrescente,Céu Claro,Múltipla,Reta,Sim,2,0,1,0,1,0,1,2,"-8,10973523","-34,94660151",SPRF-PE,DEL01-PE,UOP01-DEL01-PE
487346.0,2022-11-17,quinta-feira,05:40:00,PE,232,"182,1",BELO JARDIM,Velocidade Incompatível,Colisão lateral sentido oposto,Com Vítimas Feridas,Pleno dia,Crescente,Céu Claro,Simples,Reta,Não,2,0,2,0,0,0,2,2,"-8,34804728","-36,44664994",SPRF-PE,DEL03-PE,UOP02-DEL03-PE
487354.0,2022-11-17,quinta-feira,07:30:00,PE,232,"128,8",CARUARU,Reação tardia ou ineficiente do condutor,Queda de ocupante de veículo,Sem Vítimas,Pleno dia,Decrescente,Chuva,Dupla,Reta,Sim,1,0,0,0,1,0,0,1,"-8,30399306","-35,97216301",SPRF-PE,DEL02-PE,UOP01-DEL02-PE
487408.0,2022-11-17,quinta-feira,13:10:00,PE,232,83,GRAVATA,Acessar a via sem observar a presença dos outros veículos,Colisão lateral mesmo sentido,Com Vítimas Feridas,Pleno dia,Decrescente,Céu Claro,Dupla,Reta,Não,3,0,2,1,0,0,3,2,"-8,2024868","-35,59542005",SPRF-PE,DEL02-PE,UOP02-DEL02PE
487409.0,2022-11-17,quinta-feira,14:20:00,PE,232,"4,2",RECIFE,Pedestre andava na pista,Atropelamento de Pedestre,Com Vítimas Feridas,Pleno dia,Decrescente,Céu Claro,Dupla,Reta,Sim,2,0,1,1,0,0,2,2,"-8,06556","-34,938587",SPRF-PE,DEL01-PE,UOP01-DEL01-PE
487456.0,2022-11-17,quinta-feira,18:50:00,PE,232,"6,6",RECIFE,Obras na pista,Queda de ocupante de veículo,Com Vítimas Feridas,Plena Noite,Crescente,Céu Claro,Dupla,Em Obras,Sim,1,0,0,1,0,0,1,1,"-8,07079525","-34,9535389",SPRF-PE,DEL01-PE,UOP01-DEL01-PE
487466.0,2022-11-17,quinta-feira,19:20:00,PE,423,"50,9",LAJEDO,Transitar na contramão,Colisão frontal,Com Vítimas Fatais,Plena Noite,Decrescente,Céu Claro,Simples,Curva,Não,7,1,0,1,0,5,1,2,"-8,607734","-36,29399698",SPRF-PE,DEL03-PE,UOP01-DEL03-PE
487498.0,2022-11-17,quinta-feira,20:30:00,PE,428,72,SANTA MARIA DA BOA VISTA,Transitar na contramão,Colisão frontal,Com Vítimas Fatais,Plena Noite,Decrescente,Céu Claro,Simples,Reta,Não,2,1,0,1,0,0,1,2,"-8,71137308","-39,7709756",SPRF-PE,DEL06-PE,UOP03-DEL06-PE
487623.0,2022-11-18,sexta-feira,13:50:00,PE,407,"126,9",PETROLINA,Condutor deixou de manter distância do veículo da frente,Colisão traseira,Sem Vítimas,Pleno dia,Crescente,Céu Claro,Simples,Reta,Sim,3,0,0,0,3,0,0,2,"-9,38491309","-40,52809509",SPRF-PE,DEL06-PE,UOP01-DEL06-PE
487645.0,2022-11-18,sexta-feira,14:30:00,PE,232,224,PESQUEIRA,Condutor Dormindo,Saída de leito carroçável,Com Vítimas Feridas,Pleno dia,Crescente,Céu Claro,Simples,Reta,Não,1,0,1,0,0,0,1,1,"-8,40514489","-36,81936399",SPRF-PE,DEL03-PE,UOP02-DEL03-PE
487752.0,2022-11-19,sábado,00:30:00,PE,232,"355,3",FLORES,Pedestre andava na pista,Atropelamento de Pedestre,Com Vítimas Fatais,Plena Noite,Crescente,Céu Claro,Simples,Reta,Sim,2,1,0,0,0,1,0,2,"-8,04767177","-37,84172058",SPRF-PE,DEL04-PE,UOP01-DEL04-PE
487787.0,2022-11-19,sábado,07:06:00,PE,232,"6,8",RECIFE,Ausência de reação do condutor,Colisão traseira,Sem Vítimas,Pleno dia,Crescente,Céu Claro,Simples,Reta,Sim,4,0,0,0,4,0,0,2,"-8,07079525","-34,9535389",SPRF-PE,DEL01-PE,UOP01-DEL01-PE
487811.0,2022-11-19,sábado,09:40:00,PE,104,64,CARUARU,Acessar a via sem observar a presença dos outros veículos,Colisão lateral mesmo sentido,Com Vítimas Feridas,Pleno dia,Decrescente,Céu Claro,Dupla,Reta,Não,2,0,1,0,1,0,1,2,"-8,2783","-35,9815",SPRF-PE,DEL02-PE,UOP01-DEL02-PE
487829.0,2022-11-19,sábado,11:40:00,PE,101,73,RECIFE,Desrespeitar a preferência no cruzamento,Colisão lateral mesmo sentido,Com Vítimas Feridas,Pleno dia,Decrescente,Céu Claro,Dupla,Retorno Regulamentado,Sim,3,0,0,1,2,0,1,2,"-8,099109","-34,949989",SPRF-PE,DEL01-PE,UOP01-DEL01-PE
487873.0,2022-11-19,sábado,17:09:00,PE,101,"82,7",JABOATAO DOS GUARARAPES,Ausência de reação do condutor,Colisão traseira,Com Vítimas Fatais,Anoitecer,Crescente,Nublado,Simples,Viaduto,Sim,2,1,0,0,0,1,0,2,"-8,168383","-34,9376",SPRF-PE,DEL01-PE,UOP01-DEL01-PE
487893.0,2022-11-19,sábado,18:37:00,PE,101,"75,4",RECIFE,Condutor deixou de manter distância do veículo da frente,Colisão traseira,Com Vítimas Feridas,Plena Noite,Crescente,Céu Claro,Dupla,Reta,Sim,2,0,1,0,1,0,1,2,"-8,10973523","-34,94660151",SPRF-PE,DEL01-PE,UOP01-DEL01-PE
487900.0,2022-11-19,sábado,20:00:00,PE,423,56,LAJEDO,Animais na Pista,Atropelamento de Animal,Com Vítimas Feridas,Plena Noite,Decrescente,Céu Claro,Simples,Reta,Não,2,0,1,0,1,0,1,1,"-8,62399689","-36,3013734",SPRF-PE,DEL03-PE,UOP01-DEL03-PE
487902.0,2022-11-19,sábado,20:10:00,PE,408,"101,7",RECIFE,Ausência de reação do condutor,Saída de leito carroçável,Com Vítimas Feridas,Plena Noite,Decrescente,Céu Claro,Dupla,Reta,Não,1,0,1,0,0,0,1,1,"-8,04710272","-35,00887967",SPRF-PE,DEL01-PE,UOP01-DEL01-PE
487933.0,2022-11-19,sábado,22:55:00,PE,423,60,LAJEDO,Conversão proibida,Colisão frontal,Com Vítimas Feridas,Plena Noite,Decrescente,Céu Claro,Simples,Interseção de Vias,Sim,2,0,1,1,0,0,2,2,"-8,65637818","-36,32298946",SPRF-PE,DEL03-PE,UOP01-DEL03-PE
487950.0,2022-11-20,domingo,02:00:00,PE,232,"507,9",SALGUEIRO,Ingestão de álcool pelo condutor,Colisão lateral sentido oposto,Com Vítimas Feridas,Plena Noite,Decrescente,Céu Claro,Simples,Reta;Aclive                   ,Sim,2,0,1,0,1,0,1,2,"-8,06038759","-39,11191706",SPRF-PE,DEL05-PE,UOP01-DEL05-PE
488048.0,2022-11-20,domingo,16:50:00,PE,101,154,RIBEIRAO,Reação tardia ou ineficiente do condutor,Saída de leito carroçável,Com Vítimas Feridas,Pleno dia,Crescente,Céu Claro,Dupla,Curva,Não,1,0,1,0,0,0,1,1,"-8,52860711","-35,38883966",SPRF-PE,DEL01-PE,UOP03-DEL01-PE
488140.0,2022-11-24,quinta-feira,17:00:00,PE,232,"80,7",GRAVATA,Reação tardia ou ineficiente do condutor,Colisão lateral sentido oposto,Com Vítimas Feridas,Anoitecer,Decrescente,Céu Claro,Múltipla,Curva,Sim,3,0,1,1,1,0,2,2,"-8,19579864","-35,56962305",SPRF-PE,DEL02-PE,UOP02-DEL02PE
488158.0,2022-11-24,quinta-feira,23:40:00,PE,423,"71,1",JUPI,Demais falhas mecânicas ou elétricas,Incêndio,Sem Vítimas,Plena Noite,Crescente,Céu Claro,Simples,Reta,Não,1,0,0,0,1,0,0,1,"-8,69250589","-36,41166726",SPRF-PE,DEL03-PE,UOP01-DEL03-PE
488195.0,2022-11-24,quinta-feira,11:00:00,PE,116,"23,1",SALGUEIRO,Condutor deixou de manter distância do veículo da frente,Colisão traseira,Com Vítimas Feridas,Pleno dia,Crescente,Céu Claro,Simples,Reta,Não,2,0,1,0,1,0,1,2,"-8,043696","-39,138779",SPRF-PE,DEL05-PE,UOP01-DEL05-PE
488209.0,2022-11-23,quarta-feira,15:30:00,PE,101,58,RECIFE,Reação tardia ou ineficiente do condutor,Colisão traseira,Com Vítimas Feridas,Pleno dia,Decrescente,Céu Claro,Múltipla,Aclive,Sim,2,0,1,0,1,0,1,2,"-7,97063209","-34,92064675",SPRF-PE,DEL01-PE,UOP02-DEL01-PE
488219.0,2022-11-24,quinta-feira,07:00:00,PE,101,11,GOIANA,Velocidade Incompatível,Capotamento,Sem Vítimas,Pleno dia,Decrescente,Céu Claro,Múltipla,Reta,Não,1,0,0,0,0,1,0,1,"-7,59514001","-34,98460002",SPRF-PE,DEL01-PE,UOP02-DEL01-PE
488241.0,2022-11-22,terça-feira,05:00:00,PE,408,66,PAUDALHO,Ausência de reação do condutor,Colisão com objeto,Sem Vítimas,Amanhecer,Crescente,Céu Claro,Dupla,Reta,Sim,1,0,0,0,0,1,0,1,"-7,85456416","-35,22363707",SPRF-PE,DEL01-PE,UOP01-DEL01-PE
488255.0,2022-11-25,sexta-feira,08:33:00,PE,101,"71,2",RECIFE,Pedestre cruzava a pista fora da faixa,Atropelamento de Pedestre,Com Vítimas Feridas,Pleno dia,Decrescente,Céu Claro,Dupla,Reta,Sim,3,0,1,1,0,1,2,2,"-8,07663102","-34,94277871",SPRF-PE,DEL01-PE,UOP01-DEL01-PE
488272.0,2022-11-21,segunda-feira,19:20:00,PE,232,"75,2",GRAVATA,Demais falhas mecânicas ou elétricas,Incêndio,Sem Vítimas,Plena Noite,Decrescente,Céu Claro,Dupla,Reta,Sim,1,0,0,0,1,0,0,1,"-8,19737799","-35,525476",SPRF-PE,DEL02-PE,UOP02-DEL02PE
488325.0,2022-11-21,segunda-feira,13:55:00,PE,116,82,BELEM DE SAO FRANCISCO,Condutor Dormindo,Capotamento,Com Vítimas Feridas,Pleno dia,Crescente,Céu Claro,Simples,Rotatória,Não,2,0,1,0,1,0,1,1,"-8,54755524","-39,22625542",SPRF-PE,DEL05-PE,UOP03-DEL05-PE
488336.0,2022-11-22,terça-feira,07:00:00,PE,101,76,RECIFE,Reação tardia ou ineficiente do condutor,Queda de ocupante de veículo,Com Vítimas Feridas,Pleno dia,Decrescente,Céu Claro,Dupla,Reta,Sim,1,0,1,0,0,0,1,1,"-8,11813811","-34,94329214",SPRF-PE,DEL01-PE,UOP01-DEL01-PE
488374.0,2022-11-23,quarta-feira,12:30:00,PE,101,57,PAULISTA,Acessar a via sem observar a presença dos outros veículos,Colisão lateral mesmo sentido,Com Vítimas Feridas,Pleno dia,Crescente,Céu Claro,Dupla,Retorno Regulamentado,Não,3,0,2,0,1,0,2,2,"-7,96346213","-34,91513486",SPRF-PE,DEL01-PE,UOP02-DEL01-PE
488386.0,2022-11-25,sexta-feira,09:40:00,PE,101,50,ABREU E LIMA,Manobra de mudança de faixa,Colisão transversal,Com Vítimas Feridas,Pleno dia,Crescente,Céu Claro,Múltipla,Reta,Sim,2,0,1,0,1,0,1,2,"-7,90938602","-34,90123228",SPRF-PE,DEL01-PE,UOP02-DEL01-PE
488388.0,2022-11-22,terça-feira,09:00:00,PE,428,"105,8",SANTA MARIA DA BOA VISTA,Animais na Pista,Atropelamento de Animal,Sem Vítimas,Pleno dia,Crescente,Céu Claro,Simples,Reta,Não,1,0,0,0,1,0,0,1,"-8,85983828","-39,99565883",SPRF-PE,DEL06-PE,UOP03-DEL06-PE
488409.0,2022-11-22,terça-feira,15:00:00,PE,232,"100,3",BEZERROS,Acessar a via sem observar a presença dos outros veículos,Colisão transversal,Com Vítimas Feridas,Pleno dia,Crescente,Nublado,Simples,Reta,Sim,2,0,0,1,1,0,1,2,"-8,23791176","-35,74297705",SPRF-PE,DEL02-PE,UOP02-DEL02PE
488466.0,2022-11-22,terça-feira,12:50:00,PE,424,"75,3",CAETES,Reação tardia ou ineficiente do condutor,Colisão traseira,Com Vítimas Feridas,Pleno dia,Crescente,Céu Claro,Simples,Reta,Não,5,0,2,1,2,0,3,2,"-8,80482636","-36,58367325",SPRF-PE,DEL03-PE,UOP01-DEL03-PE
488480.0,2022-11-23,quarta-feira,07:10:00,PE,232,415,SERRA TALHADA,Ingestão de álcool pelo condutor,Colisão traseira,Com Vítimas Feridas,Pleno dia,Decrescente,Nublado,Simples,Declive,Sim,2,0,1,0,1,0,1,2,"-7,99605739","-38,34533981",SPRF-PE,DEL04-PE,UOP01-DEL04-PE
488487.0,2022-11-25,sexta-feira,16:40:00,PE,104,64,CARUARU,Trafegar com motocicleta (ou similar) entre as faixas,Colisão traseira,Com Vítimas Feridas,Pleno dia,Decrescente,Céu Claro,Simples,Reta,Sim,2,0,1,0,1,0,1,2,"-8,2783","-35,9815",SPRF-PE,DEL02-PE,UOP01-DEL02-PE
488511.0,2022-11-25,sexta-feira,18:05:00,PE,101,"69,9",RECIFE,Manobra de mudança de faixa,Colisão lateral mesmo sentido,Com Vítimas Feridas,Plena Noite,Decrescente,Céu Claro,Dupla,Reta,Sim,3,0,2,0,1,0,2,2,"-8,05951606","-34,94581024",SPRF-PE,DEL01-PE,UOP01-DEL01-PE
488515.0,2022-11-25,sexta-feira,17:30:00,PE,101,"72,5",RECIFE,Ingestão de álcool pelo condutor,Colisão lateral mesmo sentido,Com Vítimas Feridas,Anoitecer,Decrescente,Céu Claro,Dupla,Viaduto,Sim,2,0,1,0,1,0,1,2,"-8,08493106","-34,9450639",SPRF-PE,DEL01-PE,UOP01-DEL01-PE
488632.0,2022-11-25,sexta-feira,22:41:00,PE,428,122,LAGOA GRANDE,Velocidade Incompatível,Capotamento,Com Vítimas Feridas,Plena Noite,Crescente,Garoa/Chuvisco,Simples,Reta,Não,4,0,2,0,2,0,2,1,"-8,93294831","-40,12337189",SPRF-PE,DEL06-PE,UOP03-DEL06-PE
488752.0,2022-11-26,sábado,10:05:00,PE,423,95,GARANHUNS,Reação tardia ou ineficiente do condutor,Colisão traseira,Sem Vítimas,Pleno dia,Decrescente,Céu Claro,Simples,Aclive,Sim,2,0,0,0,2,0,0,2,"-8,878536","-36,483314",SPRF-PE,DEL03-PE,UOP01-DEL03-PE
488865.0,2022-11-26,sábado,16:20:00,PE,232,84,GRAVATA,Demais falhas mecânicas ou elétricas,Saída de leito carroçável,Com Vítimas Feridas,Pleno dia,Crescente,Céu Claro,Dupla,Reta,Não,1,0,0,1,0,0,1,1,"-8,2059894","-35,60359683",SPRF-PE,DEL02-PE,UOP02-DEL02PE
488866.0,2022-11-26,sábado,15:36:00,PE,101,"188,4",PALMARES,Curva acentuada,Colisão com objeto,Com Vítimas Feridas,Anoitecer,Crescente,Nublado,Dupla,Curva,Não,4,0,3,0,1,0,3,1,"-8,6909807","-35,5954771",SPRF-PE,DEL01-PE,UOP03-DEL01-PE
488909.0,2022-11-26,sábado,20:01:00,PE,101,42,IGARASSU,Pedestre cruzava a pista fora da faixa,Atropelamento de Pedestre,Com Vítimas Feridas,Plena Noite,Crescente,Vento,Múltipla,Reta,Sim,2,0,0,2,0,0,2,2,"-7,83887431","-34,91196739",SPRF-PE,DEL01-PE,UOP02-DEL01-PE
488926.0,2022-11-26,sábado,20:40:00,PE,104,"65,9",CARUARU,Ingestão de álcool pelo condutor,Colisão com objeto,Sem Vítimas,Plena Noite,Crescente,Céu Claro,Simples,Reta;Aclive;Interseção de Vias,Sim,1,0,0,0,1,0,0,1,"-8,2867","-35,9838",SPRF-PE,DEL02-PE,UOP01-DEL02-PE
488990.0,2022-11-27,domingo,04:30:00,PE,232,110,BEZERROS,Demais falhas na via,Saída de leito carroçável,Com Vítimas Fatais,Amanhecer,Crescente,Garoa/Chuvisco,Dupla,Curva,Não,5,1,1,3,0,0,4,1,"-8,28634529","-35,81755579",SPRF-PE,DEL02-PE,UOP02-DEL02PE
489039.0,2022-11-23,quarta-feira,17:30:00,PE,407,"127,5",PETROLINA,Ultrapassagem Indevida,Colisão transversal,Com Vítimas Feridas,Pleno dia,Decrescente,Céu Claro,Simples,Reta,Sim,2,0,1,0,1,0,1,2,"-9,3908678","-40,52038627",SPRF-PE,DEL06-PE,UOP01-DEL06-PE
489048.0,2022-11-27,domingo,05:30:00,PE,407,110,PETROLINA,Chuva,Saída de leito carroçável,Com Vítimas Feridas,Amanhecer,Crescente,Chuva,Simples,Reta,Não,1,0,1,0,0,0,1,1,"-9,26444","-40,60269",SPRF-PE,DEL06-PE,UOP01-DEL06-PE
489055.0,2022-11-23,quarta-feira,08:20:00,PE,232,83,GRAVATA,Retorno proibido,Colisão transversal,Com Vítimas Feridas,Pleno dia,Decrescente,Céu Claro,Dupla,Reta;Declive                  ,Não,3,0,2,0,1,0,2,2,"-8,2024868","-35,59542005",SPRF-PE,DEL02-PE,UOP02-DEL02PE
489098.0,2022-11-21,segunda-feira,22:00:00,PE,232,"100,9",BEZERROS,Manobra de mudança de faixa,Colisão transversal,Com Vítimas Feridas,Plena Noite,Crescente,Céu Claro,Simples,Reta,Sim,2,0,0,1,1,0,1,2,"-8,23791176","-35,74297705",SPRF-PE,DEL02-PE,UOP02-DEL02PE
489137.0,2022-11-24,quinta-feira,00:00:00,PE,104,44,CARUARU,Condutor deixou de manter distância do veículo da frente,Colisão traseira,Com Vítimas Feridas,Plena Noite,Crescente,Nublado,Dupla,Reta,Não,1,0,0,1,0,0,1,1,"-8,1152","-36,0067",SPRF-PE,DEL02-PE,UOP01-DEL02-PE
489152.0,2022-11-27,domingo,15:20:00,PE,408,97,SAO LOURENCO DA MATA,Ausência de reação do condutor,Atropelamento de Pedestre,Com Vítimas Feridas,Pleno dia,Decrescente,Céu Claro,Dupla,Reta,Não,2,0,0,1,1,0,1,2,"-8,02843077","-35,03684556",SPRF-PE,DEL01-PE,UOP01-DEL01-PE
489173.0,2022-11-27,domingo,16:39:00,PE,408,45,ALIANCA,Ausência de reação do condutor,Saída de leito carroçável,Com Vítimas Feridas,Plena Noite,Crescente,Céu Claro,Simples,Reta,Não,1,0,1,0,0,0,1,1,"-7,690333","-35,249229",SPRF-PE,DEL01-PE,UOP02-DEL01-PE
489180.0,2022-11-27,domingo,15:00:00,PE,104,140,QUIPAPA,Transitar na contramão,Colisão lateral sentido oposto,Com Vítimas Feridas,Pleno dia,Crescente,Sol,Simples,Curva,Não,6,0,3,0,2,1,3,2,"-8,843512","-36,032333",SPRF-PE,DEL02-PE,UOP03-DEL02-PE
489193.0,2022-11-27,domingo,16:50:00,PE,232,"51,7",VITORIA DE SANTO ANTAO,Avarias e/ou desgaste excessivo no pneu,Saída de leito carroçável,Com Vítimas Feridas,Pleno dia,Crescente,Céu Claro,Dupla,Reta,Não,2,0,0,1,0,1,1,2,"-8,13823439","-35,33196918",SPRF-PE,DEL01-PE,UOP01-DEL01-PE
489223.0,2022-11-27,domingo,20:50:00,PE,424,"96,2",GARANHUNS,Desrespeitar a preferência no cruzamento,Colisão transversal,Com Vítimas Feridas,Plena Noite,Decrescente,Céu Claro,Simples,Reta,Não,3,0,0,1,0,2,1,3,"-8,93022089","-36,49644306",SPRF-PE,DEL03-PE,UOP01-DEL03-PE
489275.0,2022-11-28,segunda-feira,04:21:00,PE,232,260,ARCOVERDE,Reação tardia ou ineficiente do condutor,Tombamento,Sem Vítimas,Pleno dia,Decrescente,Céu Claro,Simples,Reta,Sim,1,0,0,0,0,1,0,1,"-8,40876559","-37,10231195",SPRF-PE,DEL04-PE,UOP02-DEL04-PE
489291.0,2022-11-21,segunda-feira,01:10:00,PE,101,"83,7",JABOATAO DOS GUARARAPES,Acesso irregular,Colisão lateral mesmo sentido,Com Vítimas Feridas,Plena Noite,Decrescente,Céu Claro,Dupla,Reta,Sim,2,0,1,0,1,0,1,2,"-8,175172","-34,942642",SPRF-PE,DEL01-PE,UOP01-DEL01-PE
489303.0,2022-11-23,quarta-feira,20:00:00,PE,110,240,JATOBA,Ausência de reação do condutor,Colisão traseira,Com Vítimas Feridas,Plena Noite,Decrescente,Céu Claro,Simples,Reta,Não,2,0,0,1,0,1,1,2,"-9,14173089","-38,2900095",SPRF-BA,DEL07-BA,UOP01-DEL07-BA
489334.0,2022-11-28,segunda-feira,08:00:00,PE,101,"46,9",IGARASSU,Ausência de reação do condutor,Colisão traseira,Sem Vítimas,Pleno dia,Decrescente,Garoa/Chuvisco,Múltipla,Reta,Sim,4,0,0,0,3,1,0,3,"-7,87406004","-34,90588126",SPRF-PE,DEL01-PE,UOP02-DEL01-PE
489362.0,2022-11-24,quinta-feira,13:30:00,PE,101,"108,1",CABO DE SANTO AGOSTINHO,Reação tardia ou ineficiente do condutor,Saída de leito carroçável,Com Vítimas Feridas,Pleno dia,Crescente,Céu Claro,Dupla,Curva,Não,2,0,2,0,0,0,2,1,"-8,306605","-35,097666",SPRF-PE,DEL01-PE,UOP03-DEL01-PE
489395.0,2022-11-28,segunda-feira,11:40:00,PE,232,"414,1",SERRA TALHADA,Acessar a via sem observar a presença dos outros veículos,Colisão transversal,Com Vítimas Feridas,Pleno dia,Crescente,Sol,Simples,Interseção de Vias,Sim,2,0,1,1,0,0,2,2,"-7,99236282","-38,33750809",SPRF-PE,DEL04-PE,UOP01-DEL04-PE
489460.0,2022-11-28,segunda-feira,15:40:00,PE,424,89,GARANHUNS,Velocidade Incompatível,Colisão traseira,Com Vítimas Feridas,Pleno dia,Crescente,Céu Claro,Simples,Curva;Declive                 ,Sim,2,0,0,1,0,1,1,2,"-8,89138375","-36,50571483",SPRF-PE,DEL03-PE,UOP01-DEL03-PE
489488.0,2022-11-28,segunda-feira,18:40:00,PE,428,186,PETROLINA,Ingestão de álcool pelo condutor,Colisão transversal,Com Vítimas Feridas,Plena Noite,Decrescente,Nublado,Dupla,Retorno Regulamentado,Sim,2,0,1,0,1,0,1,2,"-9,35928311","-40,48018813",SPRF-PE,DEL06-PE,UOP01-DEL06-PE
489542.0,2022-11-29,terça-feira,01:40:00,PE,101,"50,9",ABREU E LIMA,Ingestão de álcool pelo condutor,Colisão transversal,Com Vítimas Feridas,Plena Noite,Crescente,Chuva,Múltipla,Reta,Sim,3,0,2,0,1,0,2,2,"-7,91712388","-34,89713788",SPRF-PE,DEL01-PE,UOP02-DEL01-PE