id,data_inversa,dia_semana,horario,uf,br,km,municipio,causa_acidente,tipo_acidente,classificacao_acidente,fase_dia,sentido_via,condicao_metereologica,tipo_pista,tracado_via,uso_solo,pessoas,mortos,feridos_leves,feridos_graves,ilesos,ignorados,feridos,veiculos,latitude,longitude,regional,delegacia,uop
489589.0,2022-11-29,terça-feira,08:00:00,PE,104,61,CARUARU,Reação tardia ou ineficiente do condutor,Colisão lateral mesmo sentido,Com Vítimas Feridas,Pleno dia,Decrescente,Céu Claro,Simples,Reta,Sim,3,0,2,0,1,0,2,2,"-8,2529","-35,9751",SPRF-PE,DEL02-PE,UOP01-DEL02-PE
489654.0,2022-11-29,terça-feira,13:30:00,PE,101,19,GOIANA,Ultrapassagem Indevida,Saída de leito carroçável,Com Vítimas Fatais,Pleno dia,Crescente,Céu Claro,Dupla,Reta,Não,1,1,0,0,0,0,0,1,"-7,65403379","-34,94408281",SPRF-PE,DEL01-PE,UOP02-DEL01-PE
489657.0,2022-11-29,terça-feira,09:10:00,PE,101,55,PAULISTA,Demais falhas mecânicas ou elétricas,Colisão transversal,Com Vítimas Feridas,Pleno dia,Crescente,Céu Claro,Dupla,Reta,Sim,3,0,0,1,2,0,1,2,"-7,94806621","-34,9062148",SPRF-PE,DEL01-PE,UOP02-DEL01-PE
489658.0,2022-11-29,terça-feira,06:10:00,PE,232,"15,3",JABOATAO DOS GUARARAPES,Reação tardia ou ineficiente do condutor,Saída de leito carroçável,Com Vítimas Feridas,Pleno dia,Decrescente,Nublado,Dupla,Curva,Não,1,0,1,0,0,0,1,1,"-8,093673","-35,031621",SPRF-PE,DEL01-PE,UOP01-DEL01-PE
489664.0,2022-11-29,terça-feira,11:50:00,PE,101,82,JABOATAO DOS GUARARAPES,Acessar a via sem observar a presença dos outros veículos,Colisão traseira,Com Vítimas Feridas,Pleno dia,Crescente,Céu Claro,Simples,Retorno Regulamentado,Sim,2,0,1,0,1,0,1,2,"-8,168383","-34,9376",SPRF-PE,DEL01-PE,UOP01-DEL01-PE
489677.0,2022-11-29,terça-feira,16:15:00,PE,232,129,CARUARU,Manobra de mudança de faixa,Queda de ocupante de veículo,Com Vítimas Feridas,Pleno dia,Crescente,Céu Claro,Dupla,Reta,Sim,1,0,1,0,0,0,1,1,"-8,30193507","-35,98092002",SPRF-PE,DEL02-PE,UOP01-DEL02-PE
489795.0,2022-11-30,quarta-feira,07:30:00,PE,101,67,RECIFE,Condutor deixou de manter distância do veículo da frente,Colisão traseira,Com Vítimas Feridas,Pleno dia,Crescente,Sol,Dupla,Reta,Sim,3,0,1,0,1,1,1,3,"-8,042334","-34,943096",SPRF-PE,DEL01-PE,UOP01-DEL01-PE
489800.0,2022-11-30,quarta-feira,08:20:00,PE,101,"61,4",RECIFE,Ingestão de álcool pelo condutor,Engavetamento,Sem Vítimas,Pleno dia,Crescente,Chuva,Dupla,Reta,Sim,3,0,0,0,3,0,0,3,"-7,994549","-34,938459",SPRF-PE,DEL01-PE,UOP02-DEL01-PE
489857.0,2022-11-30,quarta-feira,13:40:00,PE,428,189,PETROLINA,Conversão proibida,Colisão transversal,Com Vítimas Feridas,Pleno dia,Crescente,Céu Claro,Simples,Reta,Sim,3,0,1,0,2,0,1,2,"-9,37197508","-40,48679585",SPRF-PE,DEL06-PE,UOP01-DEL06-PE
489923.0,2022-11-30,quarta-feira,19:18:00,PE,423,136,SALOA,Pedestre andava na pista,Atropelamento de Pedestre,Com Vítimas Fatais,Plena Noite,Crescente,Céu Claro,Simples,Reta,Não,3,1,1,0,0,1,1,2,"-8,966963","-36,805359",SPRF-PE,DEL03-PE,UOP01-DEL03-PE
490017.0,2022-12-01,quinta-feira,11:35:00,PE,104,69,CARUARU,Pista Escorregadia,Queda de ocupante de veículo,Com Vítimas Feridas,Pleno dia,Crescente,Chuva,Dupla,Reta,Não,1,0,1,0,0,0,1,1,"-8,3196","-35,9912",SPRF-PE,DEL02-PE,UOP01-DEL02-PE
490103.0,2022-12-01,quinta-feira,15:20:00,PE,423,73,JUPI,Entrada inopinada do pedestre,Atropelamento de Pedestre,Com Vítimas Feridas,Pleno dia,Decrescente,Nublado,Simples,Declive,Sim,3,0,1,0,2,0,1,2,"-8,709851","-36,41926432",SPRF-PE,DEL03-PE,UOP01-DEL03-PE
490155.0,2022-12-02,sexta-feira,04:00:00,PE,104,"61,8",CARUARU,Reação tardia ou ineficiente do condutor,Colisão traseira,Sem Vítimas,Amanhecer,Crescente,Céu Claro,Dupla,Reta,Sim,3,0,0,0,2,1,0,3,"-8,24414191","-35,97506404",SPRF-PE,DEL02-PE,UOP01-DEL02-PE
490241.0,2022-12-02,sexta-feira,08:40:00,PE,428,187,PETROLINA,Reação tardia ou ineficiente do condutor,Colisão traseira,Sem Vítimas,Pleno dia,Crescente,Céu Claro,Dupla,Reta,Sim,5,0,0,0,5,0,0,3,"-9,35604301","-40,47854198",SPRF-PE,DEL06-PE,UOP01-DEL06-PE
490248.0,2022-12-02,sexta-feira,14:41:00,PE,101,21,GOIANA,Transitar na contramão,Colisão transversal,Com Vítimas Feridas,Pleno dia,Decrescente,Céu Claro,Dupla,Retorno Regulamentado,Não,2,0,0,1,1,0,1,2,"-7,667766","-34,93266",SPRF-PE,DEL01-PE,UOP02-DEL01-PE
490263.0,2022-12-02,sexta-feira,15:45:00,PE,101,72,RECIFE,Entrada inopinada do pedestre,Queda de ocupante de veículo,Com Vítimas Feridas,Pleno dia,Crescente,Céu Claro,Dupla,Reta,Sim,3,0,1,1,1,0,2,2,"-8,08589","-34,945972",SPRF-PE,DEL01-PE,UOP01-DEL01-PE
490298.0,2022-12-02,sexta-feira,17:30:00,PE,428,"128,9",LAGOA GRANDE,Ultrapassagem Indevida,Colisão frontal,Com Vítimas Feridas,Anoitecer,Crescente,Nublado,Simples,Declive;Reta                  ,Não,5,0,3,2,0,0,5,2,"-8,95024968","-40,17346811",SPRF-PE,DEL06-PE,UOP03-DEL06-PE
490304.0,2022-11-23,quarta-feira,13:30:00,PE,232,415,SERRA TALHADA,Avarias e/ou desgaste excessivo no pneu,Saída de leito carroçável,Com Vítimas Feridas,Pleno dia,Decrescente,Céu Claro,Simples,Reta,Não,2,0,0,2,0,0,2,1,"-7,99605739","-38,34533981",SPRF-PE,DEL04-PE,UOP01-DEL04-PE
490364.0,2022-12-02,sexta-feira,21:30:00,PE,232,"61,3",POMBOS,Ingestão de álcool pelo condutor,Saída de leito carroçável,Com Vítimas Feridas,Plena Noite,Crescente,Céu Claro,Dupla,Curva,Não,1,0,0,1,0,0,1,1,"-8,1519066","-35,4153532",SPRF-PE,DEL02-PE,UOP02-DEL02PE
490390.0,2022-12-02,sexta-feira,22:10:00,PE,101,50,ABREU E LIMA,Condutor Dormindo,Saída de leito carroçável,Sem Vítimas,Plena Noite,Decrescente,Céu Claro,Múltipla,Reta,Sim,1,0,0,0,0,1,0,1,"-7,90938602","-34,90123228",SPRF-PE,DEL01-PE,UOP02-DEL01-PE
490483.0,2022-12-03,sábado,08:30:00,PE,232,83,GRAVATA,Acessar a via sem observar a presença dos outros veículos,Colisão transversal,Com Vítimas Feridas,Pleno dia,Decrescente,Céu Claro,Dupla,Reta,Sim,5,0,0,1,3,1,1,2,"-8,2024868","-35,59542005",SPRF-PE,DEL02-PE,UOP02-DEL02PE
490506.0,2022-12-03,sábado,10:45:00,PE,101,"109,5",CABO DE SANTO AGOSTINHO,Demais falhas mecânicas ou elétricas,Incêndio,Com Vítimas Feridas,Pleno dia,Crescente,Garoa/Chuvisco,Dupla,Reta,Não,1,0,1,0,0,0,1,1,"-8,31012798","-35,09967817",SPRF-PE,DEL01-PE,UOP03-DEL01-PE
490508.0,2022-12-03,sábado,12:30:00,PE,428,"187,5",PETROLINA,Manobra de mudança de faixa,Colisão lateral mesmo sentido,Com Vítimas Feridas,Pleno dia,Decrescente,Sol,Dupla,Rotatória,Sim,3,0,2,0,1,0,2,2,"-9,37535209","-40,48799872",SPRF-PE,DEL06-PE,UOP01-DEL06-PE
490545.0,2022-12-03,sábado,16:10:00,PE,232,"41,1",VITORIA DE SANTO ANTAO,Objeto estático sobre o leito carroçável,Colisão com objeto,Com Vítimas Fatais,Pleno dia,Crescente,Céu Claro,Múltipla,Aclive;Reta                   ,Não,3,1,0,1,1,0,1,2,"-8,114688","-35,249153",SPRF-PE,DEL01-PE,UOP01-DEL01-PE
490692.0,2022-12-04,domingo,09:10:00,PE,101,27,IGARASSU,Ausência de reação do condutor,Saída de leito carroçável,Com Vítimas Feridas,Pleno dia,Crescente,Sol,Dupla,Reta,Não,1,0,1,0,0,0,1,1,"-7,71433379","-34,93478417",SPRF-PE,DEL01-PE,UOP02-DEL01-PE
490698.0,2022-12-04,domingo,11:00:00,PE,428,188,PETROLINA,Pista Escorregadia,Queda de ocupante de veículo,Com Vítimas Feridas,Pleno dia,Decrescente,Céu Claro,Dupla,Rotatória,Sim,2,0,2,0,0,0,2,1,"-9,35604301","-40,47854198",SPRF-PE,DEL06-PE,UOP01-DEL06-PE
490746.0,2022-12-04,domingo,11:30:00,PE,428,32,CABROBO,Demais falhas mecânicas ou elétricas,Incêndio,Sem Vítimas,Pleno dia,Decrescente,Céu Claro,Simples,Reta,Não,3,0,0,0,3,0,0,1,"-8,52303468","-39,49547817",SPRF-PE,DEL05-PE,UOP03-DEL05-PE
490750.0,2022-12-04,domingo,16:15:00,PE,232,9,JABOATAO DOS GUARARAPES,Trafegar com motocicleta (ou similar) entre as faixas,Colisão lateral mesmo sentido,Com Vítimas Feridas,Pleno dia,Decrescente,Céu Claro,Dupla,Reta,Não,4,0,1,1,2,0,2,3,"-8,07764447","-34,97863609",SPRF-PE,DEL01-PE,UOP01-DEL01-PE
490811.0,2022-12-04,domingo,21:50:00,PE,104,30,TORITAMA,Acesso irregular,Colisão transversal,Com Vítimas Feridas,Plena Noite,Decrescente,Céu Claro,Simples,Reta,Sim,3,0,0,1,2,0,1,2,"-8,0137","-36,0565",SPRF-PE,DEL02-PE,UOP01-DEL02-PE
490813.0,2022-12-04,domingo,19:00:00,PE,232,325,CUSTODIA,Transitar na contramão,Colisão frontal,Com Vítimas Feridas,Plena Noite,Decrescente,Céu Claro,Simples,Reta,Não,7,0,2,0,2,3,2,3,"-8,09250741","-37,57562309",SPRF-PE,DEL04-PE,UOP02-DEL04-PE
490818.0,2022-12-04,domingo,22:00:00,PE,104,29,TORITAMA,Acessar a via sem observar a presença dos outros veículos,Colisão transversal,Com Vítimas Feridas,Plena Noite,Decrescente,Nublado,Simples,Reta,Sim,3,0,1,1,1,0,2,2,"-8,0078","-36,0621",SPRF-PE,DEL02-PE,UOP01-DEL02-PE
490954.0,2022-12-05,segunda-feira,14:35:00,PE,407,"124,2",PETROLINA,Acessar a via sem observar a presença dos outros veículos,Colisão transversal,Com Vítimas Feridas,Pleno dia,Crescente,Nublado,Dupla,Rotatória,Sim,2,0,1,0,1,0,1,2,"-9,36929881","-40,54137139",SPRF-PE,DEL06-PE,UOP01-DEL06-PE
490969.0,2022-12-05,segunda-feira,15:30:00,PE,408,"55,7",NAZARE DA MATA,Acessar a via sem observar a presença dos outros veículos,Colisão transversal,Com Vítimas Feridas,Pleno dia,Decrescente,Nublado,Simples,Reta,Não,4,0,0,2,0,2,2,3,"-7,779009","-35,23883",SPRF-PE,DEL01-PE,UOP01-DEL01-PE
491030.0,2022-12-06,terça-feira,03:05:00,PE,423,"90,6",GARANHUNS,Ausência de reação do condutor,Colisão traseira,Com Vítimas Feridas,Plena Noite,Crescente,Garoa/Chuvisco,Simples,Declive;Reta                  ,Não,2,0,0,1,1,0,1,2,"-8,84566879","-36,4596095",SPRF-PE,DEL03-PE,UOP01-DEL03-PE
491043.0,2022-10-18,terça-feira,09:20:00,PE,101,60,RECIFE,Chuva,Colisão lateral mesmo sentido,Com Vítimas Feridas,Pleno dia,Crescente,Garoa/Chuvisco,Dupla,Declive,Não,2,0,1,0,1,0,1,2,"-7,98344307","-34,93176727",SPRF-PE,DEL01-PE,UOP02-DEL01-PE
491063.0,2022-12-06,terça-feira,08:30:00,PE,101,70,RECIFE,Objeto estático sobre o leito carroçável,Colisão traseira,Com Vítimas Feridas,Pleno dia,Crescente,Céu Claro,Dupla,Viaduto,Sim,3,0,1,0,2,0,1,2,"-8,06776119","-34,94265074",SPRF-PE,DEL01-PE,UOP01-DEL01-PE
491075.0,2022-11-04,sexta-feira,18:00:00,PE,232,5,RECIFE,Reação tardia ou ineficiente do condutor,Queda de ocupante de veículo,Com Vítimas Feridas,Plena Noite,Decrescente,Céu Claro,Dupla,Reta,Sim,1,0,0,1,0,0,1,1,"-8,06795766","-34,94535414",SPRF-PE,DEL01-PE,UOP01-DEL01-PE
491076.0,2022-12-06,terça-feira,07:40:00,PE,101,"41,7",IGARASSU,Acessar a via sem observar a presença dos outros veículos,Colisão com objeto,Com Vítimas Feridas,Pleno dia,Crescente,Céu Claro,Dupla,Reta,Sim,2,0,1,0,1,0,1,2,"-7,83528802","-34,91296828",SPRF-PE,DEL01-PE,UOP02-DEL01-PE
491126.0,2022-12-06,terça-feira,12:01:00,PE,101,"82,2",JABOATAO DOS GUARARAPES,Condutor deixou de manter distância do veículo da frente,Colisão traseira,Com Vítimas Feridas,Pleno dia,Crescente,Céu Claro,Múltipla,Reta;Interseção de Vias       ,Sim,2,0,1,0,1,0,1,2,"-8,168383","-34,9376",SPRF-PE,DEL01-PE,UOP01-DEL01-PE
491195.0,2022-12-06,terça-feira,18:45:00,PE,423,100,GARANHUNS,Demais falhas mecânicas ou elétricas,Saída de leito carroçável,Com Vítimas Feridas,Plena Noite,Decrescente,Céu Claro,Simples,Aclive,Não,29,0,28,0,1,0,28,1,"-8,87477127","-36,52085205",SPRF-PE,DEL03-PE,UOP01-DEL03-PE
491280.0,2022-12-07,quarta-feira,09:10:00,PE,101,51,ABREU E LIMA,Acessar a via sem observar a presença dos outros veículos,Colisão transversal,Com Vítimas Feridas,Pleno dia,Decrescente,Céu Claro,Múltipla,Reta,Sim,3,0,3,0,0,0,3,2,"-7,9169968","-34,89689272",SPRF-PE,DEL01-PE,UOP02-DEL01-PE
491319.0,2022-12-07,quarta-feira,12:10:00,PE,424,90,GARANHUNS,Conversão proibida,Colisão transversal,Com Vítimas Feridas,Pleno dia,Decrescente,Céu Claro,Simples,Reta,Sim,2,0,0,1,1,0,1,2,"-8,89635706","-36,50157593",SPRF-PE,DEL03-PE,UOP01-DEL03-PE
491330.0,2022-12-07,quarta-feira,12:50:00,PE,104,"61,8",CARUARU,Acessar a via sem observar a presença dos outros veículos,Colisão traseira,Com Vítimas Feridas,Pleno dia,Decrescente,Sol,Dupla,Reta,Sim,4,0,2,0,2,0,2,2,"-8,245105","-35,974959",SPRF-PE,DEL02-PE,UOP01-DEL02-PE
491394.0,2022-12-07,quarta-feira,18:15:00,PE,101,67,RECIFE,Trafegar com motocicleta (ou similar) entre as faixas,Queda de ocupante de veículo,Sem Vítimas,Plena Noite,Decrescente,Céu Claro,Múltipla,Reta,Sim,1,0,0,0,0,1,0,1,"-8,042334","-34,943096",SPRF-PE,DEL01-PE,UOP01-DEL01-PE
491396.0,2022-12-07,quarta-feira,18:10:00,PE,104,"69,7",CARUARU,Reação tardia ou ineficiente do condutor,Colisão com objeto,Com Vítimas Feridas,Plena Noite,Crescente,Céu Claro,Dupla,Retorno Regulamentado,Não,2,0,2,0,0,0,2,1,"-8,3196","-35,9912",SPRF-PE,DEL02-PE,UOP01-DEL02-PE
491534.0,2022-12-08,quinta-feira,13:40:00,PE,408,105,JABOATAO DOS GUARARAPES,Avarias e/ou desgaste excessivo no pneu,Eventos atípicos,Com Vítimas Feridas,Pleno dia,Crescente,Sol,Dupla,Reta,Sim,2,0,1,1,0,0,2,1,"-8,07739118","-34,99238312",SPRF-PE,DEL01-PE,UOP01-DEL01-PE
491541.0,2022-12-08,quinta-feira,12:19:00,PE,101,"95,3",CABO DE SANTO AGOSTINHO,Demais falhas mecânicas ou elétricas,Incêndio,Sem Vítimas,Pleno dia,Crescente,Nublado,Dupla,Reta,Não,1,0,0,0,1,0,0,1,"-8,25099","-35,01426",SPRF-PE,DEL01-PE,UOP03-DEL01-PE
491551.0,2022-12-08,quinta-feira,16:10:00,PE,232,242,ARCOVERDE,Retorno proibido,Colisão transversal,Sem Vítimas,Pleno dia,Decrescente,Céu Claro,Simples,Reta,Não,4,0,0,0,3,1,0,2,"-8,41469683","-36,96172896",SPRF-PE,DEL04-PE,UOP02-DEL04-PE
491563.0,2022-12-08,quinta-feira,18:00:00,PE,101,77,RECIFE,Pedestre cruzava a pista fora da faixa,Atropelamento de Pedestre,Com Vítimas Feridas,Plena Noite,Decrescente,Céu Claro,Dupla,Reta;Declive                  ,Sim,2,0,1,0,0,1,1,2,"-8,130963","-34,944951",SPRF-PE,DEL01-PE,UOP01-DEL01-PE
491616.0,2022-12-08,quinta-feira,21:40:00,PE,116,"26,7",SALGUEIRO,Animais na Pista,Tombamento,Com Vítimas Feridas,Plena Noite,Crescente,Céu Claro,Simples,Reta,Sim,1,0,1,0,0,0,1,1,"-8,069921","-39,13364",SPRF-PE,DEL05-PE,UOP01-DEL05-PE
491621.0,2022-12-08,quinta-feira,22:35:00,PE,232,413,SERRA TALHADA,Ultrapassagem Indevida,Colisão frontal,Com Vítimas Feridas,Plena Noite,Decrescente,Céu Claro,Simples,Reta,Sim,2,0,0,1,1,0,1,2,"-7,98857087","-38,32972307",SPRF-PE,DEL04-PE,UOP01-DEL04-PE
491677.0,2022-09-13,terça-feira,20:30:00,PE,104,"101,3",AGRESTINA,Pedestre andava na pista,Atropelamento de Pedestre,Com Vítimas Fatais,Plena Noite,Crescente,Céu Claro,Simples,Reta,Não,2,1,0,0,0,1,0,2,"-8,397874","-35,973396",SPRF-PE,DEL02-PE,UOP03-DEL02-PE
491693.0,2022-12-09,sexta-feira,09:45:00,PE,232,"83,5",GRAVATA,Manobra de mudança de faixa,Capotamento,Com Vítimas Feridas,Pleno dia,Decrescente,Céu Claro,Dupla,Reta,Não,2,0,1,0,0,1,1,2,"-8,2024868","-35,59542005",SPRF-PE,DEL02-PE,UOP02-DEL02PE
491694.0,2022-12-09,sexta-feira,09:15:00,PE,104,64,CARUARU,Acessar a via sem observar a presença dos outros veículos,Colisão lateral mesmo sentido,Sem Vítimas,Pleno dia,Crescente,Sol,Múltipla,Interseção de Vias,Sim,2,0,0,0,2,0,0,2,"-8,2783","-35,9815",SPRF-PE,DEL02-PE,UOP01-DEL02-PE
491709.0,2022-12-09,sexta-feira,11:10:00,PE,101,82,JABOATAO DOS GUARARAPES,Condutor deixou de manter distância do veículo da frente,Colisão traseira,Com Vítimas Feridas,Pleno dia,Crescente,Céu Claro,Dupla,Aclive,Sim,3,0,1,0,2,0,1,3,"-8,168383","-34,9376",SPRF-PE,DEL01-PE,UOP01-DEL01-PE
491747.0,2022-11-28,segunda-feira,05:00:00,PE,232,"73,4",GRAVATA,Condutor Dormindo,Saída de leito carroçável,Com Vítimas Feridas,Pleno dia,Decrescente,Nublado,Dupla,Reta,Não,2,0,2,0,0,0,2,1,"-8,19466678","-35,51728814",SPRF-PE,DEL02-PE,UOP02-DEL02PE
491865.0,2022-12-10,sábado,03:30:00,PE,101,"69,7",RECIFE,Velocidade Incompatível,Saída de leito carroçável,Com Vítimas Fatais,Plena Noite,Crescente,Nublado,Simples,Viaduto;Curva;Aclive          ,Sim,6,5,0,1,0,0,1,1,"-8,064193","-34,942386",SPRF-PE,DEL01-PE,UOP01-DEL01-PE
491953.0,2022-12-10,sábado,13:35:00,PE,232,"55,5",POMBOS,Reação tardia ou ineficiente do condutor,Saída de leito carroçável,Com Vítimas Feridas,Pleno dia,Crescente,Céu Claro,Dupla,Reta,Sim,5,0,2,1,2,0,3,1,"-8,134411","-35,368502",SPRF-PE,DEL02-PE,UOP02-DEL02PE
491974.0,2022-12-10,sábado,16:05:00,PE,407,125,PETROLINA,Condutor deixou de manter distância do veículo da frente,Colisão traseira,Sem Vítimas,Pleno dia,Decrescente,Céu Claro,Dupla,Reta,Sim,2,0,0,0,1,1,0,2,"-9,37739336","-40,53595733",SPRF-PE,DEL06-PE,UOP01-DEL06-PE
492010.0,2022-12-06,terça-feira,10:30:00,PE,232,"5,5",RECIFE,Demais falhas mecânicas ou elétricas,Incêndio,Sem Vítimas,Pleno dia,Crescente,Céu Claro,Dupla,Reta,Sim,1,0,0,0,0,1,0,1,"-8,069841","-34,950462",SPRF-PE,DEL01-PE,UOP01-DEL01-PE
492020.0,2022-12-10,sábado,20:53:00,PE,101,"137,8",ESCADA,Reação tardia ou ineficiente do condutor,Colisão com objeto,Com Vítimas Feridas,Plena Noite,Decrescente,Céu Claro,Dupla,Curva,Não,3,0,2,1,0,0,3,1,"-8,41675194","-35,31126636",SPRF-PE,DEL01-PE,UOP03-DEL01-PE
492047.0,2022-12-10,sábado,22:35:00,PE,232,509,SALGUEIRO,Desrespeitar a preferência no cruzamento,Colisão transversal,Com Vítimas Feridas,Anoitecer,Decrescente,Ignorado,Simples,Interseção de Vias,Sim,3,0,0,1,2,0,1,2,"-8,06449154","-39,1298447",SPRF-PE,DEL05-PE,UOP01-DEL05-PE
492050.0,2022-12-10,sábado,22:45:00,PE,101,44,IGARASSU,Reação tardia ou ineficiente do condutor,Colisão traseira,Com Vítimas Feridas,Pleno dia,Crescente,Nublado,Múltipla,Declive;Reta                  ,Sim,2,0,2,0,0,0,2,2,"-7,85637001","-34,90842109",SPRF-PE,DEL01-PE,UOP02-DEL01-PE
492097.0,2022-12-11,domingo,05:20:00,PE,232,336,CUSTODIA,Ingestão de álcool pelo condutor,Saída de leito carroçável,Com Vítimas Fatais,Amanhecer,Crescente,Céu Claro,Simples,Reta,Sim,1,1,0,0,0,0,0,1,"-8,08346027","-37,65571502",SPRF-PE,DEL04-PE,UOP02-DEL04-PE
492168.0,2022-12-11,domingo,11:55:00,PE,408,"89,3",SAO LOURENCO DA MATA,Manobra de mudança de faixa,Colisão transversal,Com Vítimas Fatais,Pleno dia,Crescente,Céu Claro,Dupla,Retorno Regulamentado;Reta;Dec,Não,2,1,0,0,1,0,0,2,"-7,98149086","-35,08112279",SPRF-PE,DEL01-PE,UOP01-DEL01-PE
492169.0,2022-12-11,domingo,11:40:00,PE,408,"40,3",ALIANCA,Conversão proibida,Colisão transversal,Com Vítimas Feridas,Pleno dia,Decrescente,Céu Claro,Simples,Reta,Não,3,0,1,1,1,0,2,2,"-7,65322","-35,250773",SPRF-PE,DEL01-PE,UOP02-DEL01-PE
492170.0,2022-12-09,sexta-feira,19:50:00,PE,232,137,CARUARU,Acumulo de areia ou detritos sobre o pavimento,Queda de ocupante de veículo,Com Vítimas Feridas,Plena Noite,Crescente,Céu Claro,Dupla,Retorno Regulamentado,Não,2,0,1,0,0,1,1,1,"-8,31589863","-36,05040211",SPRF-PE,DEL02-PE,UOP01-DEL02-PE
492180.0,2022-12-11,domingo,13:48:00,PE,232,514,SALGUEIRO,Condutor deixou de manter distância do veículo da frente,Colisão traseira,Com Vítimas Feridas,Pleno dia,Crescente,Céu Claro,Simples,Reta,Não,3,0,1,0,2,0,1,2,"-8,07047961","-39,17138084",SPRF-PE,DEL05-PE,UOP01-DEL05-PE
492195.0,2022-12-11,domingo,14:40:00,PE,428,27,CABROBO,Ultrapassagem Indevida,Colisão frontal,Com Vítimas Feridas,Pleno dia,Crescente,Céu Claro,Simples,Aclive,Não,10,0,3,0,7,0,3,3,"-8,49584592","-39,44755007",SPRF-PE,DEL05-PE,UOP03-DEL05-PE
492201.0,2022-12-11,domingo,16:00:00,PE,101,"81,5",JABOATAO DOS GUARARAPES,Reação tardia ou ineficiente do condutor,Colisão traseira,Sem Vítimas,Pleno dia,Decrescente,Céu Claro,Múltipla,Reta,Sim,2,0,0,0,2,0,0,2,"-8,168383","-34,9376",SPRF-PE,DEL01-PE,UOP01-DEL01-PE
492298.0,2022-12-11,domingo,21:56:00,PE,428,"64,6",SANTA MARIA DA BOA VISTA,Desrespeitar a preferência no cruzamento,Colisão transversal,Com Vítimas Feridas,Plena Noite,Crescente,Céu Claro,Simples,Reta,Não,2,0,0,1,1,0,1,2,"-8,65436324","-39,72965878",SPRF-PE,DEL06-PE,UOP03-DEL06-PE
492364.0,2022-12-12,segunda-feira,09:40:00,PE,423,"143,8",SAO CAITANO,Avarias e/ou desgaste excessivo no pneu,Queda de ocupante de veículo,Com Vítimas Feridas,Pleno dia,Crescente,Céu Claro,Dupla,Reta,Não,2,0,2,0,0,0,2,1,"-8,32490449","-36,11171722",SPRF-PE,DEL03-PE,UOP01-DEL03-PE
492365.0,2022-12-12,segunda-feira,07:00:00,PE,408,93,SAO LOURENCO DA MATA,Velocidade Incompatível,Colisão com objeto,Com Vítimas Feridas,Pleno dia,Crescente,Céu Claro,Simples,Curva,Sim,1,0,1,0,0,0,1,1,"-8,00201425","-35,05473707",SPRF-PE,DEL01-PE,UOP01-DEL01-PE
492422.0,2022-12-12,segunda-feira,16:30:00,PE,101,79,JABOATAO DOS GUARARAPES,Reação tardia ou ineficiente do condutor,Colisão traseira,Com Vítimas Feridas,Pleno dia,Crescente,Sol,Dupla,Reta,Sim,3,0,2,0,1,0,2,2,"-8,14366112","-34,94723453",SPRF-PE,DEL01-PE,UOP01-DEL01-PE
492423.0,2022-12-12,segunda-feira,15:58:00,PE,101,"98,8",CABO DE SANTO AGOSTINHO,Ausência de reação do condutor,Colisão traseira,Com Vítimas Feridas,Anoitecer,Decrescente,Nublado,Dupla,Reta,Não,3,0,3,0,0,0,3,2,"-8,25653422","-35,03811793",SPRF-PE,DEL01-PE,UOP03-DEL01-PE
492442.0,2022-12-12,segunda-feira,17:30:00,PE,232,415,SERRA TALHADA,Animais na Pista,Atropelamento de Animal,Com Vítimas Feridas,Anoitecer,Crescente,Céu Claro,Simples,Reta,Não,2,0,1,1,0,0,2,1,"-7,988824","-38,330195",SPRF-PE,DEL04-PE,UOP01-DEL04-PE
492462.0,2022-09-18,domingo,11:30:00,PE,423,111,PARANATAMA,Reação tardia ou ineficiente do condutor,Colisão traseira,Com Vítimas Feridas,Pleno dia,Crescente,Céu Claro,Simples,Reta,Não,10,0,5,2,0,3,7,2,"-8,89303549","-36,61653287",SPRF-PE,DEL03-PE,UOP01-DEL03-PE
492471.0,2022-12-12,segunda-feira,20:35:00,PE,232,109,BEZERROS,Restrição de visibilidade em curvas horizontais,Saída de leito carroçável,Com Vítimas Feridas,Plena Noite,Crescente,Céu Claro,Dupla,Curva,Sim,2,0,1,0,1,0,1,1,"-8,28036785","-35,81085313",SPRF-PE,DEL02-PE,UOP02-DEL02PE
492490.0,2022-12-13,terça-feira,00:45:00,PE,232,49,VITORIA DE SANTO ANTAO,Velocidade Incompatível,Saída de leito carroçável,Com Vítimas Feridas,Plena Noite,Decrescente,Céu Claro,Dupla,Reta,Não,5,0,4,0,1,0,4,1,"-8,143676","-35,314419",SPRF-PE,DEL01-PE,UOP01-DEL01-PE
492513.0,2022-12-13,terça-feira,06:50:00,PE,104,"62,5",CARUARU,Avarias e/ou desgaste excessivo no pneu,Capotamento,Sem Vítimas,Pleno dia,Decrescente,Céu Claro,Simples,Reta,Sim,1,0,0,0,1,0,0,1,"-8,2618","-35,976",SPRF-PE,DEL02-PE,UOP01-DEL02-PE
492514.0,2022-12-13,terça-feira,08:30:00,PE,101,45,IGARASSU,Pedestre cruzava a pista fora da faixa,Atropelamento de Pedestre,Com Vítimas Feridas,Pleno dia,Crescente,Céu Claro,Simples,Reta,Sim,2,0,0,1,1,0,1,2,"-7,86521297","-34,90715176",SPRF-PE,DEL01-PE,UOP02-DEL01-PE