id,data_inversa,dia_semana,horario,uf,br,km,municipio,causa_acidente,tipo_acidente,classificacao_acidente,fase_dia,sentido_via,condicao_metereologica,tipo_pista,tracado_via,uso_solo,pessoas,mortos,feridos_leves,feridos_graves,ilesos,ignorados,feridos,veiculos,latitude,longitude,regional,delegacia,uop
494983.0,2022-12-24,sábado,12:10:00,PE,423,"95,5",GARANHUNS,Ausência de reação do condutor,Colisão traseira,Com Vítimas Feridas,Pleno dia,Crescente,Céu Claro,Simples,Reta;Interseção de Vias       ,Sim,2,0,1,0,1,0,1,2,"-8,87891989","-36,47796305",SPRF-PE,DEL03-PE,UOP01-DEL03-PE
494993.0,2022-12-24,sábado,15:40:00,PE,232,"126,6",CARUARU,Condutor deixou de manter distância do veículo da frente,Colisão traseira,Sem Vítimas,Pleno dia,Crescente,Céu Claro,Dupla,Reta,Sim,2,0,0,0,2,0,0,2,"-8,30819677","-35,95467594",SPRF-PE,DEL02-PE,UOP01-DEL02-PE
495021.0,2022-12-24,sábado,17:00:00,PE,424,90,GARANHUNS,Acesso irregular,Queda de ocupante de veículo,Com Vítimas Feridas,Plena Noite,Decrescente,Céu Claro,Simples,Aclive;Curva                  ,Sim,1,0,1,0,0,0,1,1,"-8,89635706","-36,50157593",SPRF-PE,DEL03-PE,UOP01-DEL03-PE
495089.0,2022-12-25,domingo,00:10:00,PE,424,"98,2",GARANHUNS,Transitar na contramão,Colisão lateral sentido oposto,Sem Vítimas,Plena Noite,Crescente,Céu Claro,Simples,Curva,Não,2,0,0,0,2,0,0,2,"-8,94248907","-36,50883182",SPRF-PE,DEL03-PE,UOP01-DEL03-PE
495150.0,2022-12-25,domingo,00:15:00,PE,428,"182,6",PETROLINA,Velocidade Incompatível,Colisão com objeto,Sem Vítimas,Plena Noite,Decrescente,Nublado,Dupla,Retorno Regulamentado,Sim,1,0,0,0,0,1,0,1,"-9,31614989","-40,45800722",SPRF-PE,DEL06-PE,UOP01-DEL06-PE
495162.0,2022-12-25,domingo,12:46:00,PE,101,"70,1",RECIFE,Ausência de reação do condutor,Saída de leito carroçável,Com Vítimas Feridas,Pleno dia,Decrescente,Céu Claro,Simples,Curva,Sim,1,0,0,1,0,0,1,1,"-8,067901","-34,940793",SPRF-PE,DEL01-PE,UOP01-DEL01-PE
495186.0,2022-12-25,domingo,12:45:00,PE,101,157,RIBEIRAO,Acumulo de areia ou detritos sobre o pavimento,Colisão com objeto,Com Vítimas Fatais,Pleno dia,Crescente,Nublado,Dupla,Curva,Não,1,1,0,0,0,0,0,1,"-8,55352976","-35,3964161",SPRF-PE,DEL01-PE,UOP03-DEL01-PE
495213.0,2022-12-25,domingo,17:40:00,PE,101,46,IGARASSU,Entrada inopinada do pedestre,Atropelamento de Pedestre,Com Vítimas Feridas,Plena Noite,Decrescente,Céu Claro,Dupla,Reta,Sim,2,0,0,1,1,0,1,2,"-7,87406004","-34,90588126",SPRF-PE,DEL01-PE,UOP02-DEL01-PE
495239.0,2022-12-25,domingo,19:34:00,PE,232,"12,4",JABOATAO DOS GUARARAPES,Ausência de reação do condutor,Colisão traseira,Com Vítimas Feridas,Plena Noite,Decrescente,Céu Claro,Múltipla,Aclive,Não,2,0,2,0,0,0,2,2,"-8,08577691","-35,00345603",SPRF-PE,DEL01-PE,UOP01-DEL01-PE
495339.0,2022-12-26,segunda-feira,08:30:00,PE,428,162,PETROLINA,Demais falhas mecânicas ou elétricas,Tombamento,Com Vítimas Feridas,Pleno dia,Crescente,Nublado,Simples,Reta,Não,2,0,2,0,0,0,2,1,"-9,16269207","-40,36612188",SPRF-PE,DEL06-PE,UOP01-DEL06-PE
495350.0,2022-12-26,segunda-feira,09:20:00,PE,408,"93,7",SAO LOURENCO DA MATA,Reação tardia ou ineficiente do condutor,Saída de leito carroçável,Com Vítimas Fatais,Pleno dia,Decrescente,Céu Claro,Dupla,Reta,Sim,3,1,0,0,0,2,0,3,"-8,008491","-35,042932",SPRF-PE,DEL01-PE,UOP01-DEL01-PE
495367.0,2022-12-26,segunda-feira,11:43:00,PE,101,46,IGARASSU,Condutor deixou de manter distância do veículo da frente,Engavetamento,Com Vítimas Feridas,Pleno dia,Crescente,Céu Claro,Dupla,Reta,Sim,4,0,1,0,3,0,1,3,"-7,87406004","-34,90588126",SPRF-PE,DEL01-PE,UOP02-DEL01-PE
495402.0,2022-12-26,segunda-feira,09:50:00,PE,232,412,SERRA TALHADA,Acessar a via sem observar a presença dos outros veículos,Colisão traseira,Com Vítimas Feridas,Pleno dia,Crescente,Céu Claro,Simples,Reta;Interseção de Vias       ,Sim,2,0,1,0,1,0,1,2,"-7,98377927","-38,3208774",SPRF-PE,DEL04-PE,UOP01-DEL04-PE
495410.0,2022-12-06,terça-feira,09:05:00,PE,232,136,CARUARU,Problema na suspensão,Saída de leito carroçável,Com Vítimas Feridas,Pleno dia,Crescente,Sol,Simples,Reta,Não,3,0,2,1,0,0,3,1,"-8,31339932","-36,04175591",SPRF-PE,DEL02-PE,UOP01-DEL02-PE
495413.0,2022-12-26,segunda-feira,13:45:00,PE,101,73,RECIFE,Ausência de reação do condutor,Colisão traseira,Com Vítimas Feridas,Pleno dia,Decrescente,Céu Claro,Dupla,Reta,Sim,3,0,1,0,2,0,1,2,"-8,093369","-34,947464",SPRF-PE,DEL01-PE,UOP01-DEL01-PE
495416.0,2022-12-26,segunda-feira,07:00:00,PE,232,408,SERRA TALHADA,Acesso irregular,Colisão lateral mesmo sentido,Com Vítimas Feridas,Pleno dia,Crescente,Céu Claro,Simples,Reta,Sim,2,0,0,1,1,0,1,2,"-7,98371447","-38,28047709",SPRF-PE,DEL04-PE,UOP01-DEL04-PE
495503.0,2022-12-26,segunda-feira,20:40:00,PE,101,62,RECIFE,Demais falhas mecânicas ou elétricas,Saída de leito carroçável,Com Vítimas Feridas,Plena Noite,Decrescente,Céu Claro,Dupla,Reta,Sim,2,0,2,0,0,0,2,1,"-7,99905898","-34,93899295",SPRF-PE,DEL01-PE,UOP02-DEL01-PE
495512.0,2022-12-26,segunda-feira,20:34:00,PE,408,103,SAO LOURENCO DA MATA,Manobra de mudança de faixa,Capotamento,Sem Vítimas,Plena Noite,Crescente,Céu Claro,Dupla,Reta,Não,2,0,0,0,1,1,0,1,"-8,05746154","-34,99468175",SPRF-PE,DEL01-PE,UOP01-DEL01-PE
495524.0,2022-12-26,segunda-feira,22:29:00,PE,101,"48,3",ABREU E LIMA,Transitar na contramão,Colisão frontal,Com Vítimas Feridas,Plena Noite,Decrescente,Céu Claro,Múltipla,Reta,Não,3,0,0,2,0,1,2,2,"-7,89563323","-34,90279734",SPRF-PE,DEL01-PE,UOP02-DEL01-PE
495529.0,2022-12-26,segunda-feira,22:05:00,PE,407,127,PETROLINA,Condutor deixou de manter distância do veículo da frente,Colisão traseira,Sem Vítimas,Plena Noite,Crescente,Céu Claro,Simples,Reta,Sim,3,0,0,0,3,0,0,2,"-9,39125862","-40,5194146",SPRF-PE,DEL06-PE,UOP01-DEL06-PE
495546.0,2022-12-27,terça-feira,07:00:00,PE,101,"28,5",IGARASSU,Ingestão de álcool e/ou substâncias psicoativas pelo pedestre,Saída de leito carroçável,Com Vítimas Feridas,Pleno dia,Crescente,Céu Claro,Dupla,Declive,Não,3,0,1,0,2,0,1,1,"-7,72474901","-34,9418664",SPRF-PE,DEL01-PE,UOP02-DEL01-PE
495555.0,2022-12-26,segunda-feira,07:10:00,PE,110,208,TACARATU,Reação tardia ou ineficiente do condutor,Colisão frontal,Com Vítimas Fatais,Pleno dia,Crescente,Sol,Simples,Reta,Não,7,2,4,1,0,0,5,2,"-8,91405211","-38,1165479",SPRF-BA,DEL07-BA,UOP01-DEL07-BA
495582.0,2022-12-27,terça-feira,09:30:00,PE,101,35,IGARASSU,Avarias e/ou desgaste excessivo no pneu,Tombamento,Com Vítimas Feridas,Pleno dia,Decrescente,Céu Claro,Dupla,Reta,Sim,2,0,2,0,0,0,2,1,"-7,77952193","-34,93231384",SPRF-PE,DEL01-PE,UOP02-DEL01-PE
495614.0,2022-12-27,terça-feira,10:45:00,PE,408,"40,5",ALIANCA,Acesso irregular,Colisão transversal,Com Vítimas Feridas,Pleno dia,Crescente,Céu Claro,Simples,Interseção de Vias,Não,3,0,3,0,0,0,3,2,"-7,65348024","-35,25069594",SPRF-PE,DEL01-PE,UOP02-DEL01-PE
495665.0,2022-12-27,terça-feira,14:00:00,PE,428,97,SANTA MARIA DA BOA VISTA,Avarias e/ou desgaste excessivo no pneu,Capotamento,Com Vítimas Feridas,Pleno dia,Decrescente,Céu Claro,Simples,Reta,Não,5,0,3,2,0,0,5,1,"-8,82401066","-39,9348392",SPRF-PE,DEL06-PE,UOP03-DEL06-PE
495666.0,2022-12-13,terça-feira,17:50:00,PE,101,81,JABOATAO DOS GUARARAPES,Área urbana sem a presença de local apropriado para a travessia de pedestres,Atropelamento de Pedestre,Com Vítimas Feridas,Plena Noite,Decrescente,Céu Claro,Simples,Reta,Não,2,0,1,1,0,0,2,2,"-8,1597489","-34,94024569",SPRF-PE,DEL01-PE,UOP01-DEL01-PE
495677.0,2022-12-27,terça-feira,18:05:00,PE,232,"9,6",JABOATAO DOS GUARARAPES,Condutor deixou de manter distância do veículo da frente,Colisão traseira,Com Vítimas Feridas,Plena Noite,Decrescente,Céu Claro,Dupla,Em Obras;Viaduto              ,Sim,2,0,1,0,1,0,1,2,"-8,07764447","-34,97863609",SPRF-PE,DEL01-PE,UOP01-DEL01-PE
495678.0,2022-12-27,terça-feira,18:15:00,PE,424,"73,5",CAETES,Falta de acostamento,Saída de leito carroçável,Com Vítimas Feridas,Plena Noite,Crescente,Nublado,Simples,Reta,Não,1,0,0,1,0,0,1,1,"-8,801139","-36,589004",SPRF-PE,DEL03-PE,UOP01-DEL03-PE
495687.0,2022-12-27,terça-feira,18:30:00,PE,101,"82,8",JABOATAO DOS GUARARAPES,Manobra de mudança de faixa,Colisão lateral mesmo sentido,Com Vítimas Feridas,Plena Noite,Crescente,Nublado,Simples,Reta,Sim,2,0,1,0,0,1,1,2,"-8,174014","-34,941905",SPRF-PE,DEL01-PE,UOP01-DEL01-PE
495707.0,2022-12-27,terça-feira,20:50:00,PE,101,80,JABOATAO DOS GUARARAPES,Reação tardia ou ineficiente do condutor,Colisão traseira,Com Vítimas Feridas,Plena Noite,Decrescente,Céu Claro,Múltipla,Rotatória,Sim,2,0,1,0,1,0,1,2,"-8,15112589","-34,9428866",SPRF-PE,DEL01-PE,UOP01-DEL01-PE
495731.0,2022-12-02,sexta-feira,13:10:00,PE,101,"76,9",RECIFE,Reação tardia ou ineficiente do condutor,Colisão lateral mesmo sentido,Com Vítimas Feridas,Pleno dia,Crescente,Céu Claro,Dupla,Reta,Sim,3,0,3,0,0,0,3,2,"-8,11813811","-34,94329214",SPRF-PE,DEL01-PE,UOP01-DEL01-PE
495857.0,2022-12-28,quarta-feira,15:15:00,PE,232,"504,7",SALGUEIRO,Ingestão de álcool pelo condutor,Colisão lateral sentido oposto,Sem Vítimas,Pleno dia,Decrescente,Céu Claro,Simples,Reta,Não,2,0,0,0,2,0,0,2,"-8,05261085","-39,08587407",SPRF-PE,DEL05-PE,UOP01-DEL05-PE
495896.0,2022-12-28,quarta-feira,13:30:00,PE,232,371,FLORES,Manobra de mudança de faixa,Eventos atípicos,Com Vítimas Feridas,Pleno dia,Decrescente,Céu Claro,Simples,Reta,Não,4,0,1,0,3,0,1,2,"-8,031893","-37,966507",SPRF-PE,DEL04-PE,UOP01-DEL04-PE
495900.0,2022-12-28,quarta-feira,20:20:00,PE,101,"69,9",RECIFE,Acessar a via sem observar a presença dos outros veículos,Colisão lateral mesmo sentido,Com Vítimas Feridas,Plena Noite,Crescente,Garoa/Chuvisco,Dupla,Reta,Sim,3,0,2,0,1,0,2,2,"-8,05951606","-34,94581024",SPRF-PE,DEL01-PE,UOP01-DEL01-PE
495942.0,2022-12-29,quinta-feira,06:40:00,PE,232,"117,8",CARUARU,Manobra de mudança de faixa,Colisão traseira,Com Vítimas Feridas,Pleno dia,Crescente,Céu Claro,Dupla,Reta,Não,6,0,1,3,2,0,4,2,"-8,29529153","-35,8754959",SPRF-PE,DEL02-PE,UOP01-DEL02-PE
495997.0,2022-12-29,quinta-feira,13:05:00,PE,101,"165,1",AGUA PRETA,Acessar a via sem observar a presença dos outros veículos,Colisão transversal,Com Vítimas Feridas,Pleno dia,Crescente,Céu Claro,Dupla,Reta,Não,3,0,1,0,2,0,1,2,"-8,556201","-35,461814",SPRF-PE,DEL01-PE,UOP03-DEL01-PE
496050.0,2022-12-29,quinta-feira,16:30:00,PE,232,65,GRAVATA,Reação tardia ou ineficiente do condutor,Queda de ocupante de veículo,Com Vítimas Feridas,Pleno dia,Crescente,Sol,Simples,Curva,Não,1,0,1,0,0,0,1,1,"-8,16620901","-35,45855641",SPRF-PE,DEL02-PE,UOP02-DEL02PE
496151.0,2022-12-30,sexta-feira,06:30:00,PE,101,"58,2",RECIFE,Pista Escorregadia,Queda de ocupante de veículo,Com Vítimas Feridas,Pleno dia,Crescente,Chuva,Dupla,Declive,Sim,1,0,1,0,0,0,1,1,"-7,97063209","-34,92064675",SPRF-PE,DEL01-PE,UOP02-DEL01-PE
496159.0,2022-12-30,sexta-feira,06:10:00,PE,101,159,GAMELEIRA,Avarias e/ou desgaste excessivo no pneu,Colisão com objeto,Com Vítimas Feridas,Pleno dia,Crescente,Nublado,Dupla,Curva,Não,2,0,0,1,1,0,1,1,"-8,55252537","-35,41389482",SPRF-PE,DEL01-PE,UOP03-DEL01-PE
496164.0,2022-12-30,sexta-feira,08:00:00,PE,101,69,RECIFE,Manobra de mudança de faixa,Colisão lateral mesmo sentido,Com Vítimas Feridas,Pleno dia,Crescente,Céu Claro,Dupla,Reta,Não,3,0,0,1,0,2,1,3,"-8,05951606","-34,94581024",SPRF-PE,DEL01-PE,UOP01-DEL01-PE
496187.0,2022-12-30,sexta-feira,10:20:00,PE,232,"16,8",JABOATAO DOS GUARARAPES,Objeto estático sobre o leito carroçável,Colisão traseira,Com Vítimas Feridas,Pleno dia,Crescente,Céu Claro,Dupla,Reta;Retorno Regulamentado    ,Não,3,0,1,0,2,0,1,3,"-8,09414193","-35,03716601",SPRF-PE,DEL01-PE,UOP01-DEL01-PE
496190.0,2022-11-27,domingo,17:30:00,PE,232,319,CUSTODIA,Acessar a via sem observar a presença dos outros veículos,Colisão lateral mesmo sentido,Com Vítimas Fatais,Anoitecer,Decrescente,Ignorado,Simples,Reta,Não,2,1,0,0,1,0,0,2,"-8,1236144","-37,53328221",SPRF-PE,DEL04-PE,UOP02-DEL04-PE
496196.0,2022-12-30,sexta-feira,11:00:00,PE,424,"78,6",GARANHUNS,Demais falhas mecânicas ou elétricas,Colisão com objeto,Com Vítimas Feridas,Pleno dia,Crescente,Céu Claro,Simples,Reta,Não,2,0,1,1,0,0,2,1,"-8,82024129","-36,5615102",SPRF-PE,DEL03-PE,UOP01-DEL03-PE
496214.0,2022-12-30,sexta-feira,12:36:00,PE,101,65,RECIFE,Reação tardia ou ineficiente do condutor,Colisão com objeto,Com Vítimas Feridas,Pleno dia,Crescente,Céu Claro,Dupla,Reta,Sim,2,0,1,0,1,0,1,1,"-8,027243","-34,943063",SPRF-PE,DEL01-PE,UOP01-DEL01-PE
496224.0,2022-12-30,sexta-feira,10:30:00,PE,101,162,AGUA PRETA,Condutor Dormindo,Capotamento,Com Vítimas Feridas,Pleno dia,Decrescente,Céu Claro,Dupla,Reta,Não,3,0,1,0,2,0,1,1,"-8,55169716","-35,43739509",SPRF-PE,DEL01-PE,UOP03-DEL01-PE
496239.0,2022-12-30,sexta-feira,14:20:00,PE,423,"96,5",GARANHUNS,Ausência de reação do condutor,Colisão traseira,Com Vítimas Feridas,Pleno dia,Decrescente,Céu Claro,Simples,Declive,Sim,5,0,3,1,0,1,4,4,"-8,881401","-36,491058",SPRF-PE,DEL03-PE,UOP01-DEL03-PE
496247.0,2022-12-30,sexta-feira,14:19:00,PE,423,"96,9",GARANHUNS,Pedestre cruzava a pista fora da faixa,Atropelamento de Pedestre,Com Vítimas Feridas,Pleno dia,Decrescente,Céu Claro,Simples,Reta,Sim,5,0,2,0,0,3,2,2,"-8,88021822","-36,48651678",SPRF-PE,DEL03-PE,UOP01-DEL03-PE
496274.0,2022-12-30,sexta-feira,08:30:00,PE,232,130,CARUARU,Reação tardia ou ineficiente do condutor,Colisão traseira,Com Vítimas Feridas,Pleno dia,Decrescente,Sol,Dupla,Declive,Sim,2,0,1,0,1,0,1,2,"-8,26409256","-36,0344696",SPRF-PE,DEL02-PE,UOP01-DEL02-PE
496325.0,2022-12-30,sexta-feira,23:55:00,PE,101,124,ESCADA,Ausência de reação do condutor,Incêndio,Sem Vítimas,Plena Noite,Crescente,Céu Claro,Dupla,Reta,Sim,3,0,0,0,3,0,0,1,"-8,362588","-35,216461",SPRF-PE,DEL01-PE,UOP03-DEL01-PE
496327.0,2022-12-31,sábado,02:30:00,PE,423,"73,5",JUPI,Conversão proibida,Colisão frontal,Com Vítimas Fatais,Amanhecer,Decrescente,Céu Claro,Simples,Reta,Sim,3,1,0,1,0,1,1,2,"-8,709851","-36,41926432",SPRF-PE,DEL03-PE,UOP01-DEL03-PE
496345.0,2022-12-31,sábado,06:00:00,PE,101,45,IGARASSU,Velocidade Incompatível,Saída de leito carroçável,Com Vítimas Fatais,Pleno dia,Decrescente,Céu Claro,Múltipla,Reta,Sim,1,1,0,0,0,0,0,1,"-7,863924","-34,90742",SPRF-PE,DEL01-PE,UOP02-DEL01-PE
496380.0,2022-12-31,sábado,09:50:00,PE,101,"51,8",ABREU E LIMA,Condutor deixou de manter distância do veículo da frente,Colisão traseira,Com Vítimas Feridas,Pleno dia,Decrescente,Céu Claro,Múltipla,Reta,Sim,2,0,1,0,1,0,1,2,"-7,9169968","-34,89689272",SPRF-PE,DEL01-PE,UOP02-DEL01-PE
496438.0,2022-12-31,sábado,15:30:00,PE,428,188,PETROLINA,Condutor deixou de manter distância do veículo da frente,Engavetamento,Com Vítimas Feridas,Pleno dia,Crescente,Céu Claro,Dupla,Rotatória,Sim,6,0,1,0,5,0,1,3,"-9,36400596","-40,48266808",SPRF-PE,DEL06-PE,UOP01-DEL06-PE
496441.0,2022-12-31,sábado,16:40:00,PE,408,93,SAO LOURENCO DA MATA,Demais falhas mecânicas ou elétricas,Saída de leito carroçável,Com Vítimas Feridas,Pleno dia,Decrescente,Nublado,Dupla,Reta;Declive                  ,Não,2,0,1,0,1,0,1,1,"-7,99979861","-35,06313386",SPRF-PE,DEL01-PE,UOP01-DEL01-PE
496461.0,2022-12-31,sábado,19:30:00,PE,101,54,PAULISTA,Iluminação deficiente,Colisão transversal,Com Vítimas Feridas,Plena Noite,Decrescente,Garoa/Chuvisco,Dupla,Reta,Sim,2,0,1,0,1,0,1,2,"-7,942969","-34,904092",SPRF-PE,DEL01-PE,UOP02-DEL01-PE
496462.0,2022-12-31,sábado,19:03:00,PE,101,48,ABREU E LIMA,Acesso irregular,Colisão transversal,Com Vítimas Feridas,Plena Noite,Crescente,Chuva,Dupla,Retorno Regulamentado,Sim,2,0,1,0,1,0,1,2,"-7,89174705","-34,9033493",SPRF-PE,DEL01-PE,UOP02-DEL01-PE
496478.0,2022-12-31,sábado,18:40:00,PE,104,"63,8",CARUARU,Manobra de mudança de faixa,Colisão com objeto,Com Vítimas Feridas,Plena Noite,Decrescente,Céu Claro,Múltipla,Reta,Sim,1,0,1,0,0,0,1,1,"-8,2698","-35,9803",SPRF-PE,DEL02-PE,UOP01-DEL02-PE
499589.0,2022-12-26,segunda-feira,07:30:00,PE,232,136,CARUARU,Acesso irregular,Colisão transversal,Com Vítimas Feridas,Pleno dia,Crescente,Sol,Dupla,Reta,Não,2,0,2,0,0,0,2,2,"-8,31339932","-36,04175591",SPRF-PE,DEL02-PE,UOP01-DEL02-PE
499637.0,2022-12-15,quinta-feira,00:05:00,PE,232,509,SALGUEIRO,Animais na Pista,Atropelamento de Animal,Com Vítimas Feridas,Plena Noite,Decrescente,Céu Claro,Simples,Reta,Não,1,0,0,1,0,0,1,1,"-8,06449154","-39,1298447",SPRF-PE,DEL05-PE,UOP01-DEL05-PE
499870.0,2022-01-27,quinta-feira,19:45:00,PE,,,RECIFE,Acesso irregular,Colisão frontal,Sem Vítimas,Plena Noite,Não Informado,Céu Claro,Múltipla,Reta,Sim,2,0,0,0,2,0,0,2,"-7,98344307","-34,93176727",SPRF-PE,DEL01-PE,UOP02-DEL01-PE
500799.0,2022-11-30,quarta-feira,19:15:00,PE,232,"9,5",RECIFE,Velocidade Incompatível,Tombamento,Com Vítimas Feridas,Plena Noite,Crescente,Ignorado,Simples,Reta;Em Obras                 ,Sim,1,0,0,1,0,0,1,1,"-8,07764447","-34,97863609",SPRF-PE,DEL01-PE,UOP01-DEL01-PE
501306.0,2022-10-02,domingo,21:00:00,PE,232,418,SERRA TALHADA,Manobra de mudança de faixa,Colisão frontal,Com Vítimas Feridas,Plena Noite,Decrescente,Céu Claro,Simples,Reta,Não,2,0,1,1,0,0,2,2,"-8,0002425","-38,370411",SPRF-PE,DEL04-PE,UOP01-DEL04-PE
502870.0,2022-11-02,quarta-feira,17:50:00,PE,104,70,CARUARU,Animais na Pista,Atropelamento de Animal,Com Vítimas Feridas,Plena Noite,Crescente,Céu Claro,Dupla,Reta,Não,2,0,2,0,0,0,2,1,"-8,3264","-35,9852",SPRF-PE,DEL02-PE,UOP01-DEL02-PE
503704.0,2022-12-29,quinta-feira,22:14:00,PE,104,22,TAQUARITINGA DO NORTE,Ultrapassagem Indevida,Colisão frontal,Com Vítimas Feridas,Plena Noite,Crescente,Nublado,Simples,Curva,Não,8,0,6,2,0,0,8,2,"-7,967257","-36,116974",SPRF-PE,DEL02-PE,UOP01-DEL02-PE
503768.0,2022-02-12,sábado,22:15:00,PE,101,105,CABO DE SANTO AGOSTINHO,Reação tardia ou ineficiente do condutor,Saída de leito carroçável,Com Vítimas Feridas,Plena Noite,Decrescente,Ignorado,Dupla,Curva,Não,2,0,0,1,0,1,1,1,"-8,30242751","-35,06989924",SPRF-PE,DEL01-PE,UOP03-DEL01-PE
504064.0,2022-08-22,segunda-feira,13:25:00,PE,232,"141,4",SAO CAITANO,Pista esburacada,Queda de ocupante de veículo,Com Vítimas Feridas,Pleno dia,Crescente,Céu Claro,Dupla,Declive,Não,2,0,1,1,0,0,2,1,"-8,32108263","-36,08591505",SPRF-PE,DEL03-PE,UOP02-DEL03-PE
504632.0,2022-09-24,sábado,16:00:00,PE,232,"79,6",GRAVATA,Ingestão de álcool pelo condutor,Colisão frontal,Com Vítimas Fatais,Pleno dia,Crescente,Céu Claro,Simples,Reta,Sim,4,1,3,0,0,0,3,2,"-8,195395","-35,56722",SPRF-PE,DEL02-PE,UOP02-DEL02PE
505274.0,2022-10-14,sexta-feira,17:15:00,PE,104,70,CARUARU,Reação tardia ou ineficiente do condutor,Saída de leito carroçável,Com Vítimas Fatais,Anoitecer,Decrescente,Céu Claro,Dupla,Curva,Não,1,1,0,0,0,0,0,1,"-8,3264","-35,9852",SPRF-PE,DEL02-PE,UOP01-DEL02-PE
505284.0,2022-07-30,sábado,19:45:00,PE,104,"42,1",CARUARU,Transitar na contramão,Colisão frontal,Com Vítimas Fatais,Plena Noite,Crescente,Céu Claro,Dupla,Reta,Não,2,1,0,0,1,0,0,2,"-8,1065","-36,0218",SPRF-PE,DEL02-PE,UOP01-DEL02-PE
505400.0,2022-12-26,segunda-feira,18:40:00,PE,104,68,CARUARU,Desrespeitar a preferência no cruzamento,Colisão lateral mesmo sentido,Com Vítimas Feridas,Plena Noite,Crescente,Céu Claro,Dupla,Reta,Não,4,0,2,0,1,1,2,3,"-8,3107","-35,9904",SPRF-PE,DEL02-PE,UOP01-DEL02-PE
512144.0,2022-03-25,sexta-feira,03:00:00,PE,232,"79,2",GRAVATA,Ingestão de álcool pelo condutor,Saída de leito carroçável,Com Vítimas Fatais,Plena Noite,Crescente,Céu Claro,Simples,Curva,Sim,1,1,0,0,0,0,0,1,"-8,19487149","-35,56393504",SPRF-PE,DEL02-PE,UOP02-DEL02PE
513914.0,2022-11-13,domingo,08:50:00,PE,104,"37,4",CARUARU,Condutor Dormindo,Saída de leito carroçável,Com Vítimas Feridas,Pleno dia,Crescente,Céu Claro,Dupla,Aclive;Curva                  ,Não,1,0,0,1,0,0,1,1,"-8,069729","-36,046792",SPRF-PE,DEL02-PE,UOP01-DEL02-PE
514209.0,2022-12-11,domingo,16:40:00,PE,101,"43,4",IGARASSU,Ultrapassagem Indevida,Colisão lateral mesmo sentido,Com Vítimas Feridas,Pleno dia,Decrescente,Céu Claro,Múltipla,Reta,Sim,5,0,2,0,3,0,2,2,"-7,84753808","-34,90977038",SPRF-PE,DEL01-PE,UOP02-DEL01-PE
517793.0,2022-11-22,terça-feira,17:14:00,PE,101,"49,2",ABREU E LIMA,Condutor deixou de manter distância do veículo da frente,Colisão traseira,Com Vítimas Feridas,Pleno dia,Decrescente,Céu Claro,Dupla,Reta,Sim,2,0,0,1,0,1,1,2,"-7,9005152","-34,90180641",SPRF-PE,DEL01-PE,UOP02-DEL01-PE
519450.0,2022-04-08,sexta-feira,10:05:00,PE,101,50,ABREU E LIMA,Acessar a via sem observar a presença dos outros veículos,Colisão transversal,Com Vítimas Feridas,Pleno dia,Crescente,Sol,Múltipla,Reta,Sim,2,0,0,1,1,0,1,2,"-7,90938602","-34,90123228",SPRF-PE,DEL01-PE,UOP02-DEL01-PE
531016.0,2022-12-29,quinta-feira,19:11:00,PE,116,25,SALGUEIRO,Animais na Pista,Atropelamento de Animal,Com Vítimas Feridas,Plena Noite,Crescente,Ignorado,Simples,Reta,Não,1,0,1,0,0,0,1,1,"-8,055594","-39,137128",SPRF-PE,DEL05-PE,UOP01-DEL05-PE
536618.0,2022-09-25,domingo,21:30:00,PE,232,"156,6",TACAIMBO,Acessar a via sem observar a presença dos outros veículos,Colisão transversal,Com Vítimas Feridas,Plena Noite,Crescente,Céu Claro,Simples,Reta,Não,5,0,2,2,1,0,4,2,"-8,32936019","-36,21722099",SPRF-PE,DEL03-PE,UOP02-DEL03-PE
562850.0,2022-05-20,sexta-feira,04:30:00,PE,232,"119,3",CARUARU,Velocidade Incompatível,Colisão traseira,Com Vítimas Feridas,Plena Noite,Decrescente,Céu Claro,Dupla,Declive;Reta                  ,Não,4,0,0,3,0,1,3,2,"-8,2962792","-35,89314995",SPRF-PE,DEL02-PE,UOP01-DEL02-PE
574161.0,2022-02-17,quinta-feira,01:40:00,PE,232,"138,1",CARUARU,Animais na Pista,Atropelamento de Animal,Com Vítimas Feridas,Plena Noite,Crescente,Céu Claro,Dupla,Reta,Não,3,0,1,0,2,0,1,1,"-8,31829493","-36,05907802",SPRF-PE,DEL02-PE,UOP03-DEL02-PE
574369.0,2022-11-12,sábado,05:32:00,PE,101,46,IGARASSU,Ingestão de álcool pelo condutor,Colisão traseira,Sem Vítimas,Amanhecer,Decrescente,Céu Claro,Múltipla,Reta,Sim,2,0,0,0,2,0,0,2,"-7,87406004","-34,90588126",SPRF-PE,DEL01-PE,UOP02-DEL01-PE
574756.0,2022-08-07,domingo,16:20:00,PE,232,176,BELO JARDIM,Entrada inopinada do pedestre,Atropelamento de Pedestre,Com Vítimas Fatais,Pleno dia,Crescente,Céu Claro,Simples,Reta,Sim,2,1,0,0,1,0,0,2,"-8,34573608","-36,39481995",SPRF-PE,DEL03-PE,UOP02-DEL03-PE
575235.0,2022-02-11,sexta-feira,00:05:00,PE,232,141,SAO CAITANO,Animais na Pista,Atropelamento de Animal,Sem Vítimas,Plena Noite,Decrescente,Céu Claro,Dupla,Declive,Não,1,0,0,0,0,1,0,1,"-8,32108263","-36,08591505",SPRF-PE,DEL03-PE,UOP02-DEL03-PE